-- VERA Premium Demo Seed
-- Generated by scripts/generate_demo_seed.js
-- 6 orgs, 68 jurors, ~174 projects, premium scores & audit logs
SELECT setseed(0.20260402);
BEGIN;

-- Pre-seed Cleanup
TRUNCATE TABLE
  jury_feedback,
  audit_logs,
  entry_tokens,
  score_sheet_items,
  score_sheets,
  juror_period_auth,
  jurors,
  projects,
  period_criterion_outcome_maps,
  period_criteria,
  period_outcomes,
  periods,
  framework_criterion_outcome_maps,
  framework_criteria,
  framework_outcomes,
  frameworks,
  memberships,
  org_applications,
  organizations,
  profiles
CASCADE;

-- Organizations
INSERT INTO organizations (id, subtitle, name, code, status, settings, updated_at) VALUES ('e802a6cb-6cfa-4a7c-aba6-2038490fb899', 'TED University', 'Electrical-Electronics Engineering', 'TEDU-EE', 'active', '{}', timestamp '2024-06-01 09:00:00') ON CONFLICT DO NOTHING;
INSERT INTO organizations (id, subtitle, name, code, status, settings, updated_at) VALUES ('b94595d6-710c-4302-ad1b-11f4d216e028', 'Carnegie Mellon University', 'Computer Science', 'CMU-CS', 'active', '{}', timestamp '2024-06-15 09:00:00') ON CONFLICT DO NOTHING;
INSERT INTO organizations (id, subtitle, name, code, status, settings, updated_at) VALUES ('d8214e32-d30f-4a0c-aee5-1c6fa0d41336', 'Türkiye Technology Team Foundation', 'TEKNOFEST', 'TEKNOFEST', 'active', '{}', timestamp '2024-04-01 09:00:00') ON CONFLICT DO NOTHING;
INSERT INTO organizations (id, subtitle, name, code, status, settings, updated_at) VALUES ('088f5054-c9df-4c7f-a679-c1321524f250', 'Scientific and Technological Research Council of Türkiye', 'TÜBİTAK 2204-A', 'TUBITAK-2204A', 'active', '{}', timestamp '2024-04-15 09:00:00') ON CONFLICT DO NOTHING;
INSERT INTO organizations (id, subtitle, name, code, status, settings, updated_at) VALUES ('ff81ecf1-13ac-44b2-a331-0a207a8c7184', 'IEEE Antennas and Propagation Society', 'AP-S Student Design Contest', 'IEEE-APSSDC', 'active', '{}', timestamp '2024-05-01 09:00:00') ON CONFLICT DO NOTHING;
INSERT INTO organizations (id, subtitle, name, code, status, settings, updated_at) VALUES ('b72b74d8-1d2c-4b0d-a982-48bfbed8fb29', 'American Astronautical Society', 'CanSat Competition', 'CANSAT-2025', 'active', '{}', timestamp '2024-04-20 09:00:00') ON CONFLICT DO NOTHING;

-- Identities
INSERT INTO auth.users (instance_id, id, aud, role, email, encrypted_password, email_confirmed_at, created_at, updated_at, confirmation_token, email_change, email_change_token_new, recovery_token) VALUES ('00000000-0000-0000-0000-000000000000', '6ea7146f-1331-4828-8b8a-e777c9a35d6a', 'authenticated', 'authenticated', 'admin@vera.app', '', now(), now(), now(), '', '', '', '') ON CONFLICT DO NOTHING;
INSERT INTO profiles (id, display_name) VALUES ('6ea7146f-1331-4828-8b8a-e777c9a35d6a', 'Vera Platform Admin') ON CONFLICT DO NOTHING;
INSERT INTO memberships (user_id, organization_id, role) VALUES ('6ea7146f-1331-4828-8b8a-e777c9a35d6a', NULL, 'super_admin') ON CONFLICT DO NOTHING;
INSERT INTO auth.users (instance_id, id, aud, role, email, encrypted_password, email_confirmed_at, created_at, updated_at, confirmation_token, email_change, email_change_token_new, recovery_token) VALUES ('00000000-0000-0000-0000-000000000000', '216c64b2-324f-4bfb-ac27-a2d8107cca20', 'authenticated', 'authenticated', 'koray.yilmazer@vera-eval.app', '', now(), now(), now(), '', '', '', '') ON CONFLICT DO NOTHING;
INSERT INTO profiles (id, display_name) VALUES ('216c64b2-324f-4bfb-ac27-a2d8107cca20', 'Prof. Koray Yılmazer') ON CONFLICT DO NOTHING;
INSERT INTO memberships (user_id, organization_id, role) VALUES ('216c64b2-324f-4bfb-ac27-a2d8107cca20', 'e802a6cb-6cfa-4a7c-aba6-2038490fb899', 'org_admin') ON CONFLICT DO NOTHING;
INSERT INTO auth.users (instance_id, id, aud, role, email, encrypted_password, email_confirmed_at, created_at, updated_at, confirmation_token, email_change, email_change_token_new, recovery_token) VALUES ('00000000-0000-0000-0000-000000000000', '28a6cb85-d5a2-4f8e-a06a-ad66a2e72b46', 'authenticated', 'authenticated', 'leyla.sensoy@vera-eval.app', '', now(), now(), now(), '', '', '', '') ON CONFLICT DO NOTHING;
INSERT INTO profiles (id, display_name) VALUES ('28a6cb85-d5a2-4f8e-a06a-ad66a2e72b46', 'Dr. Leyla Şensoy') ON CONFLICT DO NOTHING;
INSERT INTO memberships (user_id, organization_id, role) VALUES ('28a6cb85-d5a2-4f8e-a06a-ad66a2e72b46', 'e802a6cb-6cfa-4a7c-aba6-2038490fb899', 'org_admin') ON CONFLICT DO NOTHING;
INSERT INTO auth.users (instance_id, id, aud, role, email, encrypted_password, email_confirmed_at, created_at, updated_at, confirmation_token, email_change, email_change_token_new, recovery_token) VALUES ('00000000-0000-0000-0000-000000000000', '760dd3bc-5709-4e3b-a5e2-7d288da052d7', 'authenticated', 'authenticated', 'marcus.reynolds@vera-eval.app', '', now(), now(), now(), '', '', '', '') ON CONFLICT DO NOTHING;
INSERT INTO profiles (id, display_name) VALUES ('760dd3bc-5709-4e3b-a5e2-7d288da052d7', 'Prof. Marcus Reynolds') ON CONFLICT DO NOTHING;
INSERT INTO memberships (user_id, organization_id, role) VALUES ('760dd3bc-5709-4e3b-a5e2-7d288da052d7', 'b94595d6-710c-4302-ad1b-11f4d216e028', 'org_admin') ON CONFLICT DO NOTHING;
INSERT INTO auth.users (instance_id, id, aud, role, email, encrypted_password, email_confirmed_at, created_at, updated_at, confirmation_token, email_change, email_change_token_new, recovery_token) VALUES ('00000000-0000-0000-0000-000000000000', '33c5f117-e2f4-4233-a762-36527757059d', 'authenticated', 'authenticated', 'chloe.beckett@vera-eval.app', '', now(), now(), now(), '', '', '', '') ON CONFLICT DO NOTHING;
INSERT INTO profiles (id, display_name) VALUES ('33c5f117-e2f4-4233-a762-36527757059d', 'Dr. Chloe Beckett') ON CONFLICT DO NOTHING;
INSERT INTO memberships (user_id, organization_id, role) VALUES ('33c5f117-e2f4-4233-a762-36527757059d', 'b94595d6-710c-4302-ad1b-11f4d216e028', 'org_admin') ON CONFLICT DO NOTHING;
INSERT INTO auth.users (instance_id, id, aud, role, email, encrypted_password, email_confirmed_at, created_at, updated_at, confirmation_token, email_change, email_change_token_new, recovery_token) VALUES ('00000000-0000-0000-0000-000000000000', 'd8ae54ec-5d2f-472a-a348-fd0dd3204ad6', 'authenticated', 'authenticated', 'cemil.bozkurt@vera-eval.app', '', now(), now(), now(), '', '', '', '') ON CONFLICT DO NOTHING;
INSERT INTO profiles (id, display_name) VALUES ('d8ae54ec-5d2f-472a-a348-fd0dd3204ad6', 'Cemil Bozkurt') ON CONFLICT DO NOTHING;
INSERT INTO memberships (user_id, organization_id, role) VALUES ('d8ae54ec-5d2f-472a-a348-fd0dd3204ad6', 'd8214e32-d30f-4a0c-aee5-1c6fa0d41336', 'org_admin') ON CONFLICT DO NOTHING;
INSERT INTO auth.users (instance_id, id, aud, role, email, encrypted_password, email_confirmed_at, created_at, updated_at, confirmation_token, email_change, email_change_token_new, recovery_token) VALUES ('00000000-0000-0000-0000-000000000000', '0c3785a7-dc80-44be-ae92-5db23f85227c', 'authenticated', 'authenticated', 'bahar.tandogan@vera-eval.app', '', now(), now(), now(), '', '', '', '') ON CONFLICT DO NOTHING;
INSERT INTO profiles (id, display_name) VALUES ('0c3785a7-dc80-44be-ae92-5db23f85227c', 'Bahar Tandoğan') ON CONFLICT DO NOTHING;
INSERT INTO memberships (user_id, organization_id, role) VALUES ('0c3785a7-dc80-44be-ae92-5db23f85227c', 'd8214e32-d30f-4a0c-aee5-1c6fa0d41336', 'org_admin') ON CONFLICT DO NOTHING;
INSERT INTO auth.users (instance_id, id, aud, role, email, encrypted_password, email_confirmed_at, created_at, updated_at, confirmation_token, email_change, email_change_token_new, recovery_token) VALUES ('00000000-0000-0000-0000-000000000000', '77a855a2-b6b7-49ef-a5f4-1a379c692107', 'authenticated', 'authenticated', 'ayse.karatas@vera-eval.app', '', now(), now(), now(), '', '', '', '') ON CONFLICT DO NOTHING;
INSERT INTO profiles (id, display_name) VALUES ('77a855a2-b6b7-49ef-a5f4-1a379c692107', 'Prof. Ayşe Karataş') ON CONFLICT DO NOTHING;
INSERT INTO memberships (user_id, organization_id, role) VALUES ('77a855a2-b6b7-49ef-a5f4-1a379c692107', '088f5054-c9df-4c7f-a679-c1321524f250', 'org_admin') ON CONFLICT DO NOTHING;
INSERT INTO auth.users (instance_id, id, aud, role, email, encrypted_password, email_confirmed_at, created_at, updated_at, confirmation_token, email_change, email_change_token_new, recovery_token) VALUES ('00000000-0000-0000-0000-000000000000', '0289930b-ea4c-47b0-a153-db0c93fad8fe', 'authenticated', 'authenticated', 'gavin.pierce@vera-eval.app', '', now(), now(), now(), '', '', '', '') ON CONFLICT DO NOTHING;
INSERT INTO profiles (id, display_name) VALUES ('0289930b-ea4c-47b0-a153-db0c93fad8fe', 'Dr. Gavin Pierce') ON CONFLICT DO NOTHING;
INSERT INTO memberships (user_id, organization_id, role) VALUES ('0289930b-ea4c-47b0-a153-db0c93fad8fe', 'ff81ecf1-13ac-44b2-a331-0a207a8c7184', 'org_admin') ON CONFLICT DO NOTHING;
INSERT INTO auth.users (instance_id, id, aud, role, email, encrypted_password, email_confirmed_at, created_at, updated_at, confirmation_token, email_change, email_change_token_new, recovery_token) VALUES ('00000000-0000-0000-0000-000000000000', '94060df8-6366-460e-a413-7a7c670243d4', 'authenticated', 'authenticated', 'harper.quinn@vera-eval.app', '', now(), now(), now(), '', '', '', '') ON CONFLICT DO NOTHING;
INSERT INTO profiles (id, display_name) VALUES ('94060df8-6366-460e-a413-7a7c670243d4', 'Harper Quinn') ON CONFLICT DO NOTHING;
INSERT INTO memberships (user_id, organization_id, role) VALUES ('94060df8-6366-460e-a413-7a7c670243d4', 'b72b74d8-1d2c-4b0d-a982-48bfbed8fb29', 'org_admin') ON CONFLICT DO NOTHING;

INSERT INTO org_applications (id, organization_id, applicant_name, contact_email, status) VALUES ('41a5cfa5-99ca-4ac7-aac9-27dba37e757e', 'e802a6cb-6cfa-4a7c-aba6-2038490fb899', 'Prof. Halil Çankaya', 'tedu-ee@example.edu', 'approved') ON CONFLICT DO NOTHING;
INSERT INTO org_applications (id, organization_id, applicant_name, contact_email, status) VALUES ('8366aa51-cbc3-451b-aa65-0c44c771212b', 'b94595d6-710c-4302-ad1b-11f4d216e028', 'Dr. Rachel Voss', 'cmu-cs@example.edu', 'approved') ON CONFLICT DO NOTHING;
INSERT INTO org_applications (id, organization_id, applicant_name, contact_email, status) VALUES ('1a875b8c-6394-4e4e-a571-7c5d99e974e1', 'd8214e32-d30f-4a0c-aee5-1c6fa0d41336', 'Oğuzhan Demirel', 'teknofest@example.edu', 'rejected') ON CONFLICT DO NOTHING;
INSERT INTO org_applications (id, organization_id, applicant_name, contact_email, status) VALUES ('387f08ee-2cf7-4a9e-af48-2d596e99263b', '088f5054-c9df-4c7f-a679-c1321524f250', 'Dr. Ayça Gürkan', 'tubitak-2204a@example.edu', 'cancelled') ON CONFLICT DO NOTHING;
INSERT INTO org_applications (id, organization_id, applicant_name, contact_email, status) VALUES ('316e1e0e-5bf8-4f55-a250-31814acf9240', 'ff81ecf1-13ac-44b2-a331-0a207a8c7184', 'Prof. Arthur Finch', 'ieee-apssdc@example.edu', 'pending') ON CONFLICT DO NOTHING;
INSERT INTO org_applications (id, organization_id, applicant_name, contact_email, status) VALUES ('3fa0acfb-535b-419f-a2b2-96f7280a8682', 'b72b74d8-1d2c-4b0d-a982-48bfbed8fb29', 'Celine Moreau', 'cansat-2025@example.edu', 'pending') ON CONFLICT DO NOTHING;

-- Frameworks
INSERT INTO frameworks (id, organization_id, name, version, is_default) VALUES ('0147d901-984d-44c1-a08f-94f919659596', 'e802a6cb-6cfa-4a7c-aba6-2038490fb899', 'MUDEK 2024', '1.0', true) ON CONFLICT DO NOTHING;
INSERT INTO frameworks (id, organization_id, name, version, is_default) VALUES ('efe329b2-0a62-4279-a7d1-627abe557321', 'b94595d6-710c-4302-ad1b-11f4d216e028', 'ABET 2024', '1.0', true) ON CONFLICT DO NOTHING;
INSERT INTO frameworks (id, organization_id, name, version, is_default) VALUES ('824ead2b-7676-4297-a6e1-507869f5f299', 'd8214e32-d30f-4a0c-aee5-1c6fa0d41336', 'Competition Framework 2026', '2026', true) ON CONFLICT DO NOTHING;
INSERT INTO frameworks (id, organization_id, name, version, is_default) VALUES ('cf0b03e5-576d-4961-a0cc-f86b7852b85f', '088f5054-c9df-4c7f-a679-c1321524f250', 'Research Competition Framework', '2204A', true) ON CONFLICT DO NOTHING;
INSERT INTO frameworks (id, organization_id, name, version, is_default) VALUES ('8df4448a-b223-4569-a92e-4c81b669b065', 'ff81ecf1-13ac-44b2-a331-0a207a8c7184', 'Design Contest Framework', '1.0', true) ON CONFLICT DO NOTHING;
INSERT INTO frameworks (id, organization_id, name, version, is_default) VALUES ('80954c7f-86cc-4d85-aa08-2a6c6d59e7ff', 'b72b74d8-1d2c-4b0d-a982-48bfbed8fb29', 'Mission Framework', '2025', true) ON CONFLICT DO NOTHING;

-- Framework Outcomes
INSERT INTO framework_outcomes (id, framework_id, code, label, description, sort_order) VALUES ('af277367-f639-4c4d-a8c5-30a0ecd66e71', '0147d901-984d-44c1-a08f-94f919659596', '1.2', 'Adequate knowledge in mathematics, science and engineering', 'Demonstrate sufficient knowledge of mathematics, natural sciences, and engineering fundamentals to solve complex engineering problems.', 1) ON CONFLICT DO NOTHING;
INSERT INTO framework_outcomes (id, framework_id, code, label, description, sort_order) VALUES ('2f2d65ff-1630-4400-a9e7-153e458bec4d', '0147d901-984d-44c1-a08f-94f919659596', '2', 'Ability to formulate and solve complex engineering problems', 'Identify, define, formulate, and solve complex engineering problems by selecting and applying appropriate analysis and modeling methods.', 2) ON CONFLICT DO NOTHING;
INSERT INTO framework_outcomes (id, framework_id, code, label, description, sort_order) VALUES ('b2051f4f-495a-4917-af9c-4e6dcf36b33c', '0147d901-984d-44c1-a08f-94f919659596', '3.1', 'Ability to design a complex system under realistic constraints', 'Design complex systems, processes, devices, or products under realistic constraints to meet identified needs.', 3) ON CONFLICT DO NOTHING;
INSERT INTO framework_outcomes (id, framework_id, code, label, description, sort_order) VALUES ('7ad8e211-7c0c-4a61-a980-9efc66d6fece', '0147d901-984d-44c1-a08f-94f919659596', '3.2', 'Ability to apply modern design methods', 'Apply modern design techniques and tools appropriate to engineering practice, including computer-aided engineering.', 4) ON CONFLICT DO NOTHING;
INSERT INTO framework_outcomes (id, framework_id, code, label, description, sort_order) VALUES ('7679cc95-f407-424e-a8d0-7f9d6cf70fed', '0147d901-984d-44c1-a08f-94f919659596', '8.1', 'Ability to function effectively in teams', 'Function effectively as a member or leader in teams, taking individual responsibility within disciplinary and multidisciplinary settings.', 5) ON CONFLICT DO NOTHING;
INSERT INTO framework_outcomes (id, framework_id, code, label, description, sort_order) VALUES ('f4b7e7da-4550-43eb-a884-0b5d8d9cf1b2', '0147d901-984d-44c1-a08f-94f919659596', '8.2', 'Ability to work in multi-disciplinary teams', 'Work effectively in multidisciplinary teams, contributing expertise while integrating perspectives from other disciplines.', 6) ON CONFLICT DO NOTHING;
INSERT INTO framework_outcomes (id, framework_id, code, label, description, sort_order) VALUES ('53b7fb91-c8a8-4fbf-a081-8393b09b260c', '0147d901-984d-44c1-a08f-94f919659596', '9.1', 'Oral communication effectiveness', 'Communicate effectively through oral presentations, adapting communication style to diverse audiences.', 7) ON CONFLICT DO NOTHING;
INSERT INTO framework_outcomes (id, framework_id, code, label, description, sort_order) VALUES ('b641718c-6926-409a-a300-d18eabe03877', '0147d901-984d-44c1-a08f-94f919659596', '9.2', 'Written communication effectiveness', 'Produce clear, well-structured written technical documents including reports, specifications, and design documentation.', 8) ON CONFLICT DO NOTHING;
INSERT INTO framework_outcomes (id, framework_id, code, label, description, sort_order) VALUES ('0c61d3b2-4098-4181-a0a9-af00ccddd55f', 'efe329b2-0a62-4279-a7d1-627abe557321', 'SO-1', 'Complex Problem Solving', 'Analyze complex computing problems and apply principles of computing and mathematics.', 1) ON CONFLICT DO NOTHING;
INSERT INTO framework_outcomes (id, framework_id, code, label, description, sort_order) VALUES ('4ed4e517-5b27-4f61-a16b-6d7b86d2d592', 'efe329b2-0a62-4279-a7d1-627abe557321', 'SO-2', 'Engineering Design', 'Design, implement, and evaluate computer-based solutions meeting specified requirements.', 2) ON CONFLICT DO NOTHING;
INSERT INTO framework_outcomes (id, framework_id, code, label, description, sort_order) VALUES ('cc92ffdb-deee-4b4a-ad3f-ab54b9a16df3', 'efe329b2-0a62-4279-a7d1-627abe557321', 'SO-3', 'Effective Communication', 'Communicate effectively in professional contexts.', 3) ON CONFLICT DO NOTHING;
INSERT INTO framework_outcomes (id, framework_id, code, label, description, sort_order) VALUES ('f4f08ca1-e5f1-4cc9-aa5f-a308966a9375', 'efe329b2-0a62-4279-a7d1-627abe557321', 'SO-4', 'Ethics and Professional Responsibility', 'Recognize professional responsibilities and make informed judgments.', 4) ON CONFLICT DO NOTHING;
INSERT INTO framework_outcomes (id, framework_id, code, label, description, sort_order) VALUES ('f9c945a1-24f5-4ab1-abad-9a35a116c09c', 'efe329b2-0a62-4279-a7d1-627abe557321', 'SO-5', 'Teamwork', 'Function effectively as a member or leader on teams.', 5) ON CONFLICT DO NOTHING;
INSERT INTO framework_outcomes (id, framework_id, code, label, description, sort_order) VALUES ('e55ec114-ecd9-4bbc-acb2-56ddbb255ee3', 'efe329b2-0a62-4279-a7d1-627abe557321', 'SO-6', 'Experimentation and Analysis', 'Apply software development fundamentals through experimentation and analysis.', 6) ON CONFLICT DO NOTHING;
INSERT INTO framework_outcomes (id, framework_id, code, label, description, sort_order) VALUES ('293b2e58-626c-4a8a-afab-c4827d6888ae', 'efe329b2-0a62-4279-a7d1-627abe557321', 'SO-7', 'Lifelong Learning', 'Recognize the need for continuing professional development.', 7) ON CONFLICT DO NOTHING;
INSERT INTO framework_outcomes (id, framework_id, code, label, description, sort_order) VALUES ('f21e10be-2829-4161-acf2-6ca56c414d98', '824ead2b-7676-4297-a6e1-507869f5f299', 'TC-1', 'Preliminary Evaluation Report Quality', 'Produce comprehensive preliminary design documentation.', 1) ON CONFLICT DO NOTHING;
INSERT INTO framework_outcomes (id, framework_id, code, label, description, sort_order) VALUES ('5f1f1555-845b-4498-a005-4878e6f4d692', '824ead2b-7676-4297-a6e1-507869f5f299', 'TC-2', 'Critical Design Maturity', 'Achieve design maturity through thorough critical design review.', 2) ON CONFLICT DO NOTHING;
INSERT INTO framework_outcomes (id, framework_id, code, label, description, sort_order) VALUES ('daeff078-d457-48cc-af0f-7ebefc99a64f', '824ead2b-7676-4297-a6e1-507869f5f299', 'TC-3', 'Field Performance and Jury Presentation', 'Demonstrate successful field performance under competition conditions.', 3) ON CONFLICT DO NOTHING;
INSERT INTO framework_outcomes (id, framework_id, code, label, description, sort_order) VALUES ('c0f9b501-7d38-4fcc-a565-65ad87f853f4', '824ead2b-7676-4297-a6e1-507869f5f299', 'TC-4', 'General Team Competency', 'Exhibit strong team coordination and effective collaboration.', 4) ON CONFLICT DO NOTHING;
INSERT INTO framework_outcomes (id, framework_id, code, label, description, sort_order) VALUES ('927c6ee5-bb03-44b8-afda-2a97f4272add', 'cf0b03e5-576d-4961-a0cc-f86b7852b85f', 'RC-1', 'Originality and Creativity', 'Demonstrate original thinking addressing genuine gaps in scientific literature.', 1) ON CONFLICT DO NOTHING;
INSERT INTO framework_outcomes (id, framework_id, code, label, description, sort_order) VALUES ('8258a7a0-3329-4b87-a2f9-ed57789c5d5f', 'cf0b03e5-576d-4961-a0cc-f86b7852b85f', 'RC-2', 'Scientific Method', 'Apply rigorous scientific methodology including proper experimental design.', 2) ON CONFLICT DO NOTHING;
INSERT INTO framework_outcomes (id, framework_id, code, label, description, sort_order) VALUES ('29460c43-c2cc-42dc-a55c-9ae4ac05cb0f', 'cf0b03e5-576d-4961-a0cc-f86b7852b85f', 'RC-3', 'Results and Recommendations', 'Present clear, reproducible results with actionable recommendations.', 3) ON CONFLICT DO NOTHING;
INSERT INTO framework_outcomes (id, framework_id, code, label, description, sort_order) VALUES ('5971a865-48c8-45c7-a1fe-42276ca9c27c', 'cf0b03e5-576d-4961-a0cc-f86b7852b85f', 'RC-4', 'Applicability and Feasibility', 'Demonstrate practical applicability for real-world implementation.', 4) ON CONFLICT DO NOTHING;
INSERT INTO framework_outcomes (id, framework_id, code, label, description, sort_order) VALUES ('5994e0a4-3fa2-434e-abab-246d6d0f6cf3', 'cf0b03e5-576d-4961-a0cc-f86b7852b85f', 'RC-5', 'Broader Impact', 'Articulate the broader societal, environmental, or economic impact.', 5) ON CONFLICT DO NOTHING;
INSERT INTO framework_outcomes (id, framework_id, code, label, description, sort_order) VALUES ('d4f70008-8664-4fc1-adca-346d3719c329', '8df4448a-b223-4569-a92e-4c81b669b065', 'DC-1', 'Creativity', 'Demonstrate novel antenna design concepts.', 1) ON CONFLICT DO NOTHING;
INSERT INTO framework_outcomes (id, framework_id, code, label, description, sort_order) VALUES ('22c36b11-dbe6-4200-a746-877759e831c7', '8df4448a-b223-4569-a92e-4c81b669b065', 'DC-2', 'Technical Merit', 'Exhibit strong technical foundations with validated results.', 2) ON CONFLICT DO NOTHING;
INSERT INTO framework_outcomes (id, framework_id, code, label, description, sort_order) VALUES ('c08428e2-0dca-42a4-a982-8f8f34f1a827', '8df4448a-b223-4569-a92e-4c81b669b065', 'DC-3', 'Practical Application', 'Address a clear real-world application.', 3) ON CONFLICT DO NOTHING;
INSERT INTO framework_outcomes (id, framework_id, code, label, description, sort_order) VALUES ('208c4237-ddb7-4d8d-ae87-221df0bf5619', '8df4448a-b223-4569-a92e-4c81b669b065', 'DC-4', 'Educational Value', 'Show educational merit through clear documentation.', 4) ON CONFLICT DO NOTHING;
INSERT INTO framework_outcomes (id, framework_id, code, label, description, sort_order) VALUES ('a7c6db91-308c-49ba-a91a-172d1e4f00f8', '80954c7f-86cc-4d85-aa08-2a6c6d59e7ff', 'CS-1', 'Design Constraints Compliance', 'Meet all specified volume, mass, and structural constraints.', 1) ON CONFLICT DO NOTHING;
INSERT INTO framework_outcomes (id, framework_id, code, label, description, sort_order) VALUES ('5589d3d4-c99e-4d87-a314-83e41236ca3a', '80954c7f-86cc-4d85-aa08-2a6c6d59e7ff', 'CS-2', 'Primary Mission Execution', 'Successfully execute primary mission objectives with reliable telemetry.', 2) ON CONFLICT DO NOTHING;
INSERT INTO framework_outcomes (id, framework_id, code, label, description, sort_order) VALUES ('8e106aab-5b22-43d8-aa13-3ce02bff7660', '80954c7f-86cc-4d85-aa08-2a6c6d59e7ff', 'CS-3', 'Descent Control and Recovery', 'Achieve controlled descent and successful recovery.', 3) ON CONFLICT DO NOTHING;
INSERT INTO framework_outcomes (id, framework_id, code, label, description, sort_order) VALUES ('7d5079e4-7b9c-4643-ac59-588ae909330f', '80954c7f-86cc-4d85-aa08-2a6c6d59e7ff', 'CS-4', 'Safety and Restrictions Compliance', 'Adhere to all range safety procedures.', 4) ON CONFLICT DO NOTHING;
INSERT INTO framework_outcomes (id, framework_id, code, label, description, sort_order) VALUES ('08691235-b202-4833-a43d-46b4b5383f13', '80954c7f-86cc-4d85-aa08-2a6c6d59e7ff', 'CS-5', 'Secondary Mission Originality', 'Design and execute a creative secondary mission.', 5) ON CONFLICT DO NOTHING;
INSERT INTO framework_outcomes (id, framework_id, code, label, description, sort_order) VALUES ('bce51d2c-50dc-4702-aa43-169b8160e443', '80954c7f-86cc-4d85-aa08-2a6c6d59e7ff', 'CS-6', 'Data Analysis and Documentation Quality', 'Produce thorough post-flight analysis with clear documentation.', 6) ON CONFLICT DO NOTHING;

-- Framework Criteria
INSERT INTO framework_criteria (id, framework_id, key, label, short_label, description, max_score, weight, color, rubric_bands, sort_order) VALUES ('c88501db-537c-448f-a967-fd759b41915b', '0147d901-984d-44c1-a08f-94f919659596', 'technical', 'Technical Content', 'Technical', 'Evaluates the depth and originality of the engineering solution, including problem formulation, design decisions, and mastery of relevant tools and methods.', 30, 30, '#F59E0B', '[{"min":27,"max":30,"label":"Excellent","description":"Problem is clearly defined with strong motivation. Design decisions are well-justified with engineering depth. Originality and mastery of relevant tools or methods are evident."},{"min":21,"max":26,"label":"Good","description":"Design is mostly clear and technically justified. Engineering decisions are largely supported."},{"min":13,"max":20,"label":"Developing","description":"Problem is stated but motivation or technical justification is insufficient."},{"min":0,"max":12,"label":"Insufficient","description":"Vague problem definition and unjustified decisions. Superficial technical content."}]', 1) ON CONFLICT DO NOTHING;
INSERT INTO framework_criteria (id, framework_id, key, label, short_label, description, max_score, weight, color, rubric_bands, sort_order) VALUES ('91d2ee22-2b0f-48eb-ac87-5e1fed001650', '0147d901-984d-44c1-a08f-94f919659596', 'design', 'Written Communication', 'Written', 'Assesses poster layout, visual quality, labelling, and the accessibility of technical content for both technical and non-technical readers.', 30, 30, '#22C55E', '[{"min":27,"max":30,"label":"Excellent","description":"Poster layout is intuitive with clear information flow. Visuals are fully labelled and high quality. Technical content is presented in a way that is accessible to both technical and non-technical readers."},{"min":21,"max":26,"label":"Good","description":"Layout is mostly logical. Visuals are readable with minor gaps. Technical content is largely clear with small areas for improvement."},{"min":13,"max":20,"label":"Developing","description":"Occasional gaps in information flow. Some visuals are missing labels or captions. Technical content is only partially communicated."},{"min":0,"max":12,"label":"Insufficient","description":"Confusing layout. Low-quality or unlabelled visuals. Technical content is unclear or missing."}]', 2) ON CONFLICT DO NOTHING;
INSERT INTO framework_criteria (id, framework_id, key, label, short_label, description, max_score, weight, color, rubric_bands, sort_order) VALUES ('3a305bed-e865-444f-a3a3-c92302bd93cf', '0147d901-984d-44c1-a08f-94f919659596', 'delivery', 'Oral Communication', 'Oral', 'Assesses oral clarity, pacing, audience adaptation, and the quality of Q&A responses during the presentation.', 30, 30, '#3B82F6', '[{"min":27,"max":30,"label":"Excellent","description":"Presentation is consciously adapted for both technical and non-technical jury members. Q&A responses are accurate, clear, and audience-appropriate."},{"min":21,"max":26,"label":"Good","description":"Presentation is mostly clear and well-paced. Most questions answered correctly. Audience adaptation is generally evident."},{"min":13,"max":20,"label":"Developing","description":"Understandable but inconsistent. Limited audience adaptation. Time management or Q&A depth needs improvement."},{"min":0,"max":12,"label":"Insufficient","description":"Unclear or disorganised presentation. Most questions answered incorrectly or not at all."}]', 3) ON CONFLICT DO NOTHING;
INSERT INTO framework_criteria (id, framework_id, key, label, short_label, description, max_score, weight, color, rubric_bands, sort_order) VALUES ('fda374b5-0bbf-41e3-ad46-29fe1491189b', '0147d901-984d-44c1-a08f-94f919659596', 'teamwork', 'Teamwork', 'Teamwork', 'Evaluates equitable participation, individual knowledge depth, and professional conduct across all team members.', 10, 10, '#EF4444', '[{"min":9,"max":10,"label":"Excellent","description":"All members participate actively and equally. Professional and ethical conduct observed throughout."},{"min":7,"max":8,"label":"Good","description":"Most members contribute. Minor knowledge gaps. Professionalism mostly observed."},{"min":4,"max":6,"label":"Developing","description":"Uneven participation. Some members are passive or unprepared."},{"min":0,"max":3,"label":"Insufficient","description":"Very low participation or dominated by one person. Lack of professionalism observed."}]', 4) ON CONFLICT DO NOTHING;
INSERT INTO framework_criteria (id, framework_id, key, label, short_label, description, max_score, weight, color, rubric_bands, sort_order) VALUES ('93a2a9b8-de26-4fbb-a805-d7134bc8a55f', 'efe329b2-0a62-4279-a7d1-627abe557321', 'problem_solving', 'Problem Solving & Analysis', 'Problem', 'Evaluates precision of problem formulation, scope definition, constraint identification, and correctness of the analytical approach.', 25, 25, '#EF4444', '[{"min":22,"max":25,"label":"Excellent","description":"Problem is precisely formulated with clear scope, constraints, and success metrics."},{"min":17,"max":21,"label":"Good","description":"Problem is well-defined. Minor gaps in constraint handling."},{"min":12,"max":16,"label":"Developing","description":"Problem statement exists but lacks precision."},{"min":0,"max":11,"label":"Insufficient","description":"Problem is vaguely defined with significant logical gaps."}]', 1) ON CONFLICT DO NOTHING;
INSERT INTO framework_criteria (id, framework_id, key, label, short_label, description, max_score, weight, color, rubric_bands, sort_order) VALUES ('7283938c-881e-46e5-a432-793287f19248', 'efe329b2-0a62-4279-a7d1-627abe557321', 'system_design', 'System Design & Architecture', 'Design', 'Assesses architectural soundness, modularity, scalability, and justification of design decisions and component boundaries.', 25, 25, '#3B82F6', '[{"min":22,"max":25,"label":"Excellent","description":"Architecture is modular, scalable, and well-justified."},{"min":17,"max":21,"label":"Good","description":"Architecture is sound with clear component boundaries."},{"min":12,"max":16,"label":"Developing","description":"Basic architecture present but modularity concerns not addressed."},{"min":0,"max":11,"label":"Insufficient","description":"No clear architecture."}]', 2) ON CONFLICT DO NOTHING;
INSERT INTO framework_criteria (id, framework_id, key, label, short_label, description, max_score, weight, color, rubric_bands, sort_order) VALUES ('c2a960c2-ec12-409c-a49b-14ac9f66a451', 'efe329b2-0a62-4279-a7d1-627abe557321', 'implementation_quality', 'Implementation Quality', 'Impl', 'Evaluates code quality, test coverage, documentation, and adherence to professional software engineering practices.', 20, 20, '#F59E0B', '[{"min":18,"max":20,"label":"Excellent","description":"Code is clean, well-tested, and follows best practices."},{"min":14,"max":17,"label":"Good","description":"Code is readable with adequate test coverage."},{"min":10,"max":13,"label":"Developing","description":"Code works but lacks tests or consistent style."},{"min":0,"max":9,"label":"Insufficient","description":"Code is disorganized, untested, or non-functional."}]', 3) ON CONFLICT DO NOTHING;
INSERT INTO framework_criteria (id, framework_id, key, label, short_label, description, max_score, weight, color, rubric_bands, sort_order) VALUES ('cba29dca-3ee3-4e5a-a78a-44034a059a9a', 'efe329b2-0a62-4279-a7d1-627abe557321', 'communication', 'Communication & Documentation', 'Comm', 'Assesses completeness and clarity of written technical documentation including API references, design docs, and reports.', 20, 20, '#EC4899', '[{"min":18,"max":20,"label":"Excellent","description":"Documentation is thorough and developer-friendly."},{"min":14,"max":17,"label":"Good","description":"Documentation covers key areas."},{"min":10,"max":13,"label":"Developing","description":"Documentation exists but is incomplete."},{"min":0,"max":9,"label":"Insufficient","description":"Little to no documentation."}]', 4) ON CONFLICT DO NOTHING;
INSERT INTO framework_criteria (id, framework_id, key, label, short_label, description, max_score, weight, color, rubric_bands, sort_order) VALUES ('a0ce2f65-e11f-427c-ab49-6806b15b6ffe', 'efe329b2-0a62-4279-a7d1-627abe557321', 'teamwork', 'Teamwork & Collaboration', 'Team', 'Evaluates balanced contribution, collaborative workflow, and effective use of team coordination tools and practices.', 10, 10, '#10B981', '[{"min":9,"max":10,"label":"Excellent","description":"All members contribute meaningfully."},{"min":7,"max":8,"label":"Good","description":"Most members contribute."},{"min":4,"max":6,"label":"Developing","description":"Uneven contributions."},{"min":0,"max":3,"label":"Insufficient","description":"One or two members did most of the work."}]', 5) ON CONFLICT DO NOTHING;
INSERT INTO framework_criteria (id, framework_id, key, label, short_label, description, max_score, weight, color, rubric_bands, sort_order) VALUES ('10f52721-c639-4184-a0c4-1493bd620bfd', '824ead2b-7676-4297-a6e1-507869f5f299', 'preliminary_report', 'Preliminary Design Report (ODR)', 'Report', 'Evaluates completeness of the preliminary design report, mission definition clarity, and feasibility of the proposed design.', 25, 25, '#6366F1', '[{"min":22,"max":25,"label":"Excellent","description":"Report is comprehensive with clear mission definition and feasible preliminary design."},{"min":17,"max":21,"label":"Good","description":"Report covers key design elements with adequate justification."},{"min":12,"max":16,"label":"Developing","description":"Report structure is present but design rationale is weak."},{"min":0,"max":11,"label":"Insufficient","description":"Report is incomplete or missing critical sections."}]', 1) ON CONFLICT DO NOTHING;
INSERT INTO framework_criteria (id, framework_id, key, label, short_label, description, max_score, weight, color, rubric_bands, sort_order) VALUES ('b58a9de4-d6c7-4143-a851-ed52ef1c7aab', '824ead2b-7676-4297-a6e1-507869f5f299', 'critical_design', 'Critical Design Review (KTR)', 'CDR', 'Assesses design maturity, subsystem integration completeness, and manufacturing readiness at the CDR milestone.', 30, 30, '#F59E0B', '[{"min":27,"max":30,"label":"Excellent","description":"Design is mature, manufacturable, and all subsystems well-integrated."},{"min":21,"max":26,"label":"Good","description":"Design is mostly complete with minor integration gaps."},{"min":13,"max":20,"label":"Developing","description":"Design shows progress but subsystem integration unclear."},{"min":0,"max":12,"label":"Insufficient","description":"Design is immature or not viable for manufacturing."}]', 2) ON CONFLICT DO NOTHING;
INSERT INTO framework_criteria (id, framework_id, key, label, short_label, description, max_score, weight, color, rubric_bands, sort_order) VALUES ('a408685a-ba52-4173-a90f-b5bcf0b39b63', '824ead2b-7676-4297-a6e1-507869f5f299', 'technical_performance', 'Technical Performance & Demo', 'Performance', 'Evaluates actual field performance of the system during the competition mission demonstration under real conditions.', 30, 30, '#EF4444', '[{"min":27,"max":30,"label":"Excellent","description":"System performs flawlessly in field conditions."},{"min":21,"max":26,"label":"Good","description":"System completes primary mission with minor deviations."},{"min":13,"max":20,"label":"Developing","description":"System partially completes mission."},{"min":0,"max":12,"label":"Insufficient","description":"System fails to complete primary mission."}]', 3) ON CONFLICT DO NOTHING;
INSERT INTO framework_criteria (id, framework_id, key, label, short_label, description, max_score, weight, color, rubric_bands, sort_order) VALUES ('9048c1b4-a5f6-499e-a002-58c2d231a40b', '824ead2b-7676-4297-a6e1-507869f5f299', 'team_execution', 'Team Execution & Presentation', 'Team', 'Assesses team coordination, role clarity, and the effectiveness of the presentation delivered during the jury evaluation.', 15, 15, '#10B981', '[{"min":14,"max":15,"label":"Excellent","description":"Team operates cohesively with clear role distribution."},{"min":11,"max":13,"label":"Good","description":"Team coordination is evident."},{"min":7,"max":10,"label":"Developing","description":"Team roles are unclear."},{"min":0,"max":6,"label":"Insufficient","description":"Poor team coordination."}]', 4) ON CONFLICT DO NOTHING;
INSERT INTO framework_criteria (id, framework_id, key, label, short_label, description, max_score, weight, color, rubric_bands, sort_order) VALUES ('9153ef48-d850-40bf-a60b-985c27b85214', 'cf0b03e5-576d-4961-a0cc-f86b7852b85f', 'originality', 'Originality & Creativity', 'Originality', 'Evaluates novelty of the research question, uniqueness of the approach, and significance of the contribution to scientific knowledge.', 35, 35, '#8B5CF6', '[{"min":31,"max":35,"label":"Excellent","description":"Research question is novel and addresses a genuine gap."},{"min":24,"max":30,"label":"Good","description":"Research topic has originality with a clear contribution."},{"min":17,"max":23,"label":"Developing","description":"Topic is relevant but well-trodden."},{"min":0,"max":16,"label":"Insufficient","description":"No original contribution."}]', 1) ON CONFLICT DO NOTHING;
INSERT INTO framework_criteria (id, framework_id, key, label, short_label, description, max_score, weight, color, rubric_bands, sort_order) VALUES ('ed12bef7-680e-44c5-a2c2-eafd7f911f6b', 'cf0b03e5-576d-4961-a0cc-f86b7852b85f', 'scientific_method', 'Scientific Method & Rigor', 'Method', 'Assesses rigor of experimental design, hypothesis clarity, control conditions, reproducibility, and statistical validity of results.', 40, 40, '#3B82F6', '[{"min":35,"max":40,"label":"Excellent","description":"Hypothesis is clearly stated and testable. Proper controls and adequate sample size."},{"min":27,"max":34,"label":"Good","description":"Methodology is sound with minor gaps."},{"min":19,"max":26,"label":"Developing","description":"Basic methodology present but controls weak."},{"min":0,"max":18,"label":"Insufficient","description":"No clear hypothesis or experimental design."}]', 2) ON CONFLICT DO NOTHING;
INSERT INTO framework_criteria (id, framework_id, key, label, short_label, description, max_score, weight, color, rubric_bands, sort_order) VALUES ('b2079523-b082-451d-afaa-b9f1ae7e5141', 'cf0b03e5-576d-4961-a0cc-f86b7852b85f', 'impact_and_presentation', 'Impact & Presentation', 'Impact', 'Evaluates real-world applicability of research findings and the overall quality of the oral and poster presentation.', 25, 25, '#F59E0B', '[{"min":22,"max":25,"label":"Excellent","description":"Results have clear real-world applicability."},{"min":17,"max":21,"label":"Good","description":"Potential impact is described."},{"min":12,"max":16,"label":"Developing","description":"Impact is mentioned but not convincingly argued."},{"min":0,"max":11,"label":"Insufficient","description":"No discussion of impact."}]', 3) ON CONFLICT DO NOTHING;
INSERT INTO framework_criteria (id, framework_id, key, label, short_label, description, max_score, weight, color, rubric_bands, sort_order) VALUES ('87559029-8bad-47de-afc6-43faaa45230b', '8df4448a-b223-4569-a92e-4c81b669b065', 'creativity', 'Creativity & Innovation', 'Creativity', 'Evaluates novelty of the antenna design concept relative to existing literature and current state-of-the-art solutions.', 30, 30, '#EC4899', '[{"min":27,"max":30,"label":"Excellent","description":"Novel topology or technique not commonly seen in literature."},{"min":21,"max":26,"label":"Good","description":"Design shows originality in at least one dimension."},{"min":13,"max":20,"label":"Developing","description":"Conventional approaches with minor modifications."},{"min":0,"max":12,"label":"Insufficient","description":"Direct copy with no meaningful contribution."}]', 1) ON CONFLICT DO NOTHING;
INSERT INTO framework_criteria (id, framework_id, key, label, short_label, description, max_score, weight, color, rubric_bands, sort_order) VALUES ('ee91d9af-bcf4-49a4-a966-cbd063bbb8f5', '8df4448a-b223-4569-a92e-4c81b669b065', 'technical_merit', 'Technical Merit', 'Technical', 'Assesses closeness of agreement between simulation and measurement results, and overall RF performance quality.', 40, 40, '#3B82F6', '[{"min":35,"max":40,"label":"Excellent","description":"Simulation and measurement results agree closely."},{"min":27,"max":34,"label":"Good","description":"Solid results with acceptable agreement."},{"min":19,"max":26,"label":"Developing","description":"Simulation results presented but measurement validation limited."},{"min":0,"max":18,"label":"Insufficient","description":"No measurement results or significant discrepancy."}]', 2) ON CONFLICT DO NOTHING;
INSERT INTO framework_criteria (id, framework_id, key, label, short_label, description, max_score, weight, color, rubric_bands, sort_order) VALUES ('03cdba6e-ce74-412d-ab8a-8819efca56ba', '8df4448a-b223-4569-a92e-4c81b669b065', 'application_and_presentation', 'Application & Presentation', 'Presentation', 'Evaluates clarity of the proposed real-world application use case and the quality of the overall design presentation.', 30, 30, '#F59E0B', '[{"min":27,"max":30,"label":"Excellent","description":"Clear real-world application with compelling use case."},{"min":21,"max":26,"label":"Good","description":"Application context established."},{"min":13,"max":20,"label":"Developing","description":"Application mentioned but not developed."},{"min":0,"max":12,"label":"Insufficient","description":"No clear application."}]', 3) ON CONFLICT DO NOTHING;
INSERT INTO framework_criteria (id, framework_id, key, label, short_label, description, max_score, weight, color, rubric_bands, sort_order) VALUES ('4f8cf9da-b0c7-4a62-ae00-c127f9c6eb8a', '80954c7f-86cc-4d85-aa08-2a6c6d59e7ff', 'design_compliance', 'Design Constraints Compliance', 'Compliance', 'Evaluates adherence to all specified volume, mass, and structural design constraints, with documented margin analysis.', 20, 20, '#6366F1', '[{"min":18,"max":20,"label":"Excellent","description":"All constraints fully met with documented margin analysis."},{"min":14,"max":17,"label":"Good","description":"Constraints met with minor deviations."},{"min":10,"max":13,"label":"Developing","description":"One or more constraints marginally exceeded."},{"min":0,"max":9,"label":"Insufficient","description":"Multiple constraints violated."}]', 1) ON CONFLICT DO NOTHING;
INSERT INTO framework_criteria (id, framework_id, key, label, short_label, description, max_score, weight, color, rubric_bands, sort_order) VALUES ('2acdc2ab-1710-48df-a764-c1e4b5e8ec4e', '80954c7f-86cc-4d85-aa08-2a6c6d59e7ff', 'mission_execution', 'Mission Execution & Telemetry', 'Mission', 'Assesses successful execution of primary and secondary mission objectives with continuous and reliable telemetry throughout the flight.', 35, 35, '#EF4444', '[{"min":31,"max":35,"label":"Excellent","description":"Primary and secondary missions fully executed. Continuous telemetry."},{"min":24,"max":30,"label":"Good","description":"Primary mission completed. Minor telemetry gaps."},{"min":17,"max":23,"label":"Developing","description":"Primary mission partially completed."},{"min":0,"max":16,"label":"Insufficient","description":"Mission fails to execute."}]', 2) ON CONFLICT DO NOTHING;
INSERT INTO framework_criteria (id, framework_id, key, label, short_label, description, max_score, weight, color, rubric_bands, sort_order) VALUES ('7065e7e2-dffe-49f3-a6bf-2d59c6661b90', '80954c7f-86cc-4d85-aa08-2a6c6d59e7ff', 'data_and_documentation', 'Data Analysis & Documentation', 'Data', 'Evaluates depth and appropriateness of post-flight data analysis and the overall quality and completeness of written documentation.', 25, 25, '#3B82F6', '[{"min":22,"max":25,"label":"Excellent","description":"Flight data thoroughly analyzed with appropriate methods."},{"min":17,"max":21,"label":"Good","description":"Data analysis competent. Post-flight report addresses key findings."},{"min":12,"max":16,"label":"Developing","description":"Data presented but analysis shallow."},{"min":0,"max":11,"label":"Insufficient","description":"Raw data dump with no meaningful analysis."}]', 3) ON CONFLICT DO NOTHING;
INSERT INTO framework_criteria (id, framework_id, key, label, short_label, description, max_score, weight, color, rubric_bands, sort_order) VALUES ('089917fe-ade5-4d49-a70d-d9b1f8f6d319', '80954c7f-86cc-4d85-aa08-2a6c6d59e7ff', 'safety_and_recovery', 'Safety & Recovery', 'Safety', 'Assesses adherence to all range safety procedures, descent rate control within specification, and successful CanSat recovery.', 20, 20, '#10B981', '[{"min":18,"max":20,"label":"Excellent","description":"Recovered intact. Descent rate within spec. All safety procedures followed."},{"min":14,"max":17,"label":"Good","description":"Recovery successful with minor issues."},{"min":10,"max":13,"label":"Developing","description":"Recovery partial or descent rate deviates."},{"min":0,"max":9,"label":"Insufficient","description":"CanSat lost or damaged."}]', 4) ON CONFLICT DO NOTHING;

-- Framework Mappings
INSERT INTO framework_criterion_outcome_maps (id, framework_id, criterion_id, outcome_id, weight) VALUES ('787f5d42-50c5-49bb-afc8-09e0e9df707e', '0147d901-984d-44c1-a08f-94f919659596', 'c88501db-537c-448f-a967-fd759b41915b', 'af277367-f639-4c4d-a8c5-30a0ecd66e71', 0.25) ON CONFLICT DO NOTHING;
INSERT INTO framework_criterion_outcome_maps (id, framework_id, criterion_id, outcome_id, weight) VALUES ('1232e664-977d-47aa-ac4d-b35f55885fda', '0147d901-984d-44c1-a08f-94f919659596', 'c88501db-537c-448f-a967-fd759b41915b', '2f2d65ff-1630-4400-a9e7-153e458bec4d', 0.25) ON CONFLICT DO NOTHING;
INSERT INTO framework_criterion_outcome_maps (id, framework_id, criterion_id, outcome_id, weight) VALUES ('14a78337-1b65-47d3-a310-ada19b17942c', '0147d901-984d-44c1-a08f-94f919659596', 'c88501db-537c-448f-a967-fd759b41915b', 'b2051f4f-495a-4917-af9c-4e6dcf36b33c', 0.25) ON CONFLICT DO NOTHING;
INSERT INTO framework_criterion_outcome_maps (id, framework_id, criterion_id, outcome_id, weight) VALUES ('1f2f948d-29af-4828-a856-b2432617e930', '0147d901-984d-44c1-a08f-94f919659596', 'c88501db-537c-448f-a967-fd759b41915b', '7ad8e211-7c0c-4a61-a980-9efc66d6fece', 0.25) ON CONFLICT DO NOTHING;
INSERT INTO framework_criterion_outcome_maps (id, framework_id, criterion_id, outcome_id, weight) VALUES ('cfb277db-88f8-4249-ab28-3d789fde24e9', '0147d901-984d-44c1-a08f-94f919659596', '91d2ee22-2b0f-48eb-ac87-5e1fed001650', 'b641718c-6926-409a-a300-d18eabe03877', 1) ON CONFLICT DO NOTHING;
INSERT INTO framework_criterion_outcome_maps (id, framework_id, criterion_id, outcome_id, weight) VALUES ('99a483d0-a0f2-46a1-af1a-b7246976ba8c', '0147d901-984d-44c1-a08f-94f919659596', '3a305bed-e865-444f-a3a3-c92302bd93cf', '53b7fb91-c8a8-4fbf-a081-8393b09b260c', 1) ON CONFLICT DO NOTHING;
INSERT INTO framework_criterion_outcome_maps (id, framework_id, criterion_id, outcome_id, weight) VALUES ('2656c0d3-9b5a-4e21-a879-0edb10a871d4', '0147d901-984d-44c1-a08f-94f919659596', 'fda374b5-0bbf-41e3-ad46-29fe1491189b', '7679cc95-f407-424e-a8d0-7f9d6cf70fed', 0.5) ON CONFLICT DO NOTHING;
INSERT INTO framework_criterion_outcome_maps (id, framework_id, criterion_id, outcome_id, weight) VALUES ('6430d990-7ed1-430b-a368-c249ba934dd2', '0147d901-984d-44c1-a08f-94f919659596', 'fda374b5-0bbf-41e3-ad46-29fe1491189b', 'f4b7e7da-4550-43eb-a884-0b5d8d9cf1b2', 0.5) ON CONFLICT DO NOTHING;
INSERT INTO framework_criterion_outcome_maps (id, framework_id, criterion_id, outcome_id, weight) VALUES ('3695cde8-7f8b-4fc4-af7f-523d452e19f4', 'efe329b2-0a62-4279-a7d1-627abe557321', '93a2a9b8-de26-4fbb-a805-d7134bc8a55f', '0c61d3b2-4098-4181-a0a9-af00ccddd55f', 0.6) ON CONFLICT DO NOTHING;
INSERT INTO framework_criterion_outcome_maps (id, framework_id, criterion_id, outcome_id, weight) VALUES ('be64d4fa-2c45-4890-a280-d6a64651b63a', 'efe329b2-0a62-4279-a7d1-627abe557321', '93a2a9b8-de26-4fbb-a805-d7134bc8a55f', 'e55ec114-ecd9-4bbc-acb2-56ddbb255ee3', 0.4) ON CONFLICT DO NOTHING;
INSERT INTO framework_criterion_outcome_maps (id, framework_id, criterion_id, outcome_id, weight) VALUES ('a59be2e2-233f-4090-aa9b-15d526b829e0', 'efe329b2-0a62-4279-a7d1-627abe557321', '7283938c-881e-46e5-a432-793287f19248', '4ed4e517-5b27-4f61-a16b-6d7b86d2d592', 0.7) ON CONFLICT DO NOTHING;
INSERT INTO framework_criterion_outcome_maps (id, framework_id, criterion_id, outcome_id, weight) VALUES ('23b6bf8b-5c34-47c6-a09f-cb08ac883a8f', 'efe329b2-0a62-4279-a7d1-627abe557321', '7283938c-881e-46e5-a432-793287f19248', '0c61d3b2-4098-4181-a0a9-af00ccddd55f', 0.3) ON CONFLICT DO NOTHING;
INSERT INTO framework_criterion_outcome_maps (id, framework_id, criterion_id, outcome_id, weight) VALUES ('1bd9933b-fa6f-428c-a830-752cd93c9529', 'efe329b2-0a62-4279-a7d1-627abe557321', 'c2a960c2-ec12-409c-a49b-14ac9f66a451', 'e55ec114-ecd9-4bbc-acb2-56ddbb255ee3', 0.5) ON CONFLICT DO NOTHING;
INSERT INTO framework_criterion_outcome_maps (id, framework_id, criterion_id, outcome_id, weight) VALUES ('b83227f4-e347-46ed-a368-5d61933ed1fb', 'efe329b2-0a62-4279-a7d1-627abe557321', 'c2a960c2-ec12-409c-a49b-14ac9f66a451', '4ed4e517-5b27-4f61-a16b-6d7b86d2d592', 0.3) ON CONFLICT DO NOTHING;
INSERT INTO framework_criterion_outcome_maps (id, framework_id, criterion_id, outcome_id, weight) VALUES ('e53dfb15-71cb-4a85-a6cf-359930112ea8', 'efe329b2-0a62-4279-a7d1-627abe557321', 'c2a960c2-ec12-409c-a49b-14ac9f66a451', '293b2e58-626c-4a8a-afab-c4827d6888ae', 0.2) ON CONFLICT DO NOTHING;
INSERT INTO framework_criterion_outcome_maps (id, framework_id, criterion_id, outcome_id, weight) VALUES ('340ba75e-fb32-42d5-aa8e-21b2a2f6295d', 'efe329b2-0a62-4279-a7d1-627abe557321', 'cba29dca-3ee3-4e5a-a78a-44034a059a9a', 'cc92ffdb-deee-4b4a-ad3f-ab54b9a16df3', 0.7) ON CONFLICT DO NOTHING;
INSERT INTO framework_criterion_outcome_maps (id, framework_id, criterion_id, outcome_id, weight) VALUES ('104bb08d-d213-4656-ad1d-963900f1f6a8', 'efe329b2-0a62-4279-a7d1-627abe557321', 'cba29dca-3ee3-4e5a-a78a-44034a059a9a', 'f4f08ca1-e5f1-4cc9-aa5f-a308966a9375', 0.3) ON CONFLICT DO NOTHING;
INSERT INTO framework_criterion_outcome_maps (id, framework_id, criterion_id, outcome_id, weight) VALUES ('eee7ca6e-5fca-4b3f-a1ee-7754ff4860d6', 'efe329b2-0a62-4279-a7d1-627abe557321', 'a0ce2f65-e11f-427c-ab49-6806b15b6ffe', 'f9c945a1-24f5-4ab1-abad-9a35a116c09c', 1) ON CONFLICT DO NOTHING;
INSERT INTO framework_criterion_outcome_maps (id, framework_id, criterion_id, outcome_id, weight) VALUES ('425f56ea-965d-405b-a48a-8bf4729194b3', '824ead2b-7676-4297-a6e1-507869f5f299', '10f52721-c639-4184-a0c4-1493bd620bfd', 'f21e10be-2829-4161-acf2-6ca56c414d98', 1) ON CONFLICT DO NOTHING;
INSERT INTO framework_criterion_outcome_maps (id, framework_id, criterion_id, outcome_id, weight) VALUES ('7ab14c5b-e94e-424a-ab2f-6d35030dae98', '824ead2b-7676-4297-a6e1-507869f5f299', 'b58a9de4-d6c7-4143-a851-ed52ef1c7aab', '5f1f1555-845b-4498-a005-4878e6f4d692', 0.7) ON CONFLICT DO NOTHING;
INSERT INTO framework_criterion_outcome_maps (id, framework_id, criterion_id, outcome_id, weight) VALUES ('c03ac120-febe-4e2f-a090-06ae620e031d', '824ead2b-7676-4297-a6e1-507869f5f299', 'b58a9de4-d6c7-4143-a851-ed52ef1c7aab', 'f21e10be-2829-4161-acf2-6ca56c414d98', 0.3) ON CONFLICT DO NOTHING;
INSERT INTO framework_criterion_outcome_maps (id, framework_id, criterion_id, outcome_id, weight) VALUES ('1dc5f4d6-71da-4ec3-a821-87f1b5601438', '824ead2b-7676-4297-a6e1-507869f5f299', 'a408685a-ba52-4173-a90f-b5bcf0b39b63', 'daeff078-d457-48cc-af0f-7ebefc99a64f', 0.8) ON CONFLICT DO NOTHING;
INSERT INTO framework_criterion_outcome_maps (id, framework_id, criterion_id, outcome_id, weight) VALUES ('584385a7-38cc-43da-adb4-28951b59ea3c', '824ead2b-7676-4297-a6e1-507869f5f299', 'a408685a-ba52-4173-a90f-b5bcf0b39b63', '5f1f1555-845b-4498-a005-4878e6f4d692', 0.2) ON CONFLICT DO NOTHING;
INSERT INTO framework_criterion_outcome_maps (id, framework_id, criterion_id, outcome_id, weight) VALUES ('5bd81085-6d0d-4fc2-a85d-a3eb876c4188', '824ead2b-7676-4297-a6e1-507869f5f299', '9048c1b4-a5f6-499e-a002-58c2d231a40b', 'c0f9b501-7d38-4fcc-a565-65ad87f853f4', 0.6) ON CONFLICT DO NOTHING;
INSERT INTO framework_criterion_outcome_maps (id, framework_id, criterion_id, outcome_id, weight) VALUES ('44299a91-b795-4016-aa18-023d2768b2f7', '824ead2b-7676-4297-a6e1-507869f5f299', '9048c1b4-a5f6-499e-a002-58c2d231a40b', 'daeff078-d457-48cc-af0f-7ebefc99a64f', 0.4) ON CONFLICT DO NOTHING;
INSERT INTO framework_criterion_outcome_maps (id, framework_id, criterion_id, outcome_id, weight) VALUES ('fe8155f0-6bc9-41e5-aa58-b3ea4243beb5', 'cf0b03e5-576d-4961-a0cc-f86b7852b85f', '9153ef48-d850-40bf-a60b-985c27b85214', '927c6ee5-bb03-44b8-afda-2a97f4272add', 0.7) ON CONFLICT DO NOTHING;
INSERT INTO framework_criterion_outcome_maps (id, framework_id, criterion_id, outcome_id, weight) VALUES ('680822fa-3f3b-407f-a433-052ee08daae2', 'cf0b03e5-576d-4961-a0cc-f86b7852b85f', '9153ef48-d850-40bf-a60b-985c27b85214', '5971a865-48c8-45c7-a1fe-42276ca9c27c', 0.3) ON CONFLICT DO NOTHING;
INSERT INTO framework_criterion_outcome_maps (id, framework_id, criterion_id, outcome_id, weight) VALUES ('9ddcc51b-3291-419f-a80a-22ba81e250c2', 'cf0b03e5-576d-4961-a0cc-f86b7852b85f', 'ed12bef7-680e-44c5-a2c2-eafd7f911f6b', '8258a7a0-3329-4b87-a2f9-ed57789c5d5f', 0.5) ON CONFLICT DO NOTHING;
INSERT INTO framework_criterion_outcome_maps (id, framework_id, criterion_id, outcome_id, weight) VALUES ('02bb9c22-1cf9-4f4b-a91b-719e3e630a7d', 'cf0b03e5-576d-4961-a0cc-f86b7852b85f', 'ed12bef7-680e-44c5-a2c2-eafd7f911f6b', '29460c43-c2cc-42dc-a55c-9ae4ac05cb0f', 0.5) ON CONFLICT DO NOTHING;
INSERT INTO framework_criterion_outcome_maps (id, framework_id, criterion_id, outcome_id, weight) VALUES ('7914fe34-dbcd-4a77-a84a-4e506ff4a7c1', 'cf0b03e5-576d-4961-a0cc-f86b7852b85f', 'b2079523-b082-451d-afaa-b9f1ae7e5141', '5994e0a4-3fa2-434e-abab-246d6d0f6cf3', 0.5) ON CONFLICT DO NOTHING;
INSERT INTO framework_criterion_outcome_maps (id, framework_id, criterion_id, outcome_id, weight) VALUES ('160f8ba8-8c34-46f9-a3b6-56c895a41c70', 'cf0b03e5-576d-4961-a0cc-f86b7852b85f', 'b2079523-b082-451d-afaa-b9f1ae7e5141', '29460c43-c2cc-42dc-a55c-9ae4ac05cb0f', 0.3) ON CONFLICT DO NOTHING;
INSERT INTO framework_criterion_outcome_maps (id, framework_id, criterion_id, outcome_id, weight) VALUES ('347c3dca-e865-40e5-ae42-d8e41b71fac4', 'cf0b03e5-576d-4961-a0cc-f86b7852b85f', 'b2079523-b082-451d-afaa-b9f1ae7e5141', '5971a865-48c8-45c7-a1fe-42276ca9c27c', 0.2) ON CONFLICT DO NOTHING;
INSERT INTO framework_criterion_outcome_maps (id, framework_id, criterion_id, outcome_id, weight) VALUES ('2c18f7ca-83c0-496d-a0de-ae6b6cac113a', '8df4448a-b223-4569-a92e-4c81b669b065', '87559029-8bad-47de-afc6-43faaa45230b', 'd4f70008-8664-4fc1-adca-346d3719c329', 0.7) ON CONFLICT DO NOTHING;
INSERT INTO framework_criterion_outcome_maps (id, framework_id, criterion_id, outcome_id, weight) VALUES ('46da8a67-b906-42e5-a4f6-97ebdcd2c3ff', '8df4448a-b223-4569-a92e-4c81b669b065', '87559029-8bad-47de-afc6-43faaa45230b', '208c4237-ddb7-4d8d-ae87-221df0bf5619', 0.3) ON CONFLICT DO NOTHING;
INSERT INTO framework_criterion_outcome_maps (id, framework_id, criterion_id, outcome_id, weight) VALUES ('5db26161-6967-494d-a939-1eadec359aa0', '8df4448a-b223-4569-a92e-4c81b669b065', 'ee91d9af-bcf4-49a4-a966-cbd063bbb8f5', '22c36b11-dbe6-4200-a746-877759e831c7', 0.8) ON CONFLICT DO NOTHING;
INSERT INTO framework_criterion_outcome_maps (id, framework_id, criterion_id, outcome_id, weight) VALUES ('918116ee-d9d7-47d5-a462-6f9ee7e162d6', '8df4448a-b223-4569-a92e-4c81b669b065', 'ee91d9af-bcf4-49a4-a966-cbd063bbb8f5', 'c08428e2-0dca-42a4-a982-8f8f34f1a827', 0.2) ON CONFLICT DO NOTHING;
INSERT INTO framework_criterion_outcome_maps (id, framework_id, criterion_id, outcome_id, weight) VALUES ('41dd727f-a348-480b-ae16-516bf03f6a41', '8df4448a-b223-4569-a92e-4c81b669b065', '03cdba6e-ce74-412d-ab8a-8819efca56ba', 'c08428e2-0dca-42a4-a982-8f8f34f1a827', 0.5) ON CONFLICT DO NOTHING;
INSERT INTO framework_criterion_outcome_maps (id, framework_id, criterion_id, outcome_id, weight) VALUES ('0cec8641-5ba9-46f7-abec-83e29a8fdb93', '8df4448a-b223-4569-a92e-4c81b669b065', '03cdba6e-ce74-412d-ab8a-8819efca56ba', '208c4237-ddb7-4d8d-ae87-221df0bf5619', 0.3) ON CONFLICT DO NOTHING;
INSERT INTO framework_criterion_outcome_maps (id, framework_id, criterion_id, outcome_id, weight) VALUES ('9d413260-6915-4efa-a86d-c1511bc377e1', '8df4448a-b223-4569-a92e-4c81b669b065', '03cdba6e-ce74-412d-ab8a-8819efca56ba', 'd4f70008-8664-4fc1-adca-346d3719c329', 0.2) ON CONFLICT DO NOTHING;
INSERT INTO framework_criterion_outcome_maps (id, framework_id, criterion_id, outcome_id, weight) VALUES ('c405a8ec-cd0d-42fd-a783-91c576f3e4f4', '80954c7f-86cc-4d85-aa08-2a6c6d59e7ff', '4f8cf9da-b0c7-4a62-ae00-c127f9c6eb8a', 'a7c6db91-308c-49ba-a91a-172d1e4f00f8', 0.7) ON CONFLICT DO NOTHING;
INSERT INTO framework_criterion_outcome_maps (id, framework_id, criterion_id, outcome_id, weight) VALUES ('8d5da354-c77e-413a-ad69-29d8d38edbfe', '80954c7f-86cc-4d85-aa08-2a6c6d59e7ff', '4f8cf9da-b0c7-4a62-ae00-c127f9c6eb8a', '7d5079e4-7b9c-4643-ac59-588ae909330f', 0.3) ON CONFLICT DO NOTHING;
INSERT INTO framework_criterion_outcome_maps (id, framework_id, criterion_id, outcome_id, weight) VALUES ('8ed69783-a466-4130-ab29-b6e74283af23', '80954c7f-86cc-4d85-aa08-2a6c6d59e7ff', '2acdc2ab-1710-48df-a764-c1e4b5e8ec4e', '5589d3d4-c99e-4d87-a314-83e41236ca3a', 0.5) ON CONFLICT DO NOTHING;
INSERT INTO framework_criterion_outcome_maps (id, framework_id, criterion_id, outcome_id, weight) VALUES ('6ea0a813-7306-4856-a862-58f2fa42f03a', '80954c7f-86cc-4d85-aa08-2a6c6d59e7ff', '2acdc2ab-1710-48df-a764-c1e4b5e8ec4e', '08691235-b202-4833-a43d-46b4b5383f13', 0.3) ON CONFLICT DO NOTHING;
INSERT INTO framework_criterion_outcome_maps (id, framework_id, criterion_id, outcome_id, weight) VALUES ('012940c7-e57c-4a9e-af10-bca9ca31da8d', '80954c7f-86cc-4d85-aa08-2a6c6d59e7ff', '2acdc2ab-1710-48df-a764-c1e4b5e8ec4e', '8e106aab-5b22-43d8-aa13-3ce02bff7660', 0.2) ON CONFLICT DO NOTHING;
INSERT INTO framework_criterion_outcome_maps (id, framework_id, criterion_id, outcome_id, weight) VALUES ('4ad7dd97-2e09-482c-a35d-51bb72a139e9', '80954c7f-86cc-4d85-aa08-2a6c6d59e7ff', '7065e7e2-dffe-49f3-a6bf-2d59c6661b90', 'bce51d2c-50dc-4702-aa43-169b8160e443', 0.7) ON CONFLICT DO NOTHING;
INSERT INTO framework_criterion_outcome_maps (id, framework_id, criterion_id, outcome_id, weight) VALUES ('fd00892f-5030-4995-a472-547112112cdb', '80954c7f-86cc-4d85-aa08-2a6c6d59e7ff', '7065e7e2-dffe-49f3-a6bf-2d59c6661b90', '5589d3d4-c99e-4d87-a314-83e41236ca3a', 0.3) ON CONFLICT DO NOTHING;
INSERT INTO framework_criterion_outcome_maps (id, framework_id, criterion_id, outcome_id, weight) VALUES ('162a88db-3542-45ac-a00f-1121e07e8aae', '80954c7f-86cc-4d85-aa08-2a6c6d59e7ff', '089917fe-ade5-4d49-a70d-d9b1f8f6d319', '7d5079e4-7b9c-4643-ac59-588ae909330f', 0.5) ON CONFLICT DO NOTHING;
INSERT INTO framework_criterion_outcome_maps (id, framework_id, criterion_id, outcome_id, weight) VALUES ('6a1e11c0-4731-452a-a1ea-a6747b611b87', '80954c7f-86cc-4d85-aa08-2a6c6d59e7ff', '089917fe-ade5-4d49-a70d-d9b1f8f6d319', '8e106aab-5b22-43d8-aa13-3ce02bff7660', 0.5) ON CONFLICT DO NOTHING;

-- Periods and Snapshots
INSERT INTO periods (id, organization_id, framework_id, name, season, description, start_date, end_date, is_current, is_locked, is_visible, poster_date, snapshot_frozen_at, activated_at, updated_at) VALUES ('a0d6f60d-ece4-40f8-aca2-955b4abc5d88', 'e802a6cb-6cfa-4a7c-aba6-2038490fb899', '0147d901-984d-44c1-a08f-94f919659596', 'Spring 2026', 'Spring', 'EE 491/492 Senior Design Poster Day', '2026-02-01', '2026-06-15', true, false, true, '2026-05-10', (timestamp '2026-05-10 09:00:00' - interval '24 hours 0 minutes'), (timestamp '2026-05-10 09:00:00' - interval '24 hours 0 minutes'), (timestamp '2026-05-10 09:00:00' - interval '20 hours 0 minutes')) ON CONFLICT DO NOTHING;
INSERT INTO period_criteria (id, period_id, source_criterion_id, key, label, short_label, description, max_score, weight, color, rubric_bands, sort_order) VALUES ('787e905a-a2da-431e-af63-00cea2ea7bb5', 'a0d6f60d-ece4-40f8-aca2-955b4abc5d88', 'c88501db-537c-448f-a967-fd759b41915b', 'technical', 'Technical Content', 'Technical', 'Evaluates the depth and originality of the engineering solution, including problem formulation, design decisions, and mastery of relevant tools and methods.', 30, 30, '#F59E0B', '[{"min":27,"max":30,"label":"Excellent","description":"Problem is clearly defined with strong motivation. Design decisions are well-justified with engineering depth. Originality and mastery of relevant tools or methods are evident."},{"min":21,"max":26,"label":"Good","description":"Design is mostly clear and technically justified. Engineering decisions are largely supported."},{"min":13,"max":20,"label":"Developing","description":"Problem is stated but motivation or technical justification is insufficient."},{"min":0,"max":12,"label":"Insufficient","description":"Vague problem definition and unjustified decisions. Superficial technical content."}]', 1) ON CONFLICT DO NOTHING;
INSERT INTO period_criteria (id, period_id, source_criterion_id, key, label, short_label, description, max_score, weight, color, rubric_bands, sort_order) VALUES ('25fdf203-ff5f-4c31-ab09-3ac8bd726e65', 'a0d6f60d-ece4-40f8-aca2-955b4abc5d88', '91d2ee22-2b0f-48eb-ac87-5e1fed001650', 'design', 'Written Communication', 'Written', 'Assesses poster layout, visual quality, labelling, and the accessibility of technical content for both technical and non-technical readers.', 30, 30, '#22C55E', '[{"min":27,"max":30,"label":"Excellent","description":"Poster layout is intuitive with clear information flow. Visuals are fully labelled and high quality. Technical content is presented in a way that is accessible to both technical and non-technical readers."},{"min":21,"max":26,"label":"Good","description":"Layout is mostly logical. Visuals are readable with minor gaps. Technical content is largely clear with small areas for improvement."},{"min":13,"max":20,"label":"Developing","description":"Occasional gaps in information flow. Some visuals are missing labels or captions. Technical content is only partially communicated."},{"min":0,"max":12,"label":"Insufficient","description":"Confusing layout. Low-quality or unlabelled visuals. Technical content is unclear or missing."}]', 2) ON CONFLICT DO NOTHING;
INSERT INTO period_criteria (id, period_id, source_criterion_id, key, label, short_label, description, max_score, weight, color, rubric_bands, sort_order) VALUES ('ecc8c71e-2fca-4ab8-aaa9-9efbe29700c6', 'a0d6f60d-ece4-40f8-aca2-955b4abc5d88', '3a305bed-e865-444f-a3a3-c92302bd93cf', 'delivery', 'Oral Communication', 'Oral', 'Assesses oral clarity, pacing, audience adaptation, and the quality of Q&A responses during the presentation.', 30, 30, '#3B82F6', '[{"min":27,"max":30,"label":"Excellent","description":"Presentation is consciously adapted for both technical and non-technical jury members. Q&A responses are accurate, clear, and audience-appropriate."},{"min":21,"max":26,"label":"Good","description":"Presentation is mostly clear and well-paced. Most questions answered correctly. Audience adaptation is generally evident."},{"min":13,"max":20,"label":"Developing","description":"Understandable but inconsistent. Limited audience adaptation. Time management or Q&A depth needs improvement."},{"min":0,"max":12,"label":"Insufficient","description":"Unclear or disorganised presentation. Most questions answered incorrectly or not at all."}]', 3) ON CONFLICT DO NOTHING;
INSERT INTO period_criteria (id, period_id, source_criterion_id, key, label, short_label, description, max_score, weight, color, rubric_bands, sort_order) VALUES ('dc46db4d-fa3a-4c22-a64a-b5c07a94ebe6', 'a0d6f60d-ece4-40f8-aca2-955b4abc5d88', 'fda374b5-0bbf-41e3-ad46-29fe1491189b', 'teamwork', 'Teamwork', 'Teamwork', 'Evaluates equitable participation, individual knowledge depth, and professional conduct across all team members.', 10, 10, '#EF4444', '[{"min":9,"max":10,"label":"Excellent","description":"All members participate actively and equally. Professional and ethical conduct observed throughout."},{"min":7,"max":8,"label":"Good","description":"Most members contribute. Minor knowledge gaps. Professionalism mostly observed."},{"min":4,"max":6,"label":"Developing","description":"Uneven participation. Some members are passive or unprepared."},{"min":0,"max":3,"label":"Insufficient","description":"Very low participation or dominated by one person. Lack of professionalism observed."}]', 4) ON CONFLICT DO NOTHING;
INSERT INTO period_outcomes (id, period_id, source_outcome_id, code, label, description, sort_order) VALUES ('6986c7eb-0ee6-4eac-acf1-12b863301b77', 'a0d6f60d-ece4-40f8-aca2-955b4abc5d88', 'af277367-f639-4c4d-a8c5-30a0ecd66e71', '1.2', 'Adequate knowledge in mathematics, science and engineering', 'Demonstrate sufficient knowledge of mathematics, natural sciences, and engineering fundamentals to solve complex engineering problems.', 1) ON CONFLICT DO NOTHING;
INSERT INTO period_outcomes (id, period_id, source_outcome_id, code, label, description, sort_order) VALUES ('be27c992-aa6d-441d-ab85-0c3532d3e2ca', 'a0d6f60d-ece4-40f8-aca2-955b4abc5d88', '2f2d65ff-1630-4400-a9e7-153e458bec4d', '2', 'Ability to formulate and solve complex engineering problems', 'Identify, define, formulate, and solve complex engineering problems by selecting and applying appropriate analysis and modeling methods.', 2) ON CONFLICT DO NOTHING;
INSERT INTO period_outcomes (id, period_id, source_outcome_id, code, label, description, sort_order) VALUES ('48375d76-5886-42f4-a0a3-a52fa01d8224', 'a0d6f60d-ece4-40f8-aca2-955b4abc5d88', 'b2051f4f-495a-4917-af9c-4e6dcf36b33c', '3.1', 'Ability to design a complex system under realistic constraints', 'Design complex systems, processes, devices, or products under realistic constraints to meet identified needs.', 3) ON CONFLICT DO NOTHING;
INSERT INTO period_outcomes (id, period_id, source_outcome_id, code, label, description, sort_order) VALUES ('1a3d9339-2318-46ea-ad17-d79c737d4983', 'a0d6f60d-ece4-40f8-aca2-955b4abc5d88', '7ad8e211-7c0c-4a61-a980-9efc66d6fece', '3.2', 'Ability to apply modern design methods', 'Apply modern design techniques and tools appropriate to engineering practice, including computer-aided engineering.', 4) ON CONFLICT DO NOTHING;
INSERT INTO period_outcomes (id, period_id, source_outcome_id, code, label, description, sort_order) VALUES ('6dd4fe1c-0b01-4c64-a37c-124145568756', 'a0d6f60d-ece4-40f8-aca2-955b4abc5d88', '7679cc95-f407-424e-a8d0-7f9d6cf70fed', '8.1', 'Ability to function effectively in teams', 'Function effectively as a member or leader in teams, taking individual responsibility within disciplinary and multidisciplinary settings.', 5) ON CONFLICT DO NOTHING;
INSERT INTO period_outcomes (id, period_id, source_outcome_id, code, label, description, sort_order) VALUES ('b944e980-ba4c-4de7-aa7a-9c5eceaa8753', 'a0d6f60d-ece4-40f8-aca2-955b4abc5d88', 'f4b7e7da-4550-43eb-a884-0b5d8d9cf1b2', '8.2', 'Ability to work in multi-disciplinary teams', 'Work effectively in multidisciplinary teams, contributing expertise while integrating perspectives from other disciplines.', 6) ON CONFLICT DO NOTHING;
INSERT INTO period_outcomes (id, period_id, source_outcome_id, code, label, description, sort_order) VALUES ('741208a6-eb9b-4253-ac82-f6d2252b6e83', 'a0d6f60d-ece4-40f8-aca2-955b4abc5d88', '53b7fb91-c8a8-4fbf-a081-8393b09b260c', '9.1', 'Oral communication effectiveness', 'Communicate effectively through oral presentations, adapting communication style to diverse audiences.', 7) ON CONFLICT DO NOTHING;
INSERT INTO period_outcomes (id, period_id, source_outcome_id, code, label, description, sort_order) VALUES ('6b6a0026-b096-4d03-ad1a-6ba4f07df192', 'a0d6f60d-ece4-40f8-aca2-955b4abc5d88', 'b641718c-6926-409a-a300-d18eabe03877', '9.2', 'Written communication effectiveness', 'Produce clear, well-structured written technical documents including reports, specifications, and design documentation.', 8) ON CONFLICT DO NOTHING;
INSERT INTO period_criterion_outcome_maps (id, period_id, period_criterion_id, period_outcome_id, coverage_type, weight) VALUES ('d8139479-a894-47c3-a91e-8a9b09476c47', 'a0d6f60d-ece4-40f8-aca2-955b4abc5d88', '787e905a-a2da-431e-af63-00cea2ea7bb5', '6986c7eb-0ee6-4eac-acf1-12b863301b77', 'direct', 0.25) ON CONFLICT DO NOTHING;
INSERT INTO period_criterion_outcome_maps (id, period_id, period_criterion_id, period_outcome_id, coverage_type, weight) VALUES ('41f0d572-26e3-4927-a17d-6a2d52aebe7c', 'a0d6f60d-ece4-40f8-aca2-955b4abc5d88', '787e905a-a2da-431e-af63-00cea2ea7bb5', 'be27c992-aa6d-441d-ab85-0c3532d3e2ca', 'direct', 0.25) ON CONFLICT DO NOTHING;
INSERT INTO period_criterion_outcome_maps (id, period_id, period_criterion_id, period_outcome_id, coverage_type, weight) VALUES ('df4446d1-cef0-4623-a7b6-7cc17e6cb5dc', 'a0d6f60d-ece4-40f8-aca2-955b4abc5d88', '787e905a-a2da-431e-af63-00cea2ea7bb5', '48375d76-5886-42f4-a0a3-a52fa01d8224', 'direct', 0.25) ON CONFLICT DO NOTHING;
INSERT INTO period_criterion_outcome_maps (id, period_id, period_criterion_id, period_outcome_id, coverage_type, weight) VALUES ('627ab111-040b-4e6b-a68a-230f3d0d120b', 'a0d6f60d-ece4-40f8-aca2-955b4abc5d88', '787e905a-a2da-431e-af63-00cea2ea7bb5', '1a3d9339-2318-46ea-ad17-d79c737d4983', 'direct', 0.25) ON CONFLICT DO NOTHING;
INSERT INTO period_criterion_outcome_maps (id, period_id, period_criterion_id, period_outcome_id, coverage_type, weight) VALUES ('20e90557-f0c7-4848-a121-305a8566a994', 'a0d6f60d-ece4-40f8-aca2-955b4abc5d88', '25fdf203-ff5f-4c31-ab09-3ac8bd726e65', '6b6a0026-b096-4d03-ad1a-6ba4f07df192', 'direct', 1) ON CONFLICT DO NOTHING;
INSERT INTO period_criterion_outcome_maps (id, period_id, period_criterion_id, period_outcome_id, coverage_type, weight) VALUES ('574683c1-c261-45d5-a92d-7c07f57831da', 'a0d6f60d-ece4-40f8-aca2-955b4abc5d88', 'ecc8c71e-2fca-4ab8-aaa9-9efbe29700c6', '741208a6-eb9b-4253-ac82-f6d2252b6e83', 'direct', 1) ON CONFLICT DO NOTHING;
INSERT INTO period_criterion_outcome_maps (id, period_id, period_criterion_id, period_outcome_id, coverage_type, weight) VALUES ('51b8fea2-79f4-4eab-a8c9-cbfe829017ba', 'a0d6f60d-ece4-40f8-aca2-955b4abc5d88', 'dc46db4d-fa3a-4c22-a64a-b5c07a94ebe6', '6dd4fe1c-0b01-4c64-a37c-124145568756', 'direct', 0.5) ON CONFLICT DO NOTHING;
INSERT INTO period_criterion_outcome_maps (id, period_id, period_criterion_id, period_outcome_id, coverage_type, weight) VALUES ('966763a5-4aba-4b73-a47d-11c94233007f', 'a0d6f60d-ece4-40f8-aca2-955b4abc5d88', 'dc46db4d-fa3a-4c22-a64a-b5c07a94ebe6', 'b944e980-ba4c-4de7-aa7a-9c5eceaa8753', 'direct', 0.5) ON CONFLICT DO NOTHING;
INSERT INTO periods (id, organization_id, framework_id, name, season, description, start_date, end_date, is_current, is_locked, is_visible, poster_date, snapshot_frozen_at, activated_at, updated_at) VALUES ('952dd05e-8ff2-44a7-a13b-9a22958f57fb', 'e802a6cb-6cfa-4a7c-aba6-2038490fb899', '0147d901-984d-44c1-a08f-94f919659596', 'Fall 2025', 'Fall', 'EE 491/492 Fall Poster Presentations', '2025-09-01', '2025-12-20', false, true, true, '2025-12-06', (timestamp '2025-12-06 09:00:00' - interval '24 hours 0 minutes'), (timestamp '2025-12-06 09:00:00' - interval '24 hours 0 minutes'), (timestamp '2025-12-06 09:00:00' + interval '96 hours 0 minutes')) ON CONFLICT DO NOTHING;
INSERT INTO period_criteria (id, period_id, source_criterion_id, key, label, short_label, description, max_score, weight, color, rubric_bands, sort_order) VALUES ('a436fb51-aa71-4afc-a9bf-2232d151fbaa', '952dd05e-8ff2-44a7-a13b-9a22958f57fb', 'c88501db-537c-448f-a967-fd759b41915b', 'technical', 'Technical Content', 'Technical', 'Evaluates the depth and originality of the engineering solution, including problem formulation, design decisions, and mastery of relevant tools and methods.', 30, 30, '#F59E0B', '[{"min":27,"max":30,"label":"Excellent","description":"Problem is clearly defined with strong motivation. Design decisions are well-justified with engineering depth. Originality and mastery of relevant tools or methods are evident."},{"min":21,"max":26,"label":"Good","description":"Design is mostly clear and technically justified. Engineering decisions are largely supported."},{"min":13,"max":20,"label":"Developing","description":"Problem is stated but motivation or technical justification is insufficient."},{"min":0,"max":12,"label":"Insufficient","description":"Vague problem definition and unjustified decisions. Superficial technical content."}]', 1) ON CONFLICT DO NOTHING;
INSERT INTO period_criteria (id, period_id, source_criterion_id, key, label, short_label, description, max_score, weight, color, rubric_bands, sort_order) VALUES ('8cebf54b-97b4-493c-a837-4707d4828eae', '952dd05e-8ff2-44a7-a13b-9a22958f57fb', '91d2ee22-2b0f-48eb-ac87-5e1fed001650', 'design', 'Written Communication', 'Written', 'Assesses poster layout, visual quality, labelling, and the accessibility of technical content for both technical and non-technical readers.', 30, 28, '#22C55E', '[{"min":27,"max":30,"label":"Excellent","description":"Poster is visually compelling with logical flow. All figures are high quality and properly labelled."},{"min":21,"max":26,"label":"Good","description":"Layout is clear with only minor visual issues. Most figures are well-labelled."},{"min":13,"max":20,"label":"Developing","description":"Layout has some disorganized sections. Several figures lack labels or captions."},{"min":0,"max":12,"label":"Insufficient","description":"Disorganized poster with missing or low-quality visuals throughout."}]', 2) ON CONFLICT DO NOTHING;
INSERT INTO period_criteria (id, period_id, source_criterion_id, key, label, short_label, description, max_score, weight, color, rubric_bands, sort_order) VALUES ('bb41dca1-a7d3-4fa8-a819-cd1d0c92bdf2', '952dd05e-8ff2-44a7-a13b-9a22958f57fb', '3a305bed-e865-444f-a3a3-c92302bd93cf', 'delivery', 'Oral Communication', 'Oral', 'Assesses oral clarity, pacing, audience adaptation, and the quality of Q&A responses during the presentation.', 30, 30, '#3B82F6', '[{"min":27,"max":30,"label":"Excellent","description":"Presentation is consciously adapted for both technical and non-technical jury members. Q&A responses are accurate, clear, and audience-appropriate."},{"min":21,"max":26,"label":"Good","description":"Presentation is mostly clear and well-paced. Most questions answered correctly. Audience adaptation is generally evident."},{"min":13,"max":20,"label":"Developing","description":"Understandable but inconsistent. Limited audience adaptation. Time management or Q&A depth needs improvement."},{"min":0,"max":12,"label":"Insufficient","description":"Unclear or disorganised presentation. Most questions answered incorrectly or not at all."}]', 3) ON CONFLICT DO NOTHING;
INSERT INTO period_criteria (id, period_id, source_criterion_id, key, label, short_label, description, max_score, weight, color, rubric_bands, sort_order) VALUES ('ae079c87-3d0a-4aa9-ae5b-8966b4f38a57', '952dd05e-8ff2-44a7-a13b-9a22958f57fb', 'fda374b5-0bbf-41e3-ad46-29fe1491189b', 'teamwork', 'Teamwork', 'Teamwork', 'Evaluates equitable participation, individual knowledge depth, and professional conduct across all team members.', 10, 12, '#EF4444', '[{"min":9,"max":10,"label":"Excellent","description":"Every member demonstrates equal engagement and individual mastery of the project."},{"min":7,"max":8,"label":"Good","description":"Most members contribute actively. Minor gaps in individual depth."},{"min":4,"max":6,"label":"Developing","description":"Contribution is unbalanced. One or two members appear passive."},{"min":0,"max":3,"label":"Insufficient","description":"Single-person dominance. Remaining members show little involvement."}]', 4) ON CONFLICT DO NOTHING;
INSERT INTO period_outcomes (id, period_id, source_outcome_id, code, label, description, sort_order) VALUES ('5540859d-dc89-4c3e-a121-c35d99f7e700', '952dd05e-8ff2-44a7-a13b-9a22958f57fb', 'af277367-f639-4c4d-a8c5-30a0ecd66e71', '1.2', 'Adequate knowledge in mathematics, science and engineering', 'Demonstrate sufficient knowledge of mathematics, natural sciences, and engineering fundamentals to solve complex engineering problems.', 1) ON CONFLICT DO NOTHING;
INSERT INTO period_outcomes (id, period_id, source_outcome_id, code, label, description, sort_order) VALUES ('9a22f3d7-aba7-4f71-aca0-b958415dd611', '952dd05e-8ff2-44a7-a13b-9a22958f57fb', '2f2d65ff-1630-4400-a9e7-153e458bec4d', '2', 'Ability to formulate and solve complex engineering problems', 'Identify, define, formulate, and solve complex engineering problems by selecting and applying appropriate analysis and modeling methods.', 2) ON CONFLICT DO NOTHING;
INSERT INTO period_outcomes (id, period_id, source_outcome_id, code, label, description, sort_order) VALUES ('641e5d0b-4e04-4e55-a63b-7b51e55a8e52', '952dd05e-8ff2-44a7-a13b-9a22958f57fb', 'b2051f4f-495a-4917-af9c-4e6dcf36b33c', '3.1', 'Ability to design a complex system under realistic constraints', 'Design complex systems, processes, devices, or products under realistic constraints to meet identified needs.', 3) ON CONFLICT DO NOTHING;
INSERT INTO period_outcomes (id, period_id, source_outcome_id, code, label, description, sort_order) VALUES ('8e1bcf3b-c58b-40c4-ab4b-7bb8a3e911c7', '952dd05e-8ff2-44a7-a13b-9a22958f57fb', '7ad8e211-7c0c-4a61-a980-9efc66d6fece', '3.2', 'Ability to apply modern design methods', 'Apply modern design techniques and tools appropriate to engineering practice, including computer-aided engineering.', 4) ON CONFLICT DO NOTHING;
INSERT INTO period_outcomes (id, period_id, source_outcome_id, code, label, description, sort_order) VALUES ('32a396df-6c49-4eec-aa7a-357963635238', '952dd05e-8ff2-44a7-a13b-9a22958f57fb', '7679cc95-f407-424e-a8d0-7f9d6cf70fed', '8.1', 'Ability to function effectively in teams', 'Function effectively as a member or leader in teams, taking individual responsibility within disciplinary and multidisciplinary settings.', 5) ON CONFLICT DO NOTHING;
INSERT INTO period_outcomes (id, period_id, source_outcome_id, code, label, description, sort_order) VALUES ('4a738187-c8bb-4391-a198-c8033f1a6a2d', '952dd05e-8ff2-44a7-a13b-9a22958f57fb', 'f4b7e7da-4550-43eb-a884-0b5d8d9cf1b2', '8.2', 'Ability to work in multi-disciplinary teams', 'Work effectively in multidisciplinary teams, contributing expertise while integrating perspectives from other disciplines.', 6) ON CONFLICT DO NOTHING;
INSERT INTO period_outcomes (id, period_id, source_outcome_id, code, label, description, sort_order) VALUES ('56d1f0e3-35e3-41a0-a014-d3a95fdd3cc7', '952dd05e-8ff2-44a7-a13b-9a22958f57fb', '53b7fb91-c8a8-4fbf-a081-8393b09b260c', '9.1', 'Oral communication effectiveness', 'Communicate effectively through oral presentations, adapting communication style to diverse audiences.', 7) ON CONFLICT DO NOTHING;
INSERT INTO period_outcomes (id, period_id, source_outcome_id, code, label, description, sort_order) VALUES ('43a90683-e96b-4ad5-a020-607e9833903a', '952dd05e-8ff2-44a7-a13b-9a22958f57fb', 'b641718c-6926-409a-a300-d18eabe03877', '9.2', 'Written communication effectiveness', 'Produce clear, well-structured written technical documents including reports, specifications, and design documentation.', 8) ON CONFLICT DO NOTHING;
INSERT INTO period_criterion_outcome_maps (id, period_id, period_criterion_id, period_outcome_id, coverage_type, weight) VALUES ('7c907873-b3a4-41f0-aa54-dadd90829b46', '952dd05e-8ff2-44a7-a13b-9a22958f57fb', 'a436fb51-aa71-4afc-a9bf-2232d151fbaa', '5540859d-dc89-4c3e-a121-c35d99f7e700', 'direct', 0.25) ON CONFLICT DO NOTHING;
INSERT INTO period_criterion_outcome_maps (id, period_id, period_criterion_id, period_outcome_id, coverage_type, weight) VALUES ('7178f650-9507-41de-afdc-cad8e61a771a', '952dd05e-8ff2-44a7-a13b-9a22958f57fb', 'a436fb51-aa71-4afc-a9bf-2232d151fbaa', '9a22f3d7-aba7-4f71-aca0-b958415dd611', 'direct', 0.25) ON CONFLICT DO NOTHING;
INSERT INTO period_criterion_outcome_maps (id, period_id, period_criterion_id, period_outcome_id, coverage_type, weight) VALUES ('4b320aca-cd8d-4c2f-a450-e2fa7a95526d', '952dd05e-8ff2-44a7-a13b-9a22958f57fb', 'a436fb51-aa71-4afc-a9bf-2232d151fbaa', '641e5d0b-4e04-4e55-a63b-7b51e55a8e52', 'direct', 0.25) ON CONFLICT DO NOTHING;
INSERT INTO period_criterion_outcome_maps (id, period_id, period_criterion_id, period_outcome_id, coverage_type, weight) VALUES ('629865dc-388e-458d-aba1-e4bc8d453f5f', '952dd05e-8ff2-44a7-a13b-9a22958f57fb', 'a436fb51-aa71-4afc-a9bf-2232d151fbaa', '8e1bcf3b-c58b-40c4-ab4b-7bb8a3e911c7', 'direct', 0.25) ON CONFLICT DO NOTHING;
INSERT INTO period_criterion_outcome_maps (id, period_id, period_criterion_id, period_outcome_id, coverage_type, weight) VALUES ('4f7d6fa6-e567-4f79-a92b-b7c451cfaeab', '952dd05e-8ff2-44a7-a13b-9a22958f57fb', '8cebf54b-97b4-493c-a837-4707d4828eae', '43a90683-e96b-4ad5-a020-607e9833903a', 'direct', 1) ON CONFLICT DO NOTHING;
INSERT INTO period_criterion_outcome_maps (id, period_id, period_criterion_id, period_outcome_id, coverage_type, weight) VALUES ('1c28b41a-9b13-473a-ae19-03afc1873291', '952dd05e-8ff2-44a7-a13b-9a22958f57fb', 'bb41dca1-a7d3-4fa8-a819-cd1d0c92bdf2', '56d1f0e3-35e3-41a0-a014-d3a95fdd3cc7', 'direct', 1) ON CONFLICT DO NOTHING;
INSERT INTO period_criterion_outcome_maps (id, period_id, period_criterion_id, period_outcome_id, coverage_type, weight) VALUES ('90a69da3-96fe-495a-a97f-b96d7564588a', '952dd05e-8ff2-44a7-a13b-9a22958f57fb', 'ae079c87-3d0a-4aa9-ae5b-8966b4f38a57', '32a396df-6c49-4eec-aa7a-357963635238', 'direct', 0.5) ON CONFLICT DO NOTHING;
INSERT INTO period_criterion_outcome_maps (id, period_id, period_criterion_id, period_outcome_id, coverage_type, weight) VALUES ('031a018c-8799-4092-abd9-50eeb627f4c4', '952dd05e-8ff2-44a7-a13b-9a22958f57fb', 'ae079c87-3d0a-4aa9-ae5b-8966b4f38a57', '4a738187-c8bb-4391-a198-c8033f1a6a2d', 'direct', 0.5) ON CONFLICT DO NOTHING;
INSERT INTO periods (id, organization_id, framework_id, name, season, description, start_date, end_date, is_current, is_locked, is_visible, poster_date, snapshot_frozen_at, activated_at, updated_at) VALUES ('e55e0820-93f2-487f-abaa-4ae64a77e93e', 'e802a6cb-6cfa-4a7c-aba6-2038490fb899', '0147d901-984d-44c1-a08f-94f919659596', 'Spring 2025', 'Spring', 'EE Senior Design Spring Presentations', '2025-02-01', '2025-06-15', false, true, true, '2025-05-10', (timestamp '2025-05-10 09:00:00' - interval '24 hours 0 minutes'), (timestamp '2025-05-10 09:00:00' - interval '24 hours 0 minutes'), (timestamp '2025-05-10 09:00:00' + interval '96 hours 0 minutes')) ON CONFLICT DO NOTHING;
INSERT INTO period_criteria (id, period_id, source_criterion_id, key, label, short_label, description, max_score, weight, color, rubric_bands, sort_order) VALUES ('5c1f4f21-151a-4b22-a335-5ef961d9e99f', 'e55e0820-93f2-487f-abaa-4ae64a77e93e', 'c88501db-537c-448f-a967-fd759b41915b', 'technical', 'Technical Content', 'Technical', 'Evaluates the depth and originality of the engineering solution, including problem formulation, design decisions, and mastery of relevant tools and methods.', 30, 35, '#F59E0B', '[{"min":27,"max":30,"label":"Excellent","description":"Strong problem definition with well-justified design choices. Demonstrates deep domain knowledge."},{"min":21,"max":26,"label":"Good","description":"Problem is clearly stated. Design decisions are reasonable with minor justification gaps."},{"min":13,"max":20,"label":"Developing","description":"Problem statement exists but technical depth is shallow."},{"min":0,"max":12,"label":"Insufficient","description":"Vague problem definition. Design decisions are not supported."}]', 1) ON CONFLICT DO NOTHING;
INSERT INTO period_criteria (id, period_id, source_criterion_id, key, label, short_label, description, max_score, weight, color, rubric_bands, sort_order) VALUES ('15dca296-abd2-4fd9-adb3-ff2d66b91858', 'e55e0820-93f2-487f-abaa-4ae64a77e93e', '91d2ee22-2b0f-48eb-ac87-5e1fed001650', 'design', 'Written Report Quality', 'Report', 'Assesses poster layout, visual quality, labelling, and the accessibility of technical content for both technical and non-technical readers.', 30, 25, '#22C55E', '[{"min":27,"max":30,"label":"Excellent","description":"Report is well-structured with clear sections, proper references, and professional formatting."},{"min":21,"max":26,"label":"Good","description":"Report covers required sections adequately. Formatting is mostly consistent."},{"min":13,"max":20,"label":"Developing","description":"Report structure is present but sections lack depth or proper citations."},{"min":0,"max":12,"label":"Insufficient","description":"Report is incomplete, poorly formatted, or missing critical sections."}]', 2) ON CONFLICT DO NOTHING;
INSERT INTO period_criteria (id, period_id, source_criterion_id, key, label, short_label, description, max_score, weight, color, rubric_bands, sort_order) VALUES ('01b94576-b441-4c66-ac35-be4aa17effa3', 'e55e0820-93f2-487f-abaa-4ae64a77e93e', '3a305bed-e865-444f-a3a3-c92302bd93cf', 'delivery', 'Oral Presentation', 'Oral', 'Assesses oral clarity, pacing, audience adaptation, and the quality of Q&A responses during the presentation.', 30, 25, '#3B82F6', '[{"min":27,"max":30,"label":"Excellent","description":"Clear, confident delivery with good pacing. Questions answered accurately and concisely."},{"min":21,"max":26,"label":"Good","description":"Presentation is understandable with adequate pacing. Most questions handled well."},{"min":13,"max":20,"label":"Developing","description":"Delivery is hesitant or rushed. Audience engagement is limited."},{"min":0,"max":12,"label":"Insufficient","description":"Disorganized presentation. Questions frequently answered incorrectly."}]', 3) ON CONFLICT DO NOTHING;
INSERT INTO period_criteria (id, period_id, source_criterion_id, key, label, short_label, description, max_score, weight, color, rubric_bands, sort_order) VALUES ('7a7a05a9-ac9c-402d-aa04-6a07b69dccde', 'e55e0820-93f2-487f-abaa-4ae64a77e93e', 'fda374b5-0bbf-41e3-ad46-29fe1491189b', 'teamwork', 'Teamwork', 'Teamwork', 'Evaluates equitable participation, individual knowledge depth, and professional conduct across all team members.', 10, 15, '#EF4444', '[{"min":9,"max":10,"label":"Excellent","description":"All members participate actively and equally. Professional and ethical conduct observed throughout."},{"min":7,"max":8,"label":"Good","description":"Most members contribute. Minor knowledge gaps. Professionalism mostly observed."},{"min":4,"max":6,"label":"Developing","description":"Uneven participation. Some members are passive or unprepared."},{"min":0,"max":3,"label":"Insufficient","description":"Very low participation or dominated by one person. Lack of professionalism observed."}]', 4) ON CONFLICT DO NOTHING;
INSERT INTO period_outcomes (id, period_id, source_outcome_id, code, label, description, sort_order) VALUES ('1ddcbde6-b6f1-4d4f-a199-b004b69c6aab', 'e55e0820-93f2-487f-abaa-4ae64a77e93e', 'af277367-f639-4c4d-a8c5-30a0ecd66e71', '1.2', 'Adequate knowledge in mathematics, science and engineering', 'Demonstrate sufficient knowledge of mathematics, natural sciences, and engineering fundamentals to solve complex engineering problems.', 1) ON CONFLICT DO NOTHING;
INSERT INTO period_outcomes (id, period_id, source_outcome_id, code, label, description, sort_order) VALUES ('ab5fd3b2-5ea8-4412-afb4-18055a1b4086', 'e55e0820-93f2-487f-abaa-4ae64a77e93e', '2f2d65ff-1630-4400-a9e7-153e458bec4d', '2', 'Ability to formulate and solve complex engineering problems', 'Identify, define, formulate, and solve complex engineering problems by selecting and applying appropriate analysis and modeling methods.', 2) ON CONFLICT DO NOTHING;
INSERT INTO period_outcomes (id, period_id, source_outcome_id, code, label, description, sort_order) VALUES ('426a0f43-f7ee-4974-a843-0d86b502cdd3', 'e55e0820-93f2-487f-abaa-4ae64a77e93e', 'b2051f4f-495a-4917-af9c-4e6dcf36b33c', '3.1', 'Ability to design a complex system under realistic constraints', 'Design complex systems, processes, devices, or products under realistic constraints to meet identified needs.', 3) ON CONFLICT DO NOTHING;
INSERT INTO period_outcomes (id, period_id, source_outcome_id, code, label, description, sort_order) VALUES ('d57df3b9-c418-46b1-a8ec-4e97c6d9c65d', 'e55e0820-93f2-487f-abaa-4ae64a77e93e', '7ad8e211-7c0c-4a61-a980-9efc66d6fece', '3.2', 'Ability to apply modern design methods', 'Apply modern design techniques and tools appropriate to engineering practice, including computer-aided engineering.', 4) ON CONFLICT DO NOTHING;
INSERT INTO period_outcomes (id, period_id, source_outcome_id, code, label, description, sort_order) VALUES ('7990110c-531a-4a1c-a698-1beb5db0c2e6', 'e55e0820-93f2-487f-abaa-4ae64a77e93e', '7679cc95-f407-424e-a8d0-7f9d6cf70fed', '8.1', 'Ability to function effectively in teams', 'Function effectively as a member or leader in teams, taking individual responsibility within disciplinary and multidisciplinary settings.', 5) ON CONFLICT DO NOTHING;
INSERT INTO period_outcomes (id, period_id, source_outcome_id, code, label, description, sort_order) VALUES ('effabf50-5ebc-48e3-a15e-55d277014a0d', 'e55e0820-93f2-487f-abaa-4ae64a77e93e', 'f4b7e7da-4550-43eb-a884-0b5d8d9cf1b2', '8.2', 'Ability to work in multi-disciplinary teams', 'Work effectively in multidisciplinary teams, contributing expertise while integrating perspectives from other disciplines.', 6) ON CONFLICT DO NOTHING;
INSERT INTO period_outcomes (id, period_id, source_outcome_id, code, label, description, sort_order) VALUES ('92d66d58-c371-4781-a111-5fefeda53407', 'e55e0820-93f2-487f-abaa-4ae64a77e93e', '53b7fb91-c8a8-4fbf-a081-8393b09b260c', '9.1', 'Oral communication effectiveness', 'Communicate effectively through oral presentations, adapting communication style to diverse audiences.', 7) ON CONFLICT DO NOTHING;
INSERT INTO period_outcomes (id, period_id, source_outcome_id, code, label, description, sort_order) VALUES ('8d871812-05de-4a0a-a7b3-e7e66c7edf72', 'e55e0820-93f2-487f-abaa-4ae64a77e93e', 'b641718c-6926-409a-a300-d18eabe03877', '9.2', 'Written communication effectiveness', 'Produce clear, well-structured written technical documents including reports, specifications, and design documentation.', 8) ON CONFLICT DO NOTHING;
INSERT INTO period_criterion_outcome_maps (id, period_id, period_criterion_id, period_outcome_id, coverage_type, weight) VALUES ('664160d0-a0c6-4eec-ada7-b24b523ca87e', 'e55e0820-93f2-487f-abaa-4ae64a77e93e', '5c1f4f21-151a-4b22-a335-5ef961d9e99f', '1ddcbde6-b6f1-4d4f-a199-b004b69c6aab', 'direct', 0.25) ON CONFLICT DO NOTHING;
INSERT INTO period_criterion_outcome_maps (id, period_id, period_criterion_id, period_outcome_id, coverage_type, weight) VALUES ('1cb53e11-3e3a-4651-af8d-e4d3ad917911', 'e55e0820-93f2-487f-abaa-4ae64a77e93e', '5c1f4f21-151a-4b22-a335-5ef961d9e99f', 'ab5fd3b2-5ea8-4412-afb4-18055a1b4086', 'indirect', 0.25) ON CONFLICT DO NOTHING;
INSERT INTO period_criterion_outcome_maps (id, period_id, period_criterion_id, period_outcome_id, coverage_type, weight) VALUES ('5e35094d-0220-487f-a975-451902a62dca', 'e55e0820-93f2-487f-abaa-4ae64a77e93e', '5c1f4f21-151a-4b22-a335-5ef961d9e99f', '426a0f43-f7ee-4974-a843-0d86b502cdd3', 'indirect', 0.25) ON CONFLICT DO NOTHING;
INSERT INTO period_criterion_outcome_maps (id, period_id, period_criterion_id, period_outcome_id, coverage_type, weight) VALUES ('0c5c5bc1-ebc3-4809-a874-7b8a720a69fb', 'e55e0820-93f2-487f-abaa-4ae64a77e93e', '5c1f4f21-151a-4b22-a335-5ef961d9e99f', 'd57df3b9-c418-46b1-a8ec-4e97c6d9c65d', 'indirect', 0.25) ON CONFLICT DO NOTHING;
INSERT INTO period_criterion_outcome_maps (id, period_id, period_criterion_id, period_outcome_id, coverage_type, weight) VALUES ('27e08884-365a-46a0-a4ee-f618cdc16298', 'e55e0820-93f2-487f-abaa-4ae64a77e93e', '15dca296-abd2-4fd9-adb3-ff2d66b91858', '8d871812-05de-4a0a-a7b3-e7e66c7edf72', 'direct', 1) ON CONFLICT DO NOTHING;
INSERT INTO period_criterion_outcome_maps (id, period_id, period_criterion_id, period_outcome_id, coverage_type, weight) VALUES ('1ac12e62-b66c-4326-ae04-521651f260e7', 'e55e0820-93f2-487f-abaa-4ae64a77e93e', '01b94576-b441-4c66-ac35-be4aa17effa3', '92d66d58-c371-4781-a111-5fefeda53407', 'indirect', 1) ON CONFLICT DO NOTHING;
INSERT INTO period_criterion_outcome_maps (id, period_id, period_criterion_id, period_outcome_id, coverage_type, weight) VALUES ('832bdf70-84e8-4c8a-aeb2-217fb18a8aef', 'e55e0820-93f2-487f-abaa-4ae64a77e93e', '7a7a05a9-ac9c-402d-aa04-6a07b69dccde', '7990110c-531a-4a1c-a698-1beb5db0c2e6', 'indirect', 0.5) ON CONFLICT DO NOTHING;
INSERT INTO period_criterion_outcome_maps (id, period_id, period_criterion_id, period_outcome_id, coverage_type, weight) VALUES ('9d784bcc-8743-40dc-a59e-868e99f45743', 'e55e0820-93f2-487f-abaa-4ae64a77e93e', '7a7a05a9-ac9c-402d-aa04-6a07b69dccde', 'effabf50-5ebc-48e3-a15e-55d277014a0d', 'direct', 0.5) ON CONFLICT DO NOTHING;
INSERT INTO periods (id, organization_id, framework_id, name, season, description, start_date, end_date, is_current, is_locked, is_visible, poster_date, snapshot_frozen_at, activated_at, updated_at) VALUES ('10078594-2707-4c3f-a212-42add04fbd84', 'e802a6cb-6cfa-4a7c-aba6-2038490fb899', '0147d901-984d-44c1-a08f-94f919659596', 'Fall 2024', 'Fall', 'EE Senior Design Fall Poster Day', '2024-09-01', '2025-01-15', false, true, true, '2024-12-07', (timestamp '2024-12-07 09:00:00' - interval '24 hours 0 minutes'), (timestamp '2024-12-07 09:00:00' - interval '24 hours 0 minutes'), (timestamp '2024-12-07 09:00:00' + interval '96 hours 0 minutes')) ON CONFLICT DO NOTHING;
INSERT INTO period_criteria (id, period_id, source_criterion_id, key, label, short_label, description, max_score, weight, color, rubric_bands, sort_order) VALUES ('0feebb9e-7f45-4128-a54b-5d8d078d7694', '10078594-2707-4c3f-a212-42add04fbd84', 'c88501db-537c-448f-a967-fd759b41915b', 'technical', 'Technical Content', 'Technical', 'Evaluates the depth and originality of the engineering solution, including problem formulation, design decisions, and mastery of relevant tools and methods.', 30, 35, '#F59E0B', '[{"min":22,"max":30,"label":"Proficient","description":"Sound engineering approach with adequate technical justification."},{"min":14,"max":21,"label":"Developing","description":"Technical content is present but reasoning is not well-supported."},{"min":0,"max":13,"label":"Below Standard","description":"Lacks meaningful technical contribution."}]', 1) ON CONFLICT DO NOTHING;
INSERT INTO period_criteria (id, period_id, source_criterion_id, key, label, short_label, description, max_score, weight, color, rubric_bands, sort_order) VALUES ('499fa39c-6170-4adb-a41b-18f3f16b2aff', '10078594-2707-4c3f-a212-42add04fbd84', '91d2ee22-2b0f-48eb-ac87-5e1fed001650', 'design', 'Written Report', 'Report', 'Assesses poster layout, visual quality, labelling, and the accessibility of technical content for both technical and non-technical readers.', 30, 25, '#22C55E', '[{"min":22,"max":30,"label":"Proficient","description":"Written report is organized and covers key design decisions."},{"min":14,"max":21,"label":"Developing","description":"Report exists but structure or content is incomplete."},{"min":0,"max":13,"label":"Below Standard","description":"Report is largely missing or disorganized."}]', 2) ON CONFLICT DO NOTHING;
INSERT INTO period_criteria (id, period_id, source_criterion_id, key, label, short_label, description, max_score, weight, color, rubric_bands, sort_order) VALUES ('649147ea-84e0-46dc-ad4d-18d33ed8d7ff', '10078594-2707-4c3f-a212-42add04fbd84', '3a305bed-e865-444f-a3a3-c92302bd93cf', 'delivery', 'Presentation', 'Pres.', 'Assesses oral clarity, pacing, audience adaptation, and the quality of Q&A responses during the presentation.', 30, 25, '#3B82F6', '[{"min":22,"max":30,"label":"Proficient","description":"Presentation is clear and questions are answered appropriately."},{"min":14,"max":21,"label":"Developing","description":"Presentation is understandable but lacks confidence or structure."},{"min":0,"max":13,"label":"Below Standard","description":"Unable to communicate project goals or results."}]', 3) ON CONFLICT DO NOTHING;
INSERT INTO period_criteria (id, period_id, source_criterion_id, key, label, short_label, description, max_score, weight, color, rubric_bands, sort_order) VALUES ('2c2eb619-5709-41d6-a377-8d3b963a6ea3', '10078594-2707-4c3f-a212-42add04fbd84', 'fda374b5-0bbf-41e3-ad46-29fe1491189b', 'teamwork', 'Team Participation', 'Team', 'Evaluates equitable participation, individual knowledge depth, and professional conduct across all team members.', 10, 15, '#EF4444', '[{"min":8,"max":10,"label":"Proficient","description":"All members participate and can speak to the project details."},{"min":5,"max":7,"label":"Developing","description":"Participation is uneven among team members."},{"min":0,"max":4,"label":"Below Standard","description":"Only one member carries the project."}]', 4) ON CONFLICT DO NOTHING;
INSERT INTO period_outcomes (id, period_id, source_outcome_id, code, label, description, sort_order) VALUES ('d1bc9bb5-a616-47cb-a58f-760be6b7b794', '10078594-2707-4c3f-a212-42add04fbd84', 'af277367-f639-4c4d-a8c5-30a0ecd66e71', '1.2', 'Adequate knowledge in mathematics, science and engineering', 'Demonstrate sufficient knowledge of mathematics, natural sciences, and engineering fundamentals to solve complex engineering problems.', 1) ON CONFLICT DO NOTHING;
INSERT INTO period_outcomes (id, period_id, source_outcome_id, code, label, description, sort_order) VALUES ('3ac1197e-3525-477b-a063-836d20318368', '10078594-2707-4c3f-a212-42add04fbd84', '2f2d65ff-1630-4400-a9e7-153e458bec4d', '2', 'Ability to formulate and solve complex engineering problems', 'Identify, define, formulate, and solve complex engineering problems by selecting and applying appropriate analysis and modeling methods.', 2) ON CONFLICT DO NOTHING;
INSERT INTO period_outcomes (id, period_id, source_outcome_id, code, label, description, sort_order) VALUES ('4d11b549-ca87-44a6-a899-b623d823ef99', '10078594-2707-4c3f-a212-42add04fbd84', 'b2051f4f-495a-4917-af9c-4e6dcf36b33c', '3.1', 'Ability to design a complex system under realistic constraints', 'Design complex systems, processes, devices, or products under realistic constraints to meet identified needs.', 3) ON CONFLICT DO NOTHING;
INSERT INTO period_outcomes (id, period_id, source_outcome_id, code, label, description, sort_order) VALUES ('99b23988-8712-433a-a8f0-86b2fd8700e3', '10078594-2707-4c3f-a212-42add04fbd84', '7ad8e211-7c0c-4a61-a980-9efc66d6fece', '3.2', 'Ability to apply modern design methods', 'Apply modern design techniques and tools appropriate to engineering practice, including computer-aided engineering.', 4) ON CONFLICT DO NOTHING;
INSERT INTO period_outcomes (id, period_id, source_outcome_id, code, label, description, sort_order) VALUES ('cfffe57a-fea6-49da-ab48-d820fd7af0b1', '10078594-2707-4c3f-a212-42add04fbd84', '7679cc95-f407-424e-a8d0-7f9d6cf70fed', '8.1', 'Ability to function effectively in teams', 'Function effectively as a member or leader in teams, taking individual responsibility within disciplinary and multidisciplinary settings.', 5) ON CONFLICT DO NOTHING;
INSERT INTO period_outcomes (id, period_id, source_outcome_id, code, label, description, sort_order) VALUES ('11357316-3fe8-4dd3-a3eb-99d6fb48b92b', '10078594-2707-4c3f-a212-42add04fbd84', 'f4b7e7da-4550-43eb-a884-0b5d8d9cf1b2', '8.2', 'Ability to work in multi-disciplinary teams', 'Work effectively in multidisciplinary teams, contributing expertise while integrating perspectives from other disciplines.', 6) ON CONFLICT DO NOTHING;
INSERT INTO period_outcomes (id, period_id, source_outcome_id, code, label, description, sort_order) VALUES ('efe86548-2e2b-462d-ad1e-ed3b42bbfd33', '10078594-2707-4c3f-a212-42add04fbd84', '53b7fb91-c8a8-4fbf-a081-8393b09b260c', '9.1', 'Oral communication effectiveness', 'Communicate effectively through oral presentations, adapting communication style to diverse audiences.', 7) ON CONFLICT DO NOTHING;
INSERT INTO period_outcomes (id, period_id, source_outcome_id, code, label, description, sort_order) VALUES ('419bee53-ae22-42b9-ac48-4e1977e1e719', '10078594-2707-4c3f-a212-42add04fbd84', 'b641718c-6926-409a-a300-d18eabe03877', '9.2', 'Written communication effectiveness', 'Produce clear, well-structured written technical documents including reports, specifications, and design documentation.', 8) ON CONFLICT DO NOTHING;
INSERT INTO period_criterion_outcome_maps (id, period_id, period_criterion_id, period_outcome_id, coverage_type, weight) VALUES ('f7d80064-f055-4a23-a92f-a1210cf4e16f', '10078594-2707-4c3f-a212-42add04fbd84', '0feebb9e-7f45-4128-a54b-5d8d078d7694', 'd1bc9bb5-a616-47cb-a58f-760be6b7b794', 'indirect', 0.25) ON CONFLICT DO NOTHING;
INSERT INTO period_criterion_outcome_maps (id, period_id, period_criterion_id, period_outcome_id, coverage_type, weight) VALUES ('81801014-9627-4531-ad7a-292321085ba5', '10078594-2707-4c3f-a212-42add04fbd84', '0feebb9e-7f45-4128-a54b-5d8d078d7694', '3ac1197e-3525-477b-a063-836d20318368', 'indirect', 0.25) ON CONFLICT DO NOTHING;
INSERT INTO period_criterion_outcome_maps (id, period_id, period_criterion_id, period_outcome_id, coverage_type, weight) VALUES ('4ee97444-cde7-41d7-a592-13bae5407d7b', '10078594-2707-4c3f-a212-42add04fbd84', '0feebb9e-7f45-4128-a54b-5d8d078d7694', '4d11b549-ca87-44a6-a899-b623d823ef99', 'direct', 0.25) ON CONFLICT DO NOTHING;
INSERT INTO period_criterion_outcome_maps (id, period_id, period_criterion_id, period_outcome_id, coverage_type, weight) VALUES ('82a90009-0743-4a8b-a027-a2bcde51db43', '10078594-2707-4c3f-a212-42add04fbd84', '0feebb9e-7f45-4128-a54b-5d8d078d7694', '99b23988-8712-433a-a8f0-86b2fd8700e3', 'indirect', 0.25) ON CONFLICT DO NOTHING;
INSERT INTO period_criterion_outcome_maps (id, period_id, period_criterion_id, period_outcome_id, coverage_type, weight) VALUES ('e16ef964-da3a-470c-a8fa-4d7dcdab4880', '10078594-2707-4c3f-a212-42add04fbd84', '499fa39c-6170-4adb-a41b-18f3f16b2aff', '419bee53-ae22-42b9-ac48-4e1977e1e719', 'indirect', 1) ON CONFLICT DO NOTHING;
INSERT INTO period_criterion_outcome_maps (id, period_id, period_criterion_id, period_outcome_id, coverage_type, weight) VALUES ('57584e42-d486-4431-af9a-66803b87ff29', '10078594-2707-4c3f-a212-42add04fbd84', '649147ea-84e0-46dc-ad4d-18d33ed8d7ff', 'efe86548-2e2b-462d-ad1e-ed3b42bbfd33', 'direct', 1) ON CONFLICT DO NOTHING;
INSERT INTO period_criterion_outcome_maps (id, period_id, period_criterion_id, period_outcome_id, coverage_type, weight) VALUES ('8be3876a-563a-45f5-a312-a1a844087a52', '10078594-2707-4c3f-a212-42add04fbd84', '2c2eb619-5709-41d6-a377-8d3b963a6ea3', 'cfffe57a-fea6-49da-ab48-d820fd7af0b1', 'direct', 0.5) ON CONFLICT DO NOTHING;
INSERT INTO period_criterion_outcome_maps (id, period_id, period_criterion_id, period_outcome_id, coverage_type, weight) VALUES ('f018bace-34f7-4791-affd-bb82966ed85a', '10078594-2707-4c3f-a212-42add04fbd84', '2c2eb619-5709-41d6-a377-8d3b963a6ea3', '11357316-3fe8-4dd3-a3eb-99d6fb48b92b', 'indirect', 0.5) ON CONFLICT DO NOTHING;
INSERT INTO periods (id, organization_id, framework_id, name, season, description, start_date, end_date, is_current, is_locked, is_visible, poster_date, snapshot_frozen_at, activated_at, updated_at) VALUES ('e14683dc-6ac1-4c73-a2cb-da24e9e4f45f', 'b94595d6-710c-4302-ad1b-11f4d216e028', 'efe329b2-0a62-4279-a7d1-627abe557321', 'Spring 2026', 'Spring', 'CS Capstone Demo Day', '2026-02-01', '2026-06-15', true, false, true, '2026-05-15', (timestamp '2026-05-15 09:00:00' - interval '24 hours 0 minutes'), (timestamp '2026-05-15 09:00:00' - interval '24 hours 0 minutes'), (timestamp '2026-05-15 09:00:00' - interval '20 hours 0 minutes')) ON CONFLICT DO NOTHING;
INSERT INTO period_criteria (id, period_id, source_criterion_id, key, label, short_label, description, max_score, weight, color, rubric_bands, sort_order) VALUES ('684fe08e-8aeb-4069-a864-a800f0e007aa', 'e14683dc-6ac1-4c73-a2cb-da24e9e4f45f', '93a2a9b8-de26-4fbb-a805-d7134bc8a55f', 'problem_solving', 'Problem Solving & Analysis', 'Problem', 'Evaluates precision of problem formulation, scope definition, constraint identification, and correctness of the analytical approach.', 25, 25, '#EF4444', '[{"min":22,"max":25,"label":"Excellent","description":"Problem is precisely formulated with clear scope, constraints, and success metrics."},{"min":17,"max":21,"label":"Good","description":"Problem is well-defined. Minor gaps in constraint handling."},{"min":12,"max":16,"label":"Developing","description":"Problem statement exists but lacks precision."},{"min":0,"max":11,"label":"Insufficient","description":"Problem is vaguely defined with significant logical gaps."}]', 1) ON CONFLICT DO NOTHING;
INSERT INTO period_criteria (id, period_id, source_criterion_id, key, label, short_label, description, max_score, weight, color, rubric_bands, sort_order) VALUES ('6ddc3532-8a5c-41f0-a01c-80467a94d895', 'e14683dc-6ac1-4c73-a2cb-da24e9e4f45f', '7283938c-881e-46e5-a432-793287f19248', 'system_design', 'System Design & Architecture', 'Design', 'Assesses architectural soundness, modularity, scalability, and justification of design decisions and component boundaries.', 25, 25, '#3B82F6', '[{"min":22,"max":25,"label":"Excellent","description":"Architecture is modular, scalable, and well-justified."},{"min":17,"max":21,"label":"Good","description":"Architecture is sound with clear component boundaries."},{"min":12,"max":16,"label":"Developing","description":"Basic architecture present but modularity concerns not addressed."},{"min":0,"max":11,"label":"Insufficient","description":"No clear architecture."}]', 2) ON CONFLICT DO NOTHING;
INSERT INTO period_criteria (id, period_id, source_criterion_id, key, label, short_label, description, max_score, weight, color, rubric_bands, sort_order) VALUES ('df2ffbe9-f3d9-4636-aa1a-2208d49f12d6', 'e14683dc-6ac1-4c73-a2cb-da24e9e4f45f', 'c2a960c2-ec12-409c-a49b-14ac9f66a451', 'implementation_quality', 'Implementation Quality', 'Impl', 'Evaluates code quality, test coverage, documentation, and adherence to professional software engineering practices.', 20, 20, '#F59E0B', '[{"min":18,"max":20,"label":"Excellent","description":"Code is clean, well-tested, and follows best practices."},{"min":14,"max":17,"label":"Good","description":"Code is readable with adequate test coverage."},{"min":10,"max":13,"label":"Developing","description":"Code works but lacks tests or consistent style."},{"min":0,"max":9,"label":"Insufficient","description":"Code is disorganized, untested, or non-functional."}]', 3) ON CONFLICT DO NOTHING;
INSERT INTO period_criteria (id, period_id, source_criterion_id, key, label, short_label, description, max_score, weight, color, rubric_bands, sort_order) VALUES ('fb8af623-bf3b-4522-a586-ff6e8bfec072', 'e14683dc-6ac1-4c73-a2cb-da24e9e4f45f', 'cba29dca-3ee3-4e5a-a78a-44034a059a9a', 'communication', 'Communication & Documentation', 'Comm', 'Assesses completeness and clarity of written technical documentation including API references, design docs, and reports.', 20, 20, '#EC4899', '[{"min":18,"max":20,"label":"Excellent","description":"Documentation is thorough and developer-friendly."},{"min":14,"max":17,"label":"Good","description":"Documentation covers key areas."},{"min":10,"max":13,"label":"Developing","description":"Documentation exists but is incomplete."},{"min":0,"max":9,"label":"Insufficient","description":"Little to no documentation."}]', 4) ON CONFLICT DO NOTHING;
INSERT INTO period_criteria (id, period_id, source_criterion_id, key, label, short_label, description, max_score, weight, color, rubric_bands, sort_order) VALUES ('d503371e-a85d-4eea-ad83-a91291cf4297', 'e14683dc-6ac1-4c73-a2cb-da24e9e4f45f', 'a0ce2f65-e11f-427c-ab49-6806b15b6ffe', 'teamwork', 'Teamwork & Collaboration', 'Team', 'Evaluates balanced contribution, collaborative workflow, and effective use of team coordination tools and practices.', 10, 10, '#10B981', '[{"min":9,"max":10,"label":"Excellent","description":"All members contribute meaningfully."},{"min":7,"max":8,"label":"Good","description":"Most members contribute."},{"min":4,"max":6,"label":"Developing","description":"Uneven contributions."},{"min":0,"max":3,"label":"Insufficient","description":"One or two members did most of the work."}]', 5) ON CONFLICT DO NOTHING;
INSERT INTO period_outcomes (id, period_id, source_outcome_id, code, label, description, sort_order) VALUES ('a5bea604-8463-4929-a46c-5bb1568d684c', 'e14683dc-6ac1-4c73-a2cb-da24e9e4f45f', '0c61d3b2-4098-4181-a0a9-af00ccddd55f', 'SO-1', 'Complex Problem Solving', 'Analyze complex computing problems and apply principles of computing and mathematics.', 1) ON CONFLICT DO NOTHING;
INSERT INTO period_outcomes (id, period_id, source_outcome_id, code, label, description, sort_order) VALUES ('f98bcdd3-1be4-47da-a10c-28fa45161475', 'e14683dc-6ac1-4c73-a2cb-da24e9e4f45f', '4ed4e517-5b27-4f61-a16b-6d7b86d2d592', 'SO-2', 'Engineering Design', 'Design, implement, and evaluate computer-based solutions meeting specified requirements.', 2) ON CONFLICT DO NOTHING;
INSERT INTO period_outcomes (id, period_id, source_outcome_id, code, label, description, sort_order) VALUES ('c31f07bb-2e21-4d89-a542-cfc86ca434f1', 'e14683dc-6ac1-4c73-a2cb-da24e9e4f45f', 'cc92ffdb-deee-4b4a-ad3f-ab54b9a16df3', 'SO-3', 'Effective Communication', 'Communicate effectively in professional contexts.', 3) ON CONFLICT DO NOTHING;
INSERT INTO period_outcomes (id, period_id, source_outcome_id, code, label, description, sort_order) VALUES ('ee585ca5-4680-4e2f-ab04-4fb5f2dde220', 'e14683dc-6ac1-4c73-a2cb-da24e9e4f45f', 'f4f08ca1-e5f1-4cc9-aa5f-a308966a9375', 'SO-4', 'Ethics and Professional Responsibility', 'Recognize professional responsibilities and make informed judgments.', 4) ON CONFLICT DO NOTHING;
INSERT INTO period_outcomes (id, period_id, source_outcome_id, code, label, description, sort_order) VALUES ('80a7db51-917f-4e0c-a071-af18588c6805', 'e14683dc-6ac1-4c73-a2cb-da24e9e4f45f', 'f9c945a1-24f5-4ab1-abad-9a35a116c09c', 'SO-5', 'Teamwork', 'Function effectively as a member or leader on teams.', 5) ON CONFLICT DO NOTHING;
INSERT INTO period_outcomes (id, period_id, source_outcome_id, code, label, description, sort_order) VALUES ('0043ad29-4368-4796-aaf9-1a2251ab364e', 'e14683dc-6ac1-4c73-a2cb-da24e9e4f45f', 'e55ec114-ecd9-4bbc-acb2-56ddbb255ee3', 'SO-6', 'Experimentation and Analysis', 'Apply software development fundamentals through experimentation and analysis.', 6) ON CONFLICT DO NOTHING;
INSERT INTO period_outcomes (id, period_id, source_outcome_id, code, label, description, sort_order) VALUES ('e22d4bf3-d469-4d5c-a28b-1e5086638c17', 'e14683dc-6ac1-4c73-a2cb-da24e9e4f45f', '293b2e58-626c-4a8a-afab-c4827d6888ae', 'SO-7', 'Lifelong Learning', 'Recognize the need for continuing professional development.', 7) ON CONFLICT DO NOTHING;
INSERT INTO period_criterion_outcome_maps (id, period_id, period_criterion_id, period_outcome_id, coverage_type, weight) VALUES ('a4a3055a-f1df-40ba-a295-537bdfd2efc3', 'e14683dc-6ac1-4c73-a2cb-da24e9e4f45f', '684fe08e-8aeb-4069-a864-a800f0e007aa', 'a5bea604-8463-4929-a46c-5bb1568d684c', 'direct', 0.6) ON CONFLICT DO NOTHING;
INSERT INTO period_criterion_outcome_maps (id, period_id, period_criterion_id, period_outcome_id, coverage_type, weight) VALUES ('6393b281-4353-4bb0-a130-0e595bcfd2ca', 'e14683dc-6ac1-4c73-a2cb-da24e9e4f45f', '684fe08e-8aeb-4069-a864-a800f0e007aa', '0043ad29-4368-4796-aaf9-1a2251ab364e', 'direct', 0.4) ON CONFLICT DO NOTHING;
INSERT INTO period_criterion_outcome_maps (id, period_id, period_criterion_id, period_outcome_id, coverage_type, weight) VALUES ('5fd7b930-6a75-4976-a5d6-c7b1f3ec0436', 'e14683dc-6ac1-4c73-a2cb-da24e9e4f45f', '6ddc3532-8a5c-41f0-a01c-80467a94d895', 'f98bcdd3-1be4-47da-a10c-28fa45161475', 'direct', 0.7) ON CONFLICT DO NOTHING;
INSERT INTO period_criterion_outcome_maps (id, period_id, period_criterion_id, period_outcome_id, coverage_type, weight) VALUES ('c3f8ba2d-a90c-4af2-a784-a6a6cf01fd47', 'e14683dc-6ac1-4c73-a2cb-da24e9e4f45f', '6ddc3532-8a5c-41f0-a01c-80467a94d895', 'a5bea604-8463-4929-a46c-5bb1568d684c', 'direct', 0.3) ON CONFLICT DO NOTHING;
INSERT INTO period_criterion_outcome_maps (id, period_id, period_criterion_id, period_outcome_id, coverage_type, weight) VALUES ('356571d0-4713-42f0-a669-e5cb9cf759b4', 'e14683dc-6ac1-4c73-a2cb-da24e9e4f45f', 'df2ffbe9-f3d9-4636-aa1a-2208d49f12d6', '0043ad29-4368-4796-aaf9-1a2251ab364e', 'direct', 0.5) ON CONFLICT DO NOTHING;
INSERT INTO period_criterion_outcome_maps (id, period_id, period_criterion_id, period_outcome_id, coverage_type, weight) VALUES ('b2196754-796c-47fe-a275-4ccf18e9c773', 'e14683dc-6ac1-4c73-a2cb-da24e9e4f45f', 'df2ffbe9-f3d9-4636-aa1a-2208d49f12d6', 'f98bcdd3-1be4-47da-a10c-28fa45161475', 'direct', 0.3) ON CONFLICT DO NOTHING;
INSERT INTO period_criterion_outcome_maps (id, period_id, period_criterion_id, period_outcome_id, coverage_type, weight) VALUES ('fe65fc37-eb2f-4428-a93a-25f9ba398d26', 'e14683dc-6ac1-4c73-a2cb-da24e9e4f45f', 'df2ffbe9-f3d9-4636-aa1a-2208d49f12d6', 'e22d4bf3-d469-4d5c-a28b-1e5086638c17', 'direct', 0.2) ON CONFLICT DO NOTHING;
INSERT INTO period_criterion_outcome_maps (id, period_id, period_criterion_id, period_outcome_id, coverage_type, weight) VALUES ('e96d1ae7-30c5-4957-ae08-85a641ddfde4', 'e14683dc-6ac1-4c73-a2cb-da24e9e4f45f', 'fb8af623-bf3b-4522-a586-ff6e8bfec072', 'c31f07bb-2e21-4d89-a542-cfc86ca434f1', 'direct', 0.7) ON CONFLICT DO NOTHING;
INSERT INTO period_criterion_outcome_maps (id, period_id, period_criterion_id, period_outcome_id, coverage_type, weight) VALUES ('611d58f9-7752-4144-a0db-1a63a7766d98', 'e14683dc-6ac1-4c73-a2cb-da24e9e4f45f', 'fb8af623-bf3b-4522-a586-ff6e8bfec072', 'ee585ca5-4680-4e2f-ab04-4fb5f2dde220', 'direct', 0.3) ON CONFLICT DO NOTHING;
INSERT INTO period_criterion_outcome_maps (id, period_id, period_criterion_id, period_outcome_id, coverage_type, weight) VALUES ('fd06fc64-d5b7-44fb-a65f-5184089f5929', 'e14683dc-6ac1-4c73-a2cb-da24e9e4f45f', 'd503371e-a85d-4eea-ad83-a91291cf4297', '80a7db51-917f-4e0c-a071-af18588c6805', 'direct', 1) ON CONFLICT DO NOTHING;
INSERT INTO periods (id, organization_id, framework_id, name, season, description, start_date, end_date, is_current, is_locked, is_visible, poster_date, snapshot_frozen_at, activated_at, updated_at) VALUES ('b90e1112-88c7-44fa-a275-25bc0ad2d96d', 'b94595d6-710c-4302-ad1b-11f4d216e028', 'efe329b2-0a62-4279-a7d1-627abe557321', 'Fall 2025', 'Fall', 'CS Fall Capstone Presentations', '2025-09-01', '2025-12-20', false, true, true, '2025-12-11', (timestamp '2025-12-11 09:00:00' - interval '24 hours 0 minutes'), (timestamp '2025-12-11 09:00:00' - interval '24 hours 0 minutes'), (timestamp '2025-12-11 09:00:00' + interval '96 hours 0 minutes')) ON CONFLICT DO NOTHING;
INSERT INTO period_criteria (id, period_id, source_criterion_id, key, label, short_label, description, max_score, weight, color, rubric_bands, sort_order) VALUES ('b9f1f35c-7929-412b-a2c3-63e14ab7e9d0', 'b90e1112-88c7-44fa-a275-25bc0ad2d96d', '93a2a9b8-de26-4fbb-a805-d7134bc8a55f', 'problem_solving', 'Problem Solving & Analysis', 'Problem', 'Evaluates precision of problem formulation, scope definition, constraint identification, and correctness of the analytical approach.', 25, 25, '#EF4444', '[{"min":22,"max":25,"label":"Excellent","description":"Problem is precisely formulated with clear scope, constraints, and success metrics."},{"min":17,"max":21,"label":"Good","description":"Problem is well-defined. Minor gaps in constraint handling."},{"min":12,"max":16,"label":"Developing","description":"Problem statement exists but lacks precision."},{"min":0,"max":11,"label":"Insufficient","description":"Problem is vaguely defined with significant logical gaps."}]', 1) ON CONFLICT DO NOTHING;
INSERT INTO period_criteria (id, period_id, source_criterion_id, key, label, short_label, description, max_score, weight, color, rubric_bands, sort_order) VALUES ('d3dd5fe2-d521-4a2a-ae2b-bb11b6fa0902', 'b90e1112-88c7-44fa-a275-25bc0ad2d96d', '7283938c-881e-46e5-a432-793287f19248', 'system_design', 'System Design & Architecture', 'Design', 'Assesses architectural soundness, modularity, scalability, and justification of design decisions and component boundaries.', 25, 25, '#3B82F6', '[{"min":22,"max":25,"label":"Excellent","description":"Architecture is modular, scalable, and well-justified."},{"min":17,"max":21,"label":"Good","description":"Architecture is sound with clear component boundaries."},{"min":12,"max":16,"label":"Developing","description":"Basic architecture present but modularity concerns not addressed."},{"min":0,"max":11,"label":"Insufficient","description":"No clear architecture."}]', 2) ON CONFLICT DO NOTHING;
INSERT INTO period_criteria (id, period_id, source_criterion_id, key, label, short_label, description, max_score, weight, color, rubric_bands, sort_order) VALUES ('2a39ada5-da79-4403-aec0-8299b6747419', 'b90e1112-88c7-44fa-a275-25bc0ad2d96d', 'c2a960c2-ec12-409c-a49b-14ac9f66a451', 'implementation_quality', 'Implementation Quality', 'Impl', 'Evaluates code quality, test coverage, documentation, and adherence to professional software engineering practices.', 20, 18, '#F59E0B', '[{"min":18,"max":20,"label":"Excellent","description":"Code is clean, well-tested, and follows best practices."},{"min":14,"max":17,"label":"Good","description":"Code is readable with adequate test coverage."},{"min":10,"max":13,"label":"Developing","description":"Code works but lacks tests or consistent style."},{"min":0,"max":9,"label":"Insufficient","description":"Code is disorganized, untested, or non-functional."}]', 3) ON CONFLICT DO NOTHING;
INSERT INTO period_criteria (id, period_id, source_criterion_id, key, label, short_label, description, max_score, weight, color, rubric_bands, sort_order) VALUES ('26a1a51f-ab67-405d-a737-b184d060edb8', 'b90e1112-88c7-44fa-a275-25bc0ad2d96d', 'cba29dca-3ee3-4e5a-a78a-44034a059a9a', 'communication', 'Communication Skills', 'Comm', 'Assesses completeness and clarity of written technical documentation including API references, design docs, and reports.', 20, 22, '#EC4899', '[{"min":18,"max":20,"label":"Excellent","description":"Written and oral communication is clear, well-organized, and audience-appropriate."},{"min":14,"max":17,"label":"Good","description":"Communication is effective with minor clarity issues."},{"min":10,"max":13,"label":"Developing","description":"Key ideas are communicated but structure or clarity needs work."},{"min":0,"max":9,"label":"Insufficient","description":"Communication is unclear or poorly organized."}]', 4) ON CONFLICT DO NOTHING;
INSERT INTO period_criteria (id, period_id, source_criterion_id, key, label, short_label, description, max_score, weight, color, rubric_bands, sort_order) VALUES ('5809839f-fbb7-4a4f-a996-72ee4cf60160', 'b90e1112-88c7-44fa-a275-25bc0ad2d96d', 'a0ce2f65-e11f-427c-ab49-6806b15b6ffe', 'teamwork', 'Teamwork & Collaboration', 'Team', 'Evaluates balanced contribution, collaborative workflow, and effective use of team coordination tools and practices.', 10, 10, '#10B981', '[{"min":9,"max":10,"label":"Excellent","description":"All members contribute meaningfully."},{"min":7,"max":8,"label":"Good","description":"Most members contribute."},{"min":4,"max":6,"label":"Developing","description":"Uneven contributions."},{"min":0,"max":3,"label":"Insufficient","description":"One or two members did most of the work."}]', 5) ON CONFLICT DO NOTHING;
INSERT INTO period_outcomes (id, period_id, source_outcome_id, code, label, description, sort_order) VALUES ('629b72b7-20f5-432c-a4bd-a435be076266', 'b90e1112-88c7-44fa-a275-25bc0ad2d96d', '0c61d3b2-4098-4181-a0a9-af00ccddd55f', 'SO-1', 'Complex Problem Solving', 'Analyze complex computing problems and apply principles of computing and mathematics.', 1) ON CONFLICT DO NOTHING;
INSERT INTO period_outcomes (id, period_id, source_outcome_id, code, label, description, sort_order) VALUES ('af501c7a-70a5-4ed2-a337-17c274c4b6a5', 'b90e1112-88c7-44fa-a275-25bc0ad2d96d', '4ed4e517-5b27-4f61-a16b-6d7b86d2d592', 'SO-2', 'Engineering Design', 'Design, implement, and evaluate computer-based solutions meeting specified requirements.', 2) ON CONFLICT DO NOTHING;
INSERT INTO period_outcomes (id, period_id, source_outcome_id, code, label, description, sort_order) VALUES ('e3b4ea65-16a2-44d9-adfe-32892e251655', 'b90e1112-88c7-44fa-a275-25bc0ad2d96d', 'cc92ffdb-deee-4b4a-ad3f-ab54b9a16df3', 'SO-3', 'Effective Communication', 'Communicate effectively in professional contexts.', 3) ON CONFLICT DO NOTHING;
INSERT INTO period_outcomes (id, period_id, source_outcome_id, code, label, description, sort_order) VALUES ('62137309-edc6-45d1-a79f-1ecdf287f625', 'b90e1112-88c7-44fa-a275-25bc0ad2d96d', 'f4f08ca1-e5f1-4cc9-aa5f-a308966a9375', 'SO-4', 'Ethics and Professional Responsibility', 'Recognize professional responsibilities and make informed judgments.', 4) ON CONFLICT DO NOTHING;
INSERT INTO period_outcomes (id, period_id, source_outcome_id, code, label, description, sort_order) VALUES ('3e12013f-64c8-4bc3-a51b-c703a545a842', 'b90e1112-88c7-44fa-a275-25bc0ad2d96d', 'f9c945a1-24f5-4ab1-abad-9a35a116c09c', 'SO-5', 'Teamwork', 'Function effectively as a member or leader on teams.', 5) ON CONFLICT DO NOTHING;
INSERT INTO period_outcomes (id, period_id, source_outcome_id, code, label, description, sort_order) VALUES ('698f310a-b92e-42d2-a15c-f115ba16abb2', 'b90e1112-88c7-44fa-a275-25bc0ad2d96d', 'e55ec114-ecd9-4bbc-acb2-56ddbb255ee3', 'SO-6', 'Experimentation and Analysis', 'Apply software development fundamentals through experimentation and analysis.', 6) ON CONFLICT DO NOTHING;
INSERT INTO period_outcomes (id, period_id, source_outcome_id, code, label, description, sort_order) VALUES ('8e47666d-0ca4-44e0-a88e-509816bff370', 'b90e1112-88c7-44fa-a275-25bc0ad2d96d', '293b2e58-626c-4a8a-afab-c4827d6888ae', 'SO-7', 'Lifelong Learning', 'Recognize the need for continuing professional development.', 7) ON CONFLICT DO NOTHING;
INSERT INTO period_criterion_outcome_maps (id, period_id, period_criterion_id, period_outcome_id, coverage_type, weight) VALUES ('f85c0bf0-0683-46cc-a938-b01bc6143322', 'b90e1112-88c7-44fa-a275-25bc0ad2d96d', 'b9f1f35c-7929-412b-a2c3-63e14ab7e9d0', '629b72b7-20f5-432c-a4bd-a435be076266', 'indirect', 0.6) ON CONFLICT DO NOTHING;
INSERT INTO period_criterion_outcome_maps (id, period_id, period_criterion_id, period_outcome_id, coverage_type, weight) VALUES ('62925ddd-7a94-4574-af01-956691166b10', 'b90e1112-88c7-44fa-a275-25bc0ad2d96d', 'b9f1f35c-7929-412b-a2c3-63e14ab7e9d0', '698f310a-b92e-42d2-a15c-f115ba16abb2', 'direct', 0.4) ON CONFLICT DO NOTHING;
INSERT INTO period_criterion_outcome_maps (id, period_id, period_criterion_id, period_outcome_id, coverage_type, weight) VALUES ('5cb7fd13-e402-4a68-a2bb-80c3909b9c7d', 'b90e1112-88c7-44fa-a275-25bc0ad2d96d', 'd3dd5fe2-d521-4a2a-ae2b-bb11b6fa0902', 'af501c7a-70a5-4ed2-a337-17c274c4b6a5', 'direct', 0.7) ON CONFLICT DO NOTHING;
INSERT INTO period_criterion_outcome_maps (id, period_id, period_criterion_id, period_outcome_id, coverage_type, weight) VALUES ('1ec54ff8-f1e3-45c4-a115-bbc66ad47314', 'b90e1112-88c7-44fa-a275-25bc0ad2d96d', 'd3dd5fe2-d521-4a2a-ae2b-bb11b6fa0902', '629b72b7-20f5-432c-a4bd-a435be076266', 'direct', 0.3) ON CONFLICT DO NOTHING;
INSERT INTO period_criterion_outcome_maps (id, period_id, period_criterion_id, period_outcome_id, coverage_type, weight) VALUES ('837b7408-a6e6-4353-a75a-5b7c1b8d2505', 'b90e1112-88c7-44fa-a275-25bc0ad2d96d', '2a39ada5-da79-4403-aec0-8299b6747419', '698f310a-b92e-42d2-a15c-f115ba16abb2', 'direct', 0.5) ON CONFLICT DO NOTHING;
INSERT INTO period_criterion_outcome_maps (id, period_id, period_criterion_id, period_outcome_id, coverage_type, weight) VALUES ('adced6bb-3539-4a61-ae5b-aee6164a39a8', 'b90e1112-88c7-44fa-a275-25bc0ad2d96d', '2a39ada5-da79-4403-aec0-8299b6747419', 'af501c7a-70a5-4ed2-a337-17c274c4b6a5', 'direct', 0.3) ON CONFLICT DO NOTHING;
INSERT INTO period_criterion_outcome_maps (id, period_id, period_criterion_id, period_outcome_id, coverage_type, weight) VALUES ('87aac54c-3190-45fa-a13e-0d125638130f', 'b90e1112-88c7-44fa-a275-25bc0ad2d96d', '2a39ada5-da79-4403-aec0-8299b6747419', '8e47666d-0ca4-44e0-a88e-509816bff370', 'direct', 0.2) ON CONFLICT DO NOTHING;
INSERT INTO period_criterion_outcome_maps (id, period_id, period_criterion_id, period_outcome_id, coverage_type, weight) VALUES ('913fd8e5-b990-4ce3-a2bd-c8e494c87fe2', 'b90e1112-88c7-44fa-a275-25bc0ad2d96d', '26a1a51f-ab67-405d-a737-b184d060edb8', 'e3b4ea65-16a2-44d9-adfe-32892e251655', 'indirect', 0.7) ON CONFLICT DO NOTHING;
INSERT INTO period_criterion_outcome_maps (id, period_id, period_criterion_id, period_outcome_id, coverage_type, weight) VALUES ('d048f33b-406f-4ec2-a709-1f35666c9ab6', 'b90e1112-88c7-44fa-a275-25bc0ad2d96d', '26a1a51f-ab67-405d-a737-b184d060edb8', '62137309-edc6-45d1-a79f-1ecdf287f625', 'direct', 0.3) ON CONFLICT DO NOTHING;
INSERT INTO period_criterion_outcome_maps (id, period_id, period_criterion_id, period_outcome_id, coverage_type, weight) VALUES ('8c5e3db5-c545-45b8-ab25-8d6df117dd7f', 'b90e1112-88c7-44fa-a275-25bc0ad2d96d', '5809839f-fbb7-4a4f-a996-72ee4cf60160', '3e12013f-64c8-4bc3-a51b-c703a545a842', 'indirect', 1) ON CONFLICT DO NOTHING;
INSERT INTO periods (id, organization_id, framework_id, name, season, description, start_date, end_date, is_current, is_locked, is_visible, poster_date, snapshot_frozen_at, activated_at, updated_at) VALUES ('0e963024-a53f-4722-a9e0-5db7a47b4419', 'b94595d6-710c-4302-ad1b-11f4d216e028', 'efe329b2-0a62-4279-a7d1-627abe557321', 'Spring 2025', 'Spring', 'CS Spring Demo Day', '2025-02-01', '2025-06-15', false, true, true, '2025-05-14', (timestamp '2025-05-14 09:00:00' - interval '24 hours 0 minutes'), (timestamp '2025-05-14 09:00:00' - interval '24 hours 0 minutes'), (timestamp '2025-05-14 09:00:00' + interval '96 hours 0 minutes')) ON CONFLICT DO NOTHING;
INSERT INTO period_criteria (id, period_id, source_criterion_id, key, label, short_label, description, max_score, weight, color, rubric_bands, sort_order) VALUES ('53700e90-0bef-4410-aa0f-3995053ad8a2', '0e963024-a53f-4722-a9e0-5db7a47b4419', '93a2a9b8-de26-4fbb-a805-d7134bc8a55f', 'problem_solving', 'Analytical Thinking', 'Problem', 'Evaluates precision of problem formulation, scope definition, constraint identification, and correctness of the analytical approach.', 25, 30, '#EF4444', '[{"min":22,"max":25,"label":"Excellent","description":"Demonstrates rigorous analytical thinking with precise problem decomposition."},{"min":17,"max":21,"label":"Good","description":"Analysis is mostly thorough with clear problem breakdown."},{"min":12,"max":16,"label":"Developing","description":"Some analytical effort but decomposition is incomplete."},{"min":0,"max":11,"label":"Insufficient","description":"Lacks systematic analytical approach."}]', 1) ON CONFLICT DO NOTHING;
INSERT INTO period_criteria (id, period_id, source_criterion_id, key, label, short_label, description, max_score, weight, color, rubric_bands, sort_order) VALUES ('7e8b2e8b-4a9a-4d2c-a87b-955d58d51b03', '0e963024-a53f-4722-a9e0-5db7a47b4419', '7283938c-881e-46e5-a432-793287f19248', 'system_design', 'Software Architecture', 'Design', 'Assesses architectural soundness, modularity, scalability, and justification of design decisions and component boundaries.', 25, 25, '#3B82F6', '[{"min":22,"max":25,"label":"Excellent","description":"Architecture is clean, modular, and well-documented with clear rationale."},{"min":17,"max":21,"label":"Good","description":"Architecture is reasonable with identifiable component boundaries."},{"min":12,"max":16,"label":"Developing","description":"Some structure exists but architectural choices are ad-hoc."},{"min":0,"max":11,"label":"Insufficient","description":"No discernible architecture or design rationale."}]', 2) ON CONFLICT DO NOTHING;
INSERT INTO period_criteria (id, period_id, source_criterion_id, key, label, short_label, description, max_score, weight, color, rubric_bands, sort_order) VALUES ('5bab7e88-65ad-43a7-a14f-8b9bbcb9c9af', '0e963024-a53f-4722-a9e0-5db7a47b4419', 'c2a960c2-ec12-409c-a49b-14ac9f66a451', 'implementation_quality', 'Implementation Quality', 'Impl', 'Evaluates code quality, test coverage, documentation, and adherence to professional software engineering practices.', 20, 20, '#F59E0B', '[{"min":18,"max":20,"label":"Excellent","description":"Code is clean, well-tested, and follows best practices."},{"min":14,"max":17,"label":"Good","description":"Code is readable with adequate test coverage."},{"min":10,"max":13,"label":"Developing","description":"Code works but lacks tests or consistent style."},{"min":0,"max":9,"label":"Insufficient","description":"Code is disorganized, untested, or non-functional."}]', 3) ON CONFLICT DO NOTHING;
INSERT INTO period_criteria (id, period_id, source_criterion_id, key, label, short_label, description, max_score, weight, color, rubric_bands, sort_order) VALUES ('770df56c-9bc9-4108-a5a9-1056b29af922', '0e963024-a53f-4722-a9e0-5db7a47b4419', 'cba29dca-3ee3-4e5a-a78a-44034a059a9a', 'communication', 'Communication & Documentation', 'Comm', 'Assesses completeness and clarity of written technical documentation including API references, design docs, and reports.', 20, 15, '#EC4899', '[{"min":18,"max":20,"label":"Excellent","description":"Documentation is thorough and developer-friendly."},{"min":14,"max":17,"label":"Good","description":"Documentation covers key areas."},{"min":10,"max":13,"label":"Developing","description":"Documentation exists but is incomplete."},{"min":0,"max":9,"label":"Insufficient","description":"Little to no documentation."}]', 4) ON CONFLICT DO NOTHING;
INSERT INTO period_criteria (id, period_id, source_criterion_id, key, label, short_label, description, max_score, weight, color, rubric_bands, sort_order) VALUES ('36146a5d-35be-44c7-af15-a3d586386a27', '0e963024-a53f-4722-a9e0-5db7a47b4419', 'a0ce2f65-e11f-427c-ab49-6806b15b6ffe', 'teamwork', 'Teamwork & Collaboration', 'Team', 'Evaluates balanced contribution, collaborative workflow, and effective use of team coordination tools and practices.', 10, 10, '#10B981', '[{"min":9,"max":10,"label":"Excellent","description":"All members contribute meaningfully."},{"min":7,"max":8,"label":"Good","description":"Most members contribute."},{"min":4,"max":6,"label":"Developing","description":"Uneven contributions."},{"min":0,"max":3,"label":"Insufficient","description":"One or two members did most of the work."}]', 5) ON CONFLICT DO NOTHING;
INSERT INTO period_outcomes (id, period_id, source_outcome_id, code, label, description, sort_order) VALUES ('d65e3bd0-a251-4f40-aefb-3c859c11a091', '0e963024-a53f-4722-a9e0-5db7a47b4419', '0c61d3b2-4098-4181-a0a9-af00ccddd55f', 'SO-1', 'Complex Problem Solving', 'Analyze complex computing problems and apply principles of computing and mathematics.', 1) ON CONFLICT DO NOTHING;
INSERT INTO period_outcomes (id, period_id, source_outcome_id, code, label, description, sort_order) VALUES ('ae42b5e9-35b1-4f6e-a030-a6c45859c432', '0e963024-a53f-4722-a9e0-5db7a47b4419', '4ed4e517-5b27-4f61-a16b-6d7b86d2d592', 'SO-2', 'Engineering Design', 'Design, implement, and evaluate computer-based solutions meeting specified requirements.', 2) ON CONFLICT DO NOTHING;
INSERT INTO period_outcomes (id, period_id, source_outcome_id, code, label, description, sort_order) VALUES ('1bb99422-804f-4ac1-a971-a562757a7277', '0e963024-a53f-4722-a9e0-5db7a47b4419', 'cc92ffdb-deee-4b4a-ad3f-ab54b9a16df3', 'SO-3', 'Effective Communication', 'Communicate effectively in professional contexts.', 3) ON CONFLICT DO NOTHING;
INSERT INTO period_outcomes (id, period_id, source_outcome_id, code, label, description, sort_order) VALUES ('59256dc0-6af7-49e0-a8ef-41077d05a9f9', '0e963024-a53f-4722-a9e0-5db7a47b4419', 'f4f08ca1-e5f1-4cc9-aa5f-a308966a9375', 'SO-4', 'Ethics and Professional Responsibility', 'Recognize professional responsibilities and make informed judgments.', 4) ON CONFLICT DO NOTHING;
INSERT INTO period_outcomes (id, period_id, source_outcome_id, code, label, description, sort_order) VALUES ('c6344ba8-78ad-49dc-ab24-134e34c048ea', '0e963024-a53f-4722-a9e0-5db7a47b4419', 'f9c945a1-24f5-4ab1-abad-9a35a116c09c', 'SO-5', 'Teamwork', 'Function effectively as a member or leader on teams.', 5) ON CONFLICT DO NOTHING;
INSERT INTO period_outcomes (id, period_id, source_outcome_id, code, label, description, sort_order) VALUES ('c6e5b442-d0f9-4914-a4b0-3786e829dc0e', '0e963024-a53f-4722-a9e0-5db7a47b4419', 'e55ec114-ecd9-4bbc-acb2-56ddbb255ee3', 'SO-6', 'Experimentation and Analysis', 'Apply software development fundamentals through experimentation and analysis.', 6) ON CONFLICT DO NOTHING;
INSERT INTO period_outcomes (id, period_id, source_outcome_id, code, label, description, sort_order) VALUES ('0211da54-451d-4fe3-a851-bb2460452d2e', '0e963024-a53f-4722-a9e0-5db7a47b4419', '293b2e58-626c-4a8a-afab-c4827d6888ae', 'SO-7', 'Lifelong Learning', 'Recognize the need for continuing professional development.', 7) ON CONFLICT DO NOTHING;
INSERT INTO period_criterion_outcome_maps (id, period_id, period_criterion_id, period_outcome_id, coverage_type, weight) VALUES ('c92745d9-5ece-42a1-a977-05910fae94c4', '0e963024-a53f-4722-a9e0-5db7a47b4419', '53700e90-0bef-4410-aa0f-3995053ad8a2', 'd65e3bd0-a251-4f40-aefb-3c859c11a091', 'direct', 0.6) ON CONFLICT DO NOTHING;
INSERT INTO period_criterion_outcome_maps (id, period_id, period_criterion_id, period_outcome_id, coverage_type, weight) VALUES ('6c03a562-2772-4356-abaf-1e6505cb7f86', '0e963024-a53f-4722-a9e0-5db7a47b4419', '53700e90-0bef-4410-aa0f-3995053ad8a2', 'c6e5b442-d0f9-4914-a4b0-3786e829dc0e', 'direct', 0.4) ON CONFLICT DO NOTHING;
INSERT INTO period_criterion_outcome_maps (id, period_id, period_criterion_id, period_outcome_id, coverage_type, weight) VALUES ('13efaab8-341f-4bbb-a8de-408136a7c508', '0e963024-a53f-4722-a9e0-5db7a47b4419', '7e8b2e8b-4a9a-4d2c-a87b-955d58d51b03', 'ae42b5e9-35b1-4f6e-a030-a6c45859c432', 'indirect', 0.7) ON CONFLICT DO NOTHING;
INSERT INTO period_criterion_outcome_maps (id, period_id, period_criterion_id, period_outcome_id, coverage_type, weight) VALUES ('8bd0731c-a98d-4f59-a1ba-3306fe764099', '0e963024-a53f-4722-a9e0-5db7a47b4419', '7e8b2e8b-4a9a-4d2c-a87b-955d58d51b03', 'd65e3bd0-a251-4f40-aefb-3c859c11a091', 'direct', 0.3) ON CONFLICT DO NOTHING;
INSERT INTO period_criterion_outcome_maps (id, period_id, period_criterion_id, period_outcome_id, coverage_type, weight) VALUES ('ad7b096d-e4a8-48db-a9f9-8923705c69a0', '0e963024-a53f-4722-a9e0-5db7a47b4419', '5bab7e88-65ad-43a7-a14f-8b9bbcb9c9af', 'c6e5b442-d0f9-4914-a4b0-3786e829dc0e', 'indirect', 0.5) ON CONFLICT DO NOTHING;
INSERT INTO period_criterion_outcome_maps (id, period_id, period_criterion_id, period_outcome_id, coverage_type, weight) VALUES ('2db0633e-f4e7-4ec0-a17e-08db32200a26', '0e963024-a53f-4722-a9e0-5db7a47b4419', '5bab7e88-65ad-43a7-a14f-8b9bbcb9c9af', 'ae42b5e9-35b1-4f6e-a030-a6c45859c432', 'direct', 0.3) ON CONFLICT DO NOTHING;
INSERT INTO period_criterion_outcome_maps (id, period_id, period_criterion_id, period_outcome_id, coverage_type, weight) VALUES ('1bc8ee16-8324-4e92-ae49-e607c388f35a', '0e963024-a53f-4722-a9e0-5db7a47b4419', '5bab7e88-65ad-43a7-a14f-8b9bbcb9c9af', '0211da54-451d-4fe3-a851-bb2460452d2e', 'indirect', 0.2) ON CONFLICT DO NOTHING;
INSERT INTO period_criterion_outcome_maps (id, period_id, period_criterion_id, period_outcome_id, coverage_type, weight) VALUES ('4870dab6-6d6e-4bcd-a5c4-98c9cc0b7c48', '0e963024-a53f-4722-a9e0-5db7a47b4419', '770df56c-9bc9-4108-a5a9-1056b29af922', '1bb99422-804f-4ac1-a971-a562757a7277', 'direct', 0.7) ON CONFLICT DO NOTHING;
INSERT INTO period_criterion_outcome_maps (id, period_id, period_criterion_id, period_outcome_id, coverage_type, weight) VALUES ('76968d02-9fcf-4383-a456-8f8a5cc0f02c', '0e963024-a53f-4722-a9e0-5db7a47b4419', '770df56c-9bc9-4108-a5a9-1056b29af922', '59256dc0-6af7-49e0-a8ef-41077d05a9f9', 'direct', 0.3) ON CONFLICT DO NOTHING;
INSERT INTO period_criterion_outcome_maps (id, period_id, period_criterion_id, period_outcome_id, coverage_type, weight) VALUES ('092fcb8c-7444-496a-a142-18a780c3031d', '0e963024-a53f-4722-a9e0-5db7a47b4419', '36146a5d-35be-44c7-af15-a3d586386a27', 'c6344ba8-78ad-49dc-ab24-134e34c048ea', 'direct', 1) ON CONFLICT DO NOTHING;
INSERT INTO periods (id, organization_id, framework_id, name, season, description, start_date, end_date, is_current, is_locked, is_visible, poster_date, snapshot_frozen_at, activated_at, updated_at) VALUES ('f8c01197-da4a-4646-a42d-8dc74715e3bc', 'b94595d6-710c-4302-ad1b-11f4d216e028', 'efe329b2-0a62-4279-a7d1-627abe557321', 'Fall 2024', 'Fall', 'CS Fall Demo Day', '2024-09-01', '2025-01-15', false, true, true, '2024-12-12', (timestamp '2024-12-12 09:00:00' - interval '24 hours 0 minutes'), (timestamp '2024-12-12 09:00:00' - interval '24 hours 0 minutes'), (timestamp '2024-12-12 09:00:00' + interval '96 hours 0 minutes')) ON CONFLICT DO NOTHING;
INSERT INTO period_criteria (id, period_id, source_criterion_id, key, label, short_label, description, max_score, weight, color, rubric_bands, sort_order) VALUES ('9ec0420a-7f95-4e3f-ad37-b95948485c65', 'f8c01197-da4a-4646-a42d-8dc74715e3bc', '93a2a9b8-de26-4fbb-a805-d7134bc8a55f', 'problem_solving', 'Analytical Thinking', 'Problem', 'Evaluates precision of problem formulation, scope definition, constraint identification, and correctness of the analytical approach.', 25, 30, '#EF4444', '[{"min":22,"max":25,"label":"Excellent","description":"Exceptional analytical rigor. Problem is fully decomposed with constraints identified."},{"min":17,"max":21,"label":"Good","description":"Solid analytical approach covering most problem dimensions."},{"min":12,"max":16,"label":"Developing","description":"Analysis is surface-level. Key constraints overlooked."},{"min":0,"max":11,"label":"Insufficient","description":"Problem is treated superficially with no structured thinking."}]', 1) ON CONFLICT DO NOTHING;
INSERT INTO period_criteria (id, period_id, source_criterion_id, key, label, short_label, description, max_score, weight, color, rubric_bands, sort_order) VALUES ('52f96a98-1ac8-4b6e-aa3c-02ab77905c16', 'f8c01197-da4a-4646-a42d-8dc74715e3bc', '7283938c-881e-46e5-a432-793287f19248', 'system_design', 'Software Architecture', 'Design', 'Assesses architectural soundness, modularity, scalability, and justification of design decisions and component boundaries.', 25, 30, '#3B82F6', '[{"min":22,"max":25,"label":"Excellent","description":"Textbook-quality architecture. Components are cohesive with well-defined interfaces."},{"min":17,"max":21,"label":"Good","description":"Architecture is functional with reasonable separation of concerns."},{"min":12,"max":16,"label":"Developing","description":"Monolithic or poorly factored. Dependencies are tangled."},{"min":0,"max":11,"label":"Insufficient","description":"No coherent architecture. Code organization is arbitrary."}]', 2) ON CONFLICT DO NOTHING;
INSERT INTO period_criteria (id, period_id, source_criterion_id, key, label, short_label, description, max_score, weight, color, rubric_bands, sort_order) VALUES ('e242e868-2bb7-4869-af4b-7ad480080c56', 'f8c01197-da4a-4646-a42d-8dc74715e3bc', 'c2a960c2-ec12-409c-a49b-14ac9f66a451', 'implementation_quality', 'Implementation Quality', 'Impl', 'Evaluates code quality, test coverage, documentation, and adherence to professional software engineering practices.', 20, 20, '#F59E0B', '[{"min":18,"max":20,"label":"Excellent","description":"Code is clean, well-tested, and follows best practices."},{"min":14,"max":17,"label":"Good","description":"Code is readable with adequate test coverage."},{"min":10,"max":13,"label":"Developing","description":"Code works but lacks tests or consistent style."},{"min":0,"max":9,"label":"Insufficient","description":"Code is disorganized, untested, or non-functional."}]', 3) ON CONFLICT DO NOTHING;
INSERT INTO period_criteria (id, period_id, source_criterion_id, key, label, short_label, description, max_score, weight, color, rubric_bands, sort_order) VALUES ('e6928c81-092d-4b96-ada3-5dcf9bab3962', 'f8c01197-da4a-4646-a42d-8dc74715e3bc', 'cba29dca-3ee3-4e5a-a78a-44034a059a9a', 'communication', 'Communication & Collaboration', 'Comm', 'Assesses completeness and clarity of written technical documentation including API references, design docs, and reports.', 20, 20, '#EC4899', '[{"min":18,"max":20,"label":"Excellent","description":"Documentation is comprehensive. Team collaboration workflow is clearly demonstrated."},{"min":14,"max":17,"label":"Good","description":"Documentation covers key areas. Evidence of collaborative process."},{"min":10,"max":13,"label":"Developing","description":"Documentation is sparse. Collaboration is mentioned but not demonstrated."},{"min":0,"max":9,"label":"Insufficient","description":"Little documentation. No evidence of structured collaboration."}]', 4) ON CONFLICT DO NOTHING;
INSERT INTO period_outcomes (id, period_id, source_outcome_id, code, label, description, sort_order) VALUES ('96e33e0e-4746-457f-a58e-4fb303b9b58c', 'f8c01197-da4a-4646-a42d-8dc74715e3bc', '0c61d3b2-4098-4181-a0a9-af00ccddd55f', 'SO-1', 'Complex Problem Solving', 'Analyze complex computing problems and apply principles of computing and mathematics.', 1) ON CONFLICT DO NOTHING;
INSERT INTO period_outcomes (id, period_id, source_outcome_id, code, label, description, sort_order) VALUES ('6114bb13-332f-4344-af51-10f39a4ae7d7', 'f8c01197-da4a-4646-a42d-8dc74715e3bc', '4ed4e517-5b27-4f61-a16b-6d7b86d2d592', 'SO-2', 'Engineering Design', 'Design, implement, and evaluate computer-based solutions meeting specified requirements.', 2) ON CONFLICT DO NOTHING;
INSERT INTO period_outcomes (id, period_id, source_outcome_id, code, label, description, sort_order) VALUES ('b7a0e539-710f-4c09-a1ff-39a451a05b3d', 'f8c01197-da4a-4646-a42d-8dc74715e3bc', 'cc92ffdb-deee-4b4a-ad3f-ab54b9a16df3', 'SO-3', 'Effective Communication', 'Communicate effectively in professional contexts.', 3) ON CONFLICT DO NOTHING;
INSERT INTO period_outcomes (id, period_id, source_outcome_id, code, label, description, sort_order) VALUES ('c403c94b-40d6-4f9f-a5fc-a3dade02b95c', 'f8c01197-da4a-4646-a42d-8dc74715e3bc', 'f4f08ca1-e5f1-4cc9-aa5f-a308966a9375', 'SO-4', 'Ethics and Professional Responsibility', 'Recognize professional responsibilities and make informed judgments.', 4) ON CONFLICT DO NOTHING;
INSERT INTO period_outcomes (id, period_id, source_outcome_id, code, label, description, sort_order) VALUES ('9f7e84de-7078-4f00-af90-2e7538b07bcb', 'f8c01197-da4a-4646-a42d-8dc74715e3bc', 'f9c945a1-24f5-4ab1-abad-9a35a116c09c', 'SO-5', 'Teamwork', 'Function effectively as a member or leader on teams.', 5) ON CONFLICT DO NOTHING;
INSERT INTO period_outcomes (id, period_id, source_outcome_id, code, label, description, sort_order) VALUES ('ee62c7c7-fee0-46a2-a9aa-ccd572d1a50a', 'f8c01197-da4a-4646-a42d-8dc74715e3bc', 'e55ec114-ecd9-4bbc-acb2-56ddbb255ee3', 'SO-6', 'Experimentation and Analysis', 'Apply software development fundamentals through experimentation and analysis.', 6) ON CONFLICT DO NOTHING;
INSERT INTO period_outcomes (id, period_id, source_outcome_id, code, label, description, sort_order) VALUES ('96173993-403a-4b25-ae43-05d469aa735c', 'f8c01197-da4a-4646-a42d-8dc74715e3bc', '293b2e58-626c-4a8a-afab-c4827d6888ae', 'SO-7', 'Lifelong Learning', 'Recognize the need for continuing professional development.', 7) ON CONFLICT DO NOTHING;
INSERT INTO period_criterion_outcome_maps (id, period_id, period_criterion_id, period_outcome_id, coverage_type, weight) VALUES ('f7afd006-c062-4c0f-af9d-56eb87f3510e', 'f8c01197-da4a-4646-a42d-8dc74715e3bc', '9ec0420a-7f95-4e3f-ad37-b95948485c65', '96e33e0e-4746-457f-a58e-4fb303b9b58c', 'direct', 0.6) ON CONFLICT DO NOTHING;
INSERT INTO period_criterion_outcome_maps (id, period_id, period_criterion_id, period_outcome_id, coverage_type, weight) VALUES ('a407a652-ec9e-4eae-a426-bb6d0be46f83', 'f8c01197-da4a-4646-a42d-8dc74715e3bc', '9ec0420a-7f95-4e3f-ad37-b95948485c65', 'ee62c7c7-fee0-46a2-a9aa-ccd572d1a50a', 'direct', 0.4) ON CONFLICT DO NOTHING;
INSERT INTO period_criterion_outcome_maps (id, period_id, period_criterion_id, period_outcome_id, coverage_type, weight) VALUES ('e38fea80-8ef8-44ed-a200-b58f0f813891', 'f8c01197-da4a-4646-a42d-8dc74715e3bc', '52f96a98-1ac8-4b6e-aa3c-02ab77905c16', '6114bb13-332f-4344-af51-10f39a4ae7d7', 'indirect', 0.7) ON CONFLICT DO NOTHING;
INSERT INTO period_criterion_outcome_maps (id, period_id, period_criterion_id, period_outcome_id, coverage_type, weight) VALUES ('dfa64409-2b4e-475e-a682-03ac1eb8678d', 'f8c01197-da4a-4646-a42d-8dc74715e3bc', '52f96a98-1ac8-4b6e-aa3c-02ab77905c16', '96e33e0e-4746-457f-a58e-4fb303b9b58c', 'indirect', 0.3) ON CONFLICT DO NOTHING;
INSERT INTO period_criterion_outcome_maps (id, period_id, period_criterion_id, period_outcome_id, coverage_type, weight) VALUES ('67869edb-a79e-4b10-a115-66f98bd6d368', 'f8c01197-da4a-4646-a42d-8dc74715e3bc', 'e242e868-2bb7-4869-af4b-7ad480080c56', 'ee62c7c7-fee0-46a2-a9aa-ccd572d1a50a', 'direct', 0.5) ON CONFLICT DO NOTHING;
INSERT INTO period_criterion_outcome_maps (id, period_id, period_criterion_id, period_outcome_id, coverage_type, weight) VALUES ('9fb0b4b8-e7f5-45db-a753-d302b5ec0927', 'f8c01197-da4a-4646-a42d-8dc74715e3bc', 'e242e868-2bb7-4869-af4b-7ad480080c56', '6114bb13-332f-4344-af51-10f39a4ae7d7', 'direct', 0.3) ON CONFLICT DO NOTHING;
INSERT INTO period_criterion_outcome_maps (id, period_id, period_criterion_id, period_outcome_id, coverage_type, weight) VALUES ('04bc89d9-0b30-4aee-a7fc-47f93bac6b23', 'f8c01197-da4a-4646-a42d-8dc74715e3bc', 'e242e868-2bb7-4869-af4b-7ad480080c56', '96173993-403a-4b25-ae43-05d469aa735c', 'indirect', 0.2) ON CONFLICT DO NOTHING;
INSERT INTO period_criterion_outcome_maps (id, period_id, period_criterion_id, period_outcome_id, coverage_type, weight) VALUES ('4916c680-43d7-4b9a-a807-42b04e914e3b', 'f8c01197-da4a-4646-a42d-8dc74715e3bc', 'e6928c81-092d-4b96-ada3-5dcf9bab3962', 'b7a0e539-710f-4c09-a1ff-39a451a05b3d', 'indirect', 0.7) ON CONFLICT DO NOTHING;
INSERT INTO period_criterion_outcome_maps (id, period_id, period_criterion_id, period_outcome_id, coverage_type, weight) VALUES ('d54a45c7-e7cb-401e-ad5f-d1cec546fa6f', 'f8c01197-da4a-4646-a42d-8dc74715e3bc', 'e6928c81-092d-4b96-ada3-5dcf9bab3962', 'c403c94b-40d6-4f9f-a5fc-a3dade02b95c', 'direct', 0.3) ON CONFLICT DO NOTHING;
INSERT INTO periods (id, organization_id, framework_id, name, season, description, start_date, end_date, is_current, is_locked, is_visible, poster_date, snapshot_frozen_at, activated_at, updated_at) VALUES ('e77bf882-fc32-461c-acab-6ee1696df0c7', 'd8214e32-d30f-4a0c-aee5-1c6fa0d41336', '824ead2b-7676-4297-a6e1-507869f5f299', '2026 Season', 'Evaluation', 'TEKNOFEST 2026 Aviation Competition Finals', '2026-06-01', '2026-08-15', true, false, true, '2026-07-10', (timestamp '2026-07-10 09:00:00' - interval '24 hours 0 minutes'), (timestamp '2026-07-10 09:00:00' - interval '24 hours 0 minutes'), (timestamp '2026-07-10 09:00:00' - interval '20 hours 0 minutes')) ON CONFLICT DO NOTHING;
INSERT INTO period_criteria (id, period_id, source_criterion_id, key, label, short_label, description, max_score, weight, color, rubric_bands, sort_order) VALUES ('3827321e-25d3-4ec5-ab6a-d8fb8d5f65fd', 'e77bf882-fc32-461c-acab-6ee1696df0c7', '10f52721-c639-4184-a0c4-1493bd620bfd', 'preliminary_report', 'Preliminary Design Report (ODR)', 'Report', 'Evaluates completeness of the preliminary design report, mission definition clarity, and feasibility of the proposed design.', 25, 25, '#6366F1', '[{"min":22,"max":25,"label":"Excellent","description":"Report is comprehensive with clear mission definition and feasible preliminary design."},{"min":17,"max":21,"label":"Good","description":"Report covers key design elements with adequate justification."},{"min":12,"max":16,"label":"Developing","description":"Report structure is present but design rationale is weak."},{"min":0,"max":11,"label":"Insufficient","description":"Report is incomplete or missing critical sections."}]', 1) ON CONFLICT DO NOTHING;
INSERT INTO period_criteria (id, period_id, source_criterion_id, key, label, short_label, description, max_score, weight, color, rubric_bands, sort_order) VALUES ('c561d84a-3cda-4605-a33c-1ceb37ebed21', 'e77bf882-fc32-461c-acab-6ee1696df0c7', 'b58a9de4-d6c7-4143-a851-ed52ef1c7aab', 'critical_design', 'Critical Design Review (KTR)', 'CDR', 'Assesses design maturity, subsystem integration completeness, and manufacturing readiness at the CDR milestone.', 30, 30, '#F59E0B', '[{"min":27,"max":30,"label":"Excellent","description":"Design is mature, manufacturable, and all subsystems well-integrated."},{"min":21,"max":26,"label":"Good","description":"Design is mostly complete with minor integration gaps."},{"min":13,"max":20,"label":"Developing","description":"Design shows progress but subsystem integration unclear."},{"min":0,"max":12,"label":"Insufficient","description":"Design is immature or not viable for manufacturing."}]', 2) ON CONFLICT DO NOTHING;
INSERT INTO period_criteria (id, period_id, source_criterion_id, key, label, short_label, description, max_score, weight, color, rubric_bands, sort_order) VALUES ('e10f1abe-f5f6-4530-ac12-708e65ef8c8f', 'e77bf882-fc32-461c-acab-6ee1696df0c7', 'a408685a-ba52-4173-a90f-b5bcf0b39b63', 'technical_performance', 'Technical Performance & Demo', 'Performance', 'Evaluates actual field performance of the system during the competition mission demonstration under real conditions.', 30, 30, '#EF4444', '[{"min":27,"max":30,"label":"Excellent","description":"System performs flawlessly in field conditions."},{"min":21,"max":26,"label":"Good","description":"System completes primary mission with minor deviations."},{"min":13,"max":20,"label":"Developing","description":"System partially completes mission."},{"min":0,"max":12,"label":"Insufficient","description":"System fails to complete primary mission."}]', 3) ON CONFLICT DO NOTHING;
INSERT INTO period_criteria (id, period_id, source_criterion_id, key, label, short_label, description, max_score, weight, color, rubric_bands, sort_order) VALUES ('cf788ee1-eb7f-4aad-a0f7-4b6a6fcb8164', 'e77bf882-fc32-461c-acab-6ee1696df0c7', '9048c1b4-a5f6-499e-a002-58c2d231a40b', 'team_execution', 'Team Execution & Presentation', 'Team', 'Assesses team coordination, role clarity, and the effectiveness of the presentation delivered during the jury evaluation.', 15, 15, '#10B981', '[{"min":14,"max":15,"label":"Excellent","description":"Team operates cohesively with clear role distribution."},{"min":11,"max":13,"label":"Good","description":"Team coordination is evident."},{"min":7,"max":10,"label":"Developing","description":"Team roles are unclear."},{"min":0,"max":6,"label":"Insufficient","description":"Poor team coordination."}]', 4) ON CONFLICT DO NOTHING;
INSERT INTO period_outcomes (id, period_id, source_outcome_id, code, label, description, sort_order) VALUES ('57912c95-0503-405e-aef9-4f3bac9dad7b', 'e77bf882-fc32-461c-acab-6ee1696df0c7', 'f21e10be-2829-4161-acf2-6ca56c414d98', 'TC-1', 'Preliminary Evaluation Report Quality', 'Produce comprehensive preliminary design documentation.', 1) ON CONFLICT DO NOTHING;
INSERT INTO period_outcomes (id, period_id, source_outcome_id, code, label, description, sort_order) VALUES ('635cbebd-a119-41ed-a79f-0932f34850ce', 'e77bf882-fc32-461c-acab-6ee1696df0c7', '5f1f1555-845b-4498-a005-4878e6f4d692', 'TC-2', 'Critical Design Maturity', 'Achieve design maturity through thorough critical design review.', 2) ON CONFLICT DO NOTHING;
INSERT INTO period_outcomes (id, period_id, source_outcome_id, code, label, description, sort_order) VALUES ('f27e8194-271d-461f-a154-9f6e3045a116', 'e77bf882-fc32-461c-acab-6ee1696df0c7', 'daeff078-d457-48cc-af0f-7ebefc99a64f', 'TC-3', 'Field Performance and Jury Presentation', 'Demonstrate successful field performance under competition conditions.', 3) ON CONFLICT DO NOTHING;
INSERT INTO period_outcomes (id, period_id, source_outcome_id, code, label, description, sort_order) VALUES ('bf7ccdc7-c5e5-4d63-ac87-c75fb45388ae', 'e77bf882-fc32-461c-acab-6ee1696df0c7', 'c0f9b501-7d38-4fcc-a565-65ad87f853f4', 'TC-4', 'General Team Competency', 'Exhibit strong team coordination and effective collaboration.', 4) ON CONFLICT DO NOTHING;
INSERT INTO period_criterion_outcome_maps (id, period_id, period_criterion_id, period_outcome_id, coverage_type, weight) VALUES ('d0303d1d-f786-46ac-aebd-b00a61a7484f', 'e77bf882-fc32-461c-acab-6ee1696df0c7', '3827321e-25d3-4ec5-ab6a-d8fb8d5f65fd', '57912c95-0503-405e-aef9-4f3bac9dad7b', 'direct', 1) ON CONFLICT DO NOTHING;
INSERT INTO period_criterion_outcome_maps (id, period_id, period_criterion_id, period_outcome_id, coverage_type, weight) VALUES ('fb750a87-35d0-4104-addb-7a6a27e85e09', 'e77bf882-fc32-461c-acab-6ee1696df0c7', 'c561d84a-3cda-4605-a33c-1ceb37ebed21', '635cbebd-a119-41ed-a79f-0932f34850ce', 'direct', 0.7) ON CONFLICT DO NOTHING;
INSERT INTO period_criterion_outcome_maps (id, period_id, period_criterion_id, period_outcome_id, coverage_type, weight) VALUES ('b14eb707-4eb5-44bc-a05d-6c2a66d05f7c', 'e77bf882-fc32-461c-acab-6ee1696df0c7', 'c561d84a-3cda-4605-a33c-1ceb37ebed21', '57912c95-0503-405e-aef9-4f3bac9dad7b', 'direct', 0.3) ON CONFLICT DO NOTHING;
INSERT INTO period_criterion_outcome_maps (id, period_id, period_criterion_id, period_outcome_id, coverage_type, weight) VALUES ('4d2087cc-0b83-4018-a05d-692b1ee534ae', 'e77bf882-fc32-461c-acab-6ee1696df0c7', 'e10f1abe-f5f6-4530-ac12-708e65ef8c8f', 'f27e8194-271d-461f-a154-9f6e3045a116', 'direct', 0.8) ON CONFLICT DO NOTHING;
INSERT INTO period_criterion_outcome_maps (id, period_id, period_criterion_id, period_outcome_id, coverage_type, weight) VALUES ('8cb113d7-a8f5-4398-a87b-c662063bbc79', 'e77bf882-fc32-461c-acab-6ee1696df0c7', 'e10f1abe-f5f6-4530-ac12-708e65ef8c8f', '635cbebd-a119-41ed-a79f-0932f34850ce', 'direct', 0.2) ON CONFLICT DO NOTHING;
INSERT INTO period_criterion_outcome_maps (id, period_id, period_criterion_id, period_outcome_id, coverage_type, weight) VALUES ('d43d79b8-4837-4bed-a24d-4d287e6934df', 'e77bf882-fc32-461c-acab-6ee1696df0c7', 'cf788ee1-eb7f-4aad-a0f7-4b6a6fcb8164', 'bf7ccdc7-c5e5-4d63-ac87-c75fb45388ae', 'direct', 0.6) ON CONFLICT DO NOTHING;
INSERT INTO period_criterion_outcome_maps (id, period_id, period_criterion_id, period_outcome_id, coverage_type, weight) VALUES ('5c55e38a-8c82-4bc2-a65b-1cc3072c30c3', 'e77bf882-fc32-461c-acab-6ee1696df0c7', 'cf788ee1-eb7f-4aad-a0f7-4b6a6fcb8164', 'f27e8194-271d-461f-a154-9f6e3045a116', 'direct', 0.4) ON CONFLICT DO NOTHING;
INSERT INTO periods (id, organization_id, framework_id, name, season, description, start_date, end_date, is_current, is_locked, is_visible, poster_date, snapshot_frozen_at, activated_at, updated_at) VALUES ('308d2708-dbea-41b6-a1c8-da6129445759', 'd8214e32-d30f-4a0c-aee5-1c6fa0d41336', '824ead2b-7676-4297-a6e1-507869f5f299', '2025 Season', 'Evaluation', 'TEKNOFEST 2025 Finals', '2025-06-01', '2025-08-15', false, true, true, '2025-07-09', (timestamp '2025-07-09 09:00:00' - interval '24 hours 0 minutes'), (timestamp '2025-07-09 09:00:00' - interval '24 hours 0 minutes'), (timestamp '2025-07-09 09:00:00' + interval '144 hours 0 minutes')) ON CONFLICT DO NOTHING;
INSERT INTO period_criteria (id, period_id, source_criterion_id, key, label, short_label, description, max_score, weight, color, rubric_bands, sort_order) VALUES ('9fc5d438-f3ea-4966-ad57-e9ba3626497e', '308d2708-dbea-41b6-a1c8-da6129445759', '10f52721-c639-4184-a0c4-1493bd620bfd', 'preliminary_report', 'Preliminary Design Report (ODR)', 'Report', 'Evaluates completeness of the preliminary design report, mission definition clarity, and feasibility of the proposed design.', 25, 25, '#6366F1', '[{"min":22,"max":25,"label":"Excellent","description":"Report is comprehensive with clear mission definition and feasible preliminary design."},{"min":17,"max":21,"label":"Good","description":"Report covers key design elements with adequate justification."},{"min":12,"max":16,"label":"Developing","description":"Report structure is present but design rationale is weak."},{"min":0,"max":11,"label":"Insufficient","description":"Report is incomplete or missing critical sections."}]', 1) ON CONFLICT DO NOTHING;
INSERT INTO period_criteria (id, period_id, source_criterion_id, key, label, short_label, description, max_score, weight, color, rubric_bands, sort_order) VALUES ('9291055e-e458-479e-a0de-bd69595777ff', '308d2708-dbea-41b6-a1c8-da6129445759', 'b58a9de4-d6c7-4143-a851-ed52ef1c7aab', 'critical_design', 'Critical Design Review (KTR)', 'CDR', 'Assesses design maturity, subsystem integration completeness, and manufacturing readiness at the CDR milestone.', 30, 30, '#F59E0B', '[{"min":27,"max":30,"label":"Excellent","description":"Design is mature, manufacturable, and all subsystems well-integrated."},{"min":21,"max":26,"label":"Good","description":"Design is mostly complete with minor integration gaps."},{"min":13,"max":20,"label":"Developing","description":"Design shows progress but subsystem integration unclear."},{"min":0,"max":12,"label":"Insufficient","description":"Design is immature or not viable for manufacturing."}]', 2) ON CONFLICT DO NOTHING;
INSERT INTO period_criteria (id, period_id, source_criterion_id, key, label, short_label, description, max_score, weight, color, rubric_bands, sort_order) VALUES ('d8088c7f-e974-490e-ad55-0b51a4bb2138', '308d2708-dbea-41b6-a1c8-da6129445759', 'a408685a-ba52-4173-a90f-b5bcf0b39b63', 'technical_performance', 'Technical Performance & Demo', 'Performance', 'Evaluates actual field performance of the system during the competition mission demonstration under real conditions.', 30, 30, '#EF4444', '[{"min":27,"max":30,"label":"Excellent","description":"System performs flawlessly in field conditions."},{"min":21,"max":26,"label":"Good","description":"System completes primary mission with minor deviations."},{"min":13,"max":20,"label":"Developing","description":"System partially completes mission."},{"min":0,"max":12,"label":"Insufficient","description":"System fails to complete primary mission."}]', 3) ON CONFLICT DO NOTHING;
INSERT INTO period_criteria (id, period_id, source_criterion_id, key, label, short_label, description, max_score, weight, color, rubric_bands, sort_order) VALUES ('34e60116-c678-4d43-a5a3-6ed510928812', '308d2708-dbea-41b6-a1c8-da6129445759', '9048c1b4-a5f6-499e-a002-58c2d231a40b', 'team_execution', 'Team Coordination', 'Team', 'Assesses team coordination, role clarity, and the effectiveness of the presentation delivered during the jury evaluation.', 15, 15, '#10B981', '[{"min":14,"max":15,"label":"Excellent","description":"Team works as a cohesive unit with clear coordination and mutual support."},{"min":11,"max":13,"label":"Good","description":"Coordination is evident. Roles are generally clear."},{"min":7,"max":10,"label":"Developing","description":"Some coordination gaps. Role overlap or confusion observed."},{"min":0,"max":6,"label":"Insufficient","description":"Team appears disorganized with no clear coordination structure."}]', 4) ON CONFLICT DO NOTHING;
INSERT INTO period_outcomes (id, period_id, source_outcome_id, code, label, description, sort_order) VALUES ('f2adb727-0543-4fc0-a58f-95c55bb63f97', '308d2708-dbea-41b6-a1c8-da6129445759', 'f21e10be-2829-4161-acf2-6ca56c414d98', 'TC-1', 'Preliminary Evaluation Report Quality', 'Produce comprehensive preliminary design documentation.', 1) ON CONFLICT DO NOTHING;
INSERT INTO period_outcomes (id, period_id, source_outcome_id, code, label, description, sort_order) VALUES ('ea53f4c9-86da-465c-a6ae-3931722c77cc', '308d2708-dbea-41b6-a1c8-da6129445759', '5f1f1555-845b-4498-a005-4878e6f4d692', 'TC-2', 'Critical Design Maturity', 'Achieve design maturity through thorough critical design review.', 2) ON CONFLICT DO NOTHING;
INSERT INTO period_outcomes (id, period_id, source_outcome_id, code, label, description, sort_order) VALUES ('f179f825-78e8-4fef-a524-a325459cba00', '308d2708-dbea-41b6-a1c8-da6129445759', 'daeff078-d457-48cc-af0f-7ebefc99a64f', 'TC-3', 'Field Performance and Jury Presentation', 'Demonstrate successful field performance under competition conditions.', 3) ON CONFLICT DO NOTHING;
INSERT INTO period_outcomes (id, period_id, source_outcome_id, code, label, description, sort_order) VALUES ('230e3029-3808-4af5-acec-db11bc254cc0', '308d2708-dbea-41b6-a1c8-da6129445759', 'c0f9b501-7d38-4fcc-a565-65ad87f853f4', 'TC-4', 'General Team Competency', 'Exhibit strong team coordination and effective collaboration.', 4) ON CONFLICT DO NOTHING;
INSERT INTO period_criterion_outcome_maps (id, period_id, period_criterion_id, period_outcome_id, coverage_type, weight) VALUES ('890f761f-2c89-468a-acd1-941ccbcfb2e7', '308d2708-dbea-41b6-a1c8-da6129445759', '9fc5d438-f3ea-4966-ad57-e9ba3626497e', 'f2adb727-0543-4fc0-a58f-95c55bb63f97', 'direct', 1) ON CONFLICT DO NOTHING;
INSERT INTO period_criterion_outcome_maps (id, period_id, period_criterion_id, period_outcome_id, coverage_type, weight) VALUES ('c9b6707e-1e49-4c42-ab9d-60c87e86c8f9', '308d2708-dbea-41b6-a1c8-da6129445759', '9291055e-e458-479e-a0de-bd69595777ff', 'ea53f4c9-86da-465c-a6ae-3931722c77cc', 'direct', 0.7) ON CONFLICT DO NOTHING;
INSERT INTO period_criterion_outcome_maps (id, period_id, period_criterion_id, period_outcome_id, coverage_type, weight) VALUES ('1b89140f-626b-498a-af0f-48ecad08c2fb', '308d2708-dbea-41b6-a1c8-da6129445759', '9291055e-e458-479e-a0de-bd69595777ff', 'f2adb727-0543-4fc0-a58f-95c55bb63f97', 'direct', 0.3) ON CONFLICT DO NOTHING;
INSERT INTO period_criterion_outcome_maps (id, period_id, period_criterion_id, period_outcome_id, coverage_type, weight) VALUES ('9bd8556f-ab11-44ff-ab96-032013da666c', '308d2708-dbea-41b6-a1c8-da6129445759', 'd8088c7f-e974-490e-ad55-0b51a4bb2138', 'f179f825-78e8-4fef-a524-a325459cba00', 'direct', 0.8) ON CONFLICT DO NOTHING;
INSERT INTO period_criterion_outcome_maps (id, period_id, period_criterion_id, period_outcome_id, coverage_type, weight) VALUES ('74bed904-8054-475c-ae30-92f269f0c6ad', '308d2708-dbea-41b6-a1c8-da6129445759', 'd8088c7f-e974-490e-ad55-0b51a4bb2138', 'ea53f4c9-86da-465c-a6ae-3931722c77cc', 'direct', 0.2) ON CONFLICT DO NOTHING;
INSERT INTO period_criterion_outcome_maps (id, period_id, period_criterion_id, period_outcome_id, coverage_type, weight) VALUES ('019374b3-7bef-4320-a985-bf51a2f391a2', '308d2708-dbea-41b6-a1c8-da6129445759', '34e60116-c678-4d43-a5a3-6ed510928812', '230e3029-3808-4af5-acec-db11bc254cc0', 'direct', 0.6) ON CONFLICT DO NOTHING;
INSERT INTO period_criterion_outcome_maps (id, period_id, period_criterion_id, period_outcome_id, coverage_type, weight) VALUES ('14270378-3a91-46ea-a67f-c1e1871df5e9', '308d2708-dbea-41b6-a1c8-da6129445759', '34e60116-c678-4d43-a5a3-6ed510928812', 'f179f825-78e8-4fef-a524-a325459cba00', 'direct', 0.4) ON CONFLICT DO NOTHING;
INSERT INTO periods (id, organization_id, framework_id, name, season, description, start_date, end_date, is_current, is_locked, is_visible, poster_date, snapshot_frozen_at, activated_at, updated_at) VALUES ('bf4ee98f-1fd2-418d-a62d-8cb5b585f293', 'd8214e32-d30f-4a0c-aee5-1c6fa0d41336', '824ead2b-7676-4297-a6e1-507869f5f299', '2024 Season', 'Evaluation', 'TEKNOFEST 2024 Finals', '2024-06-01', '2024-08-15', false, true, true, '2024-07-10', (timestamp '2024-07-10 09:00:00' - interval '24 hours 0 minutes'), (timestamp '2024-07-10 09:00:00' - interval '24 hours 0 minutes'), (timestamp '2024-07-10 09:00:00' + interval '144 hours 0 minutes')) ON CONFLICT DO NOTHING;
INSERT INTO period_criteria (id, period_id, source_criterion_id, key, label, short_label, description, max_score, weight, color, rubric_bands, sort_order) VALUES ('24809e2d-ea6f-4306-a60b-8c9b5ba230e1', 'bf4ee98f-1fd2-418d-a62d-8cb5b585f293', '10f52721-c639-4184-a0c4-1493bd620bfd', 'preliminary_report', 'Preliminary Design Report (ODR)', 'Report', 'Evaluates completeness of the preliminary design report, mission definition clarity, and feasibility of the proposed design.', 25, 30, '#6366F1', '[{"min":22,"max":25,"label":"Excellent","description":"Report is comprehensive with clear mission definition and feasible preliminary design."},{"min":17,"max":21,"label":"Good","description":"Report covers key design elements with adequate justification."},{"min":12,"max":16,"label":"Developing","description":"Report structure is present but design rationale is weak."},{"min":0,"max":11,"label":"Insufficient","description":"Report is incomplete or missing critical sections."}]', 1) ON CONFLICT DO NOTHING;
INSERT INTO period_criteria (id, period_id, source_criterion_id, key, label, short_label, description, max_score, weight, color, rubric_bands, sort_order) VALUES ('c37d84a0-f0d9-4386-a75f-6ecaff196a1d', 'bf4ee98f-1fd2-418d-a62d-8cb5b585f293', 'b58a9de4-d6c7-4143-a851-ed52ef1c7aab', 'critical_design', 'Design Review', 'CDR', 'Assesses design maturity, subsystem integration completeness, and manufacturing readiness at the CDR milestone.', 30, 35, '#F59E0B', '[{"min":27,"max":30,"label":"Excellent","description":"Design review demonstrates full system maturity with verified subsystem interfaces."},{"min":21,"max":26,"label":"Good","description":"Design is largely complete with documented integration plan."},{"min":13,"max":20,"label":"Developing","description":"Design has significant open items at review stage."},{"min":0,"max":12,"label":"Insufficient","description":"Design is not ready for review. Major subsystems undefined."}]', 2) ON CONFLICT DO NOTHING;
INSERT INTO period_criteria (id, period_id, source_criterion_id, key, label, short_label, description, max_score, weight, color, rubric_bands, sort_order) VALUES ('0c95a783-0c54-42d5-a2fe-559d093af7f5', 'bf4ee98f-1fd2-418d-a62d-8cb5b585f293', 'a408685a-ba52-4173-a90f-b5bcf0b39b63', 'technical_performance', 'Field Performance', 'Performance', 'Evaluates actual field performance of the system during the competition mission demonstration under real conditions.', 30, 35, '#EF4444', '[{"min":27,"max":30,"label":"Excellent","description":"System completes all field objectives under real competition conditions."},{"min":21,"max":26,"label":"Good","description":"Primary field objectives met with minor deviations from plan."},{"min":13,"max":20,"label":"Developing","description":"Partial field success. Key objectives only partially achieved."},{"min":0,"max":12,"label":"Insufficient","description":"System fails to perform in field conditions."}]', 3) ON CONFLICT DO NOTHING;
INSERT INTO period_outcomes (id, period_id, source_outcome_id, code, label, description, sort_order) VALUES ('b3952270-2a15-49ac-a5f2-ff894d8befd0', 'bf4ee98f-1fd2-418d-a62d-8cb5b585f293', 'f21e10be-2829-4161-acf2-6ca56c414d98', 'TC-1', 'Preliminary Evaluation Report Quality', 'Produce comprehensive preliminary design documentation.', 1) ON CONFLICT DO NOTHING;
INSERT INTO period_outcomes (id, period_id, source_outcome_id, code, label, description, sort_order) VALUES ('2670b517-fd78-450f-a8c4-548ac79c88a4', 'bf4ee98f-1fd2-418d-a62d-8cb5b585f293', '5f1f1555-845b-4498-a005-4878e6f4d692', 'TC-2', 'Critical Design Maturity', 'Achieve design maturity through thorough critical design review.', 2) ON CONFLICT DO NOTHING;
INSERT INTO period_outcomes (id, period_id, source_outcome_id, code, label, description, sort_order) VALUES ('2f382f10-5c3a-4640-a121-8ecfd0cfc0d0', 'bf4ee98f-1fd2-418d-a62d-8cb5b585f293', 'daeff078-d457-48cc-af0f-7ebefc99a64f', 'TC-3', 'Field Performance and Jury Presentation', 'Demonstrate successful field performance under competition conditions.', 3) ON CONFLICT DO NOTHING;
INSERT INTO period_outcomes (id, period_id, source_outcome_id, code, label, description, sort_order) VALUES ('719eb83d-dee3-4f81-a360-3747c2136bbc', 'bf4ee98f-1fd2-418d-a62d-8cb5b585f293', 'c0f9b501-7d38-4fcc-a565-65ad87f853f4', 'TC-4', 'General Team Competency', 'Exhibit strong team coordination and effective collaboration.', 4) ON CONFLICT DO NOTHING;
INSERT INTO period_criterion_outcome_maps (id, period_id, period_criterion_id, period_outcome_id, coverage_type, weight) VALUES ('74260c8f-9729-4803-a759-397602f63e73', 'bf4ee98f-1fd2-418d-a62d-8cb5b585f293', '24809e2d-ea6f-4306-a60b-8c9b5ba230e1', 'b3952270-2a15-49ac-a5f2-ff894d8befd0', 'indirect', 1) ON CONFLICT DO NOTHING;
INSERT INTO period_criterion_outcome_maps (id, period_id, period_criterion_id, period_outcome_id, coverage_type, weight) VALUES ('850675ed-2128-4b7d-ade0-8fd6e3a50c3a', 'bf4ee98f-1fd2-418d-a62d-8cb5b585f293', 'c37d84a0-f0d9-4386-a75f-6ecaff196a1d', '2670b517-fd78-450f-a8c4-548ac79c88a4', 'direct', 0.7) ON CONFLICT DO NOTHING;
INSERT INTO period_criterion_outcome_maps (id, period_id, period_criterion_id, period_outcome_id, coverage_type, weight) VALUES ('20bb4be9-e721-426c-a680-0bf9577d4040', 'bf4ee98f-1fd2-418d-a62d-8cb5b585f293', 'c37d84a0-f0d9-4386-a75f-6ecaff196a1d', 'b3952270-2a15-49ac-a5f2-ff894d8befd0', 'indirect', 0.3) ON CONFLICT DO NOTHING;
INSERT INTO period_criterion_outcome_maps (id, period_id, period_criterion_id, period_outcome_id, coverage_type, weight) VALUES ('d29d03bc-4b61-473e-ac93-42e15a568285', 'bf4ee98f-1fd2-418d-a62d-8cb5b585f293', '0c95a783-0c54-42d5-a2fe-559d093af7f5', '2f382f10-5c3a-4640-a121-8ecfd0cfc0d0', 'direct', 0.8) ON CONFLICT DO NOTHING;
INSERT INTO period_criterion_outcome_maps (id, period_id, period_criterion_id, period_outcome_id, coverage_type, weight) VALUES ('a0188c96-96f6-43d3-ac6f-a186ff4c4447', 'bf4ee98f-1fd2-418d-a62d-8cb5b585f293', '0c95a783-0c54-42d5-a2fe-559d093af7f5', '2670b517-fd78-450f-a8c4-548ac79c88a4', 'indirect', 0.2) ON CONFLICT DO NOTHING;
INSERT INTO periods (id, organization_id, framework_id, name, season, description, start_date, end_date, is_current, is_locked, is_visible, poster_date, snapshot_frozen_at, activated_at, updated_at) VALUES ('05a1eb4a-d4cf-478b-a52d-578c3d9c22ad', '088f5054-c9df-4c7f-a679-c1321524f250', 'cf0b03e5-576d-4961-a0cc-f86b7852b85f', '2026 Competition', 'Evaluation', 'TÜBİTAK 2204-A 2026 National Science Competition', '2026-03-01', '2026-06-30', true, false, true, '2026-06-15', (timestamp '2026-06-15 09:00:00' - interval '24 hours 0 minutes'), (timestamp '2026-06-15 09:00:00' - interval '24 hours 0 minutes'), (timestamp '2026-06-15 09:00:00' - interval '20 hours 0 minutes')) ON CONFLICT DO NOTHING;
INSERT INTO period_criteria (id, period_id, source_criterion_id, key, label, short_label, description, max_score, weight, color, rubric_bands, sort_order) VALUES ('ace7bb79-4e9e-4b7f-a049-4b2684bb67d7', '05a1eb4a-d4cf-478b-a52d-578c3d9c22ad', '9153ef48-d850-40bf-a60b-985c27b85214', 'originality', 'Originality & Creativity', 'Originality', 'Evaluates novelty of the research question, uniqueness of the approach, and significance of the contribution to scientific knowledge.', 35, 35, '#8B5CF6', '[{"min":31,"max":35,"label":"Excellent","description":"Research question is novel and addresses a genuine gap."},{"min":24,"max":30,"label":"Good","description":"Research topic has originality with a clear contribution."},{"min":17,"max":23,"label":"Developing","description":"Topic is relevant but well-trodden."},{"min":0,"max":16,"label":"Insufficient","description":"No original contribution."}]', 1) ON CONFLICT DO NOTHING;
INSERT INTO period_criteria (id, period_id, source_criterion_id, key, label, short_label, description, max_score, weight, color, rubric_bands, sort_order) VALUES ('3ceed4da-6045-435f-aaa5-f08cafe18240', '05a1eb4a-d4cf-478b-a52d-578c3d9c22ad', 'ed12bef7-680e-44c5-a2c2-eafd7f911f6b', 'scientific_method', 'Scientific Method & Rigor', 'Method', 'Assesses rigor of experimental design, hypothesis clarity, control conditions, reproducibility, and statistical validity of results.', 40, 40, '#3B82F6', '[{"min":35,"max":40,"label":"Excellent","description":"Hypothesis is clearly stated and testable. Proper controls and adequate sample size."},{"min":27,"max":34,"label":"Good","description":"Methodology is sound with minor gaps."},{"min":19,"max":26,"label":"Developing","description":"Basic methodology present but controls weak."},{"min":0,"max":18,"label":"Insufficient","description":"No clear hypothesis or experimental design."}]', 2) ON CONFLICT DO NOTHING;
INSERT INTO period_criteria (id, period_id, source_criterion_id, key, label, short_label, description, max_score, weight, color, rubric_bands, sort_order) VALUES ('656fac7d-722f-4b52-aeb7-b36115296682', '05a1eb4a-d4cf-478b-a52d-578c3d9c22ad', 'b2079523-b082-451d-afaa-b9f1ae7e5141', 'impact_and_presentation', 'Impact & Presentation', 'Impact', 'Evaluates real-world applicability of research findings and the overall quality of the oral and poster presentation.', 25, 25, '#F59E0B', '[{"min":22,"max":25,"label":"Excellent","description":"Results have clear real-world applicability."},{"min":17,"max":21,"label":"Good","description":"Potential impact is described."},{"min":12,"max":16,"label":"Developing","description":"Impact is mentioned but not convincingly argued."},{"min":0,"max":11,"label":"Insufficient","description":"No discussion of impact."}]', 3) ON CONFLICT DO NOTHING;
INSERT INTO period_outcomes (id, period_id, source_outcome_id, code, label, description, sort_order) VALUES ('11b577e8-6d62-4bc1-a320-8ae571bad250', '05a1eb4a-d4cf-478b-a52d-578c3d9c22ad', '927c6ee5-bb03-44b8-afda-2a97f4272add', 'RC-1', 'Originality and Creativity', 'Demonstrate original thinking addressing genuine gaps in scientific literature.', 1) ON CONFLICT DO NOTHING;
INSERT INTO period_outcomes (id, period_id, source_outcome_id, code, label, description, sort_order) VALUES ('403a9258-b029-4fb5-ab76-73c1b36c4ba2', '05a1eb4a-d4cf-478b-a52d-578c3d9c22ad', '8258a7a0-3329-4b87-a2f9-ed57789c5d5f', 'RC-2', 'Scientific Method', 'Apply rigorous scientific methodology including proper experimental design.', 2) ON CONFLICT DO NOTHING;
INSERT INTO period_outcomes (id, period_id, source_outcome_id, code, label, description, sort_order) VALUES ('5e722d14-e47f-40a5-a895-6ad28a6aedd1', '05a1eb4a-d4cf-478b-a52d-578c3d9c22ad', '29460c43-c2cc-42dc-a55c-9ae4ac05cb0f', 'RC-3', 'Results and Recommendations', 'Present clear, reproducible results with actionable recommendations.', 3) ON CONFLICT DO NOTHING;
INSERT INTO period_outcomes (id, period_id, source_outcome_id, code, label, description, sort_order) VALUES ('ddcf601a-6f4c-407d-ad0c-605d9104f4a0', '05a1eb4a-d4cf-478b-a52d-578c3d9c22ad', '5971a865-48c8-45c7-a1fe-42276ca9c27c', 'RC-4', 'Applicability and Feasibility', 'Demonstrate practical applicability for real-world implementation.', 4) ON CONFLICT DO NOTHING;
INSERT INTO period_outcomes (id, period_id, source_outcome_id, code, label, description, sort_order) VALUES ('bbe9f6e6-765b-4e46-ac6a-9d88ec48236d', '05a1eb4a-d4cf-478b-a52d-578c3d9c22ad', '5994e0a4-3fa2-434e-abab-246d6d0f6cf3', 'RC-5', 'Broader Impact', 'Articulate the broader societal, environmental, or economic impact.', 5) ON CONFLICT DO NOTHING;
INSERT INTO period_criterion_outcome_maps (id, period_id, period_criterion_id, period_outcome_id, coverage_type, weight) VALUES ('75e5d6c5-4b27-4b56-ada1-2de4bf9e1807', '05a1eb4a-d4cf-478b-a52d-578c3d9c22ad', 'ace7bb79-4e9e-4b7f-a049-4b2684bb67d7', '11b577e8-6d62-4bc1-a320-8ae571bad250', 'direct', 0.7) ON CONFLICT DO NOTHING;
INSERT INTO period_criterion_outcome_maps (id, period_id, period_criterion_id, period_outcome_id, coverage_type, weight) VALUES ('1e404fa8-fc55-471f-a769-f1d51d009a6e', '05a1eb4a-d4cf-478b-a52d-578c3d9c22ad', 'ace7bb79-4e9e-4b7f-a049-4b2684bb67d7', 'ddcf601a-6f4c-407d-ad0c-605d9104f4a0', 'direct', 0.3) ON CONFLICT DO NOTHING;
INSERT INTO period_criterion_outcome_maps (id, period_id, period_criterion_id, period_outcome_id, coverage_type, weight) VALUES ('8cdfe19e-3f95-4f39-a8b6-a574dcc88f53', '05a1eb4a-d4cf-478b-a52d-578c3d9c22ad', '3ceed4da-6045-435f-aaa5-f08cafe18240', '403a9258-b029-4fb5-ab76-73c1b36c4ba2', 'direct', 0.5) ON CONFLICT DO NOTHING;
INSERT INTO period_criterion_outcome_maps (id, period_id, period_criterion_id, period_outcome_id, coverage_type, weight) VALUES ('f9500dae-cf11-40ce-aff2-9bb3fe1f98e1', '05a1eb4a-d4cf-478b-a52d-578c3d9c22ad', '3ceed4da-6045-435f-aaa5-f08cafe18240', '5e722d14-e47f-40a5-a895-6ad28a6aedd1', 'direct', 0.5) ON CONFLICT DO NOTHING;
INSERT INTO period_criterion_outcome_maps (id, period_id, period_criterion_id, period_outcome_id, coverage_type, weight) VALUES ('0def6bc6-5a58-4436-a6b1-598925495c7a', '05a1eb4a-d4cf-478b-a52d-578c3d9c22ad', '656fac7d-722f-4b52-aeb7-b36115296682', 'bbe9f6e6-765b-4e46-ac6a-9d88ec48236d', 'direct', 0.5) ON CONFLICT DO NOTHING;
INSERT INTO period_criterion_outcome_maps (id, period_id, period_criterion_id, period_outcome_id, coverage_type, weight) VALUES ('cd6f4379-4946-4b06-a12a-064ec28b6bcf', '05a1eb4a-d4cf-478b-a52d-578c3d9c22ad', '656fac7d-722f-4b52-aeb7-b36115296682', '5e722d14-e47f-40a5-a895-6ad28a6aedd1', 'direct', 0.3) ON CONFLICT DO NOTHING;
INSERT INTO period_criterion_outcome_maps (id, period_id, period_criterion_id, period_outcome_id, coverage_type, weight) VALUES ('d69405cc-dd57-4a83-a383-724f195cce7e', '05a1eb4a-d4cf-478b-a52d-578c3d9c22ad', '656fac7d-722f-4b52-aeb7-b36115296682', 'ddcf601a-6f4c-407d-ad0c-605d9104f4a0', 'direct', 0.2) ON CONFLICT DO NOTHING;
INSERT INTO periods (id, organization_id, framework_id, name, season, description, start_date, end_date, is_current, is_locked, is_visible, poster_date, snapshot_frozen_at, activated_at, updated_at) VALUES ('bb63166c-d38c-4278-a1e9-5c8b7b081a6c', '088f5054-c9df-4c7f-a679-c1321524f250', 'cf0b03e5-576d-4961-a0cc-f86b7852b85f', '2025 Competition', 'Evaluation', 'TÜBİTAK 2204-A 2025 Finals', '2025-03-01', '2025-06-30', false, true, true, '2025-06-16', (timestamp '2025-06-16 09:00:00' - interval '24 hours 0 minutes'), (timestamp '2025-06-16 09:00:00' - interval '24 hours 0 minutes'), (timestamp '2025-06-16 09:00:00' + interval '144 hours 0 minutes')) ON CONFLICT DO NOTHING;
INSERT INTO period_criteria (id, period_id, source_criterion_id, key, label, short_label, description, max_score, weight, color, rubric_bands, sort_order) VALUES ('f7160a57-742e-4428-ad3a-9ac826e3b2a4', 'bb63166c-d38c-4278-a1e9-5c8b7b081a6c', '9153ef48-d850-40bf-a60b-985c27b85214', 'originality', 'Originality & Creativity', 'Originality', 'Evaluates novelty of the research question, uniqueness of the approach, and significance of the contribution to scientific knowledge.', 35, 35, '#8B5CF6', '[{"min":31,"max":35,"label":"Excellent","description":"Research question is novel and addresses a genuine gap."},{"min":24,"max":30,"label":"Good","description":"Research topic has originality with a clear contribution."},{"min":17,"max":23,"label":"Developing","description":"Topic is relevant but well-trodden."},{"min":0,"max":16,"label":"Insufficient","description":"No original contribution."}]', 1) ON CONFLICT DO NOTHING;
INSERT INTO period_criteria (id, period_id, source_criterion_id, key, label, short_label, description, max_score, weight, color, rubric_bands, sort_order) VALUES ('c1ab6f6b-5e43-4f4f-aa87-bc0e498e5bf3', 'bb63166c-d38c-4278-a1e9-5c8b7b081a6c', 'ed12bef7-680e-44c5-a2c2-eafd7f911f6b', 'scientific_method', 'Scientific Method & Rigor', 'Method', 'Assesses rigor of experimental design, hypothesis clarity, control conditions, reproducibility, and statistical validity of results.', 40, 40, '#3B82F6', '[{"min":35,"max":40,"label":"Excellent","description":"Hypothesis is clearly stated and testable. Proper controls and adequate sample size."},{"min":27,"max":34,"label":"Good","description":"Methodology is sound with minor gaps."},{"min":19,"max":26,"label":"Developing","description":"Basic methodology present but controls weak."},{"min":0,"max":18,"label":"Insufficient","description":"No clear hypothesis or experimental design."}]', 2) ON CONFLICT DO NOTHING;
INSERT INTO period_criteria (id, period_id, source_criterion_id, key, label, short_label, description, max_score, weight, color, rubric_bands, sort_order) VALUES ('e1076839-63e0-4033-aa0d-4dde565034ea', 'bb63166c-d38c-4278-a1e9-5c8b7b081a6c', 'b2079523-b082-451d-afaa-b9f1ae7e5141', 'impact_and_presentation', 'Presentation & Impact', 'Impact', 'Evaluates real-world applicability of research findings and the overall quality of the oral and poster presentation.', 25, 25, '#F59E0B', '[{"min":22,"max":25,"label":"Excellent","description":"Presentation is polished and the real-world impact of results is convincingly argued."},{"min":17,"max":21,"label":"Good","description":"Presentation is clear and impact is discussed with supporting evidence."},{"min":12,"max":16,"label":"Developing","description":"Presentation is adequate but impact claims lack supporting data."},{"min":0,"max":11,"label":"Insufficient","description":"Presentation is weak and no meaningful impact discussion provided."}]', 3) ON CONFLICT DO NOTHING;
INSERT INTO period_outcomes (id, period_id, source_outcome_id, code, label, description, sort_order) VALUES ('437af770-fc6a-48f1-adb4-a645576f9819', 'bb63166c-d38c-4278-a1e9-5c8b7b081a6c', '927c6ee5-bb03-44b8-afda-2a97f4272add', 'RC-1', 'Originality and Creativity', 'Demonstrate original thinking addressing genuine gaps in scientific literature.', 1) ON CONFLICT DO NOTHING;
INSERT INTO period_outcomes (id, period_id, source_outcome_id, code, label, description, sort_order) VALUES ('f5ac0f63-963d-4f6d-af5b-ec49bd879a52', 'bb63166c-d38c-4278-a1e9-5c8b7b081a6c', '8258a7a0-3329-4b87-a2f9-ed57789c5d5f', 'RC-2', 'Scientific Method', 'Apply rigorous scientific methodology including proper experimental design.', 2) ON CONFLICT DO NOTHING;
INSERT INTO period_outcomes (id, period_id, source_outcome_id, code, label, description, sort_order) VALUES ('eb67f759-9882-4af1-ab7d-63e9ab951cf9', 'bb63166c-d38c-4278-a1e9-5c8b7b081a6c', '29460c43-c2cc-42dc-a55c-9ae4ac05cb0f', 'RC-3', 'Results and Recommendations', 'Present clear, reproducible results with actionable recommendations.', 3) ON CONFLICT DO NOTHING;
INSERT INTO period_outcomes (id, period_id, source_outcome_id, code, label, description, sort_order) VALUES ('4bbdd4f2-f5a1-4e1b-a6c2-f9f52a125626', 'bb63166c-d38c-4278-a1e9-5c8b7b081a6c', '5971a865-48c8-45c7-a1fe-42276ca9c27c', 'RC-4', 'Applicability and Feasibility', 'Demonstrate practical applicability for real-world implementation.', 4) ON CONFLICT DO NOTHING;
INSERT INTO period_outcomes (id, period_id, source_outcome_id, code, label, description, sort_order) VALUES ('6e0a31ef-db0f-44a8-a341-9c0fb0e6d600', 'bb63166c-d38c-4278-a1e9-5c8b7b081a6c', '5994e0a4-3fa2-434e-abab-246d6d0f6cf3', 'RC-5', 'Broader Impact', 'Articulate the broader societal, environmental, or economic impact.', 5) ON CONFLICT DO NOTHING;
INSERT INTO period_criterion_outcome_maps (id, period_id, period_criterion_id, period_outcome_id, coverage_type, weight) VALUES ('9b58ba9f-7e02-4361-a8fb-62fa39d7fea8', 'bb63166c-d38c-4278-a1e9-5c8b7b081a6c', 'f7160a57-742e-4428-ad3a-9ac826e3b2a4', '437af770-fc6a-48f1-adb4-a645576f9819', 'direct', 0.7) ON CONFLICT DO NOTHING;
INSERT INTO period_criterion_outcome_maps (id, period_id, period_criterion_id, period_outcome_id, coverage_type, weight) VALUES ('8dfba0d4-6eb5-495b-a97a-9ef3bd0d19b2', 'bb63166c-d38c-4278-a1e9-5c8b7b081a6c', 'f7160a57-742e-4428-ad3a-9ac826e3b2a4', '4bbdd4f2-f5a1-4e1b-a6c2-f9f52a125626', 'direct', 0.3) ON CONFLICT DO NOTHING;
INSERT INTO period_criterion_outcome_maps (id, period_id, period_criterion_id, period_outcome_id, coverage_type, weight) VALUES ('5709637a-d7cb-4702-a736-35c4bfa7f39d', 'bb63166c-d38c-4278-a1e9-5c8b7b081a6c', 'c1ab6f6b-5e43-4f4f-aa87-bc0e498e5bf3', 'f5ac0f63-963d-4f6d-af5b-ec49bd879a52', 'indirect', 0.5) ON CONFLICT DO NOTHING;
INSERT INTO period_criterion_outcome_maps (id, period_id, period_criterion_id, period_outcome_id, coverage_type, weight) VALUES ('8cc7824b-1598-4412-aaaf-59cfe3b9677d', 'bb63166c-d38c-4278-a1e9-5c8b7b081a6c', 'c1ab6f6b-5e43-4f4f-aa87-bc0e498e5bf3', 'eb67f759-9882-4af1-ab7d-63e9ab951cf9', 'direct', 0.5) ON CONFLICT DO NOTHING;
INSERT INTO period_criterion_outcome_maps (id, period_id, period_criterion_id, period_outcome_id, coverage_type, weight) VALUES ('6c59fd4e-8d1f-4f27-a81a-b98e164420f9', 'bb63166c-d38c-4278-a1e9-5c8b7b081a6c', 'e1076839-63e0-4033-aa0d-4dde565034ea', '6e0a31ef-db0f-44a8-a341-9c0fb0e6d600', 'direct', 0.5) ON CONFLICT DO NOTHING;
INSERT INTO period_criterion_outcome_maps (id, period_id, period_criterion_id, period_outcome_id, coverage_type, weight) VALUES ('1ae4761d-ee51-4317-aa8a-03c3ecf85232', 'bb63166c-d38c-4278-a1e9-5c8b7b081a6c', 'e1076839-63e0-4033-aa0d-4dde565034ea', 'eb67f759-9882-4af1-ab7d-63e9ab951cf9', 'indirect', 0.3) ON CONFLICT DO NOTHING;
INSERT INTO period_criterion_outcome_maps (id, period_id, period_criterion_id, period_outcome_id, coverage_type, weight) VALUES ('9ed70d8c-cb3a-4d69-ae10-60b20433f237', 'bb63166c-d38c-4278-a1e9-5c8b7b081a6c', 'e1076839-63e0-4033-aa0d-4dde565034ea', '4bbdd4f2-f5a1-4e1b-a6c2-f9f52a125626', 'direct', 0.2) ON CONFLICT DO NOTHING;
INSERT INTO periods (id, organization_id, framework_id, name, season, description, start_date, end_date, is_current, is_locked, is_visible, poster_date, snapshot_frozen_at, activated_at, updated_at) VALUES ('3f9cabdb-61dc-45da-afa5-dbb1747cd8c8', '088f5054-c9df-4c7f-a679-c1321524f250', 'cf0b03e5-576d-4961-a0cc-f86b7852b85f', '2024 Competition', 'Evaluation', 'TÜBİTAK 2204-A 2024 Finals', '2024-03-01', '2024-06-30', false, true, true, '2024-06-17', (timestamp '2024-06-17 09:00:00' - interval '24 hours 0 minutes'), (timestamp '2024-06-17 09:00:00' - interval '24 hours 0 minutes'), (timestamp '2024-06-17 09:00:00' + interval '144 hours 0 minutes')) ON CONFLICT DO NOTHING;
INSERT INTO period_criteria (id, period_id, source_criterion_id, key, label, short_label, description, max_score, weight, color, rubric_bands, sort_order) VALUES ('37ec86c1-bd1d-4155-a442-a1454ef973c5', '3f9cabdb-61dc-45da-afa5-dbb1747cd8c8', '9153ef48-d850-40bf-a60b-985c27b85214', 'originality', 'Innovation', 'Originality', 'Evaluates novelty of the research question, uniqueness of the approach, and significance of the contribution to scientific knowledge.', 35, 30, '#8B5CF6', '[{"min":31,"max":35,"label":"Excellent","description":"Proposes a genuinely novel idea that advances the field beyond existing work."},{"min":24,"max":30,"label":"Good","description":"Shows clear innovative thinking with a distinguishable contribution."},{"min":17,"max":23,"label":"Developing","description":"Builds on known ideas with limited novel contribution."},{"min":0,"max":16,"label":"Insufficient","description":"Replicates existing work without meaningful innovation."}]', 1) ON CONFLICT DO NOTHING;
INSERT INTO period_criteria (id, period_id, source_criterion_id, key, label, short_label, description, max_score, weight, color, rubric_bands, sort_order) VALUES ('3ac872ec-e845-4aec-a4e4-c27376aa77e8', '3f9cabdb-61dc-45da-afa5-dbb1747cd8c8', 'ed12bef7-680e-44c5-a2c2-eafd7f911f6b', 'scientific_method', 'Scientific Method & Rigor', 'Method', 'Assesses rigor of experimental design, hypothesis clarity, control conditions, reproducibility, and statistical validity of results.', 40, 45, '#3B82F6', '[{"min":35,"max":40,"label":"Excellent","description":"Hypothesis is clearly stated and testable. Proper controls and adequate sample size."},{"min":27,"max":34,"label":"Good","description":"Methodology is sound with minor gaps."},{"min":19,"max":26,"label":"Developing","description":"Basic methodology present but controls weak."},{"min":0,"max":18,"label":"Insufficient","description":"No clear hypothesis or experimental design."}]', 2) ON CONFLICT DO NOTHING;
INSERT INTO period_criteria (id, period_id, source_criterion_id, key, label, short_label, description, max_score, weight, color, rubric_bands, sort_order) VALUES ('795dd7aa-24c7-44df-acd2-44dbb529189c', '3f9cabdb-61dc-45da-afa5-dbb1747cd8c8', 'b2079523-b082-451d-afaa-b9f1ae7e5141', 'impact_and_presentation', 'Impact Assessment', 'Impact', 'Evaluates real-world applicability of research findings and the overall quality of the oral and poster presentation.', 25, 25, '#F59E0B', '[{"min":22,"max":25,"label":"Excellent","description":"Impact assessment is data-driven with clear societal or scientific benefit."},{"min":17,"max":21,"label":"Good","description":"Impact is identified and reasonably supported with evidence."},{"min":12,"max":16,"label":"Developing","description":"Impact is mentioned but assessment is vague or unsupported."},{"min":0,"max":11,"label":"Insufficient","description":"No structured impact assessment provided."}]', 3) ON CONFLICT DO NOTHING;
INSERT INTO period_outcomes (id, period_id, source_outcome_id, code, label, description, sort_order) VALUES ('3df65d7d-879e-4bff-a891-87fbffe29653', '3f9cabdb-61dc-45da-afa5-dbb1747cd8c8', '927c6ee5-bb03-44b8-afda-2a97f4272add', 'RC-1', 'Originality and Creativity', 'Demonstrate original thinking addressing genuine gaps in scientific literature.', 1) ON CONFLICT DO NOTHING;
INSERT INTO period_outcomes (id, period_id, source_outcome_id, code, label, description, sort_order) VALUES ('0f33a1de-6900-4758-ae0f-816b2b43a3f3', '3f9cabdb-61dc-45da-afa5-dbb1747cd8c8', '8258a7a0-3329-4b87-a2f9-ed57789c5d5f', 'RC-2', 'Scientific Method', 'Apply rigorous scientific methodology including proper experimental design.', 2) ON CONFLICT DO NOTHING;
INSERT INTO period_outcomes (id, period_id, source_outcome_id, code, label, description, sort_order) VALUES ('e1beba2b-0e40-41e3-a632-91a9155cfd21', '3f9cabdb-61dc-45da-afa5-dbb1747cd8c8', '29460c43-c2cc-42dc-a55c-9ae4ac05cb0f', 'RC-3', 'Results and Recommendations', 'Present clear, reproducible results with actionable recommendations.', 3) ON CONFLICT DO NOTHING;
INSERT INTO period_outcomes (id, period_id, source_outcome_id, code, label, description, sort_order) VALUES ('387cfa40-f275-427b-a459-4f12dbec2138', '3f9cabdb-61dc-45da-afa5-dbb1747cd8c8', '5971a865-48c8-45c7-a1fe-42276ca9c27c', 'RC-4', 'Applicability and Feasibility', 'Demonstrate practical applicability for real-world implementation.', 4) ON CONFLICT DO NOTHING;
INSERT INTO period_outcomes (id, period_id, source_outcome_id, code, label, description, sort_order) VALUES ('3a3dea08-a9ef-45d4-a6c6-13d1e3fc852d', '3f9cabdb-61dc-45da-afa5-dbb1747cd8c8', '5994e0a4-3fa2-434e-abab-246d6d0f6cf3', 'RC-5', 'Broader Impact', 'Articulate the broader societal, environmental, or economic impact.', 5) ON CONFLICT DO NOTHING;
INSERT INTO period_criterion_outcome_maps (id, period_id, period_criterion_id, period_outcome_id, coverage_type, weight) VALUES ('c7086037-b29b-4b28-a57c-ce4ebbe51806', '3f9cabdb-61dc-45da-afa5-dbb1747cd8c8', '37ec86c1-bd1d-4155-a442-a1454ef973c5', '3df65d7d-879e-4bff-a891-87fbffe29653', 'direct', 0.7) ON CONFLICT DO NOTHING;
INSERT INTO period_criterion_outcome_maps (id, period_id, period_criterion_id, period_outcome_id, coverage_type, weight) VALUES ('86c8baed-f7d7-4599-a1ae-0ca65334878a', '3f9cabdb-61dc-45da-afa5-dbb1747cd8c8', '37ec86c1-bd1d-4155-a442-a1454ef973c5', '387cfa40-f275-427b-a459-4f12dbec2138', 'direct', 0.3) ON CONFLICT DO NOTHING;
INSERT INTO period_criterion_outcome_maps (id, period_id, period_criterion_id, period_outcome_id, coverage_type, weight) VALUES ('c55e7c99-3d54-425b-acb5-c0b0efbcaa3e', '3f9cabdb-61dc-45da-afa5-dbb1747cd8c8', '3ac872ec-e845-4aec-a4e4-c27376aa77e8', '0f33a1de-6900-4758-ae0f-816b2b43a3f3', 'indirect', 0.5) ON CONFLICT DO NOTHING;
INSERT INTO period_criterion_outcome_maps (id, period_id, period_criterion_id, period_outcome_id, coverage_type, weight) VALUES ('67dad2ec-4ffe-4177-a7ce-66e8cb2d8a57', '3f9cabdb-61dc-45da-afa5-dbb1747cd8c8', '3ac872ec-e845-4aec-a4e4-c27376aa77e8', 'e1beba2b-0e40-41e3-a632-91a9155cfd21', 'direct', 0.5) ON CONFLICT DO NOTHING;
INSERT INTO period_criterion_outcome_maps (id, period_id, period_criterion_id, period_outcome_id, coverage_type, weight) VALUES ('c5dac49e-d2b8-4b8c-a862-4250f2b10451', '3f9cabdb-61dc-45da-afa5-dbb1747cd8c8', '795dd7aa-24c7-44df-acd2-44dbb529189c', '3a3dea08-a9ef-45d4-a6c6-13d1e3fc852d', 'direct', 0.5) ON CONFLICT DO NOTHING;
INSERT INTO period_criterion_outcome_maps (id, period_id, period_criterion_id, period_outcome_id, coverage_type, weight) VALUES ('6f139c54-0ffb-40bd-a59b-df9931deef5e', '3f9cabdb-61dc-45da-afa5-dbb1747cd8c8', '795dd7aa-24c7-44df-acd2-44dbb529189c', 'e1beba2b-0e40-41e3-a632-91a9155cfd21', 'direct', 0.3) ON CONFLICT DO NOTHING;
INSERT INTO period_criterion_outcome_maps (id, period_id, period_criterion_id, period_outcome_id, coverage_type, weight) VALUES ('a1ead7c0-bc85-40cb-abf3-a473754aefdf', '3f9cabdb-61dc-45da-afa5-dbb1747cd8c8', '795dd7aa-24c7-44df-acd2-44dbb529189c', '387cfa40-f275-427b-a459-4f12dbec2138', 'indirect', 0.2) ON CONFLICT DO NOTHING;
INSERT INTO periods (id, organization_id, framework_id, name, season, description, start_date, end_date, is_current, is_locked, is_visible, poster_date, snapshot_frozen_at, activated_at, updated_at) VALUES ('6c44b363-4522-4cad-a251-06484b72b164', 'ff81ecf1-13ac-44b2-a331-0a207a8c7184', '8df4448a-b223-4569-a92e-4c81b669b065', '2026 Contest', 'Evaluation', 'IEEE AP-S Student Design Contest 2026', '2026-06-01', '2026-08-15', true, false, true, '2026-07-14', (timestamp '2026-07-14 09:00:00' - interval '24 hours 0 minutes'), (timestamp '2026-07-14 09:00:00' - interval '24 hours 0 minutes'), (timestamp '2026-07-14 09:00:00' - interval '20 hours 0 minutes')) ON CONFLICT DO NOTHING;
INSERT INTO period_criteria (id, period_id, source_criterion_id, key, label, short_label, description, max_score, weight, color, rubric_bands, sort_order) VALUES ('bef0ee60-1170-401b-a860-190ae7af1d01', '6c44b363-4522-4cad-a251-06484b72b164', '87559029-8bad-47de-afc6-43faaa45230b', 'creativity', 'Creativity & Innovation', 'Creativity', 'Evaluates novelty of the antenna design concept relative to existing literature and current state-of-the-art solutions.', 30, 30, '#EC4899', '[{"min":27,"max":30,"label":"Excellent","description":"Novel topology or technique not commonly seen in literature."},{"min":21,"max":26,"label":"Good","description":"Design shows originality in at least one dimension."},{"min":13,"max":20,"label":"Developing","description":"Conventional approaches with minor modifications."},{"min":0,"max":12,"label":"Insufficient","description":"Direct copy with no meaningful contribution."}]', 1) ON CONFLICT DO NOTHING;
INSERT INTO period_criteria (id, period_id, source_criterion_id, key, label, short_label, description, max_score, weight, color, rubric_bands, sort_order) VALUES ('14b446ba-82d2-4360-a0d5-3d650c766907', '6c44b363-4522-4cad-a251-06484b72b164', 'ee91d9af-bcf4-49a4-a966-cbd063bbb8f5', 'technical_merit', 'Technical Merit', 'Technical', 'Assesses closeness of agreement between simulation and measurement results, and overall RF performance quality.', 40, 40, '#3B82F6', '[{"min":35,"max":40,"label":"Excellent","description":"Simulation and measurement results agree closely."},{"min":27,"max":34,"label":"Good","description":"Solid results with acceptable agreement."},{"min":19,"max":26,"label":"Developing","description":"Simulation results presented but measurement validation limited."},{"min":0,"max":18,"label":"Insufficient","description":"No measurement results or significant discrepancy."}]', 2) ON CONFLICT DO NOTHING;
INSERT INTO period_criteria (id, period_id, source_criterion_id, key, label, short_label, description, max_score, weight, color, rubric_bands, sort_order) VALUES ('c7b88d63-b8b9-4151-ae69-d608d9cc4435', '6c44b363-4522-4cad-a251-06484b72b164', '03cdba6e-ce74-412d-ab8a-8819efca56ba', 'application_and_presentation', 'Application & Presentation', 'Presentation', 'Evaluates clarity of the proposed real-world application use case and the quality of the overall design presentation.', 30, 30, '#F59E0B', '[{"min":27,"max":30,"label":"Excellent","description":"Clear real-world application with compelling use case."},{"min":21,"max":26,"label":"Good","description":"Application context established."},{"min":13,"max":20,"label":"Developing","description":"Application mentioned but not developed."},{"min":0,"max":12,"label":"Insufficient","description":"No clear application."}]', 3) ON CONFLICT DO NOTHING;
INSERT INTO period_outcomes (id, period_id, source_outcome_id, code, label, description, sort_order) VALUES ('a1d7fcba-4898-43dc-a93c-c694b0363915', '6c44b363-4522-4cad-a251-06484b72b164', 'd4f70008-8664-4fc1-adca-346d3719c329', 'DC-1', 'Creativity', 'Demonstrate novel antenna design concepts.', 1) ON CONFLICT DO NOTHING;
INSERT INTO period_outcomes (id, period_id, source_outcome_id, code, label, description, sort_order) VALUES ('a4cfecc0-11f3-42c4-acb0-0f103676c76e', '6c44b363-4522-4cad-a251-06484b72b164', '22c36b11-dbe6-4200-a746-877759e831c7', 'DC-2', 'Technical Merit', 'Exhibit strong technical foundations with validated results.', 2) ON CONFLICT DO NOTHING;
INSERT INTO period_outcomes (id, period_id, source_outcome_id, code, label, description, sort_order) VALUES ('b9d52774-972a-4cb6-a1e2-0b96ca31f4de', '6c44b363-4522-4cad-a251-06484b72b164', 'c08428e2-0dca-42a4-a982-8f8f34f1a827', 'DC-3', 'Practical Application', 'Address a clear real-world application.', 3) ON CONFLICT DO NOTHING;
INSERT INTO period_outcomes (id, period_id, source_outcome_id, code, label, description, sort_order) VALUES ('4b576b1f-7904-48b5-acba-5edad81d49a0', '6c44b363-4522-4cad-a251-06484b72b164', '208c4237-ddb7-4d8d-ae87-221df0bf5619', 'DC-4', 'Educational Value', 'Show educational merit through clear documentation.', 4) ON CONFLICT DO NOTHING;
INSERT INTO period_criterion_outcome_maps (id, period_id, period_criterion_id, period_outcome_id, coverage_type, weight) VALUES ('02a5cdbb-384b-4696-abd0-953a9de9ef9a', '6c44b363-4522-4cad-a251-06484b72b164', 'bef0ee60-1170-401b-a860-190ae7af1d01', 'a1d7fcba-4898-43dc-a93c-c694b0363915', 'direct', 0.7) ON CONFLICT DO NOTHING;
INSERT INTO period_criterion_outcome_maps (id, period_id, period_criterion_id, period_outcome_id, coverage_type, weight) VALUES ('bd032766-7474-4b5b-a4f0-e85f9fabff3a', '6c44b363-4522-4cad-a251-06484b72b164', 'bef0ee60-1170-401b-a860-190ae7af1d01', '4b576b1f-7904-48b5-acba-5edad81d49a0', 'direct', 0.3) ON CONFLICT DO NOTHING;
INSERT INTO period_criterion_outcome_maps (id, period_id, period_criterion_id, period_outcome_id, coverage_type, weight) VALUES ('cce42c77-331b-406b-a106-b49ffad9280c', '6c44b363-4522-4cad-a251-06484b72b164', '14b446ba-82d2-4360-a0d5-3d650c766907', 'a4cfecc0-11f3-42c4-acb0-0f103676c76e', 'direct', 0.8) ON CONFLICT DO NOTHING;
INSERT INTO period_criterion_outcome_maps (id, period_id, period_criterion_id, period_outcome_id, coverage_type, weight) VALUES ('cf88ba97-8084-4984-abfb-19c873ae45ff', '6c44b363-4522-4cad-a251-06484b72b164', '14b446ba-82d2-4360-a0d5-3d650c766907', 'b9d52774-972a-4cb6-a1e2-0b96ca31f4de', 'direct', 0.2) ON CONFLICT DO NOTHING;
INSERT INTO period_criterion_outcome_maps (id, period_id, period_criterion_id, period_outcome_id, coverage_type, weight) VALUES ('752c8c37-b4f9-4546-aa06-b1cf0dbd4752', '6c44b363-4522-4cad-a251-06484b72b164', 'c7b88d63-b8b9-4151-ae69-d608d9cc4435', 'b9d52774-972a-4cb6-a1e2-0b96ca31f4de', 'direct', 0.5) ON CONFLICT DO NOTHING;
INSERT INTO period_criterion_outcome_maps (id, period_id, period_criterion_id, period_outcome_id, coverage_type, weight) VALUES ('aeadf48d-248a-4046-a0df-52596a427df6', '6c44b363-4522-4cad-a251-06484b72b164', 'c7b88d63-b8b9-4151-ae69-d608d9cc4435', '4b576b1f-7904-48b5-acba-5edad81d49a0', 'direct', 0.3) ON CONFLICT DO NOTHING;
INSERT INTO period_criterion_outcome_maps (id, period_id, period_criterion_id, period_outcome_id, coverage_type, weight) VALUES ('f932d12c-6a5b-459d-a25b-1f7c52d3681a', '6c44b363-4522-4cad-a251-06484b72b164', 'c7b88d63-b8b9-4151-ae69-d608d9cc4435', 'a1d7fcba-4898-43dc-a93c-c694b0363915', 'direct', 0.2) ON CONFLICT DO NOTHING;
INSERT INTO periods (id, organization_id, framework_id, name, season, description, start_date, end_date, is_current, is_locked, is_visible, poster_date, snapshot_frozen_at, activated_at, updated_at) VALUES ('318124ea-8614-4355-ad48-2486524dfc13', 'ff81ecf1-13ac-44b2-a331-0a207a8c7184', '8df4448a-b223-4569-a92e-4c81b669b065', '2025 Contest', 'Evaluation', 'IEEE AP-S SDC 2025', '2025-06-01', '2025-08-15', false, true, true, '2025-07-13', (timestamp '2025-07-13 09:00:00' - interval '24 hours 0 minutes'), (timestamp '2025-07-13 09:00:00' - interval '24 hours 0 minutes'), (timestamp '2025-07-13 09:00:00' + interval '144 hours 0 minutes')) ON CONFLICT DO NOTHING;
INSERT INTO period_criteria (id, period_id, source_criterion_id, key, label, short_label, description, max_score, weight, color, rubric_bands, sort_order) VALUES ('f9fff257-dd3c-402c-a751-be4cd5b12e92', '318124ea-8614-4355-ad48-2486524dfc13', '87559029-8bad-47de-afc6-43faaa45230b', 'creativity', 'Creativity & Innovation', 'Creativity', 'Evaluates novelty of the antenna design concept relative to existing literature and current state-of-the-art solutions.', 30, 30, '#EC4899', '[{"min":27,"max":30,"label":"Excellent","description":"Novel topology or technique not commonly seen in literature."},{"min":21,"max":26,"label":"Good","description":"Design shows originality in at least one dimension."},{"min":13,"max":20,"label":"Developing","description":"Conventional approaches with minor modifications."},{"min":0,"max":12,"label":"Insufficient","description":"Direct copy with no meaningful contribution."}]', 1) ON CONFLICT DO NOTHING;
INSERT INTO period_criteria (id, period_id, source_criterion_id, key, label, short_label, description, max_score, weight, color, rubric_bands, sort_order) VALUES ('e64b33e7-ae8d-4c65-a011-618a8d31e2c4', '318124ea-8614-4355-ad48-2486524dfc13', 'ee91d9af-bcf4-49a4-a966-cbd063bbb8f5', 'technical_merit', 'Technical Merit', 'Technical', 'Assesses closeness of agreement between simulation and measurement results, and overall RF performance quality.', 40, 40, '#3B82F6', '[{"min":35,"max":40,"label":"Excellent","description":"Simulation and measurement results agree closely."},{"min":27,"max":34,"label":"Good","description":"Solid results with acceptable agreement."},{"min":19,"max":26,"label":"Developing","description":"Simulation results presented but measurement validation limited."},{"min":0,"max":18,"label":"Insufficient","description":"No measurement results or significant discrepancy."}]', 2) ON CONFLICT DO NOTHING;
INSERT INTO period_criteria (id, period_id, source_criterion_id, key, label, short_label, description, max_score, weight, color, rubric_bands, sort_order) VALUES ('364bedf6-a50f-425c-aa45-3567c85d5ff8', '318124ea-8614-4355-ad48-2486524dfc13', '03cdba6e-ce74-412d-ab8a-8819efca56ba', 'application_and_presentation', 'Application & Demo', 'Presentation', 'Evaluates clarity of the proposed real-world application use case and the quality of the overall design presentation.', 30, 30, '#F59E0B', '[{"min":27,"max":30,"label":"Excellent","description":"Live demo is compelling and clearly demonstrates a real-world application scenario."},{"min":21,"max":26,"label":"Good","description":"Demo works and application context is well-established."},{"min":13,"max":20,"label":"Developing","description":"Demo is partial or application scenario is not convincing."},{"min":0,"max":12,"label":"Insufficient","description":"No working demo or application context."}]', 3) ON CONFLICT DO NOTHING;
INSERT INTO period_outcomes (id, period_id, source_outcome_id, code, label, description, sort_order) VALUES ('bda43672-8856-400b-aab9-896d99b2db46', '318124ea-8614-4355-ad48-2486524dfc13', 'd4f70008-8664-4fc1-adca-346d3719c329', 'DC-1', 'Creativity', 'Demonstrate novel antenna design concepts.', 1) ON CONFLICT DO NOTHING;
INSERT INTO period_outcomes (id, period_id, source_outcome_id, code, label, description, sort_order) VALUES ('db67f25a-34b4-41d2-ab4f-34e3d3f9ac9b', '318124ea-8614-4355-ad48-2486524dfc13', '22c36b11-dbe6-4200-a746-877759e831c7', 'DC-2', 'Technical Merit', 'Exhibit strong technical foundations with validated results.', 2) ON CONFLICT DO NOTHING;
INSERT INTO period_outcomes (id, period_id, source_outcome_id, code, label, description, sort_order) VALUES ('01bf8ecb-1c02-476c-a436-f1d2b5c08ee7', '318124ea-8614-4355-ad48-2486524dfc13', 'c08428e2-0dca-42a4-a982-8f8f34f1a827', 'DC-3', 'Practical Application', 'Address a clear real-world application.', 3) ON CONFLICT DO NOTHING;
INSERT INTO period_outcomes (id, period_id, source_outcome_id, code, label, description, sort_order) VALUES ('7cd29032-d663-4020-a190-6c17db0870ed', '318124ea-8614-4355-ad48-2486524dfc13', '208c4237-ddb7-4d8d-ae87-221df0bf5619', 'DC-4', 'Educational Value', 'Show educational merit through clear documentation.', 4) ON CONFLICT DO NOTHING;
INSERT INTO period_criterion_outcome_maps (id, period_id, period_criterion_id, period_outcome_id, coverage_type, weight) VALUES ('cc958a6a-7269-45dd-a8da-15b4ba6348ef', '318124ea-8614-4355-ad48-2486524dfc13', 'f9fff257-dd3c-402c-a751-be4cd5b12e92', 'bda43672-8856-400b-aab9-896d99b2db46', 'indirect', 0.7) ON CONFLICT DO NOTHING;
INSERT INTO period_criterion_outcome_maps (id, period_id, period_criterion_id, period_outcome_id, coverage_type, weight) VALUES ('6ed7d778-df20-4c13-afd3-1c53f25552c6', '318124ea-8614-4355-ad48-2486524dfc13', 'f9fff257-dd3c-402c-a751-be4cd5b12e92', '7cd29032-d663-4020-a190-6c17db0870ed', 'direct', 0.3) ON CONFLICT DO NOTHING;
INSERT INTO period_criterion_outcome_maps (id, period_id, period_criterion_id, period_outcome_id, coverage_type, weight) VALUES ('e1cca70c-77ce-4c46-a982-84d201a34f05', '318124ea-8614-4355-ad48-2486524dfc13', 'e64b33e7-ae8d-4c65-a011-618a8d31e2c4', 'db67f25a-34b4-41d2-ab4f-34e3d3f9ac9b', 'indirect', 0.8) ON CONFLICT DO NOTHING;
INSERT INTO period_criterion_outcome_maps (id, period_id, period_criterion_id, period_outcome_id, coverage_type, weight) VALUES ('ad49446a-54e5-406d-a334-470a800e5ec9', '318124ea-8614-4355-ad48-2486524dfc13', 'e64b33e7-ae8d-4c65-a011-618a8d31e2c4', '01bf8ecb-1c02-476c-a436-f1d2b5c08ee7', 'direct', 0.2) ON CONFLICT DO NOTHING;
INSERT INTO period_criterion_outcome_maps (id, period_id, period_criterion_id, period_outcome_id, coverage_type, weight) VALUES ('98e47a68-eefc-4fa9-af71-be14c399b69d', '318124ea-8614-4355-ad48-2486524dfc13', '364bedf6-a50f-425c-aa45-3567c85d5ff8', '01bf8ecb-1c02-476c-a436-f1d2b5c08ee7', 'direct', 0.5) ON CONFLICT DO NOTHING;
INSERT INTO period_criterion_outcome_maps (id, period_id, period_criterion_id, period_outcome_id, coverage_type, weight) VALUES ('740978e9-26e5-4766-a242-da8410c18ef8', '318124ea-8614-4355-ad48-2486524dfc13', '364bedf6-a50f-425c-aa45-3567c85d5ff8', '7cd29032-d663-4020-a190-6c17db0870ed', 'direct', 0.3) ON CONFLICT DO NOTHING;
INSERT INTO period_criterion_outcome_maps (id, period_id, period_criterion_id, period_outcome_id, coverage_type, weight) VALUES ('4406cc33-9202-4f20-abbe-ea9e36edf24f', '318124ea-8614-4355-ad48-2486524dfc13', '364bedf6-a50f-425c-aa45-3567c85d5ff8', 'bda43672-8856-400b-aab9-896d99b2db46', 'direct', 0.2) ON CONFLICT DO NOTHING;
INSERT INTO periods (id, organization_id, framework_id, name, season, description, start_date, end_date, is_current, is_locked, is_visible, poster_date, snapshot_frozen_at, activated_at, updated_at) VALUES ('b7014c23-db5e-4be5-a5d6-d9597e8578cc', 'ff81ecf1-13ac-44b2-a331-0a207a8c7184', '8df4448a-b223-4569-a92e-4c81b669b065', '2024 Contest', 'Evaluation', 'IEEE AP-S SDC 2024', '2024-06-01', '2024-08-15', false, true, true, '2024-07-14', (timestamp '2024-07-14 09:00:00' - interval '24 hours 0 minutes'), (timestamp '2024-07-14 09:00:00' - interval '24 hours 0 minutes'), (timestamp '2024-07-14 09:00:00' + interval '144 hours 0 minutes')) ON CONFLICT DO NOTHING;
INSERT INTO period_criteria (id, period_id, source_criterion_id, key, label, short_label, description, max_score, weight, color, rubric_bands, sort_order) VALUES ('ba64aea1-ea3d-4194-a943-072cecebe7da', 'b7014c23-db5e-4be5-a5d6-d9597e8578cc', '87559029-8bad-47de-afc6-43faaa45230b', 'creativity', 'Innovation', 'Creativity', 'Evaluates novelty of the antenna design concept relative to existing literature and current state-of-the-art solutions.', 30, 25, '#EC4899', '[{"min":27,"max":30,"label":"Excellent","description":"Design introduces a novel concept or technique with clear differentiation from prior art."},{"min":21,"max":26,"label":"Good","description":"Design shows originality in approach or implementation."},{"min":13,"max":20,"label":"Developing","description":"Incremental modifications to a conventional design."},{"min":0,"max":12,"label":"Insufficient","description":"No discernible innovation over standard approaches."}]', 1) ON CONFLICT DO NOTHING;
INSERT INTO period_criteria (id, period_id, source_criterion_id, key, label, short_label, description, max_score, weight, color, rubric_bands, sort_order) VALUES ('98470b72-67ab-4567-a032-60878aa519ac', 'b7014c23-db5e-4be5-a5d6-d9597e8578cc', 'ee91d9af-bcf4-49a4-a966-cbd063bbb8f5', 'technical_merit', 'Technical Merit', 'Technical', 'Assesses closeness of agreement between simulation and measurement results, and overall RF performance quality.', 40, 45, '#3B82F6', '[{"min":35,"max":40,"label":"Excellent","description":"Simulation and measurement show strong agreement. Performance meets or exceeds specifications."},{"min":27,"max":34,"label":"Good","description":"Results are solid with reasonable sim-measurement correlation."},{"min":19,"max":26,"label":"Developing","description":"Simulation presented but measurement validation is insufficient."},{"min":0,"max":18,"label":"Insufficient","description":"No measurement results or major discrepancies with simulation."}]', 2) ON CONFLICT DO NOTHING;
INSERT INTO period_criteria (id, period_id, source_criterion_id, key, label, short_label, description, max_score, weight, color, rubric_bands, sort_order) VALUES ('4ed2d550-6e1d-445e-a788-36a46c491f1a', 'b7014c23-db5e-4be5-a5d6-d9597e8578cc', '03cdba6e-ce74-412d-ab8a-8819efca56ba', 'application_and_presentation', 'Application & Presentation', 'Presentation', 'Evaluates clarity of the proposed real-world application use case and the quality of the overall design presentation.', 30, 30, '#F59E0B', '[{"min":27,"max":30,"label":"Excellent","description":"Clear real-world application with compelling use case."},{"min":21,"max":26,"label":"Good","description":"Application context established."},{"min":13,"max":20,"label":"Developing","description":"Application mentioned but not developed."},{"min":0,"max":12,"label":"Insufficient","description":"No clear application."}]', 3) ON CONFLICT DO NOTHING;
INSERT INTO period_outcomes (id, period_id, source_outcome_id, code, label, description, sort_order) VALUES ('f3a20abf-b2c4-4cc9-a21f-cc58313f3356', 'b7014c23-db5e-4be5-a5d6-d9597e8578cc', 'd4f70008-8664-4fc1-adca-346d3719c329', 'DC-1', 'Creativity', 'Demonstrate novel antenna design concepts.', 1) ON CONFLICT DO NOTHING;
INSERT INTO period_outcomes (id, period_id, source_outcome_id, code, label, description, sort_order) VALUES ('c431b523-edef-4ce3-aa48-ad23008c703a', 'b7014c23-db5e-4be5-a5d6-d9597e8578cc', '22c36b11-dbe6-4200-a746-877759e831c7', 'DC-2', 'Technical Merit', 'Exhibit strong technical foundations with validated results.', 2) ON CONFLICT DO NOTHING;
INSERT INTO period_outcomes (id, period_id, source_outcome_id, code, label, description, sort_order) VALUES ('50629813-93b3-4f8f-a9e5-e6311e7dfb84', 'b7014c23-db5e-4be5-a5d6-d9597e8578cc', 'c08428e2-0dca-42a4-a982-8f8f34f1a827', 'DC-3', 'Practical Application', 'Address a clear real-world application.', 3) ON CONFLICT DO NOTHING;
INSERT INTO period_outcomes (id, period_id, source_outcome_id, code, label, description, sort_order) VALUES ('33653e1e-a34b-4726-a7a9-156e8e811b41', 'b7014c23-db5e-4be5-a5d6-d9597e8578cc', '208c4237-ddb7-4d8d-ae87-221df0bf5619', 'DC-4', 'Educational Value', 'Show educational merit through clear documentation.', 4) ON CONFLICT DO NOTHING;
INSERT INTO period_criterion_outcome_maps (id, period_id, period_criterion_id, period_outcome_id, coverage_type, weight) VALUES ('e0b51edb-d518-42e1-af3d-f87c92e3f7fe', 'b7014c23-db5e-4be5-a5d6-d9597e8578cc', 'ba64aea1-ea3d-4194-a943-072cecebe7da', 'f3a20abf-b2c4-4cc9-a21f-cc58313f3356', 'direct', 0.7) ON CONFLICT DO NOTHING;
INSERT INTO period_criterion_outcome_maps (id, period_id, period_criterion_id, period_outcome_id, coverage_type, weight) VALUES ('22b807aa-c507-4e9b-a311-6862b7e01ee9', 'b7014c23-db5e-4be5-a5d6-d9597e8578cc', 'ba64aea1-ea3d-4194-a943-072cecebe7da', '33653e1e-a34b-4726-a7a9-156e8e811b41', 'direct', 0.3) ON CONFLICT DO NOTHING;
INSERT INTO period_criterion_outcome_maps (id, period_id, period_criterion_id, period_outcome_id, coverage_type, weight) VALUES ('cfa816b1-8a16-4359-a1ea-4d1ddd26a3dd', 'b7014c23-db5e-4be5-a5d6-d9597e8578cc', '98470b72-67ab-4567-a032-60878aa519ac', 'c431b523-edef-4ce3-aa48-ad23008c703a', 'indirect', 0.8) ON CONFLICT DO NOTHING;
INSERT INTO period_criterion_outcome_maps (id, period_id, period_criterion_id, period_outcome_id, coverage_type, weight) VALUES ('1d976832-d69b-4780-aa19-9deb601adcc2', 'b7014c23-db5e-4be5-a5d6-d9597e8578cc', '98470b72-67ab-4567-a032-60878aa519ac', '50629813-93b3-4f8f-a9e5-e6311e7dfb84', 'direct', 0.2) ON CONFLICT DO NOTHING;
INSERT INTO period_criterion_outcome_maps (id, period_id, period_criterion_id, period_outcome_id, coverage_type, weight) VALUES ('6b6a3773-0a93-42b7-a8c3-5710f4383d28', 'b7014c23-db5e-4be5-a5d6-d9597e8578cc', '4ed2d550-6e1d-445e-a788-36a46c491f1a', '50629813-93b3-4f8f-a9e5-e6311e7dfb84', 'direct', 0.5) ON CONFLICT DO NOTHING;
INSERT INTO period_criterion_outcome_maps (id, period_id, period_criterion_id, period_outcome_id, coverage_type, weight) VALUES ('8b8b190c-9756-4c9b-ae55-59a676cf93f6', 'b7014c23-db5e-4be5-a5d6-d9597e8578cc', '4ed2d550-6e1d-445e-a788-36a46c491f1a', '33653e1e-a34b-4726-a7a9-156e8e811b41', 'direct', 0.3) ON CONFLICT DO NOTHING;
INSERT INTO period_criterion_outcome_maps (id, period_id, period_criterion_id, period_outcome_id, coverage_type, weight) VALUES ('639a35e2-46b2-46f5-aea8-312fb55570b2', 'b7014c23-db5e-4be5-a5d6-d9597e8578cc', '4ed2d550-6e1d-445e-a788-36a46c491f1a', 'f3a20abf-b2c4-4cc9-a21f-cc58313f3356', 'direct', 0.2) ON CONFLICT DO NOTHING;
INSERT INTO periods (id, organization_id, framework_id, name, season, description, start_date, end_date, is_current, is_locked, is_visible, poster_date, snapshot_frozen_at, activated_at, updated_at) VALUES ('47979751-163d-48b3-ae56-a65586d18f1b', 'b72b74d8-1d2c-4b0d-a982-48bfbed8fb29', '80954c7f-86cc-4d85-aa08-2a6c6d59e7ff', '2026 Season', 'Spring', 'CanSat 2026 Launch Competition', '2026-03-01', '2026-07-15', true, false, true, '2026-06-08', (timestamp '2026-06-08 09:00:00' - interval '24 hours 0 minutes'), (timestamp '2026-06-08 09:00:00' - interval '24 hours 0 minutes'), (timestamp '2026-06-08 09:00:00' - interval '20 hours 0 minutes')) ON CONFLICT DO NOTHING;
INSERT INTO period_criteria (id, period_id, source_criterion_id, key, label, short_label, description, max_score, weight, color, rubric_bands, sort_order) VALUES ('c33e7c6c-d2a0-4a2a-a56d-61625346ba0d', '47979751-163d-48b3-ae56-a65586d18f1b', '4f8cf9da-b0c7-4a62-ae00-c127f9c6eb8a', 'design_compliance', 'Design Constraints Compliance', 'Compliance', 'Evaluates adherence to all specified volume, mass, and structural design constraints, with documented margin analysis.', 20, 20, '#6366F1', '[{"min":18,"max":20,"label":"Excellent","description":"All constraints fully met with documented margin analysis."},{"min":14,"max":17,"label":"Good","description":"Constraints met with minor deviations."},{"min":10,"max":13,"label":"Developing","description":"One or more constraints marginally exceeded."},{"min":0,"max":9,"label":"Insufficient","description":"Multiple constraints violated."}]', 1) ON CONFLICT DO NOTHING;
INSERT INTO period_criteria (id, period_id, source_criterion_id, key, label, short_label, description, max_score, weight, color, rubric_bands, sort_order) VALUES ('02116bcb-cbfa-4011-ad98-97f3cf2c7f2d', '47979751-163d-48b3-ae56-a65586d18f1b', '2acdc2ab-1710-48df-a764-c1e4b5e8ec4e', 'mission_execution', 'Mission Execution & Telemetry', 'Mission', 'Assesses successful execution of primary and secondary mission objectives with continuous and reliable telemetry throughout the flight.', 35, 35, '#EF4444', '[{"min":31,"max":35,"label":"Excellent","description":"Primary and secondary missions fully executed. Continuous telemetry."},{"min":24,"max":30,"label":"Good","description":"Primary mission completed. Minor telemetry gaps."},{"min":17,"max":23,"label":"Developing","description":"Primary mission partially completed."},{"min":0,"max":16,"label":"Insufficient","description":"Mission fails to execute."}]', 2) ON CONFLICT DO NOTHING;
INSERT INTO period_criteria (id, period_id, source_criterion_id, key, label, short_label, description, max_score, weight, color, rubric_bands, sort_order) VALUES ('9ade7fa5-71bd-49c2-ab3b-54b92cad1f11', '47979751-163d-48b3-ae56-a65586d18f1b', '7065e7e2-dffe-49f3-a6bf-2d59c6661b90', 'data_and_documentation', 'Data Analysis & Documentation', 'Data', 'Evaluates depth and appropriateness of post-flight data analysis and the overall quality and completeness of written documentation.', 25, 25, '#3B82F6', '[{"min":22,"max":25,"label":"Excellent","description":"Flight data thoroughly analyzed with appropriate methods."},{"min":17,"max":21,"label":"Good","description":"Data analysis competent. Post-flight report addresses key findings."},{"min":12,"max":16,"label":"Developing","description":"Data presented but analysis shallow."},{"min":0,"max":11,"label":"Insufficient","description":"Raw data dump with no meaningful analysis."}]', 3) ON CONFLICT DO NOTHING;
INSERT INTO period_criteria (id, period_id, source_criterion_id, key, label, short_label, description, max_score, weight, color, rubric_bands, sort_order) VALUES ('18f89a44-f174-4ac6-a17a-56d22bfbca1c', '47979751-163d-48b3-ae56-a65586d18f1b', '089917fe-ade5-4d49-a70d-d9b1f8f6d319', 'safety_and_recovery', 'Safety & Recovery', 'Safety', 'Assesses adherence to all range safety procedures, descent rate control within specification, and successful CanSat recovery.', 20, 20, '#10B981', '[{"min":18,"max":20,"label":"Excellent","description":"Recovered intact. Descent rate within spec. All safety procedures followed."},{"min":14,"max":17,"label":"Good","description":"Recovery successful with minor issues."},{"min":10,"max":13,"label":"Developing","description":"Recovery partial or descent rate deviates."},{"min":0,"max":9,"label":"Insufficient","description":"CanSat lost or damaged."}]', 4) ON CONFLICT DO NOTHING;
INSERT INTO period_outcomes (id, period_id, source_outcome_id, code, label, description, sort_order) VALUES ('2509554a-6c30-48a6-a234-69bc6c197b9c', '47979751-163d-48b3-ae56-a65586d18f1b', 'a7c6db91-308c-49ba-a91a-172d1e4f00f8', 'CS-1', 'Design Constraints Compliance', 'Meet all specified volume, mass, and structural constraints.', 1) ON CONFLICT DO NOTHING;
INSERT INTO period_outcomes (id, period_id, source_outcome_id, code, label, description, sort_order) VALUES ('7698d6e4-025b-427b-aa70-05e9c84f1d5b', '47979751-163d-48b3-ae56-a65586d18f1b', '5589d3d4-c99e-4d87-a314-83e41236ca3a', 'CS-2', 'Primary Mission Execution', 'Successfully execute primary mission objectives with reliable telemetry.', 2) ON CONFLICT DO NOTHING;
INSERT INTO period_outcomes (id, period_id, source_outcome_id, code, label, description, sort_order) VALUES ('4552a456-f3e9-4d16-a606-76a25210e5b2', '47979751-163d-48b3-ae56-a65586d18f1b', '8e106aab-5b22-43d8-aa13-3ce02bff7660', 'CS-3', 'Descent Control and Recovery', 'Achieve controlled descent and successful recovery.', 3) ON CONFLICT DO NOTHING;
INSERT INTO period_outcomes (id, period_id, source_outcome_id, code, label, description, sort_order) VALUES ('abc4b9f6-b584-4866-af1c-2f12562a7247', '47979751-163d-48b3-ae56-a65586d18f1b', '7d5079e4-7b9c-4643-ac59-588ae909330f', 'CS-4', 'Safety and Restrictions Compliance', 'Adhere to all range safety procedures.', 4) ON CONFLICT DO NOTHING;
INSERT INTO period_outcomes (id, period_id, source_outcome_id, code, label, description, sort_order) VALUES ('95119ea4-1abc-4954-a4c1-5e0f6f4e5f0b', '47979751-163d-48b3-ae56-a65586d18f1b', '08691235-b202-4833-a43d-46b4b5383f13', 'CS-5', 'Secondary Mission Originality', 'Design and execute a creative secondary mission.', 5) ON CONFLICT DO NOTHING;
INSERT INTO period_outcomes (id, period_id, source_outcome_id, code, label, description, sort_order) VALUES ('90a167c3-1619-4362-a7df-37e8513bdb49', '47979751-163d-48b3-ae56-a65586d18f1b', 'bce51d2c-50dc-4702-aa43-169b8160e443', 'CS-6', 'Data Analysis and Documentation Quality', 'Produce thorough post-flight analysis with clear documentation.', 6) ON CONFLICT DO NOTHING;
INSERT INTO period_criterion_outcome_maps (id, period_id, period_criterion_id, period_outcome_id, coverage_type, weight) VALUES ('867378c2-68a7-4035-af20-b46d544a3608', '47979751-163d-48b3-ae56-a65586d18f1b', 'c33e7c6c-d2a0-4a2a-a56d-61625346ba0d', '2509554a-6c30-48a6-a234-69bc6c197b9c', 'direct', 0.7) ON CONFLICT DO NOTHING;
INSERT INTO period_criterion_outcome_maps (id, period_id, period_criterion_id, period_outcome_id, coverage_type, weight) VALUES ('c38cacb7-8a36-4020-abf2-2a334bf2777b', '47979751-163d-48b3-ae56-a65586d18f1b', 'c33e7c6c-d2a0-4a2a-a56d-61625346ba0d', 'abc4b9f6-b584-4866-af1c-2f12562a7247', 'direct', 0.3) ON CONFLICT DO NOTHING;
INSERT INTO period_criterion_outcome_maps (id, period_id, period_criterion_id, period_outcome_id, coverage_type, weight) VALUES ('8bedbc17-88b6-43ad-a73a-68c13e0a774c', '47979751-163d-48b3-ae56-a65586d18f1b', '02116bcb-cbfa-4011-ad98-97f3cf2c7f2d', '7698d6e4-025b-427b-aa70-05e9c84f1d5b', 'direct', 0.5) ON CONFLICT DO NOTHING;
INSERT INTO period_criterion_outcome_maps (id, period_id, period_criterion_id, period_outcome_id, coverage_type, weight) VALUES ('1c2714ee-0ec6-4982-af77-b3e78a86544e', '47979751-163d-48b3-ae56-a65586d18f1b', '02116bcb-cbfa-4011-ad98-97f3cf2c7f2d', '95119ea4-1abc-4954-a4c1-5e0f6f4e5f0b', 'direct', 0.3) ON CONFLICT DO NOTHING;
INSERT INTO period_criterion_outcome_maps (id, period_id, period_criterion_id, period_outcome_id, coverage_type, weight) VALUES ('404b1944-9260-46f7-ace1-11a28945e7a5', '47979751-163d-48b3-ae56-a65586d18f1b', '02116bcb-cbfa-4011-ad98-97f3cf2c7f2d', '4552a456-f3e9-4d16-a606-76a25210e5b2', 'direct', 0.2) ON CONFLICT DO NOTHING;
INSERT INTO period_criterion_outcome_maps (id, period_id, period_criterion_id, period_outcome_id, coverage_type, weight) VALUES ('ee0015a4-d2af-4c7c-a70a-6826f13b30f2', '47979751-163d-48b3-ae56-a65586d18f1b', '9ade7fa5-71bd-49c2-ab3b-54b92cad1f11', '90a167c3-1619-4362-a7df-37e8513bdb49', 'direct', 0.7) ON CONFLICT DO NOTHING;
INSERT INTO period_criterion_outcome_maps (id, period_id, period_criterion_id, period_outcome_id, coverage_type, weight) VALUES ('8c71a9cc-7606-4155-aebc-e9a43235e33a', '47979751-163d-48b3-ae56-a65586d18f1b', '9ade7fa5-71bd-49c2-ab3b-54b92cad1f11', '7698d6e4-025b-427b-aa70-05e9c84f1d5b', 'direct', 0.3) ON CONFLICT DO NOTHING;
INSERT INTO period_criterion_outcome_maps (id, period_id, period_criterion_id, period_outcome_id, coverage_type, weight) VALUES ('d41c0731-e110-412d-a6bc-bf68ace09616', '47979751-163d-48b3-ae56-a65586d18f1b', '18f89a44-f174-4ac6-a17a-56d22bfbca1c', 'abc4b9f6-b584-4866-af1c-2f12562a7247', 'direct', 0.5) ON CONFLICT DO NOTHING;
INSERT INTO period_criterion_outcome_maps (id, period_id, period_criterion_id, period_outcome_id, coverage_type, weight) VALUES ('df629a13-46f8-4262-ac4f-1e355d20a117', '47979751-163d-48b3-ae56-a65586d18f1b', '18f89a44-f174-4ac6-a17a-56d22bfbca1c', '4552a456-f3e9-4d16-a606-76a25210e5b2', 'direct', 0.5) ON CONFLICT DO NOTHING;
INSERT INTO periods (id, organization_id, framework_id, name, season, description, start_date, end_date, is_current, is_locked, is_visible, poster_date, snapshot_frozen_at, activated_at, updated_at) VALUES ('10abd4e8-0cb9-4853-a17c-ac40da311bff', 'b72b74d8-1d2c-4b0d-a982-48bfbed8fb29', '80954c7f-86cc-4d85-aa08-2a6c6d59e7ff', '2025 Season', 'Spring', 'CanSat 2025 Competition', '2025-03-01', '2025-07-15', false, true, true, '2025-06-09', (timestamp '2025-06-09 09:00:00' - interval '24 hours 0 minutes'), (timestamp '2025-06-09 09:00:00' - interval '24 hours 0 minutes'), (timestamp '2025-06-09 09:00:00' + interval '144 hours 0 minutes')) ON CONFLICT DO NOTHING;
INSERT INTO period_criteria (id, period_id, source_criterion_id, key, label, short_label, description, max_score, weight, color, rubric_bands, sort_order) VALUES ('2d275ae4-9bda-42d7-a98b-0c5c22a7346f', '10abd4e8-0cb9-4853-a17c-ac40da311bff', '4f8cf9da-b0c7-4a62-ae00-c127f9c6eb8a', 'design_compliance', 'Design Constraints Compliance', 'Compliance', 'Evaluates adherence to all specified volume, mass, and structural design constraints, with documented margin analysis.', 20, 20, '#6366F1', '[{"min":18,"max":20,"label":"Excellent","description":"All constraints fully met with documented margin analysis."},{"min":14,"max":17,"label":"Good","description":"Constraints met with minor deviations."},{"min":10,"max":13,"label":"Developing","description":"One or more constraints marginally exceeded."},{"min":0,"max":9,"label":"Insufficient","description":"Multiple constraints violated."}]', 1) ON CONFLICT DO NOTHING;
INSERT INTO period_criteria (id, period_id, source_criterion_id, key, label, short_label, description, max_score, weight, color, rubric_bands, sort_order) VALUES ('b5706a3d-f4c5-46a9-a86c-4b4e3082665c', '10abd4e8-0cb9-4853-a17c-ac40da311bff', '2acdc2ab-1710-48df-a764-c1e4b5e8ec4e', 'mission_execution', 'Mission Execution & Telemetry', 'Mission', 'Assesses successful execution of primary and secondary mission objectives with continuous and reliable telemetry throughout the flight.', 35, 35, '#EF4444', '[{"min":31,"max":35,"label":"Excellent","description":"Primary and secondary missions fully executed. Continuous telemetry."},{"min":24,"max":30,"label":"Good","description":"Primary mission completed. Minor telemetry gaps."},{"min":17,"max":23,"label":"Developing","description":"Primary mission partially completed."},{"min":0,"max":16,"label":"Insufficient","description":"Mission fails to execute."}]', 2) ON CONFLICT DO NOTHING;
INSERT INTO period_criteria (id, period_id, source_criterion_id, key, label, short_label, description, max_score, weight, color, rubric_bands, sort_order) VALUES ('73155527-14c8-4fff-a5a3-8847cbf901cc', '10abd4e8-0cb9-4853-a17c-ac40da311bff', '7065e7e2-dffe-49f3-a6bf-2d59c6661b90', 'data_and_documentation', 'Data Analysis & Reporting', 'Data', 'Evaluates depth and appropriateness of post-flight data analysis and the overall quality and completeness of written documentation.', 25, 25, '#3B82F6', '[{"min":22,"max":25,"label":"Excellent","description":"Post-flight data is rigorously analyzed and reporting is thorough with clear methodology."},{"min":17,"max":21,"label":"Good","description":"Data analysis addresses key findings. Reporting is organized."},{"min":12,"max":16,"label":"Developing","description":"Data is presented but analysis depth is lacking."},{"min":0,"max":11,"label":"Insufficient","description":"Minimal analysis. Data is raw with no structured reporting."}]', 3) ON CONFLICT DO NOTHING;
INSERT INTO period_criteria (id, period_id, source_criterion_id, key, label, short_label, description, max_score, weight, color, rubric_bands, sort_order) VALUES ('93da0efc-1f68-4c82-afa8-15b5afd72df7', '10abd4e8-0cb9-4853-a17c-ac40da311bff', '089917fe-ade5-4d49-a70d-d9b1f8f6d319', 'safety_and_recovery', 'Safety & Recovery', 'Safety', 'Assesses adherence to all range safety procedures, descent rate control within specification, and successful CanSat recovery.', 20, 20, '#10B981', '[{"min":18,"max":20,"label":"Excellent","description":"Recovered intact. Descent rate within spec. All safety procedures followed."},{"min":14,"max":17,"label":"Good","description":"Recovery successful with minor issues."},{"min":10,"max":13,"label":"Developing","description":"Recovery partial or descent rate deviates."},{"min":0,"max":9,"label":"Insufficient","description":"CanSat lost or damaged."}]', 4) ON CONFLICT DO NOTHING;
INSERT INTO period_outcomes (id, period_id, source_outcome_id, code, label, description, sort_order) VALUES ('dfe056ed-24a0-44e8-a432-4ee3c96e6487', '10abd4e8-0cb9-4853-a17c-ac40da311bff', 'a7c6db91-308c-49ba-a91a-172d1e4f00f8', 'CS-1', 'Design Constraints Compliance', 'Meet all specified volume, mass, and structural constraints.', 1) ON CONFLICT DO NOTHING;
INSERT INTO period_outcomes (id, period_id, source_outcome_id, code, label, description, sort_order) VALUES ('8883904a-0682-41ec-a6aa-01dac16e3f60', '10abd4e8-0cb9-4853-a17c-ac40da311bff', '5589d3d4-c99e-4d87-a314-83e41236ca3a', 'CS-2', 'Primary Mission Execution', 'Successfully execute primary mission objectives with reliable telemetry.', 2) ON CONFLICT DO NOTHING;
INSERT INTO period_outcomes (id, period_id, source_outcome_id, code, label, description, sort_order) VALUES ('5b716032-08de-450e-a6e2-fbbca5b6e3be', '10abd4e8-0cb9-4853-a17c-ac40da311bff', '8e106aab-5b22-43d8-aa13-3ce02bff7660', 'CS-3', 'Descent Control and Recovery', 'Achieve controlled descent and successful recovery.', 3) ON CONFLICT DO NOTHING;
INSERT INTO period_outcomes (id, period_id, source_outcome_id, code, label, description, sort_order) VALUES ('bc72e379-f81d-402f-ac1c-96498faeec6c', '10abd4e8-0cb9-4853-a17c-ac40da311bff', '7d5079e4-7b9c-4643-ac59-588ae909330f', 'CS-4', 'Safety and Restrictions Compliance', 'Adhere to all range safety procedures.', 4) ON CONFLICT DO NOTHING;
INSERT INTO period_outcomes (id, period_id, source_outcome_id, code, label, description, sort_order) VALUES ('2c47e550-7672-4e01-af37-7f155b61af20', '10abd4e8-0cb9-4853-a17c-ac40da311bff', '08691235-b202-4833-a43d-46b4b5383f13', 'CS-5', 'Secondary Mission Originality', 'Design and execute a creative secondary mission.', 5) ON CONFLICT DO NOTHING;
INSERT INTO period_outcomes (id, period_id, source_outcome_id, code, label, description, sort_order) VALUES ('010e1973-b107-4c0a-a94a-f321ef6a4c4d', '10abd4e8-0cb9-4853-a17c-ac40da311bff', 'bce51d2c-50dc-4702-aa43-169b8160e443', 'CS-6', 'Data Analysis and Documentation Quality', 'Produce thorough post-flight analysis with clear documentation.', 6) ON CONFLICT DO NOTHING;
INSERT INTO period_criterion_outcome_maps (id, period_id, period_criterion_id, period_outcome_id, coverage_type, weight) VALUES ('c77ababb-e8f4-4885-a179-2ebcdea65236', '10abd4e8-0cb9-4853-a17c-ac40da311bff', '2d275ae4-9bda-42d7-a98b-0c5c22a7346f', 'dfe056ed-24a0-44e8-a432-4ee3c96e6487', 'indirect', 0.7) ON CONFLICT DO NOTHING;
INSERT INTO period_criterion_outcome_maps (id, period_id, period_criterion_id, period_outcome_id, coverage_type, weight) VALUES ('31b510a8-fca0-4d6e-af25-998dd572a17a', '10abd4e8-0cb9-4853-a17c-ac40da311bff', '2d275ae4-9bda-42d7-a98b-0c5c22a7346f', 'bc72e379-f81d-402f-ac1c-96498faeec6c', 'direct', 0.3) ON CONFLICT DO NOTHING;
INSERT INTO period_criterion_outcome_maps (id, period_id, period_criterion_id, period_outcome_id, coverage_type, weight) VALUES ('564e5364-a6e9-40a8-a259-03a54a0b1e9f', '10abd4e8-0cb9-4853-a17c-ac40da311bff', 'b5706a3d-f4c5-46a9-a86c-4b4e3082665c', '8883904a-0682-41ec-a6aa-01dac16e3f60', 'direct', 0.5) ON CONFLICT DO NOTHING;
INSERT INTO period_criterion_outcome_maps (id, period_id, period_criterion_id, period_outcome_id, coverage_type, weight) VALUES ('6818fa2d-80af-4766-ae98-922cec1b3391', '10abd4e8-0cb9-4853-a17c-ac40da311bff', 'b5706a3d-f4c5-46a9-a86c-4b4e3082665c', '2c47e550-7672-4e01-af37-7f155b61af20', 'direct', 0.3) ON CONFLICT DO NOTHING;
INSERT INTO period_criterion_outcome_maps (id, period_id, period_criterion_id, period_outcome_id, coverage_type, weight) VALUES ('22ebbe72-c8b2-4648-a287-bcc5e07a20b4', '10abd4e8-0cb9-4853-a17c-ac40da311bff', 'b5706a3d-f4c5-46a9-a86c-4b4e3082665c', '5b716032-08de-450e-a6e2-fbbca5b6e3be', 'indirect', 0.2) ON CONFLICT DO NOTHING;
INSERT INTO period_criterion_outcome_maps (id, period_id, period_criterion_id, period_outcome_id, coverage_type, weight) VALUES ('c8f4b7b3-3782-489e-a0b2-94d57e89bb51', '10abd4e8-0cb9-4853-a17c-ac40da311bff', '73155527-14c8-4fff-a5a3-8847cbf901cc', '010e1973-b107-4c0a-a94a-f321ef6a4c4d', 'indirect', 0.7) ON CONFLICT DO NOTHING;
INSERT INTO period_criterion_outcome_maps (id, period_id, period_criterion_id, period_outcome_id, coverage_type, weight) VALUES ('6a7396ec-b8aa-4a02-aec9-043012bbe8b7', '10abd4e8-0cb9-4853-a17c-ac40da311bff', '73155527-14c8-4fff-a5a3-8847cbf901cc', '8883904a-0682-41ec-a6aa-01dac16e3f60', 'direct', 0.3) ON CONFLICT DO NOTHING;
INSERT INTO period_criterion_outcome_maps (id, period_id, period_criterion_id, period_outcome_id, coverage_type, weight) VALUES ('e94349dc-388f-4169-a018-4e41995c10a5', '10abd4e8-0cb9-4853-a17c-ac40da311bff', '93da0efc-1f68-4c82-afa8-15b5afd72df7', 'bc72e379-f81d-402f-ac1c-96498faeec6c', 'direct', 0.5) ON CONFLICT DO NOTHING;
INSERT INTO period_criterion_outcome_maps (id, period_id, period_criterion_id, period_outcome_id, coverage_type, weight) VALUES ('f90956a5-52f8-42aa-ac85-b51d39523d86', '10abd4e8-0cb9-4853-a17c-ac40da311bff', '93da0efc-1f68-4c82-afa8-15b5afd72df7', '5b716032-08de-450e-a6e2-fbbca5b6e3be', 'direct', 0.5) ON CONFLICT DO NOTHING;
INSERT INTO periods (id, organization_id, framework_id, name, season, description, start_date, end_date, is_current, is_locked, is_visible, poster_date, snapshot_frozen_at, activated_at, updated_at) VALUES ('9f49cd18-d850-4b1e-ae53-c08253910f4e', 'b72b74d8-1d2c-4b0d-a982-48bfbed8fb29', '80954c7f-86cc-4d85-aa08-2a6c6d59e7ff', '2024 Season', 'Spring', 'CanSat 2024 Competition', '2024-03-01', '2024-07-15', false, true, true, '2024-06-10', (timestamp '2024-06-10 09:00:00' - interval '24 hours 0 minutes'), (timestamp '2024-06-10 09:00:00' - interval '24 hours 0 minutes'), (timestamp '2024-06-10 09:00:00' + interval '144 hours 0 minutes')) ON CONFLICT DO NOTHING;
INSERT INTO period_criteria (id, period_id, source_criterion_id, key, label, short_label, description, max_score, weight, color, rubric_bands, sort_order) VALUES ('70699916-5835-4002-a228-fa884a6cef12', '9f49cd18-d850-4b1e-ae53-c08253910f4e', '4f8cf9da-b0c7-4a62-ae00-c127f9c6eb8a', 'design_compliance', 'Constraints Verification', 'Compliance', 'Evaluates adherence to all specified volume, mass, and structural design constraints, with documented margin analysis.', 20, 20, '#6366F1', '[{"min":18,"max":20,"label":"Excellent","description":"All mass, volume, and structural constraints verified with documented margin analysis."},{"min":14,"max":17,"label":"Good","description":"Constraints are met with minor deviations within tolerance."},{"min":10,"max":13,"label":"Developing","description":"One or more constraints marginally exceeded without documented justification."},{"min":0,"max":9,"label":"Insufficient","description":"Multiple constraints violated or not verified."}]', 1) ON CONFLICT DO NOTHING;
INSERT INTO period_criteria (id, period_id, source_criterion_id, key, label, short_label, description, max_score, weight, color, rubric_bands, sort_order) VALUES ('542366fd-6437-4188-a080-ccf790202f3b', '9f49cd18-d850-4b1e-ae53-c08253910f4e', '2acdc2ab-1710-48df-a764-c1e4b5e8ec4e', 'mission_execution', 'Flight Performance', 'Mission', 'Assesses successful execution of primary and secondary mission objectives with continuous and reliable telemetry throughout the flight.', 35, 40, '#EF4444', '[{"min":31,"max":35,"label":"Excellent","description":"All flight objectives completed successfully with continuous telemetry throughout."},{"min":24,"max":30,"label":"Good","description":"Primary objectives met. Minor telemetry interruptions."},{"min":17,"max":23,"label":"Developing","description":"Flight was partial. Some objectives not achieved."},{"min":0,"max":16,"label":"Insufficient","description":"Flight failed or no meaningful data collected."}]', 2) ON CONFLICT DO NOTHING;
INSERT INTO period_criteria (id, period_id, source_criterion_id, key, label, short_label, description, max_score, weight, color, rubric_bands, sort_order) VALUES ('bb8a742e-e337-4eb1-a91a-befa45d4e30e', '9f49cd18-d850-4b1e-ae53-c08253910f4e', '7065e7e2-dffe-49f3-a6bf-2d59c6661b90', 'data_and_documentation', 'Data & Reports', 'Data', 'Evaluates depth and appropriateness of post-flight data analysis and the overall quality and completeness of written documentation.', 25, 20, '#3B82F6', '[{"min":22,"max":25,"label":"Excellent","description":"Post-flight reports are comprehensive with clear data visualizations and conclusions."},{"min":17,"max":21,"label":"Good","description":"Reports cover key data. Analysis is adequate."},{"min":12,"max":16,"label":"Developing","description":"Reports exist but analysis is shallow or incomplete."},{"min":0,"max":11,"label":"Insufficient","description":"No meaningful post-flight documentation provided."}]', 3) ON CONFLICT DO NOTHING;
INSERT INTO period_criteria (id, period_id, source_criterion_id, key, label, short_label, description, max_score, weight, color, rubric_bands, sort_order) VALUES ('327d79df-1a6a-4e5e-af2d-ece7cff070bd', '9f49cd18-d850-4b1e-ae53-c08253910f4e', '089917fe-ade5-4d49-a70d-d9b1f8f6d319', 'safety_and_recovery', 'Safety & Recovery', 'Safety', 'Assesses adherence to all range safety procedures, descent rate control within specification, and successful CanSat recovery.', 20, 20, '#10B981', '[{"min":18,"max":20,"label":"Excellent","description":"Recovered intact. Descent rate within spec. All safety procedures followed."},{"min":14,"max":17,"label":"Good","description":"Recovery successful with minor issues."},{"min":10,"max":13,"label":"Developing","description":"Recovery partial or descent rate deviates."},{"min":0,"max":9,"label":"Insufficient","description":"CanSat lost or damaged."}]', 4) ON CONFLICT DO NOTHING;
INSERT INTO period_outcomes (id, period_id, source_outcome_id, code, label, description, sort_order) VALUES ('2f10763b-e720-4f9f-a772-13a768c9882a', '9f49cd18-d850-4b1e-ae53-c08253910f4e', 'a7c6db91-308c-49ba-a91a-172d1e4f00f8', 'CS-1', 'Design Constraints Compliance', 'Meet all specified volume, mass, and structural constraints.', 1) ON CONFLICT DO NOTHING;
INSERT INTO period_outcomes (id, period_id, source_outcome_id, code, label, description, sort_order) VALUES ('47a44fc4-b8f1-4171-a562-8aba489720d5', '9f49cd18-d850-4b1e-ae53-c08253910f4e', '5589d3d4-c99e-4d87-a314-83e41236ca3a', 'CS-2', 'Primary Mission Execution', 'Successfully execute primary mission objectives with reliable telemetry.', 2) ON CONFLICT DO NOTHING;
INSERT INTO period_outcomes (id, period_id, source_outcome_id, code, label, description, sort_order) VALUES ('7eee0293-2d2a-4959-ad93-1e8da0c5b1c2', '9f49cd18-d850-4b1e-ae53-c08253910f4e', '8e106aab-5b22-43d8-aa13-3ce02bff7660', 'CS-3', 'Descent Control and Recovery', 'Achieve controlled descent and successful recovery.', 3) ON CONFLICT DO NOTHING;
INSERT INTO period_outcomes (id, period_id, source_outcome_id, code, label, description, sort_order) VALUES ('7a8232d3-e319-4e19-a16b-df10ae7b7cb4', '9f49cd18-d850-4b1e-ae53-c08253910f4e', '7d5079e4-7b9c-4643-ac59-588ae909330f', 'CS-4', 'Safety and Restrictions Compliance', 'Adhere to all range safety procedures.', 4) ON CONFLICT DO NOTHING;
INSERT INTO period_outcomes (id, period_id, source_outcome_id, code, label, description, sort_order) VALUES ('94da3bbe-6086-4868-a1d4-466f22287873', '9f49cd18-d850-4b1e-ae53-c08253910f4e', '08691235-b202-4833-a43d-46b4b5383f13', 'CS-5', 'Secondary Mission Originality', 'Design and execute a creative secondary mission.', 5) ON CONFLICT DO NOTHING;
INSERT INTO period_outcomes (id, period_id, source_outcome_id, code, label, description, sort_order) VALUES ('e6155dfb-7222-4e6c-a060-7c402afaa931', '9f49cd18-d850-4b1e-ae53-c08253910f4e', 'bce51d2c-50dc-4702-aa43-169b8160e443', 'CS-6', 'Data Analysis and Documentation Quality', 'Produce thorough post-flight analysis with clear documentation.', 6) ON CONFLICT DO NOTHING;
INSERT INTO period_criterion_outcome_maps (id, period_id, period_criterion_id, period_outcome_id, coverage_type, weight) VALUES ('58065819-a70c-4fbc-aa53-66094885d3c9', '9f49cd18-d850-4b1e-ae53-c08253910f4e', '70699916-5835-4002-a228-fa884a6cef12', '2f10763b-e720-4f9f-a772-13a768c9882a', 'direct', 0.7) ON CONFLICT DO NOTHING;
INSERT INTO period_criterion_outcome_maps (id, period_id, period_criterion_id, period_outcome_id, coverage_type, weight) VALUES ('aa137fa4-06af-4db8-ab8b-90da66b38148', '9f49cd18-d850-4b1e-ae53-c08253910f4e', '70699916-5835-4002-a228-fa884a6cef12', '7a8232d3-e319-4e19-a16b-df10ae7b7cb4', 'direct', 0.3) ON CONFLICT DO NOTHING;
INSERT INTO period_criterion_outcome_maps (id, period_id, period_criterion_id, period_outcome_id, coverage_type, weight) VALUES ('c4b66519-8b6c-43b8-ad16-66cdf4b47f27', '9f49cd18-d850-4b1e-ae53-c08253910f4e', '542366fd-6437-4188-a080-ccf790202f3b', '47a44fc4-b8f1-4171-a562-8aba489720d5', 'direct', 0.5) ON CONFLICT DO NOTHING;
INSERT INTO period_criterion_outcome_maps (id, period_id, period_criterion_id, period_outcome_id, coverage_type, weight) VALUES ('83d744c0-103c-4f83-a018-7ba258c84969', '9f49cd18-d850-4b1e-ae53-c08253910f4e', '542366fd-6437-4188-a080-ccf790202f3b', '94da3bbe-6086-4868-a1d4-466f22287873', 'direct', 0.3) ON CONFLICT DO NOTHING;
INSERT INTO period_criterion_outcome_maps (id, period_id, period_criterion_id, period_outcome_id, coverage_type, weight) VALUES ('81b25dd7-5a5c-4841-a882-ae12d555ab6f', '9f49cd18-d850-4b1e-ae53-c08253910f4e', '542366fd-6437-4188-a080-ccf790202f3b', '7eee0293-2d2a-4959-ad93-1e8da0c5b1c2', 'indirect', 0.2) ON CONFLICT DO NOTHING;
INSERT INTO period_criterion_outcome_maps (id, period_id, period_criterion_id, period_outcome_id, coverage_type, weight) VALUES ('eb2ad423-d40e-4475-adba-be4adc583d03', '9f49cd18-d850-4b1e-ae53-c08253910f4e', 'bb8a742e-e337-4eb1-a91a-befa45d4e30e', 'e6155dfb-7222-4e6c-a060-7c402afaa931', 'indirect', 0.7) ON CONFLICT DO NOTHING;
INSERT INTO period_criterion_outcome_maps (id, period_id, period_criterion_id, period_outcome_id, coverage_type, weight) VALUES ('97f8a369-072e-45f6-a10e-3eb9b5788d15', '9f49cd18-d850-4b1e-ae53-c08253910f4e', 'bb8a742e-e337-4eb1-a91a-befa45d4e30e', '47a44fc4-b8f1-4171-a562-8aba489720d5', 'direct', 0.3) ON CONFLICT DO NOTHING;
INSERT INTO period_criterion_outcome_maps (id, period_id, period_criterion_id, period_outcome_id, coverage_type, weight) VALUES ('e6701d72-130d-48d7-acae-e71e1b055e11', '9f49cd18-d850-4b1e-ae53-c08253910f4e', '327d79df-1a6a-4e5e-af2d-ece7cff070bd', '7a8232d3-e319-4e19-a16b-df10ae7b7cb4', 'direct', 0.5) ON CONFLICT DO NOTHING;
INSERT INTO period_criterion_outcome_maps (id, period_id, period_criterion_id, period_outcome_id, coverage_type, weight) VALUES ('f7bba372-5478-4998-a0c3-01805ccce937', '9f49cd18-d850-4b1e-ae53-c08253910f4e', '327d79df-1a6a-4e5e-af2d-ece7cff070bd', '7eee0293-2d2a-4959-ad93-1e8da0c5b1c2', 'direct', 0.5) ON CONFLICT DO NOTHING;

-- Projects
INSERT INTO projects (id, period_id, title, project_no, members, advisor_name, advisor_affiliation, description) VALUES ('93fcb76b-9827-4720-a1a8-9d65fdbc3055', 'a0d6f60d-ece4-40f8-aca2-955b4abc5d88', 'FPGA-Based Real-Time Signal Processing for 5G NR', 1, '[{"name":"Fatih Tezel","order":1},{"name":"Zehra Kurt","order":2},{"name":"Selin Akay","order":3}]', 'Prof. Turgut Ercan', 'TED University, EE', 'Implements a pipelined OFDM receiver on a Xilinx Zynq FPGA targeting 3GPP Release 17 numerology. Achieves sub-millisecond latency for channel estimation, equalization, and LDPC decoding with measured throughput exceeding 1.2 Gbps.') ON CONFLICT DO NOTHING;
INSERT INTO projects (id, period_id, title, project_no, members, advisor_name, advisor_affiliation, description) VALUES ('46123b99-4f0a-4d61-a870-6ef0f78e371f', 'a0d6f60d-ece4-40f8-aca2-955b4abc5d88', 'Low-Power IoT Sensor Network for Smart Agriculture', 2, '[{"name":"Atakan Yavuz","order":1},{"name":"Baran Tekin","order":2},{"name":"Onur Çelik","order":3}]', 'Dr. Ece Aydoğan', 'TED University, EE', 'Deploys a LoRaWAN mesh of custom-designed soil-moisture and microclimate sensors across a 2-hectare test field. The STM32-based nodes achieve 18-month battery life through duty-cycled sampling and adaptive transmission intervals.') ON CONFLICT DO NOTHING;
INSERT INTO projects (id, period_id, title, project_no, members, advisor_name, advisor_affiliation, description) VALUES ('733f9e70-8f7b-47dc-ad72-a604c760696f', 'a0d6f60d-ece4-40f8-aca2-955b4abc5d88', 'Autonomous Drone Navigation with LiDAR SLAM', 3, '[{"name":"Arda Keçeci","order":1},{"name":"İpek Sarıca","order":2},{"name":"Sude Bulut","order":3},{"name":"Yunus Emre Boz","order":4}]', 'Prof. Cengiz Yalın', 'TED University, EE', 'Integrates a Velodyne Puck LiDAR with an NVIDIA Jetson Orin for real-time 3D SLAM on a custom hexacopter. Tested in GPS-denied indoor warehouse environments with obstacle avoidance and path replanning.') ON CONFLICT DO NOTHING;
INSERT INTO projects (id, period_id, title, project_no, members, advisor_name, advisor_affiliation, description) VALUES ('339948a9-b977-4c51-a1bd-c3dab5e32936', 'a0d6f60d-ece4-40f8-aca2-955b4abc5d88', 'GaN Power Amplifier Design for Sub-6 GHz 5G', 4, '[{"name":"Sibel Acar","order":1},{"name":"Nil Akyüz","order":2},{"name":"Duygu Başak","order":3},{"name":"Veysel Kara","order":4}]', 'Dr. Aylin Seçkin', 'TED University, EE', 'Designs and fabricates a two-stage GaN HEMT power amplifier operating at 3.5 GHz with 42 dBm output power and 68% PAE. Doherty topology enables high linearity under modulated 5G NR signals.') ON CONFLICT DO NOTHING;
INSERT INTO projects (id, period_id, title, project_no, members, advisor_name, advisor_affiliation, description) VALUES ('2c01817f-5c28-4899-ab4b-fb741b5f8f9b', 'a0d6f60d-ece4-40f8-aca2-955b4abc5d88', 'Biomedical Signal Processing for Sleep Apnea Detection', 5, '[{"name":"Azra Beyaz","order":1},{"name":"Defne Çetin","order":2},{"name":"Kenan Bozkaya","order":3},{"name":"İrem Demirci","order":4},{"name":"Büşra Doğan","order":5}]', 'Prof. Tarık Özmen', 'TED University, EE', 'Develops a wearable single-channel EEG acquisition board paired with a TinyML classifier running on an nRF5340 SoC. Detects obstructive sleep apnea events with 94% sensitivity validated against clinical polysomnography.') ON CONFLICT DO NOTHING;
INSERT INTO projects (id, period_id, title, project_no, members, advisor_name, advisor_affiliation, description) VALUES ('00f25636-269c-4d25-abd5-3cdbc12a31f8', '952dd05e-8ff2-44a7-a13b-9a22958f57fb', 'Wearable ECG Monitor with BLE Connectivity', 1, '[{"name":"Duygu Başak","order":1},{"name":"Berk Gündüz","order":2},{"name":"Arda Keçeci","order":3},{"name":"Rüya Işık","order":4}]', 'Prof. Turgut Ercan', 'TED University, EE', 'A compact three-lead ECG acquisition system built around the ADS1293 AFE, streaming data over BLE 5.0 to a companion mobile app for real-time arrhythmia flagging.') ON CONFLICT DO NOTHING;
INSERT INTO projects (id, period_id, title, project_no, members, advisor_name, advisor_affiliation, description) VALUES ('46c52db6-2cd0-404d-a2bf-23d390c741ad', '952dd05e-8ff2-44a7-a13b-9a22958f57fb', 'MIMO Antenna Design for Indoor 5G Coverage', 2, '[{"name":"Azra Evren","order":1},{"name":"Sena Yücel","order":2},{"name":"Ebru Gökçe","order":3},{"name":"Bartu Güney","order":4},{"name":"Halil Ercan","order":5}]', 'Dr. Ece Aydoğan', 'TED University, EE', 'Designs a four-element MIMO patch antenna array at 3.5 GHz with envelope correlation below 0.15, targeting small-cell indoor base stations for enhanced spatial multiplexing.') ON CONFLICT DO NOTHING;
INSERT INTO projects (id, period_id, title, project_no, members, advisor_name, advisor_affiliation, description) VALUES ('12cbf2c4-0a16-4574-abb5-b601beec8176', '952dd05e-8ff2-44a7-a13b-9a22958f57fb', 'Solar-Powered Environmental Monitoring Station', 3, '[{"name":"Nehir Tosun","order":1},{"name":"Ceyda Vural","order":2},{"name":"Hakan Kurt","order":3},{"name":"Alp Sönmez","order":4},{"name":"İlker Durmaz","order":5}]', 'Prof. Cengiz Yalın', 'TED University, EE', 'A self-sustaining weather station combining a 20W solar panel with MPPT charging, measuring temperature, humidity, PM2.5, and UV index with hourly LoRa uploads to a cloud dashboard.') ON CONFLICT DO NOTHING;
INSERT INTO projects (id, period_id, title, project_no, members, advisor_name, advisor_affiliation, description) VALUES ('0af988df-e6d9-4ac1-a6ec-56343146a552', '952dd05e-8ff2-44a7-a13b-9a22958f57fb', 'Robotic Arm Control via EMG Signals', 4, '[{"name":"Şule Ergün","order":1},{"name":"Elif Naz Balcı","order":2},{"name":"Oğuzhan Kara","order":3}]', 'Dr. Aylin Seçkin', 'TED University, EE', 'Uses surface EMG electrodes and an SVM classifier to map forearm muscle activation patterns to six-DOF robotic arm movements for prosthetic control research.') ON CONFLICT DO NOTHING;
INSERT INTO projects (id, period_id, title, project_no, members, advisor_name, advisor_affiliation, description) VALUES ('9dbf8fbe-1580-489c-a551-1eda5fb69025', '952dd05e-8ff2-44a7-a13b-9a22958f57fb', 'Smart Grid Fault Detection Using Phasor Data', 5, '[{"name":"Berra Yılmaz","order":1},{"name":"Emrah Polat","order":2},{"name":"Simge Kalkan","order":3},{"name":"Fatih Tezel","order":4}]', 'Prof. Tarık Özmen', 'TED University, EE', 'Implements a synchrophasor-based fault detection algorithm on a Raspberry Pi, processing PMU data streams to classify and localize transmission line faults within 40 ms.') ON CONFLICT DO NOTHING;
INSERT INTO projects (id, period_id, title, project_no, members, advisor_name, advisor_affiliation, description) VALUES ('7668ebe3-a6f0-40ef-ad92-05cd2694db44', '952dd05e-8ff2-44a7-a13b-9a22958f57fb', 'Power Line Communication Modem for Smart Metering', 6, '[{"name":"Selin Akay","order":1},{"name":"Sergen Koray","order":2},{"name":"Büşra Doğan","order":3},{"name":"Kaan Avcı","order":4},{"name":"Esra Kaya","order":5}]', 'Dr. Seda Bayraktar', 'TED University, EE', 'Designs an OFDM-based narrowband PLC modem compliant with ITU-T G.9903, achieving 128 kbps throughput over 500 m of low-voltage distribution cabling.') ON CONFLICT DO NOTHING;
INSERT INTO projects (id, period_id, title, project_no, members, advisor_name, advisor_affiliation, description) VALUES ('85a5fd07-493e-4336-adb4-969cce024854', '952dd05e-8ff2-44a7-a13b-9a22958f57fb', 'Automatic License Plate Recognition with Edge AI', 7, '[{"name":"Şevval Güneş","order":1},{"name":"Tolga Erim","order":2},{"name":"Mazhar Özdemir","order":3},{"name":"Selçuk Taner","order":4},{"name":"Derin Alkan","order":5}]', 'Prof. Turgut Ercan', 'TED University, EE', 'Deploys a YOLOv8-based plate detection and OCR pipeline on a Google Coral Edge TPU, processing 15 fps video with 97% character accuracy under varying lighting conditions.') ON CONFLICT DO NOTHING;
INSERT INTO projects (id, period_id, title, project_no, members, advisor_name, advisor_affiliation, description) VALUES ('e42ee6b2-bd1c-49a7-a92f-70fa22a0c956', '952dd05e-8ff2-44a7-a13b-9a22958f57fb', 'UWB Indoor Positioning for Warehouse Robotics', 8, '[{"name":"Havva Keskin","order":1},{"name":"Melis Kavak","order":2},{"name":"Caner Turgut","order":3},{"name":"Sevval Kaplan","order":4}]', 'Dr. Ece Aydoğan', 'TED University, EE', 'Implements a TWR-based UWB positioning system using DW3000 modules, achieving sub-10 cm ranging accuracy to guide autonomous mobile robots in a warehouse testbed.') ON CONFLICT DO NOTHING;
INSERT INTO projects (id, period_id, title, project_no, members, advisor_name, advisor_affiliation, description) VALUES ('9df9b21f-4b06-48ec-a936-4796f1469da7', '952dd05e-8ff2-44a7-a13b-9a22958f57fb', 'Piezoelectric Energy Harvester for Bridge Monitoring', 9, '[{"name":"Damla Kılıç","order":1},{"name":"Taylan Ergin","order":2},{"name":"Yunus Emre Boz","order":3}]', 'Prof. Cengiz Yalın', 'TED University, EE', 'Harvests vibration energy from traffic-induced bridge oscillations using a PZT bimorph cantilever array, generating sufficient power to drive a wireless strain-gauge sensor node.') ON CONFLICT DO NOTHING;
INSERT INTO projects (id, period_id, title, project_no, members, advisor_name, advisor_affiliation, description) VALUES ('a1428f33-5d50-4922-a7e6-48a56760660d', '952dd05e-8ff2-44a7-a13b-9a22958f57fb', 'Gesture-Controlled Wheelchair with Depth Camera', 10, '[{"name":"Dila Öztürk","order":1},{"name":"Deniz Ünal","order":2},{"name":"Sinan Koç","order":3}]', 'Dr. Aylin Seçkin', 'TED University, EE', 'Combines an Intel RealSense D435 depth camera with a CNN gesture classifier to enable hands-free wheelchair navigation for patients with limited upper-body mobility.') ON CONFLICT DO NOTHING;
INSERT INTO projects (id, period_id, title, project_no, members, advisor_name, advisor_affiliation, description) VALUES ('be3a4e6f-a69b-418a-a333-215fbfdf5261', 'e55e0820-93f2-487f-abaa-4ae64a77e93e', 'Visible Light Communication Transceiver Prototype', 1, '[{"name":"Yaren Uçar","order":1},{"name":"Nur Akdeniz","order":2},{"name":"Oğulcan Demirel","order":3}]', 'Prof. Turgut Ercan', 'TED University, EE', 'Builds a VLC link using high-brightness LEDs and a silicon photodiode receiver, demonstrating 10 Mbps data transfer with OOK modulation over 2 m line-of-sight.') ON CONFLICT DO NOTHING;
INSERT INTO projects (id, period_id, title, project_no, members, advisor_name, advisor_affiliation, description) VALUES ('85cf466e-cb30-49f6-a3ac-58884c85a854', 'e55e0820-93f2-487f-abaa-4ae64a77e93e', 'FPGA-Based Audio Effects Processor', 2, '[{"name":"Derin Alkan","order":1},{"name":"Baturalp Koç","order":2},{"name":"Ezgi Nur Kavak","order":3},{"name":"Buğra Soydan","order":4},{"name":"Neslihan Koray","order":5}]', 'Dr. Ece Aydoğan', 'TED University, EE', 'Implements real-time reverb, chorus, and parametric EQ on an Altera Cyclone IV FPGA with 24-bit audio I/O and MIDI-controlled parameter switching.') ON CONFLICT DO NOTHING;
INSERT INTO projects (id, period_id, title, project_no, members, advisor_name, advisor_affiliation, description) VALUES ('c2fd33b6-8b39-4397-acec-1dd12cdfc62b', 'e55e0820-93f2-487f-abaa-4ae64a77e93e', 'Quadcopter Stabilization with Kalman Filtering', 3, '[{"name":"Zehra Kurt","order":1},{"name":"İpek Sarıca","order":2},{"name":"Furkan Polat","order":3},{"name":"Batuhan Koçak","order":4}]', 'Prof. Cengiz Yalın', 'TED University, EE', 'Fuses accelerometer, gyroscope, and barometer data through an extended Kalman filter for attitude estimation, enabling stable hovering on a custom-built quadcopter frame.') ON CONFLICT DO NOTHING;
INSERT INTO projects (id, period_id, title, project_no, members, advisor_name, advisor_affiliation, description) VALUES ('49d1f760-f4a0-40f3-a142-a11518c59c92', 'e55e0820-93f2-487f-abaa-4ae64a77e93e', 'Thermal Imaging for Predictive Maintenance', 4, '[{"name":"Derya Sönmez","order":1},{"name":"Şevval Güneş","order":2},{"name":"Deniz Ünal","order":3},{"name":"Kübra Şen","order":4}]', 'Dr. Aylin Seçkin', 'TED University, EE', 'Uses a FLIR Lepton thermal camera module interfaced with an ESP32 to detect overheating components in electrical panels, with threshold-based alerts sent to a web dashboard.') ON CONFLICT DO NOTHING;
INSERT INTO projects (id, period_id, title, project_no, members, advisor_name, advisor_affiliation, description) VALUES ('37454857-5e99-408e-a70c-253d8e140e33', 'e55e0820-93f2-487f-abaa-4ae64a77e93e', 'Bluetooth Mesh Network for Smart Home', 5, '[{"name":"İnci Tokgöz","order":1},{"name":"Burcu Deniz","order":2},{"name":"Emrah Polat","order":3},{"name":"Turgay Keskin","order":4}]', 'Prof. Tarık Özmen', 'TED University, EE', 'Creates a BLE Mesh network of smart light switches and sensors using nRF52840 modules, with a central gateway providing app-based control and scheduling.') ON CONFLICT DO NOTHING;
INSERT INTO projects (id, period_id, title, project_no, members, advisor_name, advisor_affiliation, description) VALUES ('038c82cd-2cbd-49c6-a4a5-1f4310dcbf24', 'e55e0820-93f2-487f-abaa-4ae64a77e93e', 'Microstrip Antenna for X-Band Radar', 6, '[{"name":"Melis Kavak","order":1},{"name":"Levent Dursun","order":2},{"name":"Beren Yücel","order":3},{"name":"Tuğçe Can","order":4},{"name":"Oğuzhan Kara","order":5}]', 'Dr. Seda Bayraktar', 'TED University, EE', 'Designs and fabricates a 4x4 microstrip patch array on Rogers RT/duroid at 10 GHz, achieving 18 dBi gain with sidelobe levels below -20 dB for short-range radar applications.') ON CONFLICT DO NOTHING;
INSERT INTO projects (id, period_id, title, project_no, members, advisor_name, advisor_affiliation, description) VALUES ('0a8aefdb-8daa-4b08-a9da-449b739d60f3', 'e55e0820-93f2-487f-abaa-4ae64a77e93e', 'PID-Controlled Self-Balancing Robot', 7, '[{"name":"Nihan Sezer","order":1},{"name":"Azra Evren","order":2},{"name":"Melisa Tuncer","order":3},{"name":"Adem Yılmaztürk","order":4},{"name":"Peri Ergin","order":5}]', 'Prof. Turgut Ercan', 'TED University, EE', 'A two-wheeled inverted pendulum robot using an MPU6050 IMU and a tuned PID controller on an Arduino Mega, capable of maintaining balance on flat and inclined surfaces.') ON CONFLICT DO NOTHING;
INSERT INTO projects (id, period_id, title, project_no, members, advisor_name, advisor_affiliation, description) VALUES ('5368a9f3-4762-44a5-a950-e0ab610b0183', 'e55e0820-93f2-487f-abaa-4ae64a77e93e', 'Low-Cost EMG Board for Rehabilitation', 8, '[{"name":"Tolga Erim","order":1},{"name":"Halil Ercan","order":2},{"name":"Semih Karataş","order":3}]', 'Dr. Ece Aydoğan', 'TED University, EE', 'Designs a four-channel surface EMG acquisition board with instrumentation amplifiers and a 12-bit ADC, providing real-time muscle activation feedback for physiotherapy exercises.') ON CONFLICT DO NOTHING;
INSERT INTO projects (id, period_id, title, project_no, members, advisor_name, advisor_affiliation, description) VALUES ('60146fd4-7794-4dd7-a91f-8dad08a9759a', '10078594-2707-4c3f-a212-42add04fbd84', 'DC Motor Speed Control with Fuzzy Logic', 1, '[{"name":"Nihan Sezer","order":1},{"name":"Efe Güneş","order":2},{"name":"Hakan Kurt","order":3},{"name":"Sinan Koç","order":4}]', 'Prof. Turgut Ercan', 'TED University, EE', 'Implements a Mamdani-type fuzzy logic speed controller for a 24V brushed DC motor, comparing transient response and steady-state error against a conventional PID controller.') ON CONFLICT DO NOTHING;
INSERT INTO projects (id, period_id, title, project_no, members, advisor_name, advisor_affiliation, description) VALUES ('b89cf1e1-6820-4efb-ad3e-9ab5b4f1bafa', '10078594-2707-4c3f-a212-42add04fbd84', 'PCB Design for Portable Oscilloscope', 2, '[{"name":"Koray Sert","order":1},{"name":"Tolga Erim","order":2},{"name":"Dila Öztürk","order":3},{"name":"Derya Sönmez","order":4},{"name":"Melis Kavak","order":5}]', 'Dr. Ece Aydoğan', 'TED University, EE', 'Designs a two-channel 20 MHz portable oscilloscope around an STM32H7 MCU with a 12-bit ADC and a 3.5-inch TFT display, powered by a rechargeable LiPo battery.') ON CONFLICT DO NOTHING;
INSERT INTO projects (id, period_id, title, project_no, members, advisor_name, advisor_affiliation, description) VALUES ('0db79881-0974-4a2d-a8a2-86efdb30bda1', '10078594-2707-4c3f-a212-42add04fbd84', 'Home Energy Management Dashboard', 3, '[{"name":"Tunahan Korkut","order":1},{"name":"Merve Karaca","order":2},{"name":"Görkem Taş","order":3},{"name":"İlker Durmaz","order":4},{"name":"Oğuz Balcı","order":5}]', 'Prof. Cengiz Yalın', 'TED University, EE', 'Monitors household power consumption via non-invasive current clamps connected to an ESP32, displaying real-time and historical usage data on a locally hosted web dashboard.') ON CONFLICT DO NOTHING;
INSERT INTO projects (id, period_id, title, project_no, members, advisor_name, advisor_affiliation, description) VALUES ('94f3c7a2-8ea9-4145-ab65-f3ff259b945c', '10078594-2707-4c3f-a212-42add04fbd84', 'AM Radio Receiver Design and Assembly', 4, '[{"name":"Selçuk Taner","order":1},{"name":"Gökçen Aksoy","order":2},{"name":"Duygu Başak","order":3},{"name":"Mina Kaplan","order":4}]', 'Dr. Aylin Seçkin', 'TED University, EE', 'Constructs a superheterodyne AM receiver covering the 530-1700 kHz band, using discrete transistor stages for RF amplification, mixing, IF filtering, and audio output.') ON CONFLICT DO NOTHING;
INSERT INTO projects (id, period_id, title, project_no, members, advisor_name, advisor_affiliation, description) VALUES ('60c166c1-5972-4807-afee-74202a69f1b8', '10078594-2707-4c3f-a212-42add04fbd84', 'Temperature Controller with PIC Microcontroller', 5, '[{"name":"Rıdvan Taş","order":1},{"name":"Eylül Özdemir","order":2},{"name":"Korhan Alkan","order":3},{"name":"Kübra Şen","order":4}]', 'Prof. Tarık Özmen', 'TED University, EE', 'Builds a closed-loop temperature control system using a PIC18F4550, a K-type thermocouple, and a solid-state relay to regulate a heating element within ±0.5 °C.') ON CONFLICT DO NOTHING;
INSERT INTO projects (id, period_id, title, project_no, members, advisor_name, advisor_affiliation, description) VALUES ('cf741598-56d9-44db-a86a-7da01d6ead0c', '10078594-2707-4c3f-a212-42add04fbd84', 'Digital Voltmeter Using Arduino and LCD', 6, '[{"name":"Buğra Soydan","order":1},{"name":"Batıkan Sevim","order":2},{"name":"Berra Yılmaz","order":3}]', 'Dr. Seda Bayraktar', 'TED University, EE', 'Designs a 0-30V digital voltmeter using an Arduino Nano with a resistive voltage divider and a 16x2 LCD, calibrated against a bench multimeter to ±1% accuracy.') ON CONFLICT DO NOTHING;
INSERT INTO projects (id, period_id, title, project_no, members, advisor_name, advisor_affiliation, description) VALUES ('ed333a6e-c080-4a61-a6dc-87a0e3220f22', 'e14683dc-6ac1-4c73-a2cb-da24e9e4f45f', 'GPU-Accelerated LLM Inference Engine', 1, '[{"name":"Nadia Glenn","order":1},{"name":"Sophia Linden","order":2},{"name":"Hazel Foster","order":3}]', 'Prof. David Patterson', 'Carnegie Mellon, SCS', 'Builds a custom CUDA kernel library for transformer inference with continuous batching, KV-cache paging, and speculative decoding. Achieves 2.4x throughput over vLLM on a single A100 for Llama-3 70B.') ON CONFLICT DO NOTHING;
INSERT INTO projects (id, period_id, title, project_no, members, advisor_name, advisor_affiliation, description) VALUES ('dd36e1bf-2797-42b4-ac06-cd142c99074f', 'e14683dc-6ac1-4c73-a2cb-da24e9e4f45f', 'Privacy-Preserving Federated Learning Framework', 2, '[{"name":"Abigail Reeves","order":1},{"name":"Cedric Rush","order":2},{"name":"Tessa Rowan","order":3},{"name":"Adam Bennett","order":4}]', 'Dr. Lisa Chen', 'Carnegie Mellon, SCS', 'Implements secure aggregation with additive secret sharing and per-round differential privacy for cross-silo federated learning. Evaluated on medical imaging tasks across four simulated hospital nodes.') ON CONFLICT DO NOTHING;
INSERT INTO projects (id, period_id, title, project_no, members, advisor_name, advisor_affiliation, description) VALUES ('b15cefcf-fdfb-4b27-ae31-d743f12c947d', 'e14683dc-6ac1-4c73-a2cb-da24e9e4f45f', 'Distributed File System with Raft Consensus', 3, '[{"name":"Stella Myers","order":1},{"name":"Liam Fletcher","order":2},{"name":"Merrick Towne","order":3}]', 'Prof. Robert Singh', 'Carnegie Mellon, ECE', 'A POSIX-compatible distributed file system in Rust using Raft for metadata consensus and erasure coding for data redundancy. Sustains 800 MB/s sequential write throughput on a five-node cluster.') ON CONFLICT DO NOTHING;
INSERT INTO projects (id, period_id, title, project_no, members, advisor_name, advisor_affiliation, description) VALUES ('098590f3-10cc-4859-a45f-f642a593a924', 'e14683dc-6ac1-4c73-a2cb-da24e9e4f45f', 'Autonomous Intersection Management via Multi-Agent RL', 4, '[{"name":"Theodore Grant","order":1},{"name":"Gemma Whitlock","order":2},{"name":"Benjamin Cruz","order":3},{"name":"Tatum Pierce","order":4}]', 'Dr. Amanda Torres', 'Carnegie Mellon, LTI', 'Trains a multi-agent PPO policy in SUMO traffic simulator where each vehicle negotiates intersection crossing without traffic lights. Reduces average delay by 47% compared to adaptive signal control.') ON CONFLICT DO NOTHING;
INSERT INTO projects (id, period_id, title, project_no, members, advisor_name, advisor_affiliation, description) VALUES ('4c0e22db-7d9f-4312-a1d3-4fed4c7e3316', 'e14683dc-6ac1-4c73-a2cb-da24e9e4f45f', 'Real-Time Gesture Recognition Pipeline', 5, '[{"name":"Elias Boyd","order":1},{"name":"Maeve Alcott","order":2},{"name":"Hannah Pratt","order":3},{"name":"Callum Harding","order":4}]', 'Prof. Michael Hoffman', 'Carnegie Mellon, ISR', 'Streams MediaPipe hand landmarks through a temporal convolutional network to recognize 30 ASL signs at 60 fps on a laptop GPU, with a latency budget under 33 ms end-to-end.') ON CONFLICT DO NOTHING;
INSERT INTO projects (id, period_id, title, project_no, members, advisor_name, advisor_affiliation, description) VALUES ('1d3379fc-8094-4ff3-a4c7-fea65531bacd', 'e14683dc-6ac1-4c73-a2cb-da24e9e4f45f', 'Verifiable Computation with Zero-Knowledge Proofs', 6, '[{"name":"Camille Darrow","order":1},{"name":"Sophie Clarke","order":2},{"name":"Matthew Doyle","order":3},{"name":"Samuel Rivera","order":4}]', 'Dr. Karen White', 'Carnegie Mellon, SCS', 'Compiles arithmetic circuits from a DSL into Groth16 proofs using the arkworks library, enabling a smart contract to verify off-chain matrix multiplication results on-chain in constant time.') ON CONFLICT DO NOTHING;
INSERT INTO projects (id, period_id, title, project_no, members, advisor_name, advisor_affiliation, description) VALUES ('5b3da4be-9447-43a9-ab50-9e245f42164b', 'e14683dc-6ac1-4c73-a2cb-da24e9e4f45f', 'Neural Architecture Search for Edge Deployment', 7, '[{"name":"Thea Langford","order":1},{"name":"Lena Fairchild","order":2},{"name":"Tristan Blake","order":3},{"name":"Clara Dawson","order":4},{"name":"Beckett Thorne","order":5}]', 'Prof. David Patterson', 'Carnegie Mellon, SCS', 'Applies a hardware-aware NAS algorithm using a latency predictor trained on Cortex-M7 profiling data, discovering CNN architectures that achieve 93% ImageNet top-5 accuracy within 50 ms inference.') ON CONFLICT DO NOTHING;
INSERT INTO projects (id, period_id, title, project_no, members, advisor_name, advisor_affiliation, description) VALUES ('5aa0b751-4de3-44b9-a6a2-aa0726f3853c', 'e14683dc-6ac1-4c73-a2cb-da24e9e4f45f', 'Decentralized Identity Verification with Blockchain', 8, '[{"name":"Harlow Sinclair","order":1},{"name":"June Holbrook","order":2},{"name":"Mabel Trent","order":3},{"name":"Calder Shaw","order":4},{"name":"Hayes Drummond","order":5}]', 'Dr. Lisa Chen', 'Carnegie Mellon, SCS', 'Implements a W3C Verifiable Credentials stack on Ethereum L2, allowing universities to issue tamper-proof digital diplomas that employers can verify without contacting the issuing institution.') ON CONFLICT DO NOTHING;
INSERT INTO projects (id, period_id, title, project_no, members, advisor_name, advisor_affiliation, description) VALUES ('b881dda7-8807-4444-aa05-62d7c35c1f10', 'e14683dc-6ac1-4c73-a2cb-da24e9e4f45f', 'Context-Aware Code Completion Using RAG', 9, '[{"name":"Conrad Wells","order":1},{"name":"Graham Henley","order":2},{"name":"Elise Whitfield","order":3},{"name":"Beau Garrett","order":4}]', 'Prof. Robert Singh', 'Carnegie Mellon, ECE', 'Augments a fine-tuned CodeLlama-7B model with retrieval from the active repository using a ColBERT-based code embedder, improving single-line completion accuracy by 18% over vanilla prompting.') ON CONFLICT DO NOTHING;
INSERT INTO projects (id, period_id, title, project_no, members, advisor_name, advisor_affiliation, description) VALUES ('14ea30f9-d49e-4595-ad7b-657102fb8b26', 'e14683dc-6ac1-4c73-a2cb-da24e9e4f45f', 'Multi-Modal Sentiment Analysis Pipeline', 10, '[{"name":"Faye Alderman","order":1},{"name":"James Thornton","order":2},{"name":"Miles Cunningham","order":3}]', 'Dr. Amanda Torres', 'Carnegie Mellon, LTI', 'Fuses text, audio, and facial expression features through a cross-modal attention transformer to predict sentiment valence on the CMU-MOSEI benchmark, achieving state-of-the-art weighted F1.') ON CONFLICT DO NOTHING;
INSERT INTO projects (id, period_id, title, project_no, members, advisor_name, advisor_affiliation, description) VALUES ('011cb0ec-f1eb-4288-a0c3-004e98a81b9b', 'e14683dc-6ac1-4c73-a2cb-da24e9e4f45f', 'Differential Privacy for Healthcare Data', 11, '[{"name":"Winona Steele","order":1},{"name":"Layla Stone","order":2},{"name":"Jade Sinclair","order":3},{"name":"Freya Langston","order":4}]', 'Prof. Michael Hoffman', 'Carnegie Mellon, ISR', 'Integrates the Gaussian mechanism into a SQL query engine so that analysts can run aggregate queries over patient records with a formal (epsilon, delta)-DP guarantee per query batch.') ON CONFLICT DO NOTHING;
INSERT INTO projects (id, period_id, title, project_no, members, advisor_name, advisor_affiliation, description) VALUES ('79270a6c-4914-4071-ae42-8ee609393a3a', 'e14683dc-6ac1-4c73-a2cb-da24e9e4f45f', 'Low-Latency Video Analytics for Autonomous Drones', 12, '[{"name":"Eva Harding","order":1},{"name":"Junia Phelps","order":2},{"name":"Brooks Aldridge","order":3},{"name":"Davis Carver","order":4},{"name":"Charlotte Kim","order":5}]', 'Dr. Karen White', 'Carnegie Mellon, SCS', 'Runs a YOLOv8-nano object detector on Jetson Orin NX with TensorRT, feeding detections into a multi-object tracker for real-time search-and-rescue person detection from a quadrotor at 30 fps.') ON CONFLICT DO NOTHING;
INSERT INTO projects (id, period_id, title, project_no, members, advisor_name, advisor_affiliation, description) VALUES ('8bda2f9b-55db-4d33-a40d-f8a111e93a24', 'b90e1112-88c7-44fa-a275-25bc0ad2d96d', 'Scalable Graph Neural Network for Drug Discovery', 1, '[{"name":"Cassidy Wren","order":1},{"name":"Layla Stone","order":2},{"name":"Theodore Grant","order":3},{"name":"Jensen Holt","order":4},{"name":"Elise Whitfield","order":5}]', 'Prof. David Patterson', 'Carnegie Mellon, SCS', 'Trains a message-passing GNN on molecular graphs from ChEMBL to predict binding affinity, scaling to 10M compounds via mini-batch sampling on a multi-GPU setup.') ON CONFLICT DO NOTHING;
INSERT INTO projects (id, period_id, title, project_no, members, advisor_name, advisor_affiliation, description) VALUES ('427540fb-9f60-4bfd-afa2-4db31ec63cd4', 'b90e1112-88c7-44fa-a275-25bc0ad2d96d', 'End-to-End Encrypted Group Messaging Protocol', 2, '[{"name":"Burke Linton","order":1},{"name":"Daniel Frost","order":2},{"name":"Spencer Leigh","order":3}]', 'Dr. Lisa Chen', 'Carnegie Mellon, SCS', 'Designs a group messaging protocol based on MLS (RFC 9420) with forward secrecy and post-compromise security, implemented as a Rust library with formal verification of key schedule properties.') ON CONFLICT DO NOTHING;
INSERT INTO projects (id, period_id, title, project_no, members, advisor_name, advisor_affiliation, description) VALUES ('22646e69-d22a-4b34-aa2b-f1323161d52d', 'b90e1112-88c7-44fa-a275-25bc0ad2d96d', 'Kubernetes Autoscaler with Predictive Load Modeling', 3, '[{"name":"Ada Carrington","order":1},{"name":"Rhys Davenport","order":2},{"name":"Leona Stratton","order":3},{"name":"Sage Beaumont","order":4}]', 'Prof. Robert Singh', 'Carnegie Mellon, ECE', 'Replaces reactive HPA with an LSTM-based load predictor that pre-scales pods 5 minutes ahead of traffic spikes, reducing p99 latency violations by 62% on a production-mirrored workload.') ON CONFLICT DO NOTHING;
INSERT INTO projects (id, period_id, title, project_no, members, advisor_name, advisor_affiliation, description) VALUES ('b37a7c3f-91c4-4a63-a51d-2b19f3bc7992', 'b90e1112-88c7-44fa-a275-25bc0ad2d96d', 'Neural Radiance Fields for Indoor Mapping', 4, '[{"name":"Kieran Blake","order":1},{"name":"Brooks Aldridge","order":2},{"name":"Emmett Lawson","order":3},{"name":"Pierce Dalton","order":4}]', 'Dr. Amanda Torres', 'Carnegie Mellon, LTI', 'Adapts Instant-NGP for real-time indoor scene reconstruction from smartphone video, producing navigable 3D models with centimeter-level geometric accuracy for facility management use cases.') ON CONFLICT DO NOTHING;
INSERT INTO projects (id, period_id, title, project_no, members, advisor_name, advisor_affiliation, description) VALUES ('b7d8e0e7-cd11-4359-a7c1-c0ac6be69ff2', 'b90e1112-88c7-44fa-a275-25bc0ad2d96d', 'Serverless Orchestration for ML Pipelines', 5, '[{"name":"Beau Garrett","order":1},{"name":"Fletcher Byrne","order":2},{"name":"Mabel Trent","order":3},{"name":"Keaton Voss","order":4}]', 'Prof. Michael Hoffman', 'Carnegie Mellon, ISR', 'Builds a DAG-based ML pipeline orchestrator on AWS Lambda with automatic checkpointing, retry logic, and cost-aware scheduling that reduces end-to-end training pipeline cost by 35%.') ON CONFLICT DO NOTHING;
INSERT INTO projects (id, period_id, title, project_no, members, advisor_name, advisor_affiliation, description) VALUES ('e9e236ed-1ec6-4b59-aa02-69d91088d462', 'b90e1112-88c7-44fa-a275-25bc0ad2d96d', 'Explainable AI Dashboard for Clinical Decisions', 6, '[{"name":"Briar Sutton","order":1},{"name":"Miles Cunningham","order":2},{"name":"Owen Gray","order":3}]', 'Dr. Karen White', 'Carnegie Mellon, SCS', 'Wraps a gradient-boosted ICU mortality predictor with SHAP explanations and presents them in a clinician-friendly React dashboard, validated through a user study with 12 physicians.') ON CONFLICT DO NOTHING;
INSERT INTO projects (id, period_id, title, project_no, members, advisor_name, advisor_affiliation, description) VALUES ('b24ad4ad-dea0-43a6-afd4-03e12a9959d9', 'b90e1112-88c7-44fa-a275-25bc0ad2d96d', 'Type-Safe GraphQL Code Generator', 7, '[{"name":"Henry Torres","order":1},{"name":"Clarity Vane","order":2},{"name":"Julian Hayes","order":3},{"name":"Lucy Brooks","order":4},{"name":"Isla Webb","order":5}]', 'Prof. David Patterson', 'Carnegie Mellon, SCS', 'Parses GraphQL schemas and operations to emit fully typed TypeScript client code with runtime validation, eliminating an entire class of API integration bugs in a 200-endpoint codebase.') ON CONFLICT DO NOTHING;
INSERT INTO projects (id, period_id, title, project_no, members, advisor_name, advisor_affiliation, description) VALUES ('7825fe54-ee39-4979-aac1-85d2a1478de1', 'b90e1112-88c7-44fa-a275-25bc0ad2d96d', 'Adversarial Robustness Testing for CV Models', 8, '[{"name":"Junia Phelps","order":1},{"name":"Finley Archer","order":2},{"name":"Rosalie Grant","order":3}]', 'Dr. Lisa Chen', 'Carnegie Mellon, SCS', 'Implements PGD, AutoAttack, and patch-based adversarial attacks as a unified testing framework, benchmarking six ImageNet classifiers and quantifying certified robustness radii.') ON CONFLICT DO NOTHING;
INSERT INTO projects (id, period_id, title, project_no, members, advisor_name, advisor_affiliation, description) VALUES ('b74938c8-c569-45ff-a761-ce75797dd94c', 'b90e1112-88c7-44fa-a275-25bc0ad2d96d', 'Real-Time Collaborative Editing with CRDTs', 9, '[{"name":"Elias Boyd","order":1},{"name":"Olivia Chen","order":2},{"name":"James Thornton","order":3},{"name":"Noah Patterson","order":4}]', 'Prof. Robert Singh', 'Carnegie Mellon, ECE', 'Implements a Yjs-compatible CRDT engine in Rust compiled to WebAssembly, supporting concurrent text editing with 50+ simultaneous users at sub-50 ms merge latency.') ON CONFLICT DO NOTHING;
INSERT INTO projects (id, period_id, title, project_no, members, advisor_name, advisor_affiliation, description) VALUES ('7975e613-6808-4fe5-ad97-9f2721e58586', 'b90e1112-88c7-44fa-a275-25bc0ad2d96d', 'Automated Data Pipeline Validation Suite', 10, '[{"name":"Felix Palmer","order":1},{"name":"Stella Myers","order":2},{"name":"Nolan Davies","order":3},{"name":"Jade Sinclair","order":4}]', 'Dr. Amanda Torres', 'Carnegie Mellon, LTI', 'Generates property-based tests for Spark ETL pipelines by inferring schema invariants from historical runs, catching 89% of data quality regressions before production deployment.') ON CONFLICT DO NOTHING;
INSERT INTO projects (id, period_id, title, project_no, members, advisor_name, advisor_affiliation, description) VALUES ('d9a0ceae-93bf-462a-a366-fa53e1c3ebbf', '0e963024-a53f-4722-a9e0-5db7a47b4419', 'Compiler Optimization Pass for WebAssembly', 1, '[{"name":"Aria Sanders","order":1},{"name":"Mia Howard","order":2},{"name":"Nadia Glenn","order":3}]', 'Prof. David Patterson', 'Carnegie Mellon, SCS', 'Adds a loop-invariant code motion pass to a WebAssembly compiler backend, yielding 12-18% speedups on compute-intensive benchmarks from the PolyBenchC suite.') ON CONFLICT DO NOTHING;
INSERT INTO projects (id, period_id, title, project_no, members, advisor_name, advisor_affiliation, description) VALUES ('8c80391d-28d5-46b2-acfe-a57c940443b9', '0e963024-a53f-4722-a9e0-5db7a47b4419', 'P2P Video Streaming with Adaptive Bitrate', 2, '[{"name":"Declan Holt","order":1},{"name":"Esme Darling","order":2},{"name":"Owen Gray","order":3},{"name":"Dominic Hurst","order":4}]', 'Dr. Lisa Chen', 'Carnegie Mellon, SCS', 'Implements WebRTC-based peer-assisted live streaming where viewers relay chunks to nearby peers, reducing origin bandwidth by 40% while maintaining adaptive bitrate quality switching.') ON CONFLICT DO NOTHING;
INSERT INTO projects (id, period_id, title, project_no, members, advisor_name, advisor_affiliation, description) VALUES ('48f4e97b-1296-4486-a4f5-323d8d9a0e11', '0e963024-a53f-4722-a9e0-5db7a47b4419', 'Automated Vulnerability Detection via Static Analysis', 3, '[{"name":"Miles Cunningham","order":1},{"name":"Abigail Reeves","order":2},{"name":"Scarlett Wood","order":3},{"name":"Benjamin Cruz","order":4},{"name":"Amelia Wright","order":5}]', 'Prof. Robert Singh', 'Carnegie Mellon, ECE', 'Builds a taint-analysis engine for Python that tracks user-controlled inputs through Flask routes to detect SQL injection and path traversal, evaluated on the OWASP Benchmark.') ON CONFLICT DO NOTHING;
INSERT INTO projects (id, period_id, title, project_no, members, advisor_name, advisor_affiliation, description) VALUES ('6cfbd23a-395e-4e09-aa45-437f6bcf432a', '0e963024-a53f-4722-a9e0-5db7a47b4419', 'Distributed Key-Value Store with Snapshot Isolation', 4, '[{"name":"Graham Henley","order":1},{"name":"Sienna West","order":2},{"name":"Layla Stone","order":3}]', 'Dr. Amanda Torres', 'Carnegie Mellon, LTI', 'A log-structured key-value store in Go providing snapshot isolation via MVCC, with Raft-replicated write-ahead logs and compaction, benchmarked against etcd on YCSB workloads.') ON CONFLICT DO NOTHING;
INSERT INTO projects (id, period_id, title, project_no, members, advisor_name, advisor_affiliation, description) VALUES ('8187711a-5298-493c-afe9-0fb26f12bc33', '0e963024-a53f-4722-a9e0-5db7a47b4419', 'Program Synthesis for SQL Query Generation', 5, '[{"name":"Lily Cooper","order":1},{"name":"Brynn Ellery","order":2},{"name":"Ronan Blackwell","order":3},{"name":"Celeste Whitmore","order":4}]', 'Prof. Michael Hoffman', 'Carnegie Mellon, ISR', 'Combines enumerative search with a neural ranker to synthesize SQL queries from natural language and input-output examples, achieving 78% exact-match accuracy on the Spider benchmark.') ON CONFLICT DO NOTHING;
INSERT INTO projects (id, period_id, title, project_no, members, advisor_name, advisor_affiliation, description) VALUES ('7d9c4122-c17f-4084-a09f-fdea8fbef2fa', '0e963024-a53f-4722-a9e0-5db7a47b4419', 'Container Scheduling for Heterogeneous Clusters', 6, '[{"name":"Iris Mercer","order":1},{"name":"Harper Morgan","order":2},{"name":"Brooks Aldridge","order":3},{"name":"Gemma Whitlock","order":4}]', 'Dr. Karen White', 'Carnegie Mellon, SCS', 'Extends the Kubernetes scheduler with a constraint-satisfaction plugin that co-locates GPU and CPU workloads to maximize utilization across mixed-hardware nodes.') ON CONFLICT DO NOTHING;
INSERT INTO projects (id, period_id, title, project_no, members, advisor_name, advisor_affiliation, description) VALUES ('f022ace2-a3ff-42ff-a3f6-3175031bbd35', '0e963024-a53f-4722-a9e0-5db7a47b4419', 'Privacy-Preserving Recommendation Engine', 7, '[{"name":"Violet Keane","order":1},{"name":"Elise Whitfield","order":2},{"name":"Alexander Dunn","order":3}]', 'Prof. David Patterson', 'Carnegie Mellon, SCS', 'Applies local differential privacy to user interaction logs before collaborative filtering, maintaining recommendation quality within 5% of the non-private baseline on MovieLens-20M.') ON CONFLICT DO NOTHING;
INSERT INTO projects (id, period_id, title, project_no, members, advisor_name, advisor_affiliation, description) VALUES ('17b9953a-d93a-4a40-affb-a86edb61fbec', '0e963024-a53f-4722-a9e0-5db7a47b4419', 'Functional Reactive UI Framework', 8, '[{"name":"Naomi Swift","order":1},{"name":"Reid Calloway","order":2},{"name":"Griffin Hale","order":3},{"name":"Quinn Radley","order":4}]', 'Dr. Lisa Chen', 'Carnegie Mellon, SCS', 'Designs a pull-based FRP framework in Haskell compiled to JavaScript via GHCJS, with automatic incremental DOM updates and a declarative event-handling model.') ON CONFLICT DO NOTHING;
INSERT INTO projects (id, period_id, title, project_no, members, advisor_name, advisor_affiliation, description) VALUES ('d716c53c-18e0-4a50-a4b5-37770e2326a3', 'f8c01197-da4a-4646-a42d-8dc74715e3bc', 'Cache-Oblivious B-Tree Implementation', 1, '[{"name":"Tessa Marlow","order":1},{"name":"Leona Stratton","order":2},{"name":"Esme Darling","order":3},{"name":"June Holbrook","order":4},{"name":"Jasper Voss","order":5}]', 'Prof. David Patterson', 'Carnegie Mellon, SCS', 'Implements a van Emde Boas-layout B-tree in C++ that achieves near-optimal cache behavior without knowing cache-line size, outperforming std::map by 3x on range queries.') ON CONFLICT DO NOTHING;
INSERT INTO projects (id, period_id, title, project_no, members, advisor_name, advisor_affiliation, description) VALUES ('20e1dea2-c044-4eca-a288-e444a3d21226', 'f8c01197-da4a-4646-a42d-8dc74715e3bc', 'Differentially Private Query Engine', 2, '[{"name":"Gemma Whitlock","order":1},{"name":"Henry Torres","order":2},{"name":"Samuel Rivera","order":3},{"name":"Willow Drake","order":4}]', 'Dr. Lisa Chen', 'Carnegie Mellon, SCS', 'Adds a privacy budget tracker to a columnar SQL engine so each query consumes calibrated Laplace noise, enforcing a per-user cumulative epsilon across an analyst session.') ON CONFLICT DO NOTHING;
INSERT INTO projects (id, period_id, title, project_no, members, advisor_name, advisor_affiliation, description) VALUES ('fb438ec2-70bc-4426-a617-218fa7d32ee5', 'f8c01197-da4a-4646-a42d-8dc74715e3bc', 'Lock-Free Concurrent Hash Map', 3, '[{"name":"Penelope Blake","order":1},{"name":"Zoe Powell","order":2},{"name":"Alexander Dunn","order":3},{"name":"Amelia Wright","order":4},{"name":"Dominic Hurst","order":5}]', 'Prof. Robert Singh', 'Carnegie Mellon, ECE', 'Implements a split-ordered lock-free hash map in C++ using atomic CAS operations, benchmarked against tbb::concurrent_hash_map under 64-thread contention on a dual-socket server.') ON CONFLICT DO NOTHING;
INSERT INTO projects (id, period_id, title, project_no, members, advisor_name, advisor_affiliation, description) VALUES ('80de3e2f-b76b-44f8-a77b-14a43979c15c', 'f8c01197-da4a-4646-a42d-8dc74715e3bc', 'Garbage Collector Comparison for JVM Languages', 4, '[{"name":"Landon Howe","order":1},{"name":"Keira Stanton","order":2},{"name":"Elowen Chase","order":3},{"name":"Corbin Wolfe","order":4}]', 'Dr. Amanda Torres', 'Carnegie Mellon, LTI', 'Benchmarks ZGC, Shenandoah, and G1 collectors across latency-sensitive workloads (trading engine, web server), measuring pause times, throughput, and memory footprint on JDK 21.') ON CONFLICT DO NOTHING;
INSERT INTO projects (id, period_id, title, project_no, members, advisor_name, advisor_affiliation, description) VALUES ('9a30037c-a13c-43b2-a1d1-f5d936a90409', 'f8c01197-da4a-4646-a42d-8dc74715e3bc', 'HTTP/2 Load Balancer with Health Checks', 5, '[{"name":"Brielle Osborn","order":1},{"name":"Emma Peterson","order":2},{"name":"Andrew Holden","order":3}]', 'Prof. Michael Hoffman', 'Carnegie Mellon, ISR', 'Builds a Layer-7 HTTP/2 reverse proxy in Go with weighted round-robin, connection pooling, active health probes, and graceful draining, handling 50K concurrent streams.') ON CONFLICT DO NOTHING;
INSERT INTO projects (id, period_id, title, project_no, members, advisor_name, advisor_affiliation, description) VALUES ('d50def54-dadb-4116-a17c-0f309bbb2e5a', 'f8c01197-da4a-4646-a42d-8dc74715e3bc', 'Interactive Debugger for WebAssembly', 6, '[{"name":"Jack Kelly","order":1},{"name":"Avery James","order":2},{"name":"Elias Boyd","order":3},{"name":"Piper York","order":4},{"name":"Scarlett Wood","order":5}]', 'Dr. Karen White', 'Carnegie Mellon, SCS', 'Extends Chrome DevTools to support source-level breakpoints, variable inspection, and call-stack navigation for Wasm modules compiled from C/Rust via DWARF debug info.') ON CONFLICT DO NOTHING;
INSERT INTO projects (id, period_id, title, project_no, members, advisor_name, advisor_affiliation, description) VALUES ('3b8b2e62-bc66-4c8c-ad14-371049c8204e', 'e77bf882-fc32-461c-acab-6ee1696df0c7', 'Otonom Sürü İHA Takip ve Koordinasyon Sistemi', 1, '[{"name":"Adem Yılmaztürk","order":1},{"name":"Kübra Şen","order":2},{"name":"Ceren Erdoğan","order":3}]', 'Prof. Serhat Öztürk', 'İTÜ, Uçak Mühendisliği', 'Üç adet quadrotor İHA arasında UWB haberleşme ile formasyon uçuşu gerçekleştiren otonom sürü kontrol sistemi. Lider-takipçi algoritması ile GPS-destekli rota planlaması ve engel kaçınma entegrasyonu sağlanmıştır.') ON CONFLICT DO NOTHING;
INSERT INTO projects (id, period_id, title, project_no, members, advisor_name, advisor_affiliation, description) VALUES ('c23aa93d-d7c4-4b82-aee5-2d857b47638c', 'e77bf882-fc32-461c-acab-6ee1696df0c7', 'Yüksek İrtifa Hibrit Roket Motoru Tasarımı', 2, '[{"name":"İpek Sarıca","order":1},{"name":"Haluk Güler","order":2},{"name":"Volkan Demir","order":3},{"name":"Nihan Sezer","order":4}]', 'Dr. Fatma Korkmaz', 'ODTÜ, Havacılık', 'HTPB katı yakıt ve N₂O oksitleyici kullanan hibrit roket motorunun tasarımı, üretimi ve statik ateşleme testleri. Hedef itki profili 500 N olup, yanma odası basıncı ve özgül itki ölçümleri gerçekleştirilmiştir.') ON CONFLICT DO NOTHING;
INSERT INTO projects (id, period_id, title, project_no, members, advisor_name, advisor_affiliation, description) VALUES ('1b122688-dc8e-467d-aa9d-16a7c8dbd1a8', 'e77bf882-fc32-461c-acab-6ee1696df0c7', 'Otonom Sualtı Aracı ile Deniz Tabanı Haritalama', 3, '[{"name":"Havva Keskin","order":1},{"name":"Umut Şahin","order":2},{"name":"Elif Yılmaz","order":3},{"name":"Doruk Acar","order":4},{"name":"Büşra Doğan","order":5}]', 'Prof. Murat Yıldız', 'İTÜ, Makina Mühendisliği', 'ROS2 tabanlı otonom sualtı aracı (AUV) ile sonar ve stereo kamera verisi kullanarak deniz tabanı batimetri haritası oluşturma. Dalış derinliği 30 m, navigasyon DVL ve INS füzyonu ile sağlanmıştır.') ON CONFLICT DO NOTHING;
INSERT INTO projects (id, period_id, title, project_no, members, advisor_name, advisor_affiliation, description) VALUES ('c900eb14-5b94-461b-ac3d-f2a9075269b6', 'e77bf882-fc32-461c-acab-6ee1696df0c7', 'VTOL Sabit Kanatlı Kargo Dronu Prototipi', 4, '[{"name":"Beyza Güler","order":1},{"name":"Eylül Özdemir","order":2},{"name":"Serkan Taşkın","order":3},{"name":"Tuna Bakır","order":4},{"name":"Efe Güneş","order":5}]', 'Dr. Zehra Aksoy', 'YTÜ, Mekatronik', 'Tilt-rotor mekanizmalı VTOL sabit kanat platformu; 5 kg faydalı yük kapasitesiyle 60 km menzil hedeflenmiştir. Geçiş uçuşu kontrol algoritması Pixhawk 6X üzerinde doğrulanmıştır.') ON CONFLICT DO NOTHING;
INSERT INTO projects (id, period_id, title, project_no, members, advisor_name, advisor_affiliation, description) VALUES ('ba5787ab-8196-4453-afd3-2e47c5185fb8', 'e77bf882-fc32-461c-acab-6ee1696df0c7', 'Radar Absorban Kompozit Kaplama Geliştirme', 5, '[{"name":"Selçuk Taner","order":1},{"name":"Rüya Işık","order":2},{"name":"Dicle Arslan","order":3}]', 'Prof. Hakan Güneş', 'Boğaziçi, Elektrik Müh.', 'Karbon nanotüp katkılı epoksi reçine ile X-bandı (8-12 GHz) radar absorban malzeme geliştirilmiştir. Ölçüm sonuçları -18 dB yansıma kaybı ile düşük gözlenebilirlik hedefini karşılamaktadır.') ON CONFLICT DO NOTHING;
INSERT INTO projects (id, period_id, title, project_no, members, advisor_name, advisor_affiliation, description) VALUES ('f4598c38-54f6-4ba5-a63e-aa6efde3bd7f', 'e77bf882-fc32-461c-acab-6ee1696df0c7', 'İnsansız Kargo Gemisi Otonom Navigasyon Sistemi', 6, '[{"name":"Müge Çelik","order":1},{"name":"Ege Duran","order":2},{"name":"Buğra Soydan","order":3},{"name":"Oktay Başaran","order":4}]', 'Dr. Canan Eriş', 'Eskişehir Teknik, Havacılık', 'LiDAR ve AIS verileri füzyonu ile açık denizde otonom navigasyon yapan insansız yüzey aracı. COLREG kurallarına uyumlu çarpışma önleme modülü simülasyon ortamında doğrulanmıştır.') ON CONFLICT DO NOTHING;
INSERT INTO projects (id, period_id, title, project_no, members, advisor_name, advisor_affiliation, description) VALUES ('f070dfb9-ff90-4539-afcd-c4d7c6106e95', 'e77bf882-fc32-461c-acab-6ee1696df0c7', 'Güneş Enerjili Yüksek İrtifa İHA Prototipi', 7, '[{"name":"Elif Naz Balcı","order":1},{"name":"İnci Tokgöz","order":2},{"name":"Ozan Çelebi","order":3},{"name":"Oğuz Balcı","order":4},{"name":"Azra Beyaz","order":5}]', 'Prof. Serhat Öztürk', 'İTÜ, Uçak Mühendisliği', '3 m kanat açıklığında güneş panelli sabit kanat İHA; MPPT şarj sistemi ve LiPo batarya ile 8 saat dayanıklılık hedefleyen yüksek irtifa gözetleme platformu.') ON CONFLICT DO NOTHING;
INSERT INTO projects (id, period_id, title, project_no, members, advisor_name, advisor_affiliation, description) VALUES ('d32ea345-fbd3-4767-aacd-31c6b37a6a22', 'e77bf882-fc32-461c-acab-6ee1696df0c7', 'Akıllı Tarım Dronu ile Bitki Hastalığı Tespiti', 8, '[{"name":"Candan Yıldız","order":1},{"name":"Ebrar Korkmaz","order":2},{"name":"Mina Kaplan","order":3},{"name":"Batuhan Koçak","order":4},{"name":"Erdem Uzun","order":5}]', 'Dr. Fatma Korkmaz', 'ODTÜ, Havacılık', 'Multispektral kamera taşıyan tarım dronu, NDVI analizi ve CNN tabanlı görüntü sınıflandırma ile buğday tarlalarında pas hastalığını erken tespit etmektedir.') ON CONFLICT DO NOTHING;
INSERT INTO projects (id, period_id, title, project_no, members, advisor_name, advisor_affiliation, description) VALUES ('c9c5a8d2-eda9-48e3-a011-73670f79ab2f', 'e77bf882-fc32-461c-acab-6ee1696df0c7', 'Yapay Zeka Destekli Hedef Tanıma Sistemi', 9, '[{"name":"Tuğba Erdem","order":1},{"name":"Melike Savaş","order":2},{"name":"Melodi Tuncel","order":3}]', 'Prof. Murat Yıldız', 'İTÜ, Makina Mühendisliği', 'Elektro-optik gimbal kamerasından alınan video akışı üzerinde YOLOv8 tabanlı gerçek zamanlı hedef tespit ve takip sistemi. Jetson AGX Orin üzerinde 25 fps işlem hızına ulaşılmıştır.') ON CONFLICT DO NOTHING;
INSERT INTO projects (id, period_id, title, project_no, members, advisor_name, advisor_affiliation, description) VALUES ('f134d9c5-4dbc-4e92-aa48-62f3c244de6e', 'e77bf882-fc32-461c-acab-6ee1696df0c7', 'Elektrikli VTOL Hava Taksisi Konsepti', 10, '[{"name":"Aslı Tezcan","order":1},{"name":"Nehir Tosun","order":2},{"name":"Akın Bulut","order":3}]', 'Dr. Zehra Aksoy', 'YTÜ, Mekatronik', 'İki kişilik elektrikli VTOL hava taksisi konsept tasarımı; aerodinamik analiz, batarya boyutlandırma ve şehir içi rota optimizasyonu CFD ve MATLAB simülasyonlarıyla gerçekleştirilmiştir.') ON CONFLICT DO NOTHING;
INSERT INTO projects (id, period_id, title, project_no, members, advisor_name, advisor_affiliation, description) VALUES ('238b97fd-2d7a-43c5-a1a3-8fb3735867b1', 'e77bf882-fc32-461c-acab-6ee1696df0c7', 'Otonom Mayın Tespit ve İmha Robotu', 11, '[{"name":"Gizem Aksoy","order":1},{"name":"Halil Ercan","order":2},{"name":"Melisa Tuncer","order":3}]', 'Prof. Hakan Güneş', 'Boğaziçi, Elektrik Müh.', 'Metal dedektörü ve yer penetran radar sensörü taşıyan paletli mobil robot platformu. Otonom tarama algoritması ile 50x50 m alanda mayın tespiti ve GPS koordinat işaretleme yapılmaktadır.') ON CONFLICT DO NOTHING;
INSERT INTO projects (id, period_id, title, project_no, members, advisor_name, advisor_affiliation, description) VALUES ('5f932d7d-ad04-44c9-ac09-459f594c1ec2', 'e77bf882-fc32-461c-acab-6ee1696df0c7', 'Karbon Fiber Gövdeli Süpersonik Model Roket', 12, '[{"name":"İdil Akbaş","order":1},{"name":"Burak Aslan","order":2},{"name":"Sıla Yılmazer","order":3},{"name":"Oğuzhan Kara","order":4}]', 'Dr. Canan Eriş', 'Eskişehir Teknik, Havacılık', 'Karbon fiber kompozit gövdeli model roket; L sınıfı katı yakıt motoru ile Mach 1.2 hız hedeflenmiştir. Aerodinamik ısınma analizi ve fin flutter simülasyonları OpenRocket ile doğrulanmıştır.') ON CONFLICT DO NOTHING;
INSERT INTO projects (id, period_id, title, project_no, members, advisor_name, advisor_affiliation, description) VALUES ('b6718b6b-02a8-444b-a8ec-ff82aad1b946', '308d2708-dbea-41b6-a1c8-da6129445759', 'Tarımsal İlaçlama için Çoklu Drone Filosu', 1, '[{"name":"Oğuz Balcı","order":1},{"name":"Ezgi Doruk","order":2},{"name":"Ceren Erdoğan","order":3}]', 'Prof. Serhat Öztürk', 'İTÜ, Uçak Mühendisliği', 'Dört hexacopter ile koordineli tarımsal ilaçlama operasyonu; otomatik şerit paylaşımı ve dolum istasyonu yönetimi ile 50 dekarlık alan 45 dakikada tamamlanmaktadır.') ON CONFLICT DO NOTHING;
INSERT INTO projects (id, period_id, title, project_no, members, advisor_name, advisor_affiliation, description) VALUES ('75baa7d0-6001-4420-a744-5b46e6483201', '308d2708-dbea-41b6-a1c8-da6129445759', 'Sıvı Yakıtlı Model Roket ile Yükseklik Rekoru', 2, '[{"name":"Mina Kaplan","order":1},{"name":"Doğukan Arslan","order":2},{"name":"Alperen Turan","order":3},{"name":"Caner Turgut","order":4},{"name":"Ozan Çelebi","order":5}]', 'Dr. Fatma Korkmaz', 'ODTÜ, Havacılık', 'Etanol-LOX sıvı yakıtlı model roket motoru tasarımı; basınçla besleme sistemi ve özel enjektör plakası ile 3000 m irtifa hedeflenmiştir.') ON CONFLICT DO NOTHING;
INSERT INTO projects (id, period_id, title, project_no, members, advisor_name, advisor_affiliation, description) VALUES ('35607ef7-b333-4b5b-aa1a-e7ebd1a57d32', '308d2708-dbea-41b6-a1c8-da6129445759', 'Otonom Yüzey Aracı ile Su Kalitesi İzleme', 3, '[{"name":"Sena Yücel","order":1},{"name":"Batıkan Sevim","order":2},{"name":"Gökhan Kılınç","order":3},{"name":"Veysel Kara","order":4},{"name":"Turgay Keskin","order":5}]', 'Prof. Murat Yıldız', 'İTÜ, Makina Mühendisliği', 'GPS güdümlü katamaran platformu üzerinde pH, çözünmüş oksijen ve bulanıklık sensörleri ile göl su kalitesi haritalama. Veriler LoRa ile kıyı istasyonuna aktarılmaktadır.') ON CONFLICT DO NOTHING;
INSERT INTO projects (id, period_id, title, project_no, members, advisor_name, advisor_affiliation, description) VALUES ('accfb911-acf9-481e-a167-d4ba6eaa9aaa', '308d2708-dbea-41b6-a1c8-da6129445759', 'Dikey İniş Kalkış Teslimat Dronu', 4, '[{"name":"Halil Ercan","order":1},{"name":"Selin Akay","order":2},{"name":"Baran Tekin","order":3},{"name":"Kaan Avcı","order":4},{"name":"Eren Güler","order":5}]', 'Dr. Zehra Aksoy', 'YTÜ, Mekatronik', 'Quad-tilt mekanizmalı teslimat dronu; 2 kg paket kapasitesi, mıknatıslı bırakma sistemi ve otomatik iniş pedine dönüş özellikleri ile 15 km menzil sağlamaktadır.') ON CONFLICT DO NOTHING;
INSERT INTO projects (id, period_id, title, project_no, members, advisor_name, advisor_affiliation, description) VALUES ('1aad9a5e-2660-4dbe-accc-6a8612299d07', '308d2708-dbea-41b6-a1c8-da6129445759', 'Deniz Arama Kurtarma Dronu', 5, '[{"name":"Peri Ergin","order":1},{"name":"Tolga Erim","order":2},{"name":"Sude Bulut","order":3},{"name":"Rıdvan Taş","order":4},{"name":"Oktay Çınar","order":5}]', 'Prof. Hakan Güneş', 'Boğaziçi, Elektrik Müh.', 'Termal kamera ve can simidi bırakma mekanizması taşıyan deniz üstü arama-kurtarma İHA platformu. Rüzgar kompanzasyonlu hovering ve otomatik arama paterni uçuşu desteklenmektedir.') ON CONFLICT DO NOTHING;
INSERT INTO projects (id, period_id, title, project_no, members, advisor_name, advisor_affiliation, description) VALUES ('c0f554fa-594d-4490-a829-4164b21baf01', '308d2708-dbea-41b6-a1c8-da6129445759', 'Hafif Kompozit Yapılı Taktik Mini İHA', 6, '[{"name":"Oğuzhan Kara","order":1},{"name":"Tuğba Erdem","order":2},{"name":"Tunahan Korkut","order":3}]', 'Dr. Canan Eriş', 'Eskişehir Teknik, Havacılık', '1.2 kg kalkış ağırlığında, el fırlatmalı sabit kanat mini İHA. Kevlar-karbon hibrit yapı ve katlanır kanat mekanizması ile sırt çantasında taşınabilir tasarım.') ON CONFLICT DO NOTHING;
INSERT INTO projects (id, period_id, title, project_no, members, advisor_name, advisor_affiliation, description) VALUES ('c76a36a7-037c-4541-ae8f-312ae44b4812', '308d2708-dbea-41b6-a1c8-da6129445759', 'Otonom Lojistik Quadcopter Sistemi', 7, '[{"name":"Koray Sert","order":1},{"name":"Ceylin Aydoğan","order":2},{"name":"Arda Keçeci","order":3},{"name":"Alp Sönmez","order":4}]', 'Prof. Serhat Öztürk', 'İTÜ, Uçak Mühendisliği', 'QR kod tabanlı iniş noktası tanıma ve yük bırakma sistemi ile donatılmış lojistik quadcopter. ArduPilot Lua script ile waypoint tabanlı çoklu teslimat görevi yönetilmektedir.') ON CONFLICT DO NOTHING;
INSERT INTO projects (id, period_id, title, project_no, members, advisor_name, advisor_affiliation, description) VALUES ('c9bb774d-0050-4605-a80d-dd3467c4836a', '308d2708-dbea-41b6-a1c8-da6129445759', 'Güdümsüz Roket Fin Stabilizasyonu', 8, '[{"name":"Yiğit Polat","order":1},{"name":"Efe Güneş","order":2},{"name":"Emrah Polat","order":3}]', 'Dr. Fatma Korkmaz', 'ODTÜ, Havacılık', 'Model roket için pasif aerodinamik stabilizasyon amacıyla farklı fin geometrilerinin rüzgar tüneli testleri ve CFD analizleri yapılarak optimal konfigürasyon belirlenmiştir.') ON CONFLICT DO NOTHING;
INSERT INTO projects (id, period_id, title, project_no, members, advisor_name, advisor_affiliation, description) VALUES ('399ef11e-0e5f-46cb-abfc-3fe89f900358', '308d2708-dbea-41b6-a1c8-da6129445759', 'İnsansız Yer Aracı ile Harita Çıkarma', 9, '[{"name":"Bartu Güney","order":1},{"name":"Yaren Uçar","order":2},{"name":"Baturalp Koç","order":3}]', 'Prof. Murat Yıldız', 'İTÜ, Makina Mühendisliği', 'SLAM algoritması ve stereo kamera ile iç mekan harita çıkarma yeteneğine sahip dört tekerlekli otonom kara aracı. ROS2 tabanlı navigasyon 0.5 m çözünürlüklü occupancy grid üretmektedir.') ON CONFLICT DO NOTHING;
INSERT INTO projects (id, period_id, title, project_no, members, advisor_name, advisor_affiliation, description) VALUES ('3b331f94-7242-46a0-a427-53b72f2a2e20', '308d2708-dbea-41b6-a1c8-da6129445759', 'Topçu Düzeltme Kanatçığı Tasarımı', 10, '[{"name":"Dila Öztürk","order":1},{"name":"İrem Demirci","order":2},{"name":"Nehir Tosun","order":3}]', 'Dr. Zehra Aksoy', 'YTÜ, Mekatronik', 'Mevcut mühimmat gövdesine entegre edilebilir kanatçık kiti konsept tasarımı; servo-aktüatörlü kontrol yüzeyleri ve IMU tabanlı güdüm algoritması MATLAB ortamında simüle edilmiştir.') ON CONFLICT DO NOTHING;
INSERT INTO projects (id, period_id, title, project_no, members, advisor_name, advisor_affiliation, description) VALUES ('4edc653f-c0e7-4217-aca1-1c827f8204aa', 'bf4ee98f-1fd2-418d-a62d-8cb5b585f293', 'Güneş Enerjili Sabit Kanatlı İHA Testi', 1, '[{"name":"İnci Tokgöz","order":1},{"name":"Furkan Polat","order":2},{"name":"Dicle Arslan","order":3}]', 'Prof. Serhat Öztürk', 'İTÜ, Uçak Mühendisliği', '2 m kanat açıklığında esnek güneş hücresi kaplı sabit kanat İHA; uçuş testlerinde batarya ömrüne %40 katkı sağlayan güneş enerjisi entegrasyonu doğrulanmıştır.') ON CONFLICT DO NOTHING;
INSERT INTO projects (id, period_id, title, project_no, members, advisor_name, advisor_affiliation, description) VALUES ('fd4bc2a1-e69b-4bf2-aab4-5f2da12927de', 'bf4ee98f-1fd2-418d-a62d-8cb5b585f293', 'Katı Yakıtlı Roket Motor Test Düzeneği', 2, '[{"name":"Berra Yılmaz","order":1},{"name":"Sena Yücel","order":2},{"name":"Emrah Polat","order":3},{"name":"Tayfun Aydın","order":4},{"name":"Ülkü Tuncer","order":5}]', 'Dr. Fatma Korkmaz', 'ODTÜ, Havacılık', 'Yük hücresi, basınç sensörü ve yüksek hızlı kamera ile donatılmış statik ateşleme test standı. K ve L sınıfı motorlar için itki eğrisi ve yanma verimi ölçümü yapılmaktadır.') ON CONFLICT DO NOTHING;
INSERT INTO projects (id, period_id, title, project_no, members, advisor_name, advisor_affiliation, description) VALUES ('649be1eb-a461-4e57-a8b9-29849257408f', 'bf4ee98f-1fd2-418d-a62d-8cb5b585f293', 'Sualtı Akustik Haberleşme Modemi', 3, '[{"name":"Koray Sert","order":1},{"name":"Eren Güler","order":2},{"name":"Damla Kılıç","order":3},{"name":"Zehra Kurt","order":4}]', 'Prof. Murat Yıldız', 'İTÜ, Makina Mühendisliği', 'FSK modülasyonlu piezoelektrik transdüser tabanlı sualtı akustik modem; 500 m menzilde 1200 bps veri hızı ile AUV komut-kontrol haberleşmesi sağlamaktadır.') ON CONFLICT DO NOTHING;
INSERT INTO projects (id, period_id, title, project_no, members, advisor_name, advisor_affiliation, description) VALUES ('e5c8d6af-192d-418f-aed9-3eb128ce7473', 'bf4ee98f-1fd2-418d-a62d-8cb5b585f293', 'Sabit Kanatlı İHA Otopilot Kontrol Kartı', 4, '[{"name":"Burak Aslan","order":1},{"name":"Polat Çetin","order":2},{"name":"Oğulcan Demirel","order":3},{"name":"Umutcan Demir","order":4}]', 'Dr. Zehra Aksoy', 'YTÜ, Mekatronik', 'STM32F7 tabanlı özel otopilot kartı; IMU, GPS, barometre ve pitot tüpü entegrasyonu ile sabit kanat uçuş kontrol yazılımı geliştirilmiştir.') ON CONFLICT DO NOTHING;
INSERT INTO projects (id, period_id, title, project_no, members, advisor_name, advisor_affiliation, description) VALUES ('0d85d576-ade8-47b4-aed8-e21a19876b45', 'bf4ee98f-1fd2-418d-a62d-8cb5b585f293', 'Hibrit Motor: Katı-Sıvı Yakıt Kombinasyonu', 5, '[{"name":"Serhat Çakır","order":1},{"name":"Pelin Aydın","order":2},{"name":"Beren Yücel","order":3}]', 'Prof. Hakan Güneş', 'Boğaziçi, Elektrik Müh.', 'Parafin bazlı katı yakıt ve hidrojen peroksit oksitleyici kullanan hibrit motor prototipi. Regresyon hızı ve özgül itki ölçümleri ile performans karakterizasyonu yapılmıştır.') ON CONFLICT DO NOTHING;
INSERT INTO projects (id, period_id, title, project_no, members, advisor_name, advisor_affiliation, description) VALUES ('6f40d906-ea95-43dc-a58b-893b136611e0', 'bf4ee98f-1fd2-418d-a62d-8cb5b585f293', 'FPV Yarış Dronu Engel Algılama', 6, '[{"name":"Ezgi Doruk","order":1},{"name":"Semih Karataş","order":2},{"name":"Ezgi Nur Kavak","order":3}]', 'Dr. Canan Eriş', 'Eskişehir Teknik, Havacılık', 'FPV yarış dronuna eklenen ön-bakış stereo kamera ve FPGA tabanlı derinlik haritası işlemcisi ile düşük gecikme süreli engel algılama sistemi.') ON CONFLICT DO NOTHING;
INSERT INTO projects (id, period_id, title, project_no, members, advisor_name, advisor_affiliation, description) VALUES ('c52d5ec8-7228-448f-a38a-9bec8cf13537', 'bf4ee98f-1fd2-418d-a62d-8cb5b585f293', 'Küçük Uydu Fırlatma Aracı Ön Tasarım', 7, '[{"name":"Tarık Arslan","order":1},{"name":"Korhan Alkan","order":2},{"name":"Ulaş Sevinç","order":3}]', 'Prof. Serhat Öztürk', 'İTÜ, Uçak Mühendisliği', '10 kg LEO yük kapasiteli üç aşamalı katı yakıtlı fırlatma aracı ön tasarımı. Yörünge mekaniği simülasyonları ve yapısal analiz ANSYS ile tamamlanmıştır.') ON CONFLICT DO NOTHING;
INSERT INTO projects (id, period_id, title, project_no, members, advisor_name, advisor_affiliation, description) VALUES ('d8afc0ae-2d1b-400c-a861-f9445a4288ac', 'bf4ee98f-1fd2-418d-a62d-8cb5b585f293', 'Taktik İletişim İHA Röle Görevi', 8, '[{"name":"Ceyda Vural","order":1},{"name":"Utku Erdem","order":2},{"name":"Defne Çetin","order":3}]', 'Dr. Fatma Korkmaz', 'ODTÜ, Havacılık', 'Sabit kanat İHA üzerinde radyo röle sistemi ile kesintisiz taktik haberleşme sağlayan platform. UHF ve VHF bant geçirgen anten ve otomatik frekans yönetimi entegre edilmiştir.') ON CONFLICT DO NOTHING;
INSERT INTO projects (id, period_id, title, project_no, members, advisor_name, advisor_affiliation, description) VALUES ('f4f0ede3-01c4-46a1-a477-acd42790683e', '05a1eb4a-d4cf-478b-a52d-578c3d9c22ad', 'Yapay Zeka Destekli Erken Orman Yangını Tespiti', 1, '[{"name":"Akın Bulut","order":1},{"name":"Sergen Koray","order":2},{"name":"Aslıhan Coşkun","order":3},{"name":"Burcu Deniz","order":4}]', 'Dr. Merve Yıldırım', 'Ankara Fen Lisesi', 'Gözetleme kamerası görüntüleri üzerinde duman ve alev tespiti yapan CNN modeli; EfficientNet-B3 omurga ile %96 doğruluk oranında erken uyarı sağlamaktadır. Yanlış alarm oranı güneş parlaması ve sis koşullarında test edilmiştir.') ON CONFLICT DO NOTHING;
INSERT INTO projects (id, period_id, title, project_no, members, advisor_name, advisor_affiliation, description) VALUES ('f5c97d0e-9bca-4e0b-a17d-a75193ef0082', '05a1eb4a-d4cf-478b-a52d-578c3d9c22ad', 'Tarımsal Atıklardan Ağır Metal Filtreleme Membranı', 2, '[{"name":"Müge Çelik","order":1},{"name":"Nihan Sezer","order":2},{"name":"Rana Keskin","order":3}]', 'Selin Karadeniz', 'İstanbul Atatürk Fen Lisesi', 'Pirinç kabuğu ve fındık kabuğu biyokütlesinden sentezlenen aktif karbon membranların kurşun ve kadmiyum iyonlarına karşı adsorpsiyon kapasitesi incelenmiştir. Langmuir izotermi ile 98 mg/g kapasite belirlenmiştir.') ON CONFLICT DO NOTHING;
INSERT INTO projects (id, period_id, title, project_no, members, advisor_name, advisor_affiliation, description) VALUES ('836703c7-94e5-4e9c-a1f4-c9aeca526cd1', '05a1eb4a-d4cf-478b-a52d-578c3d9c22ad', 'Giyilebilir Postür Düzeltme Sensörü ve Mobil Uygulaması', 3, '[{"name":"Furkan Polat","order":1},{"name":"Nehir Tosun","order":2},{"name":"Naz Tunalı","order":3},{"name":"Melisa Tuncer","order":4}]', 'Ahmet Çelik', 'İzmir Fen Lisesi', 'MPU6050 ivmeölçer ile sırt eğimini ölçen giyilebilir cihaz; eşik aşımında titreşim geri bildirimi ve günlük postür raporu sunan React Native mobil uygulamasıyla entegre çalışmaktadır.') ON CONFLICT DO NOTHING;
INSERT INTO projects (id, period_id, title, project_no, members, advisor_name, advisor_affiliation, description) VALUES ('202b2597-5a44-4ae0-a6a5-4834870f87d0', '05a1eb4a-d4cf-478b-a52d-578c3d9c22ad', 'Mikroalg Biyoreaktörü ile Atmosferik CO₂ Yakalama', 4, '[{"name":"Peri Ergin","order":1},{"name":"Ebru Gökçe","order":2},{"name":"Umutcan Demir","order":3}]', 'Dr. Burcu Eren', 'ODTÜ GV Lisesi', 'Chlorella vulgaris mikroalg kültürü barındıran 10 L fotobiyoreaktör ile atmosferik CO₂ yakalama verimliliği ölçülmüştür. LED aydınlatma spektrumu ve pH optimizasyonu ile günlük 2.3 g/L biyokütle üretimi sağlanmıştır.') ON CONFLICT DO NOTHING;
INSERT INTO projects (id, period_id, title, project_no, members, advisor_name, advisor_affiliation, description) VALUES ('585f50bf-9fb8-4d91-a04d-ec0d9d96f763', '05a1eb4a-d4cf-478b-a52d-578c3d9c22ad', 'Atık Yağlardan Biyodizel Üretim Optimizasyonu', 5, '[{"name":"Selin Akay","order":1},{"name":"Emrah Polat","order":2},{"name":"Defne Çetin","order":3},{"name":"Alper Bayraktar","order":4}]', 'Mehmet Kaya', 'Galatasaray Lisesi', 'Evsel atık kızartma yağlarından bazik katalizör ile transesterifikasyon yöntemiyle biyodizel üretimi. Metanol-yağ oranı, sıcaklık ve katalizör miktarı Taguchi yöntemiyle optimize edilmiştir.') ON CONFLICT DO NOTHING;
INSERT INTO projects (id, period_id, title, project_no, members, advisor_name, advisor_affiliation, description) VALUES ('5b69ec00-b61b-4bf1-a938-c4645c26ab9b', '05a1eb4a-d4cf-478b-a52d-578c3d9c22ad', 'Deprem Erken Uyarı Sensör Ağı Prototipi', 6, '[{"name":"Doruk Acar","order":1},{"name":"Taylan Ergin","order":2},{"name":"Sıla Yılmazer","order":3},{"name":"Elif Naz Balcı","order":4}]', 'Dr. Merve Yıldırım', 'Ankara Fen Lisesi', 'MEMS ivmeölçer tabanlı düşük maliyetli sismik sensör düğümleri; P-dalgası algılandığında LoRa ağı üzerinden merkeze uyarı gönderen dağıtık erken uyarı sistemi prototipi.') ON CONFLICT DO NOTHING;
INSERT INTO projects (id, period_id, title, project_no, members, advisor_name, advisor_affiliation, description) VALUES ('ec36e04f-bc08-484d-aec8-77976e40ccf2', '05a1eb4a-d4cf-478b-a52d-578c3d9c22ad', 'Meyve Olgunluk Tespiti için Hiperspektral Görüntüleme', 7, '[{"name":"Melike Savaş","order":1},{"name":"Altan Çevik","order":2},{"name":"Azra Evren","order":3},{"name":"Canberk Yıldız","order":4}]', 'Selin Karadeniz', 'İstanbul Atatürk Fen Lisesi', '400-1000 nm aralığında hiperspektral kamera ile domates olgunluk seviyesinin tahribatsız tespiti. PLS-DA sınıflandırıcı ile dört olgunluk aşaması %93 doğrulukla ayırt edilmiştir.') ON CONFLICT DO NOTHING;
INSERT INTO projects (id, period_id, title, project_no, members, advisor_name, advisor_affiliation, description) VALUES ('71359fc5-fa1d-49e0-a508-7791072924f7', '05a1eb4a-d4cf-478b-a52d-578c3d9c22ad', 'Su Kirliliğinin Yapay Zeka ile İzlenmesi', 8, '[{"name":"Ozan Çelebi","order":1},{"name":"Kaan Avcı","order":2},{"name":"Selçuk Taner","order":3}]', 'Ahmet Çelik', 'İzmir Fen Lisesi', 'Nehir yüzeyinden alınan drone görüntülerinde yağ tabakası ve atık birikimi tespiti yapan segmentasyon modeli. U-Net mimarisi ile piksel bazında %91 IoU değerine ulaşılmıştır.') ON CONFLICT DO NOTHING;
INSERT INTO projects (id, period_id, title, project_no, members, advisor_name, advisor_affiliation, description) VALUES ('29fa0b9f-8d4e-412b-a37c-51b840e6b742', '05a1eb4a-d4cf-478b-a52d-578c3d9c22ad', 'Grafen Katkılı Beton Dayanıklılık Analizi', 9, '[{"name":"Alihan Topçu","order":1},{"name":"Serhat Çakır","order":2},{"name":"Simge Kalkan","order":3}]', 'Dr. Burcu Eren', 'ODTÜ GV Lisesi', 'Çimento karışımına farklı oranlarda grafen oksit eklenerek basınç dayanımı, eğilme mukavemeti ve su geçirgenliği testleri yapılmıştır. %0.05 katkı oranında basınç dayanımı %28 artmıştır.') ON CONFLICT DO NOTHING;
INSERT INTO projects (id, period_id, title, project_no, members, advisor_name, advisor_affiliation, description) VALUES ('314813c6-1e28-4947-a126-999c48408c53', '05a1eb4a-d4cf-478b-a52d-578c3d9c22ad', 'Otonom Böcek Robot ile Mikro-Tozlaşma', 10, '[{"name":"Hande Polat","order":1},{"name":"Özgür Baran","order":2},{"name":"Ada Toprak","order":3},{"name":"Mazhar Özdemir","order":4},{"name":"Turgay Keskin","order":5}]', 'Mehmet Kaya', 'Galatasaray Lisesi', 'Sera ortamında çiçek tozlaşmasını taklit eden 8 cm boyutunda mikro robot; titreşim motoru ile polen transfer mekanizması ve kızılötesi çiçek algılama sistemi entegre edilmiştir.') ON CONFLICT DO NOTHING;
INSERT INTO projects (id, period_id, title, project_no, members, advisor_name, advisor_affiliation, description) VALUES ('a426a611-7b78-434d-a881-aa71b5849acb', 'bb63166c-d38c-4278-a1e9-5c8b7b081a6c', 'Arı Kolonisi Sağlığı İzleme Sistemi', 1, '[{"name":"Tolga Erim","order":1},{"name":"Oktay Çınar","order":2},{"name":"Pınar Şahin","order":3}]', 'Dr. Merve Yıldırım', 'Ankara Fen Lisesi', 'Kovan içi sıcaklık, nem ve ses seviyesi verilerini toplayan IoT sensör sistemi; makine öğrenmesi ile ana arı kaybı ve varroa enfestasyonu erken uyarısı sağlamaktadır.') ON CONFLICT DO NOTHING;
INSERT INTO projects (id, period_id, title, project_no, members, advisor_name, advisor_affiliation, description) VALUES ('399c8138-c254-4cc4-a305-be9db396f5be', 'bb63166c-d38c-4278-a1e9-5c8b7b081a6c', 'Biyobozunur Plastik Üretiminde Mısır Nişastası', 2, '[{"name":"Doğan Eren","order":1},{"name":"Cenk Duman","order":2},{"name":"Volkan Arı","order":3},{"name":"Irmak Genç","order":4}]', 'Selin Karadeniz', 'İstanbul Atatürk Fen Lisesi', 'Mısır nişastası ve gliserol karışımından termoplastik nişasta film üretimi; çekme mukavemeti, su buharı geçirgenliği ve toprakta bozunma hızı testleri ile karakterizasyon yapılmıştır.') ON CONFLICT DO NOTHING;
INSERT INTO projects (id, period_id, title, project_no, members, advisor_name, advisor_affiliation, description) VALUES ('f70484ca-9482-441b-a0f1-a51bd61a5693', 'bb63166c-d38c-4278-a1e9-5c8b7b081a6c', 'Toprak Neminin Yapay Zeka ile Tahmini', 3, '[{"name":"Bartu Güney","order":1},{"name":"Mazhar Özdemir","order":2},{"name":"Ege Duran","order":3}]', 'Ahmet Çelik', 'İzmir Fen Lisesi', 'Kapasitif toprak nemi sensörleri ve meteoroloji verisi kullanarak LSTM modeli ile 72 saatlik toprak nemi tahmini; sulama zamanlaması optimizasyonu hedeflenmiştir.') ON CONFLICT DO NOTHING;
INSERT INTO projects (id, period_id, title, project_no, members, advisor_name, advisor_affiliation, description) VALUES ('400acad2-774f-4bd3-a79a-e11c8d42fccb', 'bb63166c-d38c-4278-a1e9-5c8b7b081a6c', 'Göl Ekosistemlerinde Mikroplastik Analizi', 4, '[{"name":"Çağrı Özkan","order":1},{"name":"Altan Çevik","order":2},{"name":"Tuğçe Can","order":3},{"name":"Melis Kavak","order":4}]', 'Dr. Burcu Eren', 'ODTÜ GV Lisesi', 'Ankara çevresindeki üç gölden alınan su ve sediman örneklerinde mikroplastik konsantrasyonu ve polimer tipi FTIR spektroskopisi ile belirlenmiştir.') ON CONFLICT DO NOTHING;
INSERT INTO projects (id, period_id, title, project_no, members, advisor_name, advisor_affiliation, description) VALUES ('4c9ede54-b520-4ff1-a1b6-13c11843fc36', 'bb63166c-d38c-4278-a1e9-5c8b7b081a6c', 'Güneş Paneli Temizleme Robotu', 5, '[{"name":"Ozan Çelebi","order":1},{"name":"Candan Yıldız","order":2},{"name":"Serkan Taşkın","order":3}]', 'Mehmet Kaya', 'Galatasaray Lisesi', 'Güneş paneli yüzeyinde otonom hareket eden raylı temizleme robotu; fırça ve basınçlı hava sistemiyle toz ve kuş pisliği temizliği yaparak panel verimini %12 artırmaktadır.') ON CONFLICT DO NOTHING;
INSERT INTO projects (id, period_id, title, project_no, members, advisor_name, advisor_affiliation, description) VALUES ('50e9d1b3-3c7f-4b05-a7a1-857fd66fa3f0', 'bb63166c-d38c-4278-a1e9-5c8b7b081a6c', 'Propolis Antibiyotik Araştırması', 6, '[{"name":"Batıkan Sevim","order":1},{"name":"Doruk Acar","order":2},{"name":"Tuna Bakır","order":3}]', 'Dr. Merve Yıldırım', 'Ankara Fen Lisesi', 'Farklı coğrafi bölgelerden toplanan propolis örneklerinin Staphylococcus aureus ve E. coli üzerindeki antimikrobiyal etkinliği disk difüzyon yöntemiyle karşılaştırılmıştır.') ON CONFLICT DO NOTHING;
INSERT INTO projects (id, period_id, title, project_no, members, advisor_name, advisor_affiliation, description) VALUES ('2aa8caf1-77ba-4449-aecb-8b2f8b134db8', 'bb63166c-d38c-4278-a1e9-5c8b7b081a6c', 'Yenilenebilir Enerji Hibrit Modelleme', 7, '[{"name":"Aslı Tezcan","order":1},{"name":"Hazal Koç","order":2},{"name":"Sinan Koç","order":3},{"name":"Tunahan Korkut","order":4}]', 'Selin Karadeniz', 'İstanbul Atatürk Fen Lisesi', 'Güneş ve rüzgar enerjisi verilerini birleştiren hibrit enerji sistemi HOMER Pro ile modellenmiş; Ankara koşullarında optimum panel-türbin oranı ve batarya kapasitesi belirlenmiştir.') ON CONFLICT DO NOTHING;
INSERT INTO projects (id, period_id, title, project_no, members, advisor_name, advisor_affiliation, description) VALUES ('9ee62063-d4dd-493d-a02d-11c9e75cae34', 'bb63166c-d38c-4278-a1e9-5c8b7b081a6c', 'Kentsel Isı Adası Uydu Analizi', 8, '[{"name":"Sıla Yılmazer","order":1},{"name":"Alp Sönmez","order":2},{"name":"İpek Sarıca","order":3},{"name":"Sibel Acar","order":4},{"name":"Gökhan Kılınç","order":5}]', 'Ahmet Çelik', 'İzmir Fen Lisesi', 'Landsat-8 termal bant uydu görüntüleri ile İstanbul kentsel ısı adası etkisinin 2015-2025 yılları arasındaki değişimi NDVI ve yüzey sıcaklığı korelasyonu ile analiz edilmiştir.') ON CONFLICT DO NOTHING;
INSERT INTO projects (id, period_id, title, project_no, members, advisor_name, advisor_affiliation, description) VALUES ('bd7220da-b4dd-4ddc-acbc-cac1d9491475', '3f9cabdb-61dc-45da-afa5-dbb1747cd8c8', 'Güneş Paneli Verimlilik Artırma Kaplaması', 1, '[{"name":"Tayfun Aydın","order":1},{"name":"Kaan Avcı","order":2},{"name":"Deniz Ünal","order":3},{"name":"Büşra Doğan","order":4},{"name":"Rüya Işık","order":5}]', 'Dr. Merve Yıldırım', 'Ankara Fen Lisesi', 'TiO₂ nanopartikül katkılı anti-reflektif kaplama ile güneş paneli cam yüzeyinde ışık geçirgenliği artırılmış; %3.5 verimlilik kazanımı ölçülmüştür.') ON CONFLICT DO NOTHING;
INSERT INTO projects (id, period_id, title, project_no, members, advisor_name, advisor_affiliation, description) VALUES ('f5a78224-c079-428b-a9be-b4ab0c8d0f38', '3f9cabdb-61dc-45da-afa5-dbb1747cd8c8', 'Su Arıtmada Doğal Zeolitlerin Kullanımı', 2, '[{"name":"Pelin Aydın","order":1},{"name":"Ezgi Doruk","order":2},{"name":"Alp Sönmez","order":3},{"name":"Peri Ergin","order":4},{"name":"Duygu Başak","order":5}]', 'Selin Karadeniz', 'İstanbul Atatürk Fen Lisesi', 'Gördes zeolit yataklarından elde edilen doğal klinoptilolitin amonyum ve ağır metal iyonlarını adsorpsiyon kapasitesi kolon deneyleriyle belirlenmiştir.') ON CONFLICT DO NOTHING;
INSERT INTO projects (id, period_id, title, project_no, members, advisor_name, advisor_affiliation, description) VALUES ('d0db89a9-775d-40ee-a91b-cf5c28619847', '3f9cabdb-61dc-45da-afa5-dbb1747cd8c8', 'Sürdürülebilir Ambalaj Malzemesi Geliştirme', 3, '[{"name":"Doğan Eren","order":1},{"name":"Semih Karataş","order":2},{"name":"Mina Kaplan","order":3},{"name":"Polat Çetin","order":4}]', 'Ahmet Çelik', 'İzmir Fen Lisesi', 'Kitosan ve jelatin bazlı biyobozunur film; zerdeçal ekstraktı katkısıyla antimikrobiyal özellik kazandırılmış, gıda ambalajında raf ömrü uzatma potansiyeli test edilmiştir.') ON CONFLICT DO NOTHING;
INSERT INTO projects (id, period_id, title, project_no, members, advisor_name, advisor_affiliation, description) VALUES ('288370eb-eecf-4262-af8a-42a65fcf99e9', '3f9cabdb-61dc-45da-afa5-dbb1747cd8c8', 'Hava Kalitesi İzleme Sensörü Tasarımı', 4, '[{"name":"Azra Beyaz","order":1},{"name":"İrem Demirci","order":2},{"name":"Yunus Emre Boz","order":3},{"name":"Ceylin Aydoğan","order":4}]', 'Dr. Burcu Eren', 'ODTÜ GV Lisesi', 'MQ serisi gaz sensörleri ve PM2.5 lazer sensörü ile Arduino tabanlı taşınabilir hava kalitesi ölçüm cihazı; veriler SD karta kaydedilip web arayüzünde görselleştirilmektedir.') ON CONFLICT DO NOTHING;
INSERT INTO projects (id, period_id, title, project_no, members, advisor_name, advisor_affiliation, description) VALUES ('5ce62c53-1cd3-4bf4-a65b-ed5ebbe3cfaa', '3f9cabdb-61dc-45da-afa5-dbb1747cd8c8', 'Bitki Büyüme ve LED Spektrumu İlişkisi', 5, '[{"name":"Melodi Tuncel","order":1},{"name":"Derin Alkan","order":2},{"name":"Simge Kalkan","order":3},{"name":"Taygun Arıkan","order":4}]', 'Mehmet Kaya', 'Galatasaray Lisesi', 'Kırmızı, mavi ve beyaz LED kombinasyonlarının marul büyüme hızı, yaprak alanı ve klorofil içeriği üzerindeki etkisi kontrollü sera ortamında 45 günlük deney ile incelenmiştir.') ON CONFLICT DO NOTHING;
INSERT INTO projects (id, period_id, title, project_no, members, advisor_name, advisor_affiliation, description) VALUES ('2b4ffb79-4c6f-43b3-a85e-6a16da7edfdf', '3f9cabdb-61dc-45da-afa5-dbb1747cd8c8', 'Yağmur Suyu Hasadı ve Arıtım Sistemi', 6, '[{"name":"Alihan Topçu","order":1},{"name":"Erdem Uzun","order":2},{"name":"Akın Bulut","order":3},{"name":"Azra Evren","order":4},{"name":"Rıdvan Taş","order":5}]', 'Dr. Merve Yıldırım', 'Ankara Fen Lisesi', 'Çatı yüzeyinden toplanan yağmur suyunun kum-çakıl filtrasyon ve UV dezenfeksiyon ile arıtılarak sulama ve tuvalet suyu olarak kullanılabilirliği test edilmiştir.') ON CONFLICT DO NOTHING;
INSERT INTO projects (id, period_id, title, project_no, members, advisor_name, advisor_affiliation, description) VALUES ('7c08441a-9b1c-43b1-ab4b-a6d204c8f90d', '6c44b363-4522-4cad-a251-06484b72b164', 'Phased Array Antenna for 28 GHz mmWave 5G', 1, '[{"name":"Gabriel Locke","order":1},{"name":"Mia Howard","order":2},{"name":"Elise Whitfield","order":3},{"name":"Declan Holt","order":4},{"name":"Caleb Richardson","order":5}]', 'Prof. Harold Kim', 'U. Michigan, ECE', 'A 16-element patch phased array on Rogers RO4003C with corporate feed network and 5-bit digital phase shifters, achieving ±45° beam scanning with 22 dBi peak gain at 28 GHz.') ON CONFLICT DO NOTHING;
INSERT INTO projects (id, period_id, title, project_no, members, advisor_name, advisor_affiliation, description) VALUES ('ca11e01d-82af-4055-aa03-4640780aa91b', '6c44b363-4522-4cad-a251-06484b72b164', 'Wearable UHF RFID Tag Antenna for Patient Tracking', 2, '[{"name":"Celia Graves","order":1},{"name":"Miles Cunningham","order":2},{"name":"Henry Torres","order":3},{"name":"Avery James","order":4},{"name":"Amelia Wright","order":5}]', 'Dr. Sarah Novak', 'Georgia Tech, ECE', 'A flexible dipole-based RFID tag antenna printed on Kapton substrate, designed to operate on the human body at 915 MHz with a read range exceeding 5 m despite body-loading effects.') ON CONFLICT DO NOTHING;
INSERT INTO projects (id, period_id, title, project_no, members, advisor_name, advisor_affiliation, description) VALUES ('f587f2b0-2c8e-40bc-ac05-182f1d07cf58', '6c44b363-4522-4cad-a251-06484b72b164', 'Dual-Band Circularly Polarized Patch for GPS/GLONASS', 3, '[{"name":"Porter Haines","order":1},{"name":"Andrew Holden","order":2},{"name":"Liam Fletcher","order":3},{"name":"Pierce Dalton","order":4}]', 'Prof. Wei Zhang', 'UCLA, EE', 'A stacked patch antenna providing RHCP at L1 (1575 MHz) and L2 (1227 MHz) with axial ratio below 2 dB across both bands, intended for precision agriculture GNSS receivers.') ON CONFLICT DO NOTHING;
INSERT INTO projects (id, period_id, title, project_no, members, advisor_name, advisor_affiliation, description) VALUES ('32f1ec66-89dc-49f5-a867-7ec816ff6d07', '6c44b363-4522-4cad-a251-06484b72b164', 'Metamaterial Absorber for Radar Cross-Section Reduction', 4, '[{"name":"Leo Gallagher","order":1},{"name":"Astrid Lyons","order":2},{"name":"Elowen Chase","order":3},{"name":"Aria Sanders","order":4}]', 'Dr. Anita Patel', 'Purdue, ECE', 'A polarization-insensitive metamaterial absorber using resistively loaded split-ring resonators, achieving greater than 90% absorption from 8 to 12 GHz for RCS reduction applications.') ON CONFLICT DO NOTHING;
INSERT INTO projects (id, period_id, title, project_no, members, advisor_name, advisor_affiliation, description) VALUES ('5e784ee9-8ce7-4cae-a580-a07a1f11b557', '6c44b363-4522-4cad-a251-06484b72b164', 'Reconfigurable Metasurface for Beam Steering', 5, '[{"name":"Calder Shaw","order":1},{"name":"Anders Vance","order":2},{"name":"Dominic Hurst","order":3}]', 'Prof. Gregory Harmon', 'Ohio State, ECE', 'A 1-bit reconfigurable intelligent surface with PIN-diode-switched unit cells at 5.8 GHz, electronically steering a reflected beam over ±60° with measured 1.5 dB scanning loss.') ON CONFLICT DO NOTHING;
INSERT INTO projects (id, period_id, title, project_no, members, advisor_name, advisor_affiliation, description) VALUES ('acb58410-579f-4a67-a462-68dfd1beec2e', '6c44b363-4522-4cad-a251-06484b72b164', 'Textile-Integrated Antenna Array for Body Area Networks', 6, '[{"name":"Graham Henley","order":1},{"name":"Sophia Linden","order":2},{"name":"Isaac Perez","order":3}]', 'Prof. Harold Kim', 'U. Michigan, ECE', 'A two-element conductive-thread antenna array embroidered into a polyester sports shirt, operating at 2.45 GHz for WBAN with -15 dB mutual coupling despite close inter-element spacing.') ON CONFLICT DO NOTHING;
INSERT INTO projects (id, period_id, title, project_no, members, advisor_name, advisor_affiliation, description) VALUES ('32635f22-7ece-4fe8-a2e5-a0596659e09a', '6c44b363-4522-4cad-a251-06484b72b164', 'Frequency-Tunable Slot Antenna Using Varactor Diodes', 7, '[{"name":"Elias Boyd","order":1},{"name":"Elodie Kincaid","order":2},{"name":"Ivy Sheridan","order":3},{"name":"Mabel Trent","order":4},{"name":"Hayes Drummond","order":5}]', 'Dr. Sarah Novak', 'Georgia Tech, ECE', 'A CPW-fed slot antenna whose resonant frequency tunes continuously from 2.2 to 3.8 GHz via reverse-biased varactor loading, covering LTE bands 1 through 7 with a single aperture.') ON CONFLICT DO NOTHING;
INSERT INTO projects (id, period_id, title, project_no, members, advisor_name, advisor_affiliation, description) VALUES ('07acad75-3870-4cca-a9e6-90ebcae9aa69', '6c44b363-4522-4cad-a251-06484b72b164', 'SIW-Based Diplexer for TX-RX Systems', 8, '[{"name":"Felix Palmer","order":1},{"name":"Quinn Radley","order":2},{"name":"Sebastian Cross","order":3}]', 'Prof. Wei Zhang', 'UCLA, EE', 'A substrate-integrated-waveguide diplexer at 24/28 GHz for full-duplex mmWave front-ends, fabricated on a single Rogers 5880 layer with better than 35 dB TX-RX isolation.') ON CONFLICT DO NOTHING;
INSERT INTO projects (id, period_id, title, project_no, members, advisor_name, advisor_affiliation, description) VALUES ('ee36879d-c1a0-4042-ae3d-4785e41a000b', '6c44b363-4522-4cad-a251-06484b72b164', 'Millimeter-Wave Lens Antenna for Automotive Radar', 9, '[{"name":"Dillon Kane","order":1},{"name":"Chloe Ward","order":2},{"name":"Christopher Vale","order":3}]', 'Dr. Anita Patel', 'Purdue, ECE', 'A 3D-printed dielectric lens with gradient-index profile illuminated by an open-ended waveguide at 77 GHz, producing a 3° pencil beam with 28 dBi gain for long-range automotive radar.') ON CONFLICT DO NOTHING;
INSERT INTO projects (id, period_id, title, project_no, members, advisor_name, advisor_affiliation, description) VALUES ('40a4601a-bd4f-420e-ad80-b3567e6178b3', '6c44b363-4522-4cad-a251-06484b72b164', 'Fractal Antenna for Ultra-Wideband Applications', 10, '[{"name":"Beckett Thorne","order":1},{"name":"Landon Howe","order":2},{"name":"Willa Prescott","order":3},{"name":"Brynn Ellery","order":4}]', 'Prof. Gregory Harmon', 'Ohio State, ECE', 'A Minkowski-island fractal monopole printed on FR-4, covering 3.1 to 10.6 GHz with VSWR below 2:1 and a compact footprint 40% smaller than a conventional UWB disc monopole.') ON CONFLICT DO NOTHING;
INSERT INTO projects (id, period_id, title, project_no, members, advisor_name, advisor_affiliation, description) VALUES ('558f6b14-f11f-4dc3-ad37-c9041ad4e145', '318124ea-8614-4355-ad48-2486524dfc13', 'Reconfigurable FSS for 5G Shielding', 1, '[{"name":"Patrick Rowe","order":1},{"name":"Tessa Marlow","order":2},{"name":"Colton Sawyer","order":3},{"name":"Leona Stratton","order":4},{"name":"Ronan Kirby","order":5}]', 'Prof. Harold Kim', 'U. Michigan, ECE', 'A frequency-selective surface with PIN-diode-switchable unit cells that toggles between pass and stop states at 3.5 GHz, enabling on-demand electromagnetic shielding for secure rooms.') ON CONFLICT DO NOTHING;
INSERT INTO projects (id, period_id, title, project_no, members, advisor_name, advisor_affiliation, description) VALUES ('e970c78e-aaff-43ef-a236-77caf54b07ce', '318124ea-8614-4355-ad48-2486524dfc13', 'Compact MIMO Antenna for Sub-6 GHz Handsets', 2, '[{"name":"Miles Cunningham","order":1},{"name":"Aurora Price","order":2},{"name":"Pierce Dalton","order":3},{"name":"Clara Dawson","order":4},{"name":"Wyatt Watson","order":5}]', 'Dr. Sarah Novak', 'Georgia Tech, ECE', 'A four-port MIMO antenna occupying 150x75 mm using orthogonal slot modes to achieve ECC below 0.05 across 3.3-3.8 GHz for 5G smartphone integration.') ON CONFLICT DO NOTHING;
INSERT INTO projects (id, period_id, title, project_no, members, advisor_name, advisor_affiliation, description) VALUES ('9c450cf6-cae4-4390-a3ed-12f231962d02', '318124ea-8614-4355-ad48-2486524dfc13', 'SIW Filter for Ka-Band', 3, '[{"name":"Emma Peterson","order":1},{"name":"Julian Hayes","order":2},{"name":"Victoria Hale","order":3},{"name":"Daniel Frost","order":4},{"name":"Isaac Perez","order":5}]', 'Prof. Wei Zhang', 'UCLA, EE', 'A fourth-order Chebyshev bandpass filter implemented in SIW at 26 GHz with 800 MHz bandwidth, 1.2 dB insertion loss, and 25 dB rejection at ±1.5 GHz offset.') ON CONFLICT DO NOTHING;
INSERT INTO projects (id, period_id, title, project_no, members, advisor_name, advisor_affiliation, description) VALUES ('985b9ce9-1302-4ed5-ac37-74f7c3eebfc5', '318124ea-8614-4355-ad48-2486524dfc13', 'Broadband Log-Periodic for EMC Testing', 4, '[{"name":"Lucas Sullivan","order":1},{"name":"Benjamin Cruz","order":2},{"name":"Sophia Linden","order":3},{"name":"Elodie Kincaid","order":4}]', 'Dr. Anita Patel', 'Purdue, ECE', 'A printed log-periodic dipole array covering 200 MHz to 6 GHz for pre-compliance EMC measurements, with calibrated gain data traceable to a reference horn antenna.') ON CONFLICT DO NOTHING;
INSERT INTO projects (id, period_id, title, project_no, members, advisor_name, advisor_affiliation, description) VALUES ('cd611107-acdf-40c5-ade3-321c5d20b22b', '318124ea-8614-4355-ad48-2486524dfc13', 'MIMO Antenna for Wi-Fi 6E Access Points', 5, '[{"name":"Gabriel Locke","order":1},{"name":"Harlow Sinclair","order":2},{"name":"Sebastian Cross","order":3},{"name":"Oscar Quinn","order":4},{"name":"Alexander Dunn","order":5}]', 'Prof. Gregory Harmon', 'Ohio State, ECE', 'An eight-port ceiling-mount MIMO antenna covering 5.925-7.125 GHz (Wi-Fi 6E) with dual-polarized patch elements and port-to-port isolation exceeding 22 dB.') ON CONFLICT DO NOTHING;
INSERT INTO projects (id, period_id, title, project_no, members, advisor_name, advisor_affiliation, description) VALUES ('fc0404be-5d8b-4521-a139-40d70ba3fcc4', '318124ea-8614-4355-ad48-2486524dfc13', 'Circularly Polarized Horn for Satellite Comm', 6, '[{"name":"Marlowe Stein","order":1},{"name":"Sawyer Pace","order":2},{"name":"Jack Kelly","order":3},{"name":"Lennox Gray","order":4}]', 'Prof. Harold Kim', 'U. Michigan, ECE', 'A corrugated conical horn antenna with septum polarizer producing RHCP at Ku-band (12.5 GHz) with 0.5 dB axial ratio and 20 dBi gain for VSAT ground terminals.') ON CONFLICT DO NOTHING;
INSERT INTO projects (id, period_id, title, project_no, members, advisor_name, advisor_affiliation, description) VALUES ('84581ca4-8e1a-4cc6-a71b-2f34be4c1a82', '318124ea-8614-4355-ad48-2486524dfc13', 'Implantable Antenna for Deep Tissue Biotelemetry', 7, '[{"name":"Owen Gray","order":1},{"name":"Lucy Brooks","order":2},{"name":"Connor Ross","order":3},{"name":"Mason Bell","order":4}]', 'Dr. Sarah Novak', 'Georgia Tech, ECE', 'A miniaturized PIFA operating in the MedRadio band (401-406 MHz) encapsulated in biocompatible silicone, with link-budget analysis for 10 mm implant depth in muscle tissue.') ON CONFLICT DO NOTHING;
INSERT INTO projects (id, period_id, title, project_no, members, advisor_name, advisor_affiliation, description) VALUES ('0527c7f7-28f0-4560-aaf3-1118d5f48d63', '318124ea-8614-4355-ad48-2486524dfc13', 'Dual-Polarized Base Station Antenna', 8, '[{"name":"Isla Webb","order":1},{"name":"Selene Ashford","order":2},{"name":"Wren Ellsworth","order":3}]', 'Prof. Wei Zhang', 'UCLA, EE', 'A wideband dual-polarized cross-dipole antenna element for macro base stations covering 1.7-2.7 GHz with ±45° slant polarization, 65° HPBW, and 17 dBi gain.') ON CONFLICT DO NOTHING;
INSERT INTO projects (id, period_id, title, project_no, members, advisor_name, advisor_affiliation, description) VALUES ('55964658-c936-45e8-ae7c-bccdb9dcfb20', 'b7014c23-db5e-4be5-a5d6-d9597e8578cc', 'Dielectric Resonator Antenna for mmWave Imaging', 1, '[{"name":"Caleb Richardson","order":1},{"name":"Ivy Sheridan","order":2},{"name":"Aria Sanders","order":3},{"name":"Noah Patterson","order":4},{"name":"Alice Brennan","order":5}]', 'Prof. Harold Kim', 'U. Michigan, ECE', 'A cylindrical dielectric resonator antenna excited in the HEM11 mode at 60 GHz, achieving 12 dBi gain and 18% impedance bandwidth for short-range imaging applications.') ON CONFLICT DO NOTHING;
INSERT INTO projects (id, period_id, title, project_no, members, advisor_name, advisor_affiliation, description) VALUES ('bc3fe67d-937f-4744-ae90-a19293fc5d5c', 'b7014c23-db5e-4be5-a5d6-d9597e8578cc', 'Flexible Inkjet-Printed Antenna for Wearable IoT', 2, '[{"name":"Nolan Davies","order":1},{"name":"Keira Stanton","order":2},{"name":"Thea Langford","order":3}]', 'Dr. Sarah Novak', 'Georgia Tech, ECE', 'A silver-nanoparticle inkjet-printed meander-line antenna on PET film, resonating at 2.45 GHz with -12 dBi gain, surviving 500 bend cycles to a 15 mm radius.') ON CONFLICT DO NOTHING;
INSERT INTO projects (id, period_id, title, project_no, members, advisor_name, advisor_affiliation, description) VALUES ('e819a48d-0cd4-4027-aa05-4c5458518283', 'b7014c23-db5e-4be5-a5d6-d9597e8578cc', 'Patch Antenna Array for 24 GHz Doppler Radar', 3, '[{"name":"Gemma Whitlock","order":1},{"name":"Selene Ashford","order":2},{"name":"Aurora Price","order":3},{"name":"Lily Cooper","order":4},{"name":"Henry Torres","order":5}]', 'Prof. Wei Zhang', 'UCLA, EE', 'A 2x4 series-fed patch array on Rogers 5880 for K-band CW Doppler radar, providing 18 dBi gain with a fan beam for traffic speed measurement.') ON CONFLICT DO NOTHING;
INSERT INTO projects (id, period_id, title, project_no, members, advisor_name, advisor_affiliation, description) VALUES ('ab1fc3ab-1121-4eac-a869-537be94d5d4f', 'b7014c23-db5e-4be5-a5d6-d9597e8578cc', 'Wearable Antenna for UHF Emergency Comm', 4, '[{"name":"Owen Gray","order":1},{"name":"Beau Garrett","order":2},{"name":"Merrick Towne","order":3},{"name":"Beckett Thorne","order":4}]', 'Dr. Anita Patel', 'Purdue, ECE', 'A flexible inverted-F antenna integrated into a firefighter jacket collar, operating at 430 MHz with ground-plane independence verified through on-body measurements.') ON CONFLICT DO NOTHING;
INSERT INTO projects (id, period_id, title, project_no, members, advisor_name, advisor_affiliation, description) VALUES ('48863d9f-885f-4f71-a929-d3313626b41b', 'b7014c23-db5e-4be5-a5d6-d9597e8578cc', 'Compact Loop Antenna for NFC/WPT', 5, '[{"name":"Nora Kingsley","order":1},{"name":"Tatum Pierce","order":2},{"name":"Elias Boyd","order":3},{"name":"Logan Bailey","order":4},{"name":"Chloe Ward","order":5}]', 'Prof. Gregory Harmon', 'Ohio State, ECE', 'A planar spiral-loop antenna at 13.56 MHz optimized for simultaneous NFC data transfer and 2W wireless power transfer to wearable medical devices.') ON CONFLICT DO NOTHING;
INSERT INTO projects (id, period_id, title, project_no, members, advisor_name, advisor_affiliation, description) VALUES ('dcfe3392-61a2-44e1-ae05-da975e5f46a2', 'b7014c23-db5e-4be5-a5d6-d9597e8578cc', 'Printed Yagi-Uda for Direction Finding', 6, '[{"name":"Lydia Campion","order":1},{"name":"Graham Henley","order":2},{"name":"Theodore Grant","order":3}]', 'Prof. Harold Kim', 'U. Michigan, ECE', 'A five-element printed Yagi-Uda at 900 MHz with 9 dBi gain and 50° HPBW, used as the element in a four-quadrant DF array for wildlife VHF collar tracking.') ON CONFLICT DO NOTHING;
INSERT INTO projects (id, period_id, title, project_no, members, advisor_name, advisor_affiliation, description) VALUES ('7409c3d5-b62b-487e-aa60-8be8b736f7d9', '47979751-163d-48b3-ae56-a65586d18f1b', 'Autogyro Descent and Precision Landing System', 1, '[{"name":"Harper Morgan","order":1},{"name":"Chloe Ward","order":2},{"name":"Olivia Chen","order":3},{"name":"Willa Prescott","order":4}]', 'Prof. Richard Kline', 'Virginia Tech, Aerospace', 'Replaces the traditional parachute with a folding autogyro rotor blade assembly that deploys at apogee. Achieves a controlled 5 m/s descent rate with GPS-guided heading corrections targeting a 10 m landing circle.') ON CONFLICT DO NOTHING;
INSERT INTO projects (id, period_id, title, project_no, members, advisor_name, advisor_affiliation, description) VALUES ('d812e821-9cf5-4042-ae7b-7b45b9a7b922', '47979751-163d-48b3-ae56-a65586d18f1b', 'Dual-Redundant Telemetry with LoRa Failover', 2, '[{"name":"James Thornton","order":1},{"name":"Amelia Wright","order":2},{"name":"Alexander Dunn","order":3},{"name":"Silas Hartley","order":4}]', 'Dr. Samantha Ford', 'MIT, AeroAstro', 'Primary telemetry uses 915 MHz FSK at 19.2 kbps; a secondary LoRa channel activates automatically if packet loss exceeds 20%, ensuring continuous data downlink throughout the 600 m descent.') ON CONFLICT DO NOTHING;
INSERT INTO projects (id, period_id, title, project_no, members, advisor_name, advisor_affiliation, description) VALUES ('e3603c93-8069-4824-afa0-10fe733475e3', '47979751-163d-48b3-ae56-a65586d18f1b', 'Multi-Sensor Atmospheric Profiling Payload', 3, '[{"name":"Nolan Davies","order":1},{"name":"Caleb Richardson","order":2},{"name":"Zoe Powell","order":3},{"name":"Emma Peterson","order":4},{"name":"Sophie Clarke","order":5}]', 'Prof. Douglas Park', 'CU Boulder, Aerospace', 'Carries BME680, SCD41, and UV-B sensors to build a vertical atmospheric profile of temperature, humidity, CO₂, and UV irradiance from 700 m AGL to ground, sampled at 10 Hz.') ON CONFLICT DO NOTHING;
INSERT INTO projects (id, period_id, title, project_no, members, advisor_name, advisor_affiliation, description) VALUES ('851c3941-dfa8-4feb-ae26-c58965626732', '47979751-163d-48b3-ae56-a65586d18f1b', 'Deployable Aerobrake Heat Shield Demonstrator', 4, '[{"name":"Quinn Radley","order":1},{"name":"Tatum Pierce","order":2},{"name":"Owen Gray","order":3},{"name":"Lucy Brooks","order":4},{"name":"Christopher Vale","order":5}]', 'Dr. Yuki Tanaka', 'Caltech, GALCIT', 'A spring-loaded deployable drag device made from Nomex fabric and carbon-fiber ribs, demonstrating controlled deceleration from 30 m/s to 8 m/s within the first 200 m of descent.') ON CONFLICT DO NOTHING;
INSERT INTO projects (id, period_id, title, project_no, members, advisor_name, advisor_affiliation, description) VALUES ('d4678ba7-7203-4cca-a7c5-d1f4fca3908e', '47979751-163d-48b3-ae56-a65586d18f1b', 'Split-Body CanSat with Wireless Inter-Module Telemetry', 5, '[{"name":"Brooks Aldridge","order":1},{"name":"Maren Kingsley","order":2},{"name":"Callum Harding","order":3}]', 'Prof. Brian Caldwell', 'Purdue, AAE', 'The CanSat separates at apogee into a sensor pod and a gliding recovery vehicle, communicating via a 2.4 GHz radio link. Both modules transmit independent telemetry to the ground station.') ON CONFLICT DO NOTHING;
INSERT INTO projects (id, period_id, title, project_no, members, advisor_name, advisor_affiliation, description) VALUES ('0b4d032f-9552-4644-a0e2-3efe9c7f3f68', '47979751-163d-48b3-ae56-a65586d18f1b', 'GNSS-Denied Navigation Using Barometric-IMU Fusion', 6, '[{"name":"Oscar Quinn","order":1},{"name":"Elias Boyd","order":2},{"name":"Ryan Price","order":3},{"name":"Patrick Rowe","order":4}]', 'Prof. Richard Kline', 'Virginia Tech, Aerospace', 'Demonstrates position estimation during simulated GPS jamming by fusing barometric altitude, 9-DOF IMU data, and a terrain-referenced navigation algorithm with 15 m CEP accuracy.') ON CONFLICT DO NOTHING;
INSERT INTO projects (id, period_id, title, project_no, members, advisor_name, advisor_affiliation, description) VALUES ('b028da5a-0017-4799-a2c7-27d29ed1687e', '47979751-163d-48b3-ae56-a65586d18f1b', 'Thermal Imaging Mission for Wildfire Detection', 7, '[{"name":"Connor Ross","order":1},{"name":"Leo Gallagher","order":2},{"name":"Burke Linton","order":3},{"name":"Wyatt Watson","order":4}]', 'Dr. Samantha Ford', 'MIT, AeroAstro', 'Mounts a FLIR Lepton 3.5 thermal camera to detect ground hotspots during descent, processing thermal frames on an RP2040 to flag anomalies and geotag them with concurrent GPS fixes.') ON CONFLICT DO NOTHING;
INSERT INTO projects (id, period_id, title, project_no, members, advisor_name, advisor_affiliation, description) VALUES ('31c6101a-8ca5-468e-a298-f559a3b3dbfa', '47979751-163d-48b3-ae56-a65586d18f1b', 'Controlled Descent Using Active Fin Steering', 8, '[{"name":"Piper York","order":1},{"name":"Jack Kelly","order":2},{"name":"Maya Jenkins","order":3},{"name":"Sebastian Cross","order":4}]', 'Prof. Douglas Park', 'CU Boulder, Aerospace', 'Four servo-actuated fins provide roll and pitch control during parachute descent, guided by a PID controller tracking GPS waypoints to steer the CanSat toward a designated landing zone.') ON CONFLICT DO NOTHING;
INSERT INTO projects (id, period_id, title, project_no, members, advisor_name, advisor_affiliation, description) VALUES ('d40b8b02-6cb2-4d55-a234-e30758141de2', '47979751-163d-48b3-ae56-a65586d18f1b', 'Radiation Dosimetry for High-Altitude Profiling', 9, '[{"name":"Beau Garrett","order":1},{"name":"Wren Ellsworth","order":2},{"name":"Mabel Trent","order":3},{"name":"Lena Fairchild","order":4}]', 'Dr. Yuki Tanaka', 'Caltech, GALCIT', 'A Geiger-Muller tube and SiPM-based scintillator measure ionizing radiation dose rate from launch to landing, building a vertical dose profile relevant to aviation and balloon missions.') ON CONFLICT DO NOTHING;
INSERT INTO projects (id, period_id, title, project_no, members, advisor_name, advisor_affiliation, description) VALUES ('f020fcf5-946a-46b8-a84f-c5f04cb7b58f', '47979751-163d-48b3-ae56-a65586d18f1b', 'AI-Powered Image Classification During Descent', 10, '[{"name":"Elodie Kincaid","order":1},{"name":"Violet Keane","order":2},{"name":"Marcus Shore","order":3}]', 'Prof. Brian Caldwell', 'Purdue, AAE', 'A downward-facing camera captures terrain images during descent, classified on-board by a TensorFlow Lite model into land-cover categories (vegetation, water, urban, bare soil) and transmitted in real time.') ON CONFLICT DO NOTHING;
INSERT INTO projects (id, period_id, title, project_no, members, advisor_name, advisor_affiliation, description) VALUES ('bfe219aa-e626-4093-acb4-0a8d92229438', '10abd4e8-0cb9-4853-a17c-ac40da311bff', 'Parafoil Guided Recovery with GPS Waypoints', 1, '[{"name":"Maya Jenkins","order":1},{"name":"Keira Stanton","order":2},{"name":"Andrew Holden","order":3},{"name":"Dylan Reed","order":4},{"name":"Jack Kelly","order":5}]', 'Prof. Richard Kline', 'Virginia Tech, Aerospace', 'A ram-air parafoil with servo-controlled brake toggles guides the CanSat through four GPS waypoints during descent, achieving a 25 m landing accuracy in field tests.') ON CONFLICT DO NOTHING;
INSERT INTO projects (id, period_id, title, project_no, members, advisor_name, advisor_affiliation, description) VALUES ('667b7df9-720b-44ea-a5c0-47ee35ca31b7', '10abd4e8-0cb9-4853-a17c-ac40da311bff', 'Solar-Powered Secondary Mission: UV Index Mapping', 2, '[{"name":"Tatum Pierce","order":1},{"name":"Hazel Foster","order":2},{"name":"Stella Myers","order":3},{"name":"Scarlett Wood","order":4}]', 'Dr. Samantha Ford', 'MIT, AeroAstro', 'Thin-film solar cells supplement the battery during descent while a VEML6075 UV sensor maps UV-A and UV-B intensity at 5 m altitude increments for atmospheric research.') ON CONFLICT DO NOTHING;
INSERT INTO projects (id, period_id, title, project_no, members, advisor_name, advisor_affiliation, description) VALUES ('77459bde-2dda-4848-a5c5-22decb273d5e', '10abd4e8-0cb9-4853-a17c-ac40da311bff', 'Deployable Boom Magnetometer Suite', 3, '[{"name":"Harlow Sinclair","order":1},{"name":"Camille Darrow","order":2},{"name":"Thea Langford","order":3},{"name":"Cedric Rush","order":4},{"name":"Lydia Campion","order":5}]', 'Prof. Douglas Park', 'CU Boulder, Aerospace', 'A 30 cm spring-loaded boom extends after ejection to distance a fluxgate magnetometer from the CanSat electronics, measuring geomagnetic field variation with 10 nT resolution.') ON CONFLICT DO NOTHING;
INSERT INTO projects (id, period_id, title, project_no, members, advisor_name, advisor_affiliation, description) VALUES ('773e8005-abb3-4115-aa62-224c65426bd5', '10abd4e8-0cb9-4853-a17c-ac40da311bff', 'Hydrogen Fuel Cell Ground Recovery Vehicle', 4, '[{"name":"Henry Torres","order":1},{"name":"Aurora Price","order":2},{"name":"Emma Peterson","order":3}]', 'Dr. Yuki Tanaka', 'Caltech, GALCIT', 'A PEM fuel-cell-powered rover navigates to the CanSat landing coordinates using GPS, retrieves the payload, and returns to the launch site autonomously.') ON CONFLICT DO NOTHING;
INSERT INTO projects (id, period_id, title, project_no, members, advisor_name, advisor_affiliation, description) VALUES ('3306ba65-62d0-4044-a435-d9f457938b61', '10abd4e8-0cb9-4853-a17c-ac40da311bff', 'Dual-Camera Stereoscopic Terrain Mapping', 5, '[{"name":"Ryan Price","order":1},{"name":"Elodie Kincaid","order":2},{"name":"Owen Gray","order":3},{"name":"Lily Cooper","order":4}]', 'Prof. Brian Caldwell', 'Purdue, AAE', 'Two synchronized OV5640 cameras capture stereo image pairs during descent, processed on the ground into a 3D point cloud for terrain reconstruction of the landing area.') ON CONFLICT DO NOTHING;
INSERT INTO projects (id, period_id, title, project_no, members, advisor_name, advisor_affiliation, description) VALUES ('566b1cba-0607-4bc3-ab75-001d836f52fd', '10abd4e8-0cb9-4853-a17c-ac40da311bff', 'CanSat-to-CanSat Mesh Communication', 6, '[{"name":"Astrid Lyons","order":1},{"name":"Jade Sinclair","order":2},{"name":"Victoria Hale","order":3}]', 'Prof. Richard Kline', 'Virginia Tech, Aerospace', 'Two CanSats launched in sequence form a 900 MHz mesh relay, extending telemetry range by 60% and demonstrating multi-node swarm communication for future missions.') ON CONFLICT DO NOTHING;
INSERT INTO projects (id, period_id, title, project_no, members, advisor_name, advisor_affiliation, description) VALUES ('8e77b600-33f8-4c60-ab99-8877d4b5e3cb', '10abd4e8-0cb9-4853-a17c-ac40da311bff', 'Biodegradable Structure CanSat Design', 7, '[{"name":"Gemma Whitlock","order":1},{"name":"Vincent Crane","order":2},{"name":"Clara Dawson","order":3},{"name":"Samuel Rivera","order":4},{"name":"Nolan Davies","order":5}]', 'Dr. Samantha Ford', 'MIT, AeroAstro', 'The airframe is constructed from PLA and mycelium composite panels that fully biodegrade within 90 days, addressing environmental concerns for CanSats that cannot be recovered.') ON CONFLICT DO NOTHING;
INSERT INTO projects (id, period_id, title, project_no, members, advisor_name, advisor_affiliation, description) VALUES ('497d7e77-85d4-4805-a55d-14f26b24df0a', '10abd4e8-0cb9-4853-a17c-ac40da311bff', 'Acoustic Wind Profiling Payload', 8, '[{"name":"Selene Ashford","order":1},{"name":"Alexander Dunn","order":2},{"name":"Violet Keane","order":3}]', 'Prof. Douglas Park', 'CU Boulder, Aerospace', 'Four MEMS microphones arranged in a tetrahedral array measure wind speed and direction during descent via time-of-arrival acoustic anemometry, providing 1 Hz wind profiles.') ON CONFLICT DO NOTHING;
INSERT INTO projects (id, period_id, title, project_no, members, advisor_name, advisor_affiliation, description) VALUES ('8b01cc7c-13ab-422f-adc9-8a0a796c8dc4', '9f49cd18-d850-4b1e-ae53-c08253910f4e', 'Maple-Seed Inspired Passive Descent Vehicle', 1, '[{"name":"Layla Stone","order":1},{"name":"Charlotte Kim","order":2},{"name":"Clara Dawson","order":3}]', 'Prof. Richard Kline', 'Virginia Tech, Aerospace', 'A single-blade autorotation design inspired by maple samaras achieves a stable 4 m/s descent without active control, with the spin rate providing attitude stabilization.') ON CONFLICT DO NOTHING;
INSERT INTO projects (id, period_id, title, project_no, members, advisor_name, advisor_affiliation, description) VALUES ('15713af0-a06b-43ac-a10b-867a682f2409', '9f49cd18-d850-4b1e-ae53-c08253910f4e', 'Ground Station with Real-Time 3D Trajectory', 2, '[{"name":"Mia Howard","order":1},{"name":"Samuel Rivera","order":2},{"name":"Spencer Leigh","order":3},{"name":"Dahlia Novak","order":4}]', 'Dr. Samantha Ford', 'MIT, AeroAstro', 'A Python/Qt ground station application receives 10 Hz telemetry and renders the CanSat trajectory in a 3D map view with altitude, velocity, and orientation overlays.') ON CONFLICT DO NOTHING;
INSERT INTO projects (id, period_id, title, project_no, members, advisor_name, advisor_affiliation, description) VALUES ('71ed11c1-d2ae-4664-a535-f668a29adab5', '9f49cd18-d850-4b1e-ae53-c08253910f4e', 'Glider Recovery with Autonomous Steering', 3, '[{"name":"Ivy Sheridan","order":1},{"name":"Conrad Wells","order":2},{"name":"Winona Steele","order":3},{"name":"Ada Carrington","order":4},{"name":"Cedric Rush","order":5}]', 'Prof. Douglas Park', 'CU Boulder, Aerospace', 'The CanSat transitions to a fixed-wing glider configuration after parachute release, autonomously steering toward the launch site using proportional navigation guidance.') ON CONFLICT DO NOTHING;
INSERT INTO projects (id, period_id, title, project_no, members, advisor_name, advisor_affiliation, description) VALUES ('25395f4a-1f2c-4990-a5c8-653c43148c99', '9f49cd18-d850-4b1e-ae53-c08253910f4e', 'LoRa Long-Range Telemetry Ground Station', 4, '[{"name":"Jade Sinclair","order":1},{"name":"Theodore Grant","order":2},{"name":"Willow Drake","order":3},{"name":"Dylan Reed","order":4},{"name":"Madeline Ford","order":5}]', 'Dr. Yuki Tanaka', 'Caltech, GALCIT', 'A high-gain Yagi antenna and LoRa receiver achieve reliable telemetry reception at 8 km range using spreading factor 10 at 868 MHz with forward error correction.') ON CONFLICT DO NOTHING;
INSERT INTO projects (id, period_id, title, project_no, members, advisor_name, advisor_affiliation, description) VALUES ('e4f166c7-899d-4b1c-a809-f2cc2ff6de1a', '9f49cd18-d850-4b1e-ae53-c08253910f4e', 'Atmospheric Particulate Matter Sampling', 5, '[{"name":"Scarlett Wood","order":1},{"name":"Celia Graves","order":2},{"name":"Desmond Pryor","order":3},{"name":"Sullivan Drake","order":4},{"name":"Merrick Towne","order":5}]', 'Prof. Brian Caldwell', 'Purdue, AAE', 'A miniature impactor sampler collects PM2.5 and PM10 particles on adhesive substrate during descent, analyzed post-flight under a microscope for morphology and composition.') ON CONFLICT DO NOTHING;
INSERT INTO projects (id, period_id, title, project_no, members, advisor_name, advisor_affiliation, description) VALUES ('936c6454-b5ce-426c-ab65-292bd991fa1f', '9f49cd18-d850-4b1e-ae53-c08253910f4e', 'Parachute Deployment Optimization via ML', 6, '[{"name":"Brooks Aldridge","order":1},{"name":"Daniel Frost","order":2},{"name":"Eva Harding","order":3},{"name":"Olivia Chen","order":4},{"name":"Noah Patterson","order":5}]', 'Prof. Richard Kline', 'Virginia Tech, Aerospace', 'A random-forest model trained on 200 simulation runs predicts optimal parachute deployment altitude based on real-time wind and descent-rate data, minimizing landing dispersion.') ON CONFLICT DO NOTHING;

-- Jurors and Auth
INSERT INTO jurors (id, organization_id, juror_name, affiliation, email, avatar_color) VALUES ('aaa0da50-6432-47e0-ab48-b01ca823ef19', 'e802a6cb-6cfa-4a7c-aba6-2038490fb899', 'Prof. Cihan Akpınar', 'Sabancı University, EE', 'cihan.akpinar@vera-eval.app', '#F59E0B') ON CONFLICT DO NOTHING;
INSERT INTO jurors (id, organization_id, juror_name, affiliation, email, avatar_color) VALUES ('9a21397b-552a-4b00-a5c4-15a0982436b1', 'e802a6cb-6cfa-4a7c-aba6-2038490fb899', 'Dr. Aslıhan Koçak', 'Ohio State University, ECE', 'aslihan.kocak@vera-eval.app', '#3B82F6') ON CONFLICT DO NOTHING;
INSERT INTO jurors (id, organization_id, juror_name, affiliation, email, avatar_color) VALUES ('7d1bbec7-493f-4e1a-aee5-be30df51db49', 'e802a6cb-6cfa-4a7c-aba6-2038490fb899', 'Prof. Ferit Atasoy', 'METU, EE', 'ferit.atasoy@vera-eval.app', '#8B5CF6') ON CONFLICT DO NOTHING;
INSERT INTO jurors (id, organization_id, juror_name, affiliation, email, avatar_color) VALUES ('868057b9-f2e0-4db1-a4e9-e258d25f84e1', 'e802a6cb-6cfa-4a7c-aba6-2038490fb899', 'Dr. Pınar Dalkılıç', 'İstanbul Technical University, CE', 'pinar.dalkilic@vera-eval.app', '#EC4899') ON CONFLICT DO NOTHING;
INSERT INTO jurors (id, organization_id, juror_name, affiliation, email, avatar_color) VALUES ('52a3f7a0-46fb-4596-ac3c-1db9f7ec0db2', 'e802a6cb-6cfa-4a7c-aba6-2038490fb899', 'Engin Boztepe', 'Aselsan, RF Systems', 'engin.boztepe@vera-eval.app', '#10B981') ON CONFLICT DO NOTHING;
INSERT INTO jurors (id, organization_id, juror_name, affiliation, email, avatar_color) VALUES ('56948fec-ce3d-493b-afc4-4e281e9b8f58', 'e802a6cb-6cfa-4a7c-aba6-2038490fb899', 'Dr. Serap Gündoğdu', 'TÜBİTAK BİLGEM', 'serap.gundogdu@vera-eval.app', '#EF4444') ON CONFLICT DO NOTHING;
INSERT INTO jurors (id, organization_id, juror_name, affiliation, email, avatar_color) VALUES ('ff458a22-0a8c-4701-a835-da94b83a3b0f', 'e802a6cb-6cfa-4a7c-aba6-2038490fb899', 'Prof. Orhan Sezgin', 'Bilkent University, EE', 'orhan.sezgin@vera-eval.app', '#6366F1') ON CONFLICT DO NOTHING;
INSERT INTO jurors (id, organization_id, juror_name, affiliation, email, avatar_color) VALUES ('b43a5dc5-d587-4940-a4ab-7d8a7ed44387', 'e802a6cb-6cfa-4a7c-aba6-2038490fb899', 'Yasin Erimbaş', 'Türk Telekom, R&D', 'yasin.erimbas@vera-eval.app', '#14B8A6') ON CONFLICT DO NOTHING;
INSERT INTO jurors (id, organization_id, juror_name, affiliation, email, avatar_color) VALUES ('72184d7d-905d-4a13-a136-8ff90c2cc349', 'e802a6cb-6cfa-4a7c-aba6-2038490fb899', 'Dr. Nihan Ersoy', 'İTÜ, Electronics Eng.', 'nihan.ersoy@vera-eval.app', '#F97316') ON CONFLICT DO NOTHING;
INSERT INTO jurors (id, organization_id, juror_name, affiliation, email, avatar_color) VALUES ('d061174f-dbec-4d68-a56d-ce41cdc205a6', 'e802a6cb-6cfa-4a7c-aba6-2038490fb899', 'Dr. Alper Kılıç', 'Hacettepe University, EE', 'alper.kilic@vera-eval.app', '#A855F7') ON CONFLICT DO NOTHING;
INSERT INTO jurors (id, organization_id, juror_name, affiliation, email, avatar_color) VALUES ('beb5b32d-8e9f-49bc-a901-23bc166bf72a', 'e802a6cb-6cfa-4a7c-aba6-2038490fb899', 'Prof. Dilek Ünver', 'Gazi University, EE', 'dilek.unver@vera-eval.app', '#22C55E') ON CONFLICT DO NOTHING;
INSERT INTO jurors (id, organization_id, juror_name, affiliation, email, avatar_color) VALUES ('8d2ec406-10bd-4d30-ab5d-c3841540ddf2', 'e802a6cb-6cfa-4a7c-aba6-2038490fb899', 'Dr. Emrah Kartal', 'Koç University, ECE', 'emrah.kartal@vera-eval.app', '#06B6D4') ON CONFLICT DO NOTHING;
INSERT INTO jurors (id, organization_id, juror_name, affiliation, email, avatar_color) VALUES ('00f1f6a9-f69d-438a-a256-b2f9369c7559', 'e802a6cb-6cfa-4a7c-aba6-2038490fb899', 'Prof. Zehra Kaygısız', 'Boğaziçi University, EE', 'zehra.kaygisiz@vera-eval.app', '#E11D48') ON CONFLICT DO NOTHING;
INSERT INTO jurors (id, organization_id, juror_name, affiliation, email, avatar_color) VALUES ('4118fb7f-a6aa-4b28-a6d1-5eb668e4bd66', 'e802a6cb-6cfa-4a7c-aba6-2038490fb899', 'Murat Aksoy', 'HAVELSAN, Electronic Warfare', 'murat.aksoy@vera-eval.app', '#84CC16') ON CONFLICT DO NOTHING;
INSERT INTO jurors (id, organization_id, juror_name, affiliation, email, avatar_color) VALUES ('47dcf645-bcf8-407e-a86e-f0e506495726', 'b94595d6-710c-4302-ad1b-11f4d216e028', 'Dr. Thomas Albright', 'MIT, CSAIL', 'thomas.albright@vera-eval.app', '#F59E0B') ON CONFLICT DO NOTHING;
INSERT INTO jurors (id, organization_id, juror_name, affiliation, email, avatar_color) VALUES ('44e14170-d567-4ad4-a771-cd269d538a2f', 'b94595d6-710c-4302-ad1b-11f4d216e028', 'Prof. Simon Caldwell', 'Stanford University, CS', 'simon.caldwell@vera-eval.app', '#3B82F6') ON CONFLICT DO NOTHING;
INSERT INTO jurors (id, organization_id, juror_name, affiliation, email, avatar_color) VALUES ('c8a52987-c3a6-4368-a31c-a2f6566399f1', 'b94595d6-710c-4302-ad1b-11f4d216e028', 'Nina Prescott', 'Google Research', 'nina.prescott@vera-eval.app', '#8B5CF6') ON CONFLICT DO NOTHING;
INSERT INTO jurors (id, organization_id, juror_name, affiliation, email, avatar_color) VALUES ('cdfec676-c0dc-4c35-a5d8-79ba609e397d', 'b94595d6-710c-4302-ad1b-11f4d216e028', 'Wesley Dalton', 'Microsoft Research', 'wesley.dalton@vera-eval.app', '#EC4899') ON CONFLICT DO NOTHING;
INSERT INTO jurors (id, organization_id, juror_name, affiliation, email, avatar_color) VALUES ('405cb976-b946-4594-a572-1bdaaa5fd5c3', 'b94595d6-710c-4302-ad1b-11f4d216e028', 'Dr. Sofia Lang', 'UC Berkeley, EECS', 'sofia.lang@vera-eval.app', '#10B981') ON CONFLICT DO NOTHING;
INSERT INTO jurors (id, organization_id, juror_name, affiliation, email, avatar_color) VALUES ('4880a479-e7ba-47bd-a66d-7b889755d7c0', 'b94595d6-710c-4302-ad1b-11f4d216e028', 'Victor Sutton', 'Meta AI', 'victor.sutton@vera-eval.app', '#EF4444') ON CONFLICT DO NOTHING;
INSERT INTO jurors (id, organization_id, juror_name, affiliation, email, avatar_color) VALUES ('a6f1a5dd-ae98-4726-adf3-512181d2e08f', 'b94595d6-710c-4302-ad1b-11f4d216e028', 'Fiona Mercer', 'Carnegie Mellon, Robotics', 'fiona.mercer@vera-eval.app', '#6366F1') ON CONFLICT DO NOTHING;
INSERT INTO jurors (id, organization_id, juror_name, affiliation, email, avatar_color) VALUES ('b6f120da-98ef-4f28-ad71-46e47bfd43dd', 'b94595d6-710c-4302-ad1b-11f4d216e028', 'Prof. Jennifer Hayes', 'U. Washington, CSE', 'jennifer.hayes@vera-eval.app', '#14B8A6') ON CONFLICT DO NOTHING;
INSERT INTO jurors (id, organization_id, juror_name, affiliation, email, avatar_color) VALUES ('7ebcff1e-65cc-4f7d-aed8-c77d90e0992a', 'b94595d6-710c-4302-ad1b-11f4d216e028', 'Dr. Rajesh Patel', 'Amazon Science', 'rajesh.patel@vera-eval.app', '#F97316') ON CONFLICT DO NOTHING;
INSERT INTO jurors (id, organization_id, juror_name, affiliation, email, avatar_color) VALUES ('201bb400-bf30-4069-a8c5-516fcc5154ac', 'b94595d6-710c-4302-ad1b-11f4d216e028', 'Prof. Michael Zhang', 'Princeton, CS', 'michael.zhang@vera-eval.app', '#A855F7') ON CONFLICT DO NOTHING;
INSERT INTO jurors (id, organization_id, juror_name, affiliation, email, avatar_color) VALUES ('3d188414-0e8c-47de-ac25-982ade0b4fc4', 'b94595d6-710c-4302-ad1b-11f4d216e028', 'Dr. Sarah Okafor', 'Apple ML Research', 'sarah.okafor@vera-eval.app', '#22C55E') ON CONFLICT DO NOTHING;
INSERT INTO jurors (id, organization_id, juror_name, affiliation, email, avatar_color) VALUES ('7b9527e4-f770-48b3-a2fb-c4dcf0431e2d', 'b94595d6-710c-4302-ad1b-11f4d216e028', 'Kevin Brennan', 'Stripe Engineering', 'kevin.brennan@vera-eval.app', '#06B6D4') ON CONFLICT DO NOTHING;
INSERT INTO jurors (id, organization_id, juror_name, affiliation, email, avatar_color) VALUES ('cec22180-51e9-4924-a2d0-6bca4aeb0028', 'd8214e32-d30f-4a0c-aee5-1c6fa0d41336', 'Prof. Kemal Özdemir', 'İTÜ, Havacılık ve Uzay', 'kemal.ozdemir@vera-eval.app', '#F59E0B') ON CONFLICT DO NOTHING;
INSERT INTO jurors (id, organization_id, juror_name, affiliation, email, avatar_color) VALUES ('27eea0b5-10e7-42eb-a739-4082ace54aa0', 'd8214e32-d30f-4a0c-aee5-1c6fa0d41336', 'Dr. Eda Sarıgül', 'TUSAŞ (TAI), Ar-Ge', 'eda.sarigul@vera-eval.app', '#3B82F6') ON CONFLICT DO NOTHING;
INSERT INTO jurors (id, organization_id, juror_name, affiliation, email, avatar_color) VALUES ('618aec67-dbed-41bf-ac48-c600f70c9fa5', 'd8214e32-d30f-4a0c-aee5-1c6fa0d41336', 'Onur Yalçın', 'Baykar Teknoloji, İHA', 'onur.yalcin@vera-eval.app', '#8B5CF6') ON CONFLICT DO NOTHING;
INSERT INTO jurors (id, organization_id, juror_name, affiliation, email, avatar_color) VALUES ('8a98e32c-a076-407a-a0c5-18badfbd546d', 'd8214e32-d30f-4a0c-aee5-1c6fa0d41336', 'Prof. Buse Karagöz', 'ODTÜ, Makina Müh.', 'buse.karagoz@vera-eval.app', '#EC4899') ON CONFLICT DO NOTHING;
INSERT INTO jurors (id, organization_id, juror_name, affiliation, email, avatar_color) VALUES ('e4550b83-b849-4977-a7b0-dc011fad64f5', 'd8214e32-d30f-4a0c-aee5-1c6fa0d41336', 'Cemil Demirtaş', 'Roketsan, Güdüm', 'cemil.demirtas@vera-eval.app', '#10B981') ON CONFLICT DO NOTHING;
INSERT INTO jurors (id, organization_id, juror_name, affiliation, email, avatar_color) VALUES ('5da6e3f5-d18d-4b7d-a22f-0a5f380c0775', 'd8214e32-d30f-4a0c-aee5-1c6fa0d41336', 'Dr. Aylin Çevik', 'TÜBİTAK SAGE', 'aylin.cevik@vera-eval.app', '#EF4444') ON CONFLICT DO NOTHING;
INSERT INTO jurors (id, organization_id, juror_name, affiliation, email, avatar_color) VALUES ('9b8c4342-14df-4531-ac89-8295ce56d0fe', 'd8214e32-d30f-4a0c-aee5-1c6fa0d41336', 'Prof. Yasemin Ertürk', 'Eskişehir Teknik, Havacılık', 'yasemin.erturk@vera-eval.app', '#6366F1') ON CONFLICT DO NOTHING;
INSERT INTO jurors (id, organization_id, juror_name, affiliation, email, avatar_color) VALUES ('30d22b2f-a7a9-49d3-a326-758137e61b40', 'd8214e32-d30f-4a0c-aee5-1c6fa0d41336', 'Dr. Burak Yıldırım', 'TÜBİTAK UZAY', 'burak.yildirim@vera-eval.app', '#14B8A6') ON CONFLICT DO NOTHING;
INSERT INTO jurors (id, organization_id, juror_name, affiliation, email, avatar_color) VALUES ('1f96eb69-6e00-48d8-aadd-721d2884e69c', 'd8214e32-d30f-4a0c-aee5-1c6fa0d41336', 'Melih Şahin', 'TEI, Motor Tasarım', 'melih.sahin@vera-eval.app', '#F97316') ON CONFLICT DO NOTHING;
INSERT INTO jurors (id, organization_id, juror_name, affiliation, email, avatar_color) VALUES ('5bfd36d0-756a-4206-a9be-70c42f00fc7b', 'd8214e32-d30f-4a0c-aee5-1c6fa0d41336', 'Prof. Sevim Çalışkan', 'İYTE, Makina Müh.', 'sevim.caliskan@vera-eval.app', '#A855F7') ON CONFLICT DO NOTHING;
INSERT INTO jurors (id, organization_id, juror_name, affiliation, email, avatar_color) VALUES ('59100e64-57c7-4064-ae86-4acaeb8af903', 'd8214e32-d30f-4a0c-aee5-1c6fa0d41336', 'Ahmet Günay', 'ASELSAN, Radar', 'ahmet.gunay@vera-eval.app', '#22C55E') ON CONFLICT DO NOTHING;
INSERT INTO jurors (id, organization_id, juror_name, affiliation, email, avatar_color) VALUES ('d5e39174-79f7-41a6-a89b-957c64b59ce4', 'd8214e32-d30f-4a0c-aee5-1c6fa0d41336', 'Dr. Gülşen Aktaş', 'Ankara Üni., Uzay Bilimleri', 'gulsen.aktas@vera-eval.app', '#06B6D4') ON CONFLICT DO NOTHING;
INSERT INTO jurors (id, organization_id, juror_name, affiliation, email, avatar_color) VALUES ('a49b6b5e-f40d-48f6-a398-87b85bbff743', '088f5054-c9df-4c7f-a679-c1321524f250', 'Prof. Hasan Yüksel', 'Boğaziçi, Fizik', 'hasan.yuksel@vera-eval.app', '#F59E0B') ON CONFLICT DO NOTHING;
INSERT INTO jurors (id, organization_id, juror_name, affiliation, email, avatar_color) VALUES ('9ff6ca95-c216-42cd-a63f-1e58b1756cf2', '088f5054-c9df-4c7f-a679-c1321524f250', 'Dr. Elif Aydın', 'Hacettepe, Biyoloji', 'elif.aydin@vera-eval.app', '#3B82F6') ON CONFLICT DO NOTHING;
INSERT INTO jurors (id, organization_id, juror_name, affiliation, email, avatar_color) VALUES ('9d55d273-9fd8-4365-a294-404246566892', '088f5054-c9df-4c7f-a679-c1321524f250', 'Prof. Okan Birdal', 'Koç Üni., Kimya', 'okan.birdal@vera-eval.app', '#8B5CF6') ON CONFLICT DO NOTHING;
INSERT INTO jurors (id, organization_id, juror_name, affiliation, email, avatar_color) VALUES ('3b0ea27c-c7a3-414a-ab47-db50db3ab838', '088f5054-c9df-4c7f-a679-c1321524f250', 'Dr. Sevgi Toprak', 'Ankara Üni., Fen Bilimleri', 'sevgi.toprak@vera-eval.app', '#EC4899') ON CONFLICT DO NOTHING;
INSERT INTO jurors (id, organization_id, juror_name, affiliation, email, avatar_color) VALUES ('15c5c11f-a19f-48f7-aa39-92872d8a1a00', '088f5054-c9df-4c7f-a679-c1321524f250', 'Prof. Burak Çetin', 'ODTÜ, Matematik', 'burak.cetin@vera-eval.app', '#10B981') ON CONFLICT DO NOTHING;
INSERT INTO jurors (id, organization_id, juror_name, affiliation, email, avatar_color) VALUES ('86b9c648-3d7e-4109-a92b-8eca6962286a', '088f5054-c9df-4c7f-a679-c1321524f250', 'Dr. Selim Konuk', 'İstanbul Üni., Fizik', 'selim.konuk@vera-eval.app', '#EF4444') ON CONFLICT DO NOTHING;
INSERT INTO jurors (id, organization_id, juror_name, affiliation, email, avatar_color) VALUES ('340c81c5-080f-439e-a6c5-ce3d5ececb07', '088f5054-c9df-4c7f-a679-c1321524f250', 'Prof. Didem Sağır', 'Ege Üni., Biyokimya', 'didem.sagir@vera-eval.app', '#6366F1') ON CONFLICT DO NOTHING;
INSERT INTO jurors (id, organization_id, juror_name, affiliation, email, avatar_color) VALUES ('fe2443d7-4821-43bb-ae0b-5c39b1d08c9b', '088f5054-c9df-4c7f-a679-c1321524f250', 'Dr. Kenan Erol', 'Sabancı Üni., Biyoloji', 'kenan.erol@vera-eval.app', '#14B8A6') ON CONFLICT DO NOTHING;
INSERT INTO jurors (id, organization_id, juror_name, affiliation, email, avatar_color) VALUES ('ba4aefbe-4005-4466-a928-80187753277f', '088f5054-c9df-4c7f-a679-c1321524f250', 'Ayşegül Mazlum', 'TÜBİTAK MAM, Gıda', 'aysegul.mazlum@vera-eval.app', '#F97316') ON CONFLICT DO NOTHING;
INSERT INTO jurors (id, organization_id, juror_name, affiliation, email, avatar_color) VALUES ('1b38351e-7a83-4c8f-ac0b-63c923df673f', '088f5054-c9df-4c7f-a679-c1321524f250', 'Prof. İbrahim Yılmaz', 'Ankara Üni., Fizik', 'i̇brahim.yilmaz@vera-eval.app', '#A855F7') ON CONFLICT DO NOTHING;
INSERT INTO jurors (id, organization_id, juror_name, affiliation, email, avatar_color) VALUES ('f106ca15-dc12-414f-ac41-0b361db08f95', 'ff81ecf1-13ac-44b2-a331-0a207a8c7184', 'Prof. Raymond Chen', 'U. Michigan, ECE', 'raymond.chen@vera-eval.app', '#F59E0B') ON CONFLICT DO NOTHING;
INSERT INTO jurors (id, organization_id, juror_name, affiliation, email, avatar_color) VALUES ('2d3b2caa-0358-45c2-a122-c1c17cb9fbc5', 'ff81ecf1-13ac-44b2-a331-0a207a8c7184', 'Dr. Catherine Liu', 'Georgia Tech, ECE', 'catherine.liu@vera-eval.app', '#3B82F6') ON CONFLICT DO NOTHING;
INSERT INTO jurors (id, organization_id, juror_name, affiliation, email, avatar_color) VALUES ('79ef4764-8e84-4a18-ad48-dbd780a5a027', 'ff81ecf1-13ac-44b2-a331-0a207a8c7184', 'Prof. Kenneth Walsh', 'UIUC, ECE', 'kenneth.walsh@vera-eval.app', '#8B5CF6') ON CONFLICT DO NOTHING;
INSERT INTO jurors (id, organization_id, juror_name, affiliation, email, avatar_color) VALUES ('a206da8b-457b-4842-ae74-911fb4193bfe', 'ff81ecf1-13ac-44b2-a331-0a207a8c7184', 'Dr. Priya Raghavan', 'Purdue, ECE', 'priya.raghavan@vera-eval.app', '#EC4899') ON CONFLICT DO NOTHING;
INSERT INTO jurors (id, organization_id, juror_name, affiliation, email, avatar_color) VALUES ('2740dcee-7730-48a7-a571-9f2108eef8f3', 'ff81ecf1-13ac-44b2-a331-0a207a8c7184', 'Prof. Diane Mitchell', 'Ohio State, ECE', 'diane.mitchell@vera-eval.app', '#10B981') ON CONFLICT DO NOTHING;
INSERT INTO jurors (id, organization_id, juror_name, affiliation, email, avatar_color) VALUES ('36f4fd63-1e69-4ac9-a1c6-4c7104ab6772', 'ff81ecf1-13ac-44b2-a331-0a207a8c7184', 'Dr. Akira Tanaka', 'U. Tokyo, EEIS', 'akira.tanaka@vera-eval.app', '#EF4444') ON CONFLICT DO NOTHING;
INSERT INTO jurors (id, organization_id, juror_name, affiliation, email, avatar_color) VALUES ('ff6ca131-706f-4f71-ad05-5179c879f50c', 'ff81ecf1-13ac-44b2-a331-0a207a8c7184', 'Prof. Marco Rossi', 'Politecnico di Milano', 'marco.rossi@vera-eval.app', '#6366F1') ON CONFLICT DO NOTHING;
INSERT INTO jurors (id, organization_id, juror_name, affiliation, email, avatar_color) VALUES ('37dfc66f-d341-4063-a83a-731796af67cf', 'ff81ecf1-13ac-44b2-a331-0a207a8c7184', 'Dr. Fatima Al-Rashidi', 'KAUST, EE', 'fatima.al-rashidi@vera-eval.app', '#14B8A6') ON CONFLICT DO NOTHING;
INSERT INTO jurors (id, organization_id, juror_name, affiliation, email, avatar_color) VALUES ('d1a703ee-801b-4a43-acb9-ab23cd6750b7', 'ff81ecf1-13ac-44b2-a331-0a207a8c7184', 'Prof. Neil Ferguson', 'U. Edinburgh, Engineering', 'neil.ferguson@vera-eval.app', '#F97316') ON CONFLICT DO NOTHING;
INSERT INTO jurors (id, organization_id, juror_name, affiliation, email, avatar_color) VALUES ('8609d130-59d2-4796-a1f1-896ebea85de6', 'ff81ecf1-13ac-44b2-a331-0a207a8c7184', 'Dr. Soo-Jin Kim', 'KAIST, EE', 'soo-jin.kim@vera-eval.app', '#A855F7') ON CONFLICT DO NOTHING;
INSERT INTO jurors (id, organization_id, juror_name, affiliation, email, avatar_color) VALUES ('74499a66-86e7-4d92-ade1-70ba9b770ef0', 'b72b74d8-1d2c-4b0d-a982-48bfbed8fb29', 'Dr. James Whitfield', 'Virginia Tech, Aerospace', 'james.whitfield@vera-eval.app', '#F59E0B') ON CONFLICT DO NOTHING;
INSERT INTO jurors (id, organization_id, juror_name, affiliation, email, avatar_color) VALUES ('4f32d322-afb7-4042-a9d1-ce0c17a09a30', 'b72b74d8-1d2c-4b0d-a982-48bfbed8fb29', 'Prof. Laura Henderson', 'CU Boulder, Aerospace', 'laura.henderson@vera-eval.app', '#3B82F6') ON CONFLICT DO NOTHING;
INSERT INTO jurors (id, organization_id, juror_name, affiliation, email, avatar_color) VALUES ('a71bad63-0a65-47a2-a5a5-623ab35c9ba7', 'b72b74d8-1d2c-4b0d-a982-48bfbed8fb29', 'Col. Robert Drake', 'US Air Force Academy', 'robert.drake@vera-eval.app', '#8B5CF6') ON CONFLICT DO NOTHING;
INSERT INTO jurors (id, organization_id, juror_name, affiliation, email, avatar_color) VALUES ('25380419-e8ec-4bae-a9e7-eeded88bba8b', 'b72b74d8-1d2c-4b0d-a982-48bfbed8fb29', 'Dr. Megan Yoshida', 'NASA Goddard', 'megan.yoshida@vera-eval.app', '#EC4899') ON CONFLICT DO NOTHING;
INSERT INTO jurors (id, organization_id, juror_name, affiliation, email, avatar_color) VALUES ('811cfb84-1d8a-42c8-a596-e14444501f34', 'b72b74d8-1d2c-4b0d-a982-48bfbed8fb29', 'Prof. Nathan Cooper', 'Purdue, AAE', 'nathan.cooper@vera-eval.app', '#10B981') ON CONFLICT DO NOTHING;
INSERT INTO jurors (id, organization_id, juror_name, affiliation, email, avatar_color) VALUES ('461d5292-93ae-4eb3-a724-5e8f1e0ea6ed', 'b72b74d8-1d2c-4b0d-a982-48bfbed8fb29', 'Dr. Rebecca Stone', 'Johns Hopkins APL', 'rebecca.stone@vera-eval.app', '#EF4444') ON CONFLICT DO NOTHING;
INSERT INTO jurors (id, organization_id, juror_name, affiliation, email, avatar_color) VALUES ('90b0f6e9-df50-48dd-a681-07bd983240ab', 'b72b74d8-1d2c-4b0d-a982-48bfbed8fb29', 'Prof. Tyler Grant', 'Georgia Tech, Aerospace', 'tyler.grant@vera-eval.app', '#6366F1') ON CONFLICT DO NOTHING;
INSERT INTO jurors (id, organization_id, juror_name, affiliation, email, avatar_color) VALUES ('a9485bd7-418b-4214-aa61-d62783e538a7', 'b72b74d8-1d2c-4b0d-a982-48bfbed8fb29', 'Dr. Lisa Nakamura', 'NASA JPL', 'lisa.nakamura@vera-eval.app', '#14B8A6') ON CONFLICT DO NOTHING;
INSERT INTO jurors (id, organization_id, juror_name, affiliation, email, avatar_color) VALUES ('e0e30ae1-8d26-4ec3-a954-62f49fbcf54b', 'b72b74d8-1d2c-4b0d-a982-48bfbed8fb29', 'Maj. David Wells', 'US Naval Academy', 'david.wells@vera-eval.app', '#F97316') ON CONFLICT DO NOTHING;
INSERT INTO jurors (id, organization_id, juror_name, affiliation, email, avatar_color) VALUES ('29a8a829-b0e2-41d4-a752-95d7c4955638', 'b72b74d8-1d2c-4b0d-a982-48bfbed8fb29', 'Dr. Katherine Morris', 'MIT Lincoln Lab', 'katherine.morris@vera-eval.app', '#A855F7') ON CONFLICT DO NOTHING;
INSERT INTO juror_period_auth (juror_id, period_id, pin_hash) VALUES ('aaa0da50-6432-47e0-ab48-b01ca823ef19', 'a0d6f60d-ece4-40f8-aca2-955b4abc5d88', '$2a$06$D1E3X/QGg9sM4W0.A3vQG.n9v6p0y5NlKJ/K6W9fHq7.HkH9n.AWe') ON CONFLICT DO NOTHING;
INSERT INTO juror_period_auth (juror_id, period_id, pin_hash, final_submitted_at, edit_enabled, edit_reason, edit_expires_at) VALUES ('9a21397b-552a-4b00-a5c4-15a0982436b1', 'a0d6f60d-ece4-40f8-aca2-955b4abc5d88', '$2a$06$D1E3X/QGg9sM4W0.A3vQG.n9v6p0y5NlKJ/K6W9fHq7.HkH9n.AWe', (timestamp '2026-05-10 09:00:00' + interval '19 hours 21 minutes'), true, 'Late submission due to connectivity issue', (timestamp '2026-05-10 09:00:00' + interval '72 hours 0 minutes')) ON CONFLICT DO NOTHING;
INSERT INTO juror_period_auth (juror_id, period_id, pin_hash) VALUES ('7d1bbec7-493f-4e1a-aee5-be30df51db49', 'a0d6f60d-ece4-40f8-aca2-955b4abc5d88', '$2a$06$D1E3X/QGg9sM4W0.A3vQG.n9v6p0y5NlKJ/K6W9fHq7.HkH9n.AWe') ON CONFLICT DO NOTHING;
INSERT INTO juror_period_auth (juror_id, period_id, pin_hash) VALUES ('868057b9-f2e0-4db1-a4e9-e258d25f84e1', 'a0d6f60d-ece4-40f8-aca2-955b4abc5d88', '$2a$06$D1E3X/QGg9sM4W0.A3vQG.n9v6p0y5NlKJ/K6W9fHq7.HkH9n.AWe') ON CONFLICT DO NOTHING;
INSERT INTO juror_period_auth (juror_id, period_id, pin_hash, failed_attempts, locked_until, locked_at) VALUES ('52a3f7a0-46fb-4596-ac3c-1db9f7ec0db2', 'a0d6f60d-ece4-40f8-aca2-955b4abc5d88', '$2a$06$D1E3X/QGg9sM4W0.A3vQG.n9v6p0y5NlKJ/K6W9fHq7.HkH9n.AWe', 4, (timestamp '2026-05-10 09:00:00' + interval '11 hours 34 minutes') + interval '30 minutes', (timestamp '2026-05-10 09:00:00' + interval '11 hours 34 minutes')) ON CONFLICT DO NOTHING;
INSERT INTO juror_period_auth (juror_id, period_id, pin_hash, is_blocked) VALUES ('56948fec-ce3d-493b-afc4-4e281e9b8f58', 'a0d6f60d-ece4-40f8-aca2-955b4abc5d88', '$2a$06$D1E3X/QGg9sM4W0.A3vQG.n9v6p0y5NlKJ/K6W9fHq7.HkH9n.AWe', true) ON CONFLICT DO NOTHING;
INSERT INTO juror_period_auth (juror_id, period_id, pin_hash, failed_attempts, locked_until, locked_at) VALUES ('ff458a22-0a8c-4701-a835-da94b83a3b0f', 'a0d6f60d-ece4-40f8-aca2-955b4abc5d88', '$2a$06$D1E3X/QGg9sM4W0.A3vQG.n9v6p0y5NlKJ/K6W9fHq7.HkH9n.AWe', 4, (timestamp '2026-05-10 09:00:00' + interval '12 hours 30 minutes') + interval '30 minutes', (timestamp '2026-05-10 09:00:00' + interval '12 hours 30 minutes')) ON CONFLICT DO NOTHING;
INSERT INTO juror_period_auth (juror_id, period_id, pin_hash, final_submitted_at) VALUES ('b43a5dc5-d587-4940-a4ab-7d8a7ed44387', 'a0d6f60d-ece4-40f8-aca2-955b4abc5d88', '$2a$06$D1E3X/QGg9sM4W0.A3vQG.n9v6p0y5NlKJ/K6W9fHq7.HkH9n.AWe', (timestamp '2026-05-10 09:00:00' + interval '13 hours 10 minutes')) ON CONFLICT DO NOTHING;
INSERT INTO juror_period_auth (juror_id, period_id, pin_hash, final_submitted_at) VALUES ('72184d7d-905d-4a13-a136-8ff90c2cc349', 'a0d6f60d-ece4-40f8-aca2-955b4abc5d88', '$2a$06$D1E3X/QGg9sM4W0.A3vQG.n9v6p0y5NlKJ/K6W9fHq7.HkH9n.AWe', (timestamp '2026-05-10 09:00:00' + interval '15 hours 57 minutes')) ON CONFLICT DO NOTHING;
INSERT INTO juror_period_auth (juror_id, period_id, pin_hash, final_submitted_at) VALUES ('d061174f-dbec-4d68-a56d-ce41cdc205a6', 'a0d6f60d-ece4-40f8-aca2-955b4abc5d88', '$2a$06$D1E3X/QGg9sM4W0.A3vQG.n9v6p0y5NlKJ/K6W9fHq7.HkH9n.AWe', (timestamp '2026-05-10 09:00:00' + interval '10 hours 53 minutes')) ON CONFLICT DO NOTHING;
INSERT INTO juror_period_auth (juror_id, period_id, pin_hash) VALUES ('aaa0da50-6432-47e0-ab48-b01ca823ef19', '952dd05e-8ff2-44a7-a13b-9a22958f57fb', '$2a$06$D1E3X/QGg9sM4W0.A3vQG.n9v6p0y5NlKJ/K6W9fHq7.HkH9n.AWe') ON CONFLICT DO NOTHING;
INSERT INTO juror_period_auth (juror_id, period_id, pin_hash, final_submitted_at, edit_enabled, edit_reason, edit_expires_at) VALUES ('9a21397b-552a-4b00-a5c4-15a0982436b1', '952dd05e-8ff2-44a7-a13b-9a22958f57fb', '$2a$06$D1E3X/QGg9sM4W0.A3vQG.n9v6p0y5NlKJ/K6W9fHq7.HkH9n.AWe', (timestamp '2025-12-06 09:00:00' + interval '18 hours 35 minutes'), true, 'Late submission due to connectivity issue', (timestamp '2025-12-06 09:00:00' + interval '72 hours 0 minutes')) ON CONFLICT DO NOTHING;
INSERT INTO juror_period_auth (juror_id, period_id, pin_hash) VALUES ('7d1bbec7-493f-4e1a-aee5-be30df51db49', '952dd05e-8ff2-44a7-a13b-9a22958f57fb', '$2a$06$D1E3X/QGg9sM4W0.A3vQG.n9v6p0y5NlKJ/K6W9fHq7.HkH9n.AWe') ON CONFLICT DO NOTHING;
INSERT INTO juror_period_auth (juror_id, period_id, pin_hash) VALUES ('868057b9-f2e0-4db1-a4e9-e258d25f84e1', '952dd05e-8ff2-44a7-a13b-9a22958f57fb', '$2a$06$D1E3X/QGg9sM4W0.A3vQG.n9v6p0y5NlKJ/K6W9fHq7.HkH9n.AWe') ON CONFLICT DO NOTHING;
INSERT INTO juror_period_auth (juror_id, period_id, pin_hash, failed_attempts, locked_until, locked_at) VALUES ('52a3f7a0-46fb-4596-ac3c-1db9f7ec0db2', '952dd05e-8ff2-44a7-a13b-9a22958f57fb', '$2a$06$D1E3X/QGg9sM4W0.A3vQG.n9v6p0y5NlKJ/K6W9fHq7.HkH9n.AWe', 3, (timestamp '2025-12-06 09:00:00' + interval '7 hours 20 minutes') + interval '30 minutes', (timestamp '2025-12-06 09:00:00' + interval '7 hours 20 minutes')) ON CONFLICT DO NOTHING;
INSERT INTO juror_period_auth (juror_id, period_id, pin_hash, is_blocked) VALUES ('56948fec-ce3d-493b-afc4-4e281e9b8f58', '952dd05e-8ff2-44a7-a13b-9a22958f57fb', '$2a$06$D1E3X/QGg9sM4W0.A3vQG.n9v6p0y5NlKJ/K6W9fHq7.HkH9n.AWe', true) ON CONFLICT DO NOTHING;
INSERT INTO juror_period_auth (juror_id, period_id, pin_hash, final_submitted_at) VALUES ('ff458a22-0a8c-4701-a835-da94b83a3b0f', '952dd05e-8ff2-44a7-a13b-9a22958f57fb', '$2a$06$D1E3X/QGg9sM4W0.A3vQG.n9v6p0y5NlKJ/K6W9fHq7.HkH9n.AWe', (timestamp '2025-12-06 09:00:00' + interval '16 hours 42 minutes')) ON CONFLICT DO NOTHING;
INSERT INTO juror_period_auth (juror_id, period_id, pin_hash, final_submitted_at) VALUES ('b43a5dc5-d587-4940-a4ab-7d8a7ed44387', '952dd05e-8ff2-44a7-a13b-9a22958f57fb', '$2a$06$D1E3X/QGg9sM4W0.A3vQG.n9v6p0y5NlKJ/K6W9fHq7.HkH9n.AWe', (timestamp '2025-12-06 09:00:00' + interval '6 hours 15 minutes')) ON CONFLICT DO NOTHING;
INSERT INTO juror_period_auth (juror_id, period_id, pin_hash) VALUES ('aaa0da50-6432-47e0-ab48-b01ca823ef19', 'e55e0820-93f2-487f-abaa-4ae64a77e93e', '$2a$06$D1E3X/QGg9sM4W0.A3vQG.n9v6p0y5NlKJ/K6W9fHq7.HkH9n.AWe') ON CONFLICT DO NOTHING;
INSERT INTO juror_period_auth (juror_id, period_id, pin_hash, final_submitted_at, edit_enabled, edit_reason, edit_expires_at) VALUES ('9a21397b-552a-4b00-a5c4-15a0982436b1', 'e55e0820-93f2-487f-abaa-4ae64a77e93e', '$2a$06$D1E3X/QGg9sM4W0.A3vQG.n9v6p0y5NlKJ/K6W9fHq7.HkH9n.AWe', (timestamp '2025-05-10 09:00:00' + interval '19 hours 40 minutes'), true, 'Late submission due to connectivity issue', (timestamp '2025-05-10 09:00:00' + interval '72 hours 0 minutes')) ON CONFLICT DO NOTHING;
INSERT INTO juror_period_auth (juror_id, period_id, pin_hash) VALUES ('7d1bbec7-493f-4e1a-aee5-be30df51db49', 'e55e0820-93f2-487f-abaa-4ae64a77e93e', '$2a$06$D1E3X/QGg9sM4W0.A3vQG.n9v6p0y5NlKJ/K6W9fHq7.HkH9n.AWe') ON CONFLICT DO NOTHING;
INSERT INTO juror_period_auth (juror_id, period_id, pin_hash) VALUES ('868057b9-f2e0-4db1-a4e9-e258d25f84e1', 'e55e0820-93f2-487f-abaa-4ae64a77e93e', '$2a$06$D1E3X/QGg9sM4W0.A3vQG.n9v6p0y5NlKJ/K6W9fHq7.HkH9n.AWe') ON CONFLICT DO NOTHING;
INSERT INTO juror_period_auth (juror_id, period_id, pin_hash, failed_attempts, locked_until, locked_at) VALUES ('52a3f7a0-46fb-4596-ac3c-1db9f7ec0db2', 'e55e0820-93f2-487f-abaa-4ae64a77e93e', '$2a$06$D1E3X/QGg9sM4W0.A3vQG.n9v6p0y5NlKJ/K6W9fHq7.HkH9n.AWe', 5, (timestamp '2025-05-10 09:00:00' + interval '10 hours 17 minutes') + interval '30 minutes', (timestamp '2025-05-10 09:00:00' + interval '10 hours 17 minutes')) ON CONFLICT DO NOTHING;
INSERT INTO juror_period_auth (juror_id, period_id, pin_hash, is_blocked) VALUES ('56948fec-ce3d-493b-afc4-4e281e9b8f58', 'e55e0820-93f2-487f-abaa-4ae64a77e93e', '$2a$06$D1E3X/QGg9sM4W0.A3vQG.n9v6p0y5NlKJ/K6W9fHq7.HkH9n.AWe', true) ON CONFLICT DO NOTHING;
INSERT INTO juror_period_auth (juror_id, period_id, pin_hash) VALUES ('aaa0da50-6432-47e0-ab48-b01ca823ef19', '10078594-2707-4c3f-a212-42add04fbd84', '$2a$06$D1E3X/QGg9sM4W0.A3vQG.n9v6p0y5NlKJ/K6W9fHq7.HkH9n.AWe') ON CONFLICT DO NOTHING;
INSERT INTO juror_period_auth (juror_id, period_id, pin_hash, final_submitted_at, edit_enabled, edit_reason, edit_expires_at) VALUES ('9a21397b-552a-4b00-a5c4-15a0982436b1', '10078594-2707-4c3f-a212-42add04fbd84', '$2a$06$D1E3X/QGg9sM4W0.A3vQG.n9v6p0y5NlKJ/K6W9fHq7.HkH9n.AWe', (timestamp '2024-12-07 09:00:00' + interval '6 hours 10 minutes'), true, 'Late submission due to connectivity issue', (timestamp '2024-12-07 09:00:00' + interval '72 hours 0 minutes')) ON CONFLICT DO NOTHING;
INSERT INTO juror_period_auth (juror_id, period_id, pin_hash) VALUES ('7d1bbec7-493f-4e1a-aee5-be30df51db49', '10078594-2707-4c3f-a212-42add04fbd84', '$2a$06$D1E3X/QGg9sM4W0.A3vQG.n9v6p0y5NlKJ/K6W9fHq7.HkH9n.AWe') ON CONFLICT DO NOTHING;
INSERT INTO juror_period_auth (juror_id, period_id, pin_hash) VALUES ('868057b9-f2e0-4db1-a4e9-e258d25f84e1', '10078594-2707-4c3f-a212-42add04fbd84', '$2a$06$D1E3X/QGg9sM4W0.A3vQG.n9v6p0y5NlKJ/K6W9fHq7.HkH9n.AWe') ON CONFLICT DO NOTHING;
INSERT INTO juror_period_auth (juror_id, period_id, pin_hash, failed_attempts, locked_until, locked_at) VALUES ('52a3f7a0-46fb-4596-ac3c-1db9f7ec0db2', '10078594-2707-4c3f-a212-42add04fbd84', '$2a$06$D1E3X/QGg9sM4W0.A3vQG.n9v6p0y5NlKJ/K6W9fHq7.HkH9n.AWe', 5, (timestamp '2024-12-07 09:00:00' + interval '4 hours 17 minutes') + interval '30 minutes', (timestamp '2024-12-07 09:00:00' + interval '4 hours 17 minutes')) ON CONFLICT DO NOTHING;
INSERT INTO juror_period_auth (juror_id, period_id, pin_hash) VALUES ('47dcf645-bcf8-407e-a86e-f0e506495726', 'e14683dc-6ac1-4c73-a2cb-da24e9e4f45f', '$2a$06$D1E3X/QGg9sM4W0.A3vQG.n9v6p0y5NlKJ/K6W9fHq7.HkH9n.AWe') ON CONFLICT DO NOTHING;
INSERT INTO juror_period_auth (juror_id, period_id, pin_hash, final_submitted_at, edit_enabled, edit_reason, edit_expires_at) VALUES ('44e14170-d567-4ad4-a771-cd269d538a2f', 'e14683dc-6ac1-4c73-a2cb-da24e9e4f45f', '$2a$06$D1E3X/QGg9sM4W0.A3vQG.n9v6p0y5NlKJ/K6W9fHq7.HkH9n.AWe', (timestamp '2026-05-15 09:00:00' + interval '15 hours 20 minutes'), true, 'Late submission due to connectivity issue', (timestamp '2026-05-15 09:00:00' + interval '72 hours 0 minutes')) ON CONFLICT DO NOTHING;
INSERT INTO juror_period_auth (juror_id, period_id, pin_hash) VALUES ('c8a52987-c3a6-4368-a31c-a2f6566399f1', 'e14683dc-6ac1-4c73-a2cb-da24e9e4f45f', '$2a$06$D1E3X/QGg9sM4W0.A3vQG.n9v6p0y5NlKJ/K6W9fHq7.HkH9n.AWe') ON CONFLICT DO NOTHING;
INSERT INTO juror_period_auth (juror_id, period_id, pin_hash) VALUES ('cdfec676-c0dc-4c35-a5d8-79ba609e397d', 'e14683dc-6ac1-4c73-a2cb-da24e9e4f45f', '$2a$06$D1E3X/QGg9sM4W0.A3vQG.n9v6p0y5NlKJ/K6W9fHq7.HkH9n.AWe') ON CONFLICT DO NOTHING;
INSERT INTO juror_period_auth (juror_id, period_id, pin_hash, failed_attempts, locked_until, locked_at) VALUES ('405cb976-b946-4594-a572-1bdaaa5fd5c3', 'e14683dc-6ac1-4c73-a2cb-da24e9e4f45f', '$2a$06$D1E3X/QGg9sM4W0.A3vQG.n9v6p0y5NlKJ/K6W9fHq7.HkH9n.AWe', 5, (timestamp '2026-05-15 09:00:00' + interval '10 hours 10 minutes') + interval '30 minutes', (timestamp '2026-05-15 09:00:00' + interval '10 hours 10 minutes')) ON CONFLICT DO NOTHING;
INSERT INTO juror_period_auth (juror_id, period_id, pin_hash, is_blocked) VALUES ('4880a479-e7ba-47bd-a66d-7b889755d7c0', 'e14683dc-6ac1-4c73-a2cb-da24e9e4f45f', '$2a$06$D1E3X/QGg9sM4W0.A3vQG.n9v6p0y5NlKJ/K6W9fHq7.HkH9n.AWe', true) ON CONFLICT DO NOTHING;
INSERT INTO juror_period_auth (juror_id, period_id, pin_hash, failed_attempts, locked_until, locked_at) VALUES ('a6f1a5dd-ae98-4726-adf3-512181d2e08f', 'e14683dc-6ac1-4c73-a2cb-da24e9e4f45f', '$2a$06$D1E3X/QGg9sM4W0.A3vQG.n9v6p0y5NlKJ/K6W9fHq7.HkH9n.AWe', 3, (timestamp '2026-05-15 09:00:00' + interval '10 hours 25 minutes') + interval '30 minutes', (timestamp '2026-05-15 09:00:00' + interval '10 hours 25 minutes')) ON CONFLICT DO NOTHING;
INSERT INTO juror_period_auth (juror_id, period_id, pin_hash, final_submitted_at) VALUES ('b6f120da-98ef-4f28-ad71-46e47bfd43dd', 'e14683dc-6ac1-4c73-a2cb-da24e9e4f45f', '$2a$06$D1E3X/QGg9sM4W0.A3vQG.n9v6p0y5NlKJ/K6W9fHq7.HkH9n.AWe', (timestamp '2026-05-15 09:00:00' + interval '16 hours 23 minutes')) ON CONFLICT DO NOTHING;
INSERT INTO juror_period_auth (juror_id, period_id, pin_hash, final_submitted_at) VALUES ('7ebcff1e-65cc-4f7d-aed8-c77d90e0992a', 'e14683dc-6ac1-4c73-a2cb-da24e9e4f45f', '$2a$06$D1E3X/QGg9sM4W0.A3vQG.n9v6p0y5NlKJ/K6W9fHq7.HkH9n.AWe', (timestamp '2026-05-15 09:00:00' + interval '13 hours 39 minutes')) ON CONFLICT DO NOTHING;
INSERT INTO juror_period_auth (juror_id, period_id, pin_hash, final_submitted_at) VALUES ('201bb400-bf30-4069-a8c5-516fcc5154ac', 'e14683dc-6ac1-4c73-a2cb-da24e9e4f45f', '$2a$06$D1E3X/QGg9sM4W0.A3vQG.n9v6p0y5NlKJ/K6W9fHq7.HkH9n.AWe', (timestamp '2026-05-15 09:00:00' + interval '6 hours 4 minutes')) ON CONFLICT DO NOTHING;
INSERT INTO juror_period_auth (juror_id, period_id, pin_hash) VALUES ('47dcf645-bcf8-407e-a86e-f0e506495726', 'b90e1112-88c7-44fa-a275-25bc0ad2d96d', '$2a$06$D1E3X/QGg9sM4W0.A3vQG.n9v6p0y5NlKJ/K6W9fHq7.HkH9n.AWe') ON CONFLICT DO NOTHING;
INSERT INTO juror_period_auth (juror_id, period_id, pin_hash, final_submitted_at, edit_enabled, edit_reason, edit_expires_at) VALUES ('44e14170-d567-4ad4-a771-cd269d538a2f', 'b90e1112-88c7-44fa-a275-25bc0ad2d96d', '$2a$06$D1E3X/QGg9sM4W0.A3vQG.n9v6p0y5NlKJ/K6W9fHq7.HkH9n.AWe', (timestamp '2025-12-11 09:00:00' + interval '13 hours 29 minutes'), true, 'Late submission due to connectivity issue', (timestamp '2025-12-11 09:00:00' + interval '72 hours 0 minutes')) ON CONFLICT DO NOTHING;
INSERT INTO juror_period_auth (juror_id, period_id, pin_hash) VALUES ('c8a52987-c3a6-4368-a31c-a2f6566399f1', 'b90e1112-88c7-44fa-a275-25bc0ad2d96d', '$2a$06$D1E3X/QGg9sM4W0.A3vQG.n9v6p0y5NlKJ/K6W9fHq7.HkH9n.AWe') ON CONFLICT DO NOTHING;
INSERT INTO juror_period_auth (juror_id, period_id, pin_hash) VALUES ('cdfec676-c0dc-4c35-a5d8-79ba609e397d', 'b90e1112-88c7-44fa-a275-25bc0ad2d96d', '$2a$06$D1E3X/QGg9sM4W0.A3vQG.n9v6p0y5NlKJ/K6W9fHq7.HkH9n.AWe') ON CONFLICT DO NOTHING;
INSERT INTO juror_period_auth (juror_id, period_id, pin_hash, failed_attempts, locked_until, locked_at) VALUES ('405cb976-b946-4594-a572-1bdaaa5fd5c3', 'b90e1112-88c7-44fa-a275-25bc0ad2d96d', '$2a$06$D1E3X/QGg9sM4W0.A3vQG.n9v6p0y5NlKJ/K6W9fHq7.HkH9n.AWe', 5, (timestamp '2025-12-11 09:00:00' + interval '6 hours 17 minutes') + interval '30 minutes', (timestamp '2025-12-11 09:00:00' + interval '6 hours 17 minutes')) ON CONFLICT DO NOTHING;
INSERT INTO juror_period_auth (juror_id, period_id, pin_hash, is_blocked) VALUES ('4880a479-e7ba-47bd-a66d-7b889755d7c0', 'b90e1112-88c7-44fa-a275-25bc0ad2d96d', '$2a$06$D1E3X/QGg9sM4W0.A3vQG.n9v6p0y5NlKJ/K6W9fHq7.HkH9n.AWe', true) ON CONFLICT DO NOTHING;
INSERT INTO juror_period_auth (juror_id, period_id, pin_hash, final_submitted_at) VALUES ('a6f1a5dd-ae98-4726-adf3-512181d2e08f', 'b90e1112-88c7-44fa-a275-25bc0ad2d96d', '$2a$06$D1E3X/QGg9sM4W0.A3vQG.n9v6p0y5NlKJ/K6W9fHq7.HkH9n.AWe', (timestamp '2025-12-11 09:00:00' + interval '3 hours 49 minutes')) ON CONFLICT DO NOTHING;
INSERT INTO juror_period_auth (juror_id, period_id, pin_hash, final_submitted_at) VALUES ('b6f120da-98ef-4f28-ad71-46e47bfd43dd', 'b90e1112-88c7-44fa-a275-25bc0ad2d96d', '$2a$06$D1E3X/QGg9sM4W0.A3vQG.n9v6p0y5NlKJ/K6W9fHq7.HkH9n.AWe', (timestamp '2025-12-11 09:00:00' + interval '14 hours 26 minutes')) ON CONFLICT DO NOTHING;
INSERT INTO juror_period_auth (juror_id, period_id, pin_hash) VALUES ('47dcf645-bcf8-407e-a86e-f0e506495726', '0e963024-a53f-4722-a9e0-5db7a47b4419', '$2a$06$D1E3X/QGg9sM4W0.A3vQG.n9v6p0y5NlKJ/K6W9fHq7.HkH9n.AWe') ON CONFLICT DO NOTHING;
INSERT INTO juror_period_auth (juror_id, period_id, pin_hash, final_submitted_at, edit_enabled, edit_reason, edit_expires_at) VALUES ('44e14170-d567-4ad4-a771-cd269d538a2f', '0e963024-a53f-4722-a9e0-5db7a47b4419', '$2a$06$D1E3X/QGg9sM4W0.A3vQG.n9v6p0y5NlKJ/K6W9fHq7.HkH9n.AWe', (timestamp '2025-05-14 09:00:00' + interval '8 hours 18 minutes'), true, 'Late submission due to connectivity issue', (timestamp '2025-05-14 09:00:00' + interval '72 hours 0 minutes')) ON CONFLICT DO NOTHING;
INSERT INTO juror_period_auth (juror_id, period_id, pin_hash) VALUES ('c8a52987-c3a6-4368-a31c-a2f6566399f1', '0e963024-a53f-4722-a9e0-5db7a47b4419', '$2a$06$D1E3X/QGg9sM4W0.A3vQG.n9v6p0y5NlKJ/K6W9fHq7.HkH9n.AWe') ON CONFLICT DO NOTHING;
INSERT INTO juror_period_auth (juror_id, period_id, pin_hash) VALUES ('cdfec676-c0dc-4c35-a5d8-79ba609e397d', '0e963024-a53f-4722-a9e0-5db7a47b4419', '$2a$06$D1E3X/QGg9sM4W0.A3vQG.n9v6p0y5NlKJ/K6W9fHq7.HkH9n.AWe') ON CONFLICT DO NOTHING;
INSERT INTO juror_period_auth (juror_id, period_id, pin_hash, failed_attempts, locked_until, locked_at) VALUES ('405cb976-b946-4594-a572-1bdaaa5fd5c3', '0e963024-a53f-4722-a9e0-5db7a47b4419', '$2a$06$D1E3X/QGg9sM4W0.A3vQG.n9v6p0y5NlKJ/K6W9fHq7.HkH9n.AWe', 3, (timestamp '2025-05-14 09:00:00' + interval '2 hours 55 minutes') + interval '30 minutes', (timestamp '2025-05-14 09:00:00' + interval '2 hours 55 minutes')) ON CONFLICT DO NOTHING;
INSERT INTO juror_period_auth (juror_id, period_id, pin_hash, is_blocked) VALUES ('4880a479-e7ba-47bd-a66d-7b889755d7c0', '0e963024-a53f-4722-a9e0-5db7a47b4419', '$2a$06$D1E3X/QGg9sM4W0.A3vQG.n9v6p0y5NlKJ/K6W9fHq7.HkH9n.AWe', true) ON CONFLICT DO NOTHING;
INSERT INTO juror_period_auth (juror_id, period_id, pin_hash) VALUES ('47dcf645-bcf8-407e-a86e-f0e506495726', 'f8c01197-da4a-4646-a42d-8dc74715e3bc', '$2a$06$D1E3X/QGg9sM4W0.A3vQG.n9v6p0y5NlKJ/K6W9fHq7.HkH9n.AWe') ON CONFLICT DO NOTHING;
INSERT INTO juror_period_auth (juror_id, period_id, pin_hash, final_submitted_at, edit_enabled, edit_reason, edit_expires_at) VALUES ('44e14170-d567-4ad4-a771-cd269d538a2f', 'f8c01197-da4a-4646-a42d-8dc74715e3bc', '$2a$06$D1E3X/QGg9sM4W0.A3vQG.n9v6p0y5NlKJ/K6W9fHq7.HkH9n.AWe', (timestamp '2024-12-12 09:00:00' + interval '11 hours 5 minutes'), true, 'Late submission due to connectivity issue', (timestamp '2024-12-12 09:00:00' + interval '72 hours 0 minutes')) ON CONFLICT DO NOTHING;
INSERT INTO juror_period_auth (juror_id, period_id, pin_hash) VALUES ('c8a52987-c3a6-4368-a31c-a2f6566399f1', 'f8c01197-da4a-4646-a42d-8dc74715e3bc', '$2a$06$D1E3X/QGg9sM4W0.A3vQG.n9v6p0y5NlKJ/K6W9fHq7.HkH9n.AWe') ON CONFLICT DO NOTHING;
INSERT INTO juror_period_auth (juror_id, period_id, pin_hash) VALUES ('cdfec676-c0dc-4c35-a5d8-79ba609e397d', 'f8c01197-da4a-4646-a42d-8dc74715e3bc', '$2a$06$D1E3X/QGg9sM4W0.A3vQG.n9v6p0y5NlKJ/K6W9fHq7.HkH9n.AWe') ON CONFLICT DO NOTHING;
INSERT INTO juror_period_auth (juror_id, period_id, pin_hash, failed_attempts, locked_until, locked_at) VALUES ('405cb976-b946-4594-a572-1bdaaa5fd5c3', 'f8c01197-da4a-4646-a42d-8dc74715e3bc', '$2a$06$D1E3X/QGg9sM4W0.A3vQG.n9v6p0y5NlKJ/K6W9fHq7.HkH9n.AWe', 5, (timestamp '2024-12-12 09:00:00' + interval '9 hours 51 minutes') + interval '30 minutes', (timestamp '2024-12-12 09:00:00' + interval '9 hours 51 minutes')) ON CONFLICT DO NOTHING;
INSERT INTO juror_period_auth (juror_id, period_id, pin_hash) VALUES ('cec22180-51e9-4924-a2d0-6bca4aeb0028', 'e77bf882-fc32-461c-acab-6ee1696df0c7', '$2a$06$D1E3X/QGg9sM4W0.A3vQG.n9v6p0y5NlKJ/K6W9fHq7.HkH9n.AWe') ON CONFLICT DO NOTHING;
INSERT INTO juror_period_auth (juror_id, period_id, pin_hash, final_submitted_at, edit_enabled, edit_reason, edit_expires_at) VALUES ('27eea0b5-10e7-42eb-a739-4082ace54aa0', 'e77bf882-fc32-461c-acab-6ee1696df0c7', '$2a$06$D1E3X/QGg9sM4W0.A3vQG.n9v6p0y5NlKJ/K6W9fHq7.HkH9n.AWe', (timestamp '2026-07-10 09:00:00' + interval '24 hours 15 minutes'), true, 'Late submission due to connectivity issue', (timestamp '2026-07-10 09:00:00' + interval '120 hours 0 minutes')) ON CONFLICT DO NOTHING;
INSERT INTO juror_period_auth (juror_id, period_id, pin_hash) VALUES ('618aec67-dbed-41bf-ac48-c600f70c9fa5', 'e77bf882-fc32-461c-acab-6ee1696df0c7', '$2a$06$D1E3X/QGg9sM4W0.A3vQG.n9v6p0y5NlKJ/K6W9fHq7.HkH9n.AWe') ON CONFLICT DO NOTHING;
INSERT INTO juror_period_auth (juror_id, period_id, pin_hash) VALUES ('8a98e32c-a076-407a-a0c5-18badfbd546d', 'e77bf882-fc32-461c-acab-6ee1696df0c7', '$2a$06$D1E3X/QGg9sM4W0.A3vQG.n9v6p0y5NlKJ/K6W9fHq7.HkH9n.AWe') ON CONFLICT DO NOTHING;
INSERT INTO juror_period_auth (juror_id, period_id, pin_hash, failed_attempts, locked_until, locked_at) VALUES ('e4550b83-b849-4977-a7b0-dc011fad64f5', 'e77bf882-fc32-461c-acab-6ee1696df0c7', '$2a$06$D1E3X/QGg9sM4W0.A3vQG.n9v6p0y5NlKJ/K6W9fHq7.HkH9n.AWe', 3, (timestamp '2026-07-10 09:00:00' + interval '34 hours 11 minutes') + interval '30 minutes', (timestamp '2026-07-10 09:00:00' + interval '34 hours 11 minutes')) ON CONFLICT DO NOTHING;
INSERT INTO juror_period_auth (juror_id, period_id, pin_hash, is_blocked) VALUES ('5da6e3f5-d18d-4b7d-a22f-0a5f380c0775', 'e77bf882-fc32-461c-acab-6ee1696df0c7', '$2a$06$D1E3X/QGg9sM4W0.A3vQG.n9v6p0y5NlKJ/K6W9fHq7.HkH9n.AWe', true) ON CONFLICT DO NOTHING;
INSERT INTO juror_period_auth (juror_id, period_id, pin_hash, failed_attempts, locked_until, locked_at) VALUES ('9b8c4342-14df-4531-ac89-8295ce56d0fe', 'e77bf882-fc32-461c-acab-6ee1696df0c7', '$2a$06$D1E3X/QGg9sM4W0.A3vQG.n9v6p0y5NlKJ/K6W9fHq7.HkH9n.AWe', 4, (timestamp '2026-07-10 09:00:00' + interval '27 hours 51 minutes') + interval '30 minutes', (timestamp '2026-07-10 09:00:00' + interval '27 hours 51 minutes')) ON CONFLICT DO NOTHING;
INSERT INTO juror_period_auth (juror_id, period_id, pin_hash, final_submitted_at) VALUES ('30d22b2f-a7a9-49d3-a326-758137e61b40', 'e77bf882-fc32-461c-acab-6ee1696df0c7', '$2a$06$D1E3X/QGg9sM4W0.A3vQG.n9v6p0y5NlKJ/K6W9fHq7.HkH9n.AWe', (timestamp '2026-07-10 09:00:00' + interval '24 hours 27 minutes')) ON CONFLICT DO NOTHING;
INSERT INTO juror_period_auth (juror_id, period_id, pin_hash, final_submitted_at) VALUES ('1f96eb69-6e00-48d8-aadd-721d2884e69c', 'e77bf882-fc32-461c-acab-6ee1696df0c7', '$2a$06$D1E3X/QGg9sM4W0.A3vQG.n9v6p0y5NlKJ/K6W9fHq7.HkH9n.AWe', (timestamp '2026-07-10 09:00:00' + interval '23 hours 38 minutes')) ON CONFLICT DO NOTHING;
INSERT INTO juror_period_auth (juror_id, period_id, pin_hash, final_submitted_at) VALUES ('5bfd36d0-756a-4206-a9be-70c42f00fc7b', 'e77bf882-fc32-461c-acab-6ee1696df0c7', '$2a$06$D1E3X/QGg9sM4W0.A3vQG.n9v6p0y5NlKJ/K6W9fHq7.HkH9n.AWe', (timestamp '2026-07-10 09:00:00' + interval '31 hours 51 minutes')) ON CONFLICT DO NOTHING;
INSERT INTO juror_period_auth (juror_id, period_id, pin_hash) VALUES ('cec22180-51e9-4924-a2d0-6bca4aeb0028', '308d2708-dbea-41b6-a1c8-da6129445759', '$2a$06$D1E3X/QGg9sM4W0.A3vQG.n9v6p0y5NlKJ/K6W9fHq7.HkH9n.AWe') ON CONFLICT DO NOTHING;
INSERT INTO juror_period_auth (juror_id, period_id, pin_hash, final_submitted_at, edit_enabled, edit_reason, edit_expires_at) VALUES ('27eea0b5-10e7-42eb-a739-4082ace54aa0', '308d2708-dbea-41b6-a1c8-da6129445759', '$2a$06$D1E3X/QGg9sM4W0.A3vQG.n9v6p0y5NlKJ/K6W9fHq7.HkH9n.AWe', (timestamp '2025-07-09 09:00:00' + interval '37 hours 46 minutes'), true, 'Late submission due to connectivity issue', (timestamp '2025-07-09 09:00:00' + interval '120 hours 0 minutes')) ON CONFLICT DO NOTHING;
INSERT INTO juror_period_auth (juror_id, period_id, pin_hash) VALUES ('618aec67-dbed-41bf-ac48-c600f70c9fa5', '308d2708-dbea-41b6-a1c8-da6129445759', '$2a$06$D1E3X/QGg9sM4W0.A3vQG.n9v6p0y5NlKJ/K6W9fHq7.HkH9n.AWe') ON CONFLICT DO NOTHING;
INSERT INTO juror_period_auth (juror_id, period_id, pin_hash) VALUES ('8a98e32c-a076-407a-a0c5-18badfbd546d', '308d2708-dbea-41b6-a1c8-da6129445759', '$2a$06$D1E3X/QGg9sM4W0.A3vQG.n9v6p0y5NlKJ/K6W9fHq7.HkH9n.AWe') ON CONFLICT DO NOTHING;
INSERT INTO juror_period_auth (juror_id, period_id, pin_hash, failed_attempts, locked_until, locked_at) VALUES ('e4550b83-b849-4977-a7b0-dc011fad64f5', '308d2708-dbea-41b6-a1c8-da6129445759', '$2a$06$D1E3X/QGg9sM4W0.A3vQG.n9v6p0y5NlKJ/K6W9fHq7.HkH9n.AWe', 5, (timestamp '2025-07-09 09:00:00' + interval '35 hours 47 minutes') + interval '30 minutes', (timestamp '2025-07-09 09:00:00' + interval '35 hours 47 minutes')) ON CONFLICT DO NOTHING;
INSERT INTO juror_period_auth (juror_id, period_id, pin_hash, is_blocked) VALUES ('5da6e3f5-d18d-4b7d-a22f-0a5f380c0775', '308d2708-dbea-41b6-a1c8-da6129445759', '$2a$06$D1E3X/QGg9sM4W0.A3vQG.n9v6p0y5NlKJ/K6W9fHq7.HkH9n.AWe', true) ON CONFLICT DO NOTHING;
INSERT INTO juror_period_auth (juror_id, period_id, pin_hash, final_submitted_at) VALUES ('9b8c4342-14df-4531-ac89-8295ce56d0fe', '308d2708-dbea-41b6-a1c8-da6129445759', '$2a$06$D1E3X/QGg9sM4W0.A3vQG.n9v6p0y5NlKJ/K6W9fHq7.HkH9n.AWe', (timestamp '2025-07-09 09:00:00' + interval '54 hours 35 minutes')) ON CONFLICT DO NOTHING;
INSERT INTO juror_period_auth (juror_id, period_id, pin_hash, final_submitted_at) VALUES ('30d22b2f-a7a9-49d3-a326-758137e61b40', '308d2708-dbea-41b6-a1c8-da6129445759', '$2a$06$D1E3X/QGg9sM4W0.A3vQG.n9v6p0y5NlKJ/K6W9fHq7.HkH9n.AWe', (timestamp '2025-07-09 09:00:00' + interval '32 hours 45 minutes')) ON CONFLICT DO NOTHING;
INSERT INTO juror_period_auth (juror_id, period_id, pin_hash) VALUES ('cec22180-51e9-4924-a2d0-6bca4aeb0028', 'bf4ee98f-1fd2-418d-a62d-8cb5b585f293', '$2a$06$D1E3X/QGg9sM4W0.A3vQG.n9v6p0y5NlKJ/K6W9fHq7.HkH9n.AWe') ON CONFLICT DO NOTHING;
INSERT INTO juror_period_auth (juror_id, period_id, pin_hash, final_submitted_at, edit_enabled, edit_reason, edit_expires_at) VALUES ('27eea0b5-10e7-42eb-a739-4082ace54aa0', 'bf4ee98f-1fd2-418d-a62d-8cb5b585f293', '$2a$06$D1E3X/QGg9sM4W0.A3vQG.n9v6p0y5NlKJ/K6W9fHq7.HkH9n.AWe', (timestamp '2024-07-10 09:00:00' + interval '42 hours 18 minutes'), true, 'Late submission due to connectivity issue', (timestamp '2024-07-10 09:00:00' + interval '120 hours 0 minutes')) ON CONFLICT DO NOTHING;
INSERT INTO juror_period_auth (juror_id, period_id, pin_hash) VALUES ('618aec67-dbed-41bf-ac48-c600f70c9fa5', 'bf4ee98f-1fd2-418d-a62d-8cb5b585f293', '$2a$06$D1E3X/QGg9sM4W0.A3vQG.n9v6p0y5NlKJ/K6W9fHq7.HkH9n.AWe') ON CONFLICT DO NOTHING;
INSERT INTO juror_period_auth (juror_id, period_id, pin_hash) VALUES ('8a98e32c-a076-407a-a0c5-18badfbd546d', 'bf4ee98f-1fd2-418d-a62d-8cb5b585f293', '$2a$06$D1E3X/QGg9sM4W0.A3vQG.n9v6p0y5NlKJ/K6W9fHq7.HkH9n.AWe') ON CONFLICT DO NOTHING;
INSERT INTO juror_period_auth (juror_id, period_id, pin_hash, failed_attempts, locked_until, locked_at) VALUES ('e4550b83-b849-4977-a7b0-dc011fad64f5', 'bf4ee98f-1fd2-418d-a62d-8cb5b585f293', '$2a$06$D1E3X/QGg9sM4W0.A3vQG.n9v6p0y5NlKJ/K6W9fHq7.HkH9n.AWe', 5, (timestamp '2024-07-10 09:00:00' + interval '30 hours 38 minutes') + interval '30 minutes', (timestamp '2024-07-10 09:00:00' + interval '30 hours 38 minutes')) ON CONFLICT DO NOTHING;
INSERT INTO juror_period_auth (juror_id, period_id, pin_hash, is_blocked) VALUES ('5da6e3f5-d18d-4b7d-a22f-0a5f380c0775', 'bf4ee98f-1fd2-418d-a62d-8cb5b585f293', '$2a$06$D1E3X/QGg9sM4W0.A3vQG.n9v6p0y5NlKJ/K6W9fHq7.HkH9n.AWe', true) ON CONFLICT DO NOTHING;
INSERT INTO juror_period_auth (juror_id, period_id, pin_hash) VALUES ('a49b6b5e-f40d-48f6-a398-87b85bbff743', '05a1eb4a-d4cf-478b-a52d-578c3d9c22ad', '$2a$06$D1E3X/QGg9sM4W0.A3vQG.n9v6p0y5NlKJ/K6W9fHq7.HkH9n.AWe') ON CONFLICT DO NOTHING;
INSERT INTO juror_period_auth (juror_id, period_id, pin_hash, final_submitted_at, edit_enabled, edit_reason, edit_expires_at) VALUES ('9ff6ca95-c216-42cd-a63f-1e58b1756cf2', '05a1eb4a-d4cf-478b-a52d-578c3d9c22ad', '$2a$06$D1E3X/QGg9sM4W0.A3vQG.n9v6p0y5NlKJ/K6W9fHq7.HkH9n.AWe', (timestamp '2026-06-15 09:00:00' + interval '22 hours 32 minutes'), true, 'Late submission due to connectivity issue', (timestamp '2026-06-15 09:00:00' + interval '120 hours 0 minutes')) ON CONFLICT DO NOTHING;
INSERT INTO juror_period_auth (juror_id, period_id, pin_hash) VALUES ('9d55d273-9fd8-4365-a294-404246566892', '05a1eb4a-d4cf-478b-a52d-578c3d9c22ad', '$2a$06$D1E3X/QGg9sM4W0.A3vQG.n9v6p0y5NlKJ/K6W9fHq7.HkH9n.AWe') ON CONFLICT DO NOTHING;
INSERT INTO juror_period_auth (juror_id, period_id, pin_hash) VALUES ('3b0ea27c-c7a3-414a-ab47-db50db3ab838', '05a1eb4a-d4cf-478b-a52d-578c3d9c22ad', '$2a$06$D1E3X/QGg9sM4W0.A3vQG.n9v6p0y5NlKJ/K6W9fHq7.HkH9n.AWe') ON CONFLICT DO NOTHING;
INSERT INTO juror_period_auth (juror_id, period_id, pin_hash, failed_attempts, locked_until, locked_at) VALUES ('15c5c11f-a19f-48f7-aa39-92872d8a1a00', '05a1eb4a-d4cf-478b-a52d-578c3d9c22ad', '$2a$06$D1E3X/QGg9sM4W0.A3vQG.n9v6p0y5NlKJ/K6W9fHq7.HkH9n.AWe', 3, (timestamp '2026-06-15 09:00:00' + interval '17 hours 52 minutes') + interval '30 minutes', (timestamp '2026-06-15 09:00:00' + interval '17 hours 52 minutes')) ON CONFLICT DO NOTHING;
INSERT INTO juror_period_auth (juror_id, period_id, pin_hash, is_blocked) VALUES ('86b9c648-3d7e-4109-a92b-8eca6962286a', '05a1eb4a-d4cf-478b-a52d-578c3d9c22ad', '$2a$06$D1E3X/QGg9sM4W0.A3vQG.n9v6p0y5NlKJ/K6W9fHq7.HkH9n.AWe', true) ON CONFLICT DO NOTHING;
INSERT INTO juror_period_auth (juror_id, period_id, pin_hash, failed_attempts, locked_until, locked_at) VALUES ('340c81c5-080f-439e-a6c5-ce3d5ececb07', '05a1eb4a-d4cf-478b-a52d-578c3d9c22ad', '$2a$06$D1E3X/QGg9sM4W0.A3vQG.n9v6p0y5NlKJ/K6W9fHq7.HkH9n.AWe', 5, (timestamp '2026-06-15 09:00:00' + interval '4 hours 12 minutes') + interval '30 minutes', (timestamp '2026-06-15 09:00:00' + interval '4 hours 12 minutes')) ON CONFLICT DO NOTHING;
INSERT INTO juror_period_auth (juror_id, period_id, pin_hash, final_submitted_at) VALUES ('fe2443d7-4821-43bb-ae0b-5c39b1d08c9b', '05a1eb4a-d4cf-478b-a52d-578c3d9c22ad', '$2a$06$D1E3X/QGg9sM4W0.A3vQG.n9v6p0y5NlKJ/K6W9fHq7.HkH9n.AWe', (timestamp '2026-06-15 09:00:00' + interval '10 hours 57 minutes')) ON CONFLICT DO NOTHING;
INSERT INTO juror_period_auth (juror_id, period_id, pin_hash, final_submitted_at) VALUES ('ba4aefbe-4005-4466-a928-80187753277f', '05a1eb4a-d4cf-478b-a52d-578c3d9c22ad', '$2a$06$D1E3X/QGg9sM4W0.A3vQG.n9v6p0y5NlKJ/K6W9fHq7.HkH9n.AWe', (timestamp '2026-06-15 09:00:00' + interval '16 hours 36 minutes')) ON CONFLICT DO NOTHING;
INSERT INTO juror_period_auth (juror_id, period_id, pin_hash, final_submitted_at) VALUES ('1b38351e-7a83-4c8f-ac0b-63c923df673f', '05a1eb4a-d4cf-478b-a52d-578c3d9c22ad', '$2a$06$D1E3X/QGg9sM4W0.A3vQG.n9v6p0y5NlKJ/K6W9fHq7.HkH9n.AWe', (timestamp '2026-06-15 09:00:00' + interval '45 hours 30 minutes')) ON CONFLICT DO NOTHING;
INSERT INTO juror_period_auth (juror_id, period_id, pin_hash) VALUES ('a49b6b5e-f40d-48f6-a398-87b85bbff743', 'bb63166c-d38c-4278-a1e9-5c8b7b081a6c', '$2a$06$D1E3X/QGg9sM4W0.A3vQG.n9v6p0y5NlKJ/K6W9fHq7.HkH9n.AWe') ON CONFLICT DO NOTHING;
INSERT INTO juror_period_auth (juror_id, period_id, pin_hash, final_submitted_at, edit_enabled, edit_reason, edit_expires_at) VALUES ('9ff6ca95-c216-42cd-a63f-1e58b1756cf2', 'bb63166c-d38c-4278-a1e9-5c8b7b081a6c', '$2a$06$D1E3X/QGg9sM4W0.A3vQG.n9v6p0y5NlKJ/K6W9fHq7.HkH9n.AWe', (timestamp '2025-06-16 09:00:00' + interval '22 hours 33 minutes'), true, 'Late submission due to connectivity issue', (timestamp '2025-06-16 09:00:00' + interval '120 hours 0 minutes')) ON CONFLICT DO NOTHING;
INSERT INTO juror_period_auth (juror_id, period_id, pin_hash) VALUES ('9d55d273-9fd8-4365-a294-404246566892', 'bb63166c-d38c-4278-a1e9-5c8b7b081a6c', '$2a$06$D1E3X/QGg9sM4W0.A3vQG.n9v6p0y5NlKJ/K6W9fHq7.HkH9n.AWe') ON CONFLICT DO NOTHING;
INSERT INTO juror_period_auth (juror_id, period_id, pin_hash) VALUES ('3b0ea27c-c7a3-414a-ab47-db50db3ab838', 'bb63166c-d38c-4278-a1e9-5c8b7b081a6c', '$2a$06$D1E3X/QGg9sM4W0.A3vQG.n9v6p0y5NlKJ/K6W9fHq7.HkH9n.AWe') ON CONFLICT DO NOTHING;
INSERT INTO juror_period_auth (juror_id, period_id, pin_hash, failed_attempts, locked_until, locked_at) VALUES ('15c5c11f-a19f-48f7-aa39-92872d8a1a00', 'bb63166c-d38c-4278-a1e9-5c8b7b081a6c', '$2a$06$D1E3X/QGg9sM4W0.A3vQG.n9v6p0y5NlKJ/K6W9fHq7.HkH9n.AWe', 3, (timestamp '2025-06-16 09:00:00' + interval '4 hours 3 minutes') + interval '30 minutes', (timestamp '2025-06-16 09:00:00' + interval '4 hours 3 minutes')) ON CONFLICT DO NOTHING;
INSERT INTO juror_period_auth (juror_id, period_id, pin_hash, is_blocked) VALUES ('86b9c648-3d7e-4109-a92b-8eca6962286a', 'bb63166c-d38c-4278-a1e9-5c8b7b081a6c', '$2a$06$D1E3X/QGg9sM4W0.A3vQG.n9v6p0y5NlKJ/K6W9fHq7.HkH9n.AWe', true) ON CONFLICT DO NOTHING;
INSERT INTO juror_period_auth (juror_id, period_id, pin_hash, final_submitted_at) VALUES ('340c81c5-080f-439e-a6c5-ce3d5ececb07', 'bb63166c-d38c-4278-a1e9-5c8b7b081a6c', '$2a$06$D1E3X/QGg9sM4W0.A3vQG.n9v6p0y5NlKJ/K6W9fHq7.HkH9n.AWe', (timestamp '2025-06-16 09:00:00' + interval '24 hours 58 minutes')) ON CONFLICT DO NOTHING;
INSERT INTO juror_period_auth (juror_id, period_id, pin_hash, final_submitted_at) VALUES ('fe2443d7-4821-43bb-ae0b-5c39b1d08c9b', 'bb63166c-d38c-4278-a1e9-5c8b7b081a6c', '$2a$06$D1E3X/QGg9sM4W0.A3vQG.n9v6p0y5NlKJ/K6W9fHq7.HkH9n.AWe', (timestamp '2025-06-16 09:00:00' + interval '42 hours 15 minutes')) ON CONFLICT DO NOTHING;
INSERT INTO juror_period_auth (juror_id, period_id, pin_hash) VALUES ('a49b6b5e-f40d-48f6-a398-87b85bbff743', '3f9cabdb-61dc-45da-afa5-dbb1747cd8c8', '$2a$06$D1E3X/QGg9sM4W0.A3vQG.n9v6p0y5NlKJ/K6W9fHq7.HkH9n.AWe') ON CONFLICT DO NOTHING;
INSERT INTO juror_period_auth (juror_id, period_id, pin_hash, final_submitted_at, edit_enabled, edit_reason, edit_expires_at) VALUES ('9ff6ca95-c216-42cd-a63f-1e58b1756cf2', '3f9cabdb-61dc-45da-afa5-dbb1747cd8c8', '$2a$06$D1E3X/QGg9sM4W0.A3vQG.n9v6p0y5NlKJ/K6W9fHq7.HkH9n.AWe', (timestamp '2024-06-17 09:00:00' + interval '49 hours 32 minutes'), true, 'Late submission due to connectivity issue', (timestamp '2024-06-17 09:00:00' + interval '120 hours 0 minutes')) ON CONFLICT DO NOTHING;
INSERT INTO juror_period_auth (juror_id, period_id, pin_hash) VALUES ('9d55d273-9fd8-4365-a294-404246566892', '3f9cabdb-61dc-45da-afa5-dbb1747cd8c8', '$2a$06$D1E3X/QGg9sM4W0.A3vQG.n9v6p0y5NlKJ/K6W9fHq7.HkH9n.AWe') ON CONFLICT DO NOTHING;
INSERT INTO juror_period_auth (juror_id, period_id, pin_hash) VALUES ('3b0ea27c-c7a3-414a-ab47-db50db3ab838', '3f9cabdb-61dc-45da-afa5-dbb1747cd8c8', '$2a$06$D1E3X/QGg9sM4W0.A3vQG.n9v6p0y5NlKJ/K6W9fHq7.HkH9n.AWe') ON CONFLICT DO NOTHING;
INSERT INTO juror_period_auth (juror_id, period_id, pin_hash, failed_attempts, locked_until, locked_at) VALUES ('15c5c11f-a19f-48f7-aa39-92872d8a1a00', '3f9cabdb-61dc-45da-afa5-dbb1747cd8c8', '$2a$06$D1E3X/QGg9sM4W0.A3vQG.n9v6p0y5NlKJ/K6W9fHq7.HkH9n.AWe', 4, (timestamp '2024-06-17 09:00:00' + interval '8 hours 14 minutes') + interval '30 minutes', (timestamp '2024-06-17 09:00:00' + interval '8 hours 14 minutes')) ON CONFLICT DO NOTHING;
INSERT INTO juror_period_auth (juror_id, period_id, pin_hash, is_blocked) VALUES ('86b9c648-3d7e-4109-a92b-8eca6962286a', '3f9cabdb-61dc-45da-afa5-dbb1747cd8c8', '$2a$06$D1E3X/QGg9sM4W0.A3vQG.n9v6p0y5NlKJ/K6W9fHq7.HkH9n.AWe', true) ON CONFLICT DO NOTHING;
INSERT INTO juror_period_auth (juror_id, period_id, pin_hash) VALUES ('f106ca15-dc12-414f-ac41-0b361db08f95', '6c44b363-4522-4cad-a251-06484b72b164', '$2a$06$D1E3X/QGg9sM4W0.A3vQG.n9v6p0y5NlKJ/K6W9fHq7.HkH9n.AWe') ON CONFLICT DO NOTHING;
INSERT INTO juror_period_auth (juror_id, period_id, pin_hash, final_submitted_at, edit_enabled, edit_reason, edit_expires_at) VALUES ('2d3b2caa-0358-45c2-a122-c1c17cb9fbc5', '6c44b363-4522-4cad-a251-06484b72b164', '$2a$06$D1E3X/QGg9sM4W0.A3vQG.n9v6p0y5NlKJ/K6W9fHq7.HkH9n.AWe', (timestamp '2026-07-14 09:00:00' + interval '41 hours 56 minutes'), true, 'Late submission due to connectivity issue', (timestamp '2026-07-14 09:00:00' + interval '120 hours 0 minutes')) ON CONFLICT DO NOTHING;
INSERT INTO juror_period_auth (juror_id, period_id, pin_hash) VALUES ('79ef4764-8e84-4a18-ad48-dbd780a5a027', '6c44b363-4522-4cad-a251-06484b72b164', '$2a$06$D1E3X/QGg9sM4W0.A3vQG.n9v6p0y5NlKJ/K6W9fHq7.HkH9n.AWe') ON CONFLICT DO NOTHING;
INSERT INTO juror_period_auth (juror_id, period_id, pin_hash) VALUES ('a206da8b-457b-4842-ae74-911fb4193bfe', '6c44b363-4522-4cad-a251-06484b72b164', '$2a$06$D1E3X/QGg9sM4W0.A3vQG.n9v6p0y5NlKJ/K6W9fHq7.HkH9n.AWe') ON CONFLICT DO NOTHING;
INSERT INTO juror_period_auth (juror_id, period_id, pin_hash, failed_attempts, locked_until, locked_at) VALUES ('2740dcee-7730-48a7-a571-9f2108eef8f3', '6c44b363-4522-4cad-a251-06484b72b164', '$2a$06$D1E3X/QGg9sM4W0.A3vQG.n9v6p0y5NlKJ/K6W9fHq7.HkH9n.AWe', 4, (timestamp '2026-07-14 09:00:00' + interval '2 hours 51 minutes') + interval '30 minutes', (timestamp '2026-07-14 09:00:00' + interval '2 hours 51 minutes')) ON CONFLICT DO NOTHING;
INSERT INTO juror_period_auth (juror_id, period_id, pin_hash, is_blocked) VALUES ('36f4fd63-1e69-4ac9-a1c6-4c7104ab6772', '6c44b363-4522-4cad-a251-06484b72b164', '$2a$06$D1E3X/QGg9sM4W0.A3vQG.n9v6p0y5NlKJ/K6W9fHq7.HkH9n.AWe', true) ON CONFLICT DO NOTHING;
INSERT INTO juror_period_auth (juror_id, period_id, pin_hash, failed_attempts, locked_until, locked_at) VALUES ('ff6ca131-706f-4f71-ad05-5179c879f50c', '6c44b363-4522-4cad-a251-06484b72b164', '$2a$06$D1E3X/QGg9sM4W0.A3vQG.n9v6p0y5NlKJ/K6W9fHq7.HkH9n.AWe', 3, (timestamp '2026-07-14 09:00:00' + interval '11 hours 0 minutes') + interval '30 minutes', (timestamp '2026-07-14 09:00:00' + interval '11 hours 0 minutes')) ON CONFLICT DO NOTHING;
INSERT INTO juror_period_auth (juror_id, period_id, pin_hash, final_submitted_at) VALUES ('37dfc66f-d341-4063-a83a-731796af67cf', '6c44b363-4522-4cad-a251-06484b72b164', '$2a$06$D1E3X/QGg9sM4W0.A3vQG.n9v6p0y5NlKJ/K6W9fHq7.HkH9n.AWe', (timestamp '2026-07-14 09:00:00' + interval '33 hours 6 minutes')) ON CONFLICT DO NOTHING;
INSERT INTO juror_period_auth (juror_id, period_id, pin_hash, final_submitted_at) VALUES ('d1a703ee-801b-4a43-acb9-ab23cd6750b7', '6c44b363-4522-4cad-a251-06484b72b164', '$2a$06$D1E3X/QGg9sM4W0.A3vQG.n9v6p0y5NlKJ/K6W9fHq7.HkH9n.AWe', (timestamp '2026-07-14 09:00:00' + interval '13 hours 37 minutes')) ON CONFLICT DO NOTHING;
INSERT INTO juror_period_auth (juror_id, period_id, pin_hash, final_submitted_at) VALUES ('8609d130-59d2-4796-a1f1-896ebea85de6', '6c44b363-4522-4cad-a251-06484b72b164', '$2a$06$D1E3X/QGg9sM4W0.A3vQG.n9v6p0y5NlKJ/K6W9fHq7.HkH9n.AWe', (timestamp '2026-07-14 09:00:00' + interval '38 hours 19 minutes')) ON CONFLICT DO NOTHING;
INSERT INTO juror_period_auth (juror_id, period_id, pin_hash) VALUES ('f106ca15-dc12-414f-ac41-0b361db08f95', '318124ea-8614-4355-ad48-2486524dfc13', '$2a$06$D1E3X/QGg9sM4W0.A3vQG.n9v6p0y5NlKJ/K6W9fHq7.HkH9n.AWe') ON CONFLICT DO NOTHING;
INSERT INTO juror_period_auth (juror_id, period_id, pin_hash, final_submitted_at, edit_enabled, edit_reason, edit_expires_at) VALUES ('2d3b2caa-0358-45c2-a122-c1c17cb9fbc5', '318124ea-8614-4355-ad48-2486524dfc13', '$2a$06$D1E3X/QGg9sM4W0.A3vQG.n9v6p0y5NlKJ/K6W9fHq7.HkH9n.AWe', (timestamp '2025-07-13 09:00:00' + interval '58 hours 31 minutes'), true, 'Late submission due to connectivity issue', (timestamp '2025-07-13 09:00:00' + interval '120 hours 0 minutes')) ON CONFLICT DO NOTHING;
INSERT INTO juror_period_auth (juror_id, period_id, pin_hash) VALUES ('79ef4764-8e84-4a18-ad48-dbd780a5a027', '318124ea-8614-4355-ad48-2486524dfc13', '$2a$06$D1E3X/QGg9sM4W0.A3vQG.n9v6p0y5NlKJ/K6W9fHq7.HkH9n.AWe') ON CONFLICT DO NOTHING;
INSERT INTO juror_period_auth (juror_id, period_id, pin_hash) VALUES ('a206da8b-457b-4842-ae74-911fb4193bfe', '318124ea-8614-4355-ad48-2486524dfc13', '$2a$06$D1E3X/QGg9sM4W0.A3vQG.n9v6p0y5NlKJ/K6W9fHq7.HkH9n.AWe') ON CONFLICT DO NOTHING;
INSERT INTO juror_period_auth (juror_id, period_id, pin_hash, failed_attempts, locked_until, locked_at) VALUES ('2740dcee-7730-48a7-a571-9f2108eef8f3', '318124ea-8614-4355-ad48-2486524dfc13', '$2a$06$D1E3X/QGg9sM4W0.A3vQG.n9v6p0y5NlKJ/K6W9fHq7.HkH9n.AWe', 5, (timestamp '2025-07-13 09:00:00' + interval '17 hours 24 minutes') + interval '30 minutes', (timestamp '2025-07-13 09:00:00' + interval '17 hours 24 minutes')) ON CONFLICT DO NOTHING;
INSERT INTO juror_period_auth (juror_id, period_id, pin_hash, is_blocked) VALUES ('36f4fd63-1e69-4ac9-a1c6-4c7104ab6772', '318124ea-8614-4355-ad48-2486524dfc13', '$2a$06$D1E3X/QGg9sM4W0.A3vQG.n9v6p0y5NlKJ/K6W9fHq7.HkH9n.AWe', true) ON CONFLICT DO NOTHING;
INSERT INTO juror_period_auth (juror_id, period_id, pin_hash, final_submitted_at) VALUES ('ff6ca131-706f-4f71-ad05-5179c879f50c', '318124ea-8614-4355-ad48-2486524dfc13', '$2a$06$D1E3X/QGg9sM4W0.A3vQG.n9v6p0y5NlKJ/K6W9fHq7.HkH9n.AWe', (timestamp '2025-07-13 09:00:00' + interval '25 hours 51 minutes')) ON CONFLICT DO NOTHING;
INSERT INTO juror_period_auth (juror_id, period_id, pin_hash, final_submitted_at) VALUES ('37dfc66f-d341-4063-a83a-731796af67cf', '318124ea-8614-4355-ad48-2486524dfc13', '$2a$06$D1E3X/QGg9sM4W0.A3vQG.n9v6p0y5NlKJ/K6W9fHq7.HkH9n.AWe', (timestamp '2025-07-13 09:00:00' + interval '49 hours 58 minutes')) ON CONFLICT DO NOTHING;
INSERT INTO juror_period_auth (juror_id, period_id, pin_hash) VALUES ('f106ca15-dc12-414f-ac41-0b361db08f95', 'b7014c23-db5e-4be5-a5d6-d9597e8578cc', '$2a$06$D1E3X/QGg9sM4W0.A3vQG.n9v6p0y5NlKJ/K6W9fHq7.HkH9n.AWe') ON CONFLICT DO NOTHING;
INSERT INTO juror_period_auth (juror_id, period_id, pin_hash, final_submitted_at, edit_enabled, edit_reason, edit_expires_at) VALUES ('2d3b2caa-0358-45c2-a122-c1c17cb9fbc5', 'b7014c23-db5e-4be5-a5d6-d9597e8578cc', '$2a$06$D1E3X/QGg9sM4W0.A3vQG.n9v6p0y5NlKJ/K6W9fHq7.HkH9n.AWe', (timestamp '2024-07-14 09:00:00' + interval '12 hours 6 minutes'), true, 'Late submission due to connectivity issue', (timestamp '2024-07-14 09:00:00' + interval '120 hours 0 minutes')) ON CONFLICT DO NOTHING;
INSERT INTO juror_period_auth (juror_id, period_id, pin_hash) VALUES ('79ef4764-8e84-4a18-ad48-dbd780a5a027', 'b7014c23-db5e-4be5-a5d6-d9597e8578cc', '$2a$06$D1E3X/QGg9sM4W0.A3vQG.n9v6p0y5NlKJ/K6W9fHq7.HkH9n.AWe') ON CONFLICT DO NOTHING;
INSERT INTO juror_period_auth (juror_id, period_id, pin_hash) VALUES ('a206da8b-457b-4842-ae74-911fb4193bfe', 'b7014c23-db5e-4be5-a5d6-d9597e8578cc', '$2a$06$D1E3X/QGg9sM4W0.A3vQG.n9v6p0y5NlKJ/K6W9fHq7.HkH9n.AWe') ON CONFLICT DO NOTHING;
INSERT INTO juror_period_auth (juror_id, period_id, pin_hash, failed_attempts, locked_until, locked_at) VALUES ('2740dcee-7730-48a7-a571-9f2108eef8f3', 'b7014c23-db5e-4be5-a5d6-d9597e8578cc', '$2a$06$D1E3X/QGg9sM4W0.A3vQG.n9v6p0y5NlKJ/K6W9fHq7.HkH9n.AWe', 4, (timestamp '2024-07-14 09:00:00' + interval '28 hours 56 minutes') + interval '30 minutes', (timestamp '2024-07-14 09:00:00' + interval '28 hours 56 minutes')) ON CONFLICT DO NOTHING;
INSERT INTO juror_period_auth (juror_id, period_id, pin_hash, is_blocked) VALUES ('36f4fd63-1e69-4ac9-a1c6-4c7104ab6772', 'b7014c23-db5e-4be5-a5d6-d9597e8578cc', '$2a$06$D1E3X/QGg9sM4W0.A3vQG.n9v6p0y5NlKJ/K6W9fHq7.HkH9n.AWe', true) ON CONFLICT DO NOTHING;
INSERT INTO juror_period_auth (juror_id, period_id, pin_hash) VALUES ('74499a66-86e7-4d92-ade1-70ba9b770ef0', '47979751-163d-48b3-ae56-a65586d18f1b', '$2a$06$D1E3X/QGg9sM4W0.A3vQG.n9v6p0y5NlKJ/K6W9fHq7.HkH9n.AWe') ON CONFLICT DO NOTHING;
INSERT INTO juror_period_auth (juror_id, period_id, pin_hash, final_submitted_at, edit_enabled, edit_reason, edit_expires_at) VALUES ('4f32d322-afb7-4042-a9d1-ce0c17a09a30', '47979751-163d-48b3-ae56-a65586d18f1b', '$2a$06$D1E3X/QGg9sM4W0.A3vQG.n9v6p0y5NlKJ/K6W9fHq7.HkH9n.AWe', (timestamp '2026-06-08 09:00:00' + interval '54 hours 9 minutes'), true, 'Late submission due to connectivity issue', (timestamp '2026-06-08 09:00:00' + interval '120 hours 0 minutes')) ON CONFLICT DO NOTHING;
INSERT INTO juror_period_auth (juror_id, period_id, pin_hash) VALUES ('a71bad63-0a65-47a2-a5a5-623ab35c9ba7', '47979751-163d-48b3-ae56-a65586d18f1b', '$2a$06$D1E3X/QGg9sM4W0.A3vQG.n9v6p0y5NlKJ/K6W9fHq7.HkH9n.AWe') ON CONFLICT DO NOTHING;
INSERT INTO juror_period_auth (juror_id, period_id, pin_hash) VALUES ('25380419-e8ec-4bae-a9e7-eeded88bba8b', '47979751-163d-48b3-ae56-a65586d18f1b', '$2a$06$D1E3X/QGg9sM4W0.A3vQG.n9v6p0y5NlKJ/K6W9fHq7.HkH9n.AWe') ON CONFLICT DO NOTHING;
INSERT INTO juror_period_auth (juror_id, period_id, pin_hash, failed_attempts, locked_until, locked_at) VALUES ('811cfb84-1d8a-42c8-a596-e14444501f34', '47979751-163d-48b3-ae56-a65586d18f1b', '$2a$06$D1E3X/QGg9sM4W0.A3vQG.n9v6p0y5NlKJ/K6W9fHq7.HkH9n.AWe', 4, (timestamp '2026-06-08 09:00:00' + interval '2 hours 31 minutes') + interval '30 minutes', (timestamp '2026-06-08 09:00:00' + interval '2 hours 31 minutes')) ON CONFLICT DO NOTHING;
INSERT INTO juror_period_auth (juror_id, period_id, pin_hash, is_blocked) VALUES ('461d5292-93ae-4eb3-a724-5e8f1e0ea6ed', '47979751-163d-48b3-ae56-a65586d18f1b', '$2a$06$D1E3X/QGg9sM4W0.A3vQG.n9v6p0y5NlKJ/K6W9fHq7.HkH9n.AWe', true) ON CONFLICT DO NOTHING;
INSERT INTO juror_period_auth (juror_id, period_id, pin_hash, failed_attempts, locked_until, locked_at) VALUES ('90b0f6e9-df50-48dd-a681-07bd983240ab', '47979751-163d-48b3-ae56-a65586d18f1b', '$2a$06$D1E3X/QGg9sM4W0.A3vQG.n9v6p0y5NlKJ/K6W9fHq7.HkH9n.AWe', 3, (timestamp '2026-06-08 09:00:00' + interval '13 hours 22 minutes') + interval '30 minutes', (timestamp '2026-06-08 09:00:00' + interval '13 hours 22 minutes')) ON CONFLICT DO NOTHING;
INSERT INTO juror_period_auth (juror_id, period_id, pin_hash, final_submitted_at) VALUES ('a9485bd7-418b-4214-aa61-d62783e538a7', '47979751-163d-48b3-ae56-a65586d18f1b', '$2a$06$D1E3X/QGg9sM4W0.A3vQG.n9v6p0y5NlKJ/K6W9fHq7.HkH9n.AWe', (timestamp '2026-06-08 09:00:00' + interval '36 hours 31 minutes')) ON CONFLICT DO NOTHING;
INSERT INTO juror_period_auth (juror_id, period_id, pin_hash, final_submitted_at) VALUES ('e0e30ae1-8d26-4ec3-a954-62f49fbcf54b', '47979751-163d-48b3-ae56-a65586d18f1b', '$2a$06$D1E3X/QGg9sM4W0.A3vQG.n9v6p0y5NlKJ/K6W9fHq7.HkH9n.AWe', (timestamp '2026-06-08 09:00:00' + interval '36 hours 51 minutes')) ON CONFLICT DO NOTHING;
INSERT INTO juror_period_auth (juror_id, period_id, pin_hash, final_submitted_at) VALUES ('29a8a829-b0e2-41d4-a752-95d7c4955638', '47979751-163d-48b3-ae56-a65586d18f1b', '$2a$06$D1E3X/QGg9sM4W0.A3vQG.n9v6p0y5NlKJ/K6W9fHq7.HkH9n.AWe', (timestamp '2026-06-08 09:00:00' + interval '54 hours 27 minutes')) ON CONFLICT DO NOTHING;
INSERT INTO juror_period_auth (juror_id, period_id, pin_hash) VALUES ('74499a66-86e7-4d92-ade1-70ba9b770ef0', '10abd4e8-0cb9-4853-a17c-ac40da311bff', '$2a$06$D1E3X/QGg9sM4W0.A3vQG.n9v6p0y5NlKJ/K6W9fHq7.HkH9n.AWe') ON CONFLICT DO NOTHING;
INSERT INTO juror_period_auth (juror_id, period_id, pin_hash, final_submitted_at, edit_enabled, edit_reason, edit_expires_at) VALUES ('4f32d322-afb7-4042-a9d1-ce0c17a09a30', '10abd4e8-0cb9-4853-a17c-ac40da311bff', '$2a$06$D1E3X/QGg9sM4W0.A3vQG.n9v6p0y5NlKJ/K6W9fHq7.HkH9n.AWe', (timestamp '2025-06-09 09:00:00' + interval '43 hours 10 minutes'), true, 'Late submission due to connectivity issue', (timestamp '2025-06-09 09:00:00' + interval '120 hours 0 minutes')) ON CONFLICT DO NOTHING;
INSERT INTO juror_period_auth (juror_id, period_id, pin_hash) VALUES ('a71bad63-0a65-47a2-a5a5-623ab35c9ba7', '10abd4e8-0cb9-4853-a17c-ac40da311bff', '$2a$06$D1E3X/QGg9sM4W0.A3vQG.n9v6p0y5NlKJ/K6W9fHq7.HkH9n.AWe') ON CONFLICT DO NOTHING;
INSERT INTO juror_period_auth (juror_id, period_id, pin_hash) VALUES ('25380419-e8ec-4bae-a9e7-eeded88bba8b', '10abd4e8-0cb9-4853-a17c-ac40da311bff', '$2a$06$D1E3X/QGg9sM4W0.A3vQG.n9v6p0y5NlKJ/K6W9fHq7.HkH9n.AWe') ON CONFLICT DO NOTHING;
INSERT INTO juror_period_auth (juror_id, period_id, pin_hash, failed_attempts, locked_until, locked_at) VALUES ('811cfb84-1d8a-42c8-a596-e14444501f34', '10abd4e8-0cb9-4853-a17c-ac40da311bff', '$2a$06$D1E3X/QGg9sM4W0.A3vQG.n9v6p0y5NlKJ/K6W9fHq7.HkH9n.AWe', 4, (timestamp '2025-06-09 09:00:00' + interval '34 hours 6 minutes') + interval '30 minutes', (timestamp '2025-06-09 09:00:00' + interval '34 hours 6 minutes')) ON CONFLICT DO NOTHING;
INSERT INTO juror_period_auth (juror_id, period_id, pin_hash, is_blocked) VALUES ('461d5292-93ae-4eb3-a724-5e8f1e0ea6ed', '10abd4e8-0cb9-4853-a17c-ac40da311bff', '$2a$06$D1E3X/QGg9sM4W0.A3vQG.n9v6p0y5NlKJ/K6W9fHq7.HkH9n.AWe', true) ON CONFLICT DO NOTHING;
INSERT INTO juror_period_auth (juror_id, period_id, pin_hash, final_submitted_at) VALUES ('90b0f6e9-df50-48dd-a681-07bd983240ab', '10abd4e8-0cb9-4853-a17c-ac40da311bff', '$2a$06$D1E3X/QGg9sM4W0.A3vQG.n9v6p0y5NlKJ/K6W9fHq7.HkH9n.AWe', (timestamp '2025-06-09 09:00:00' + interval '16 hours 26 minutes')) ON CONFLICT DO NOTHING;
INSERT INTO juror_period_auth (juror_id, period_id, pin_hash, final_submitted_at) VALUES ('a9485bd7-418b-4214-aa61-d62783e538a7', '10abd4e8-0cb9-4853-a17c-ac40da311bff', '$2a$06$D1E3X/QGg9sM4W0.A3vQG.n9v6p0y5NlKJ/K6W9fHq7.HkH9n.AWe', (timestamp '2025-06-09 09:00:00' + interval '49 hours 35 minutes')) ON CONFLICT DO NOTHING;
INSERT INTO juror_period_auth (juror_id, period_id, pin_hash) VALUES ('74499a66-86e7-4d92-ade1-70ba9b770ef0', '9f49cd18-d850-4b1e-ae53-c08253910f4e', '$2a$06$D1E3X/QGg9sM4W0.A3vQG.n9v6p0y5NlKJ/K6W9fHq7.HkH9n.AWe') ON CONFLICT DO NOTHING;
INSERT INTO juror_period_auth (juror_id, period_id, pin_hash, final_submitted_at, edit_enabled, edit_reason, edit_expires_at) VALUES ('4f32d322-afb7-4042-a9d1-ce0c17a09a30', '9f49cd18-d850-4b1e-ae53-c08253910f4e', '$2a$06$D1E3X/QGg9sM4W0.A3vQG.n9v6p0y5NlKJ/K6W9fHq7.HkH9n.AWe', (timestamp '2024-06-10 09:00:00' + interval '38 hours 9 minutes'), true, 'Late submission due to connectivity issue', (timestamp '2024-06-10 09:00:00' + interval '120 hours 0 minutes')) ON CONFLICT DO NOTHING;
INSERT INTO juror_period_auth (juror_id, period_id, pin_hash) VALUES ('a71bad63-0a65-47a2-a5a5-623ab35c9ba7', '9f49cd18-d850-4b1e-ae53-c08253910f4e', '$2a$06$D1E3X/QGg9sM4W0.A3vQG.n9v6p0y5NlKJ/K6W9fHq7.HkH9n.AWe') ON CONFLICT DO NOTHING;
INSERT INTO juror_period_auth (juror_id, period_id, pin_hash) VALUES ('25380419-e8ec-4bae-a9e7-eeded88bba8b', '9f49cd18-d850-4b1e-ae53-c08253910f4e', '$2a$06$D1E3X/QGg9sM4W0.A3vQG.n9v6p0y5NlKJ/K6W9fHq7.HkH9n.AWe') ON CONFLICT DO NOTHING;
INSERT INTO juror_period_auth (juror_id, period_id, pin_hash, failed_attempts, locked_until, locked_at) VALUES ('811cfb84-1d8a-42c8-a596-e14444501f34', '9f49cd18-d850-4b1e-ae53-c08253910f4e', '$2a$06$D1E3X/QGg9sM4W0.A3vQG.n9v6p0y5NlKJ/K6W9fHq7.HkH9n.AWe', 3, (timestamp '2024-06-10 09:00:00' + interval '19 hours 46 minutes') + interval '30 minutes', (timestamp '2024-06-10 09:00:00' + interval '19 hours 46 minutes')) ON CONFLICT DO NOTHING;
INSERT INTO juror_period_auth (juror_id, period_id, pin_hash, is_blocked) VALUES ('461d5292-93ae-4eb3-a724-5e8f1e0ea6ed', '9f49cd18-d850-4b1e-ae53-c08253910f4e', '$2a$06$D1E3X/QGg9sM4W0.A3vQG.n9v6p0y5NlKJ/K6W9fHq7.HkH9n.AWe', true) ON CONFLICT DO NOTHING;

-- Scoring
INSERT INTO score_sheets (id, period_id, project_id, juror_id, status, comment, started_at, last_activity_at) VALUES ('515b34ef-6dab-4a37-af02-37fb06b53a5d', 'a0d6f60d-ece4-40f8-aca2-955b4abc5d88', '93fcb76b-9827-4720-a1a8-9d65fdbc3055', 'aaa0da50-6432-47e0-ab48-b01ca823ef19', 'submitted', 'Gerçek anlamda yenilikçi. Büyük ustalık sergilendi.', (timestamp '2026-05-10 09:00:00' + interval '4 hours 28 minutes') - interval '30 mins', (timestamp '2026-05-10 09:00:00' + interval '4 hours 28 minutes')) ON CONFLICT DO NOTHING;
INSERT INTO score_sheet_items (id, score_sheet_id, period_criterion_id, score_value) VALUES ('972645ac-4427-4cad-a30e-7f37236bacf5', '515b34ef-6dab-4a37-af02-37fb06b53a5d', '787e905a-a2da-431e-af63-00cea2ea7bb5', 28) ON CONFLICT DO NOTHING;
INSERT INTO score_sheet_items (id, score_sheet_id, period_criterion_id, score_value) VALUES ('25b39550-acc5-40c3-a639-1055e6454abf', '515b34ef-6dab-4a37-af02-37fb06b53a5d', '25fdf203-ff5f-4c31-ab09-3ac8bd726e65', 29) ON CONFLICT DO NOTHING;
INSERT INTO score_sheet_items (id, score_sheet_id, period_criterion_id, score_value) VALUES ('17b0fa0d-b45b-4844-a3fb-ecc1a5a4e93c', '515b34ef-6dab-4a37-af02-37fb06b53a5d', 'ecc8c71e-2fca-4ab8-aaa9-9efbe29700c6', 28) ON CONFLICT DO NOTHING;
INSERT INTO score_sheet_items (id, score_sheet_id, period_criterion_id, score_value) VALUES ('de376d79-db84-402f-a6a8-387708bf98de', '515b34ef-6dab-4a37-af02-37fb06b53a5d', 'dc46db4d-fa3a-4c22-a64a-b5c07a94ebe6', 8) ON CONFLICT DO NOTHING;
INSERT INTO score_sheets (id, period_id, project_id, juror_id, status, comment, started_at, last_activity_at) VALUES ('a1604130-69aa-4f24-a470-93ed1e55d615', 'a0d6f60d-ece4-40f8-aca2-955b4abc5d88', '46123b99-4f0a-4d61-a870-6ef0f78e371f', 'aaa0da50-6432-47e0-ab48-b01ca823ef19', 'submitted', 'Tutarlı ve güçlü bir mühendislik çalışması.', (timestamp '2026-05-10 09:00:00' + interval '13 hours 36 minutes') - interval '30 mins', (timestamp '2026-05-10 09:00:00' + interval '13 hours 36 minutes')) ON CONFLICT DO NOTHING;
INSERT INTO score_sheet_items (id, score_sheet_id, period_criterion_id, score_value) VALUES ('354ab733-aa6e-4d8b-a2cc-14498c8dfef1', 'a1604130-69aa-4f24-a470-93ed1e55d615', '787e905a-a2da-431e-af63-00cea2ea7bb5', 23) ON CONFLICT DO NOTHING;
INSERT INTO score_sheet_items (id, score_sheet_id, period_criterion_id, score_value) VALUES ('dfc5ae8a-66d6-406f-a05e-6a07223339f3', 'a1604130-69aa-4f24-a470-93ed1e55d615', '25fdf203-ff5f-4c31-ab09-3ac8bd726e65', 23) ON CONFLICT DO NOTHING;
INSERT INTO score_sheet_items (id, score_sheet_id, period_criterion_id, score_value) VALUES ('6c4c4114-c971-4488-ac2a-f11a47f03f6b', 'a1604130-69aa-4f24-a470-93ed1e55d615', 'ecc8c71e-2fca-4ab8-aaa9-9efbe29700c6', 24) ON CONFLICT DO NOTHING;
INSERT INTO score_sheet_items (id, score_sheet_id, period_criterion_id, score_value) VALUES ('d6952404-1cb3-4cda-a82b-6d5062667f03', 'a1604130-69aa-4f24-a470-93ed1e55d615', 'dc46db4d-fa3a-4c22-a64a-b5c07a94ebe6', 8) ON CONFLICT DO NOTHING;
INSERT INTO score_sheets (id, period_id, project_id, juror_id, status, comment, started_at, last_activity_at) VALUES ('1aa21030-08f2-4950-aeac-f92a7272ae9b', 'a0d6f60d-ece4-40f8-aca2-955b4abc5d88', '733f9e70-8f7b-47dc-ad72-a604c760696f', 'aaa0da50-6432-47e0-ab48-b01ca823ef19', 'in_progress', NULL, (timestamp '2026-05-10 09:00:00' + interval '12 hours 58 minutes') - interval '30 mins', (timestamp '2026-05-10 09:00:00' + interval '12 hours 58 minutes')) ON CONFLICT DO NOTHING;
INSERT INTO score_sheet_items (id, score_sheet_id, period_criterion_id, score_value) VALUES ('bf1b3432-ad67-4b28-aeaa-54b4e226f7d0', '1aa21030-08f2-4950-aeac-f92a7272ae9b', '787e905a-a2da-431e-af63-00cea2ea7bb5', 27) ON CONFLICT DO NOTHING;
INSERT INTO score_sheet_items (id, score_sheet_id, period_criterion_id, score_value) VALUES ('7cde4ea1-cfff-40ec-af49-c75a7acc1575', '1aa21030-08f2-4950-aeac-f92a7272ae9b', '25fdf203-ff5f-4c31-ab09-3ac8bd726e65', 28) ON CONFLICT DO NOTHING;
INSERT INTO score_sheets (id, period_id, project_id, juror_id, status, comment, started_at, last_activity_at) VALUES ('8df8ceb7-8d17-4368-ac61-d7bc53ae4ae2', 'a0d6f60d-ece4-40f8-aca2-955b4abc5d88', '93fcb76b-9827-4720-a1a8-9d65fdbc3055', '9a21397b-552a-4b00-a5c4-15a0982436b1', 'submitted', NULL, (timestamp '2026-05-10 09:00:00' + interval '3 hours 29 minutes') - interval '30 mins', (timestamp '2026-05-10 09:00:00' + interval '3 hours 29 minutes')) ON CONFLICT DO NOTHING;
INSERT INTO score_sheet_items (id, score_sheet_id, period_criterion_id, score_value) VALUES ('6b44fc54-9082-4c84-af44-449504c80391', '8df8ceb7-8d17-4368-ac61-d7bc53ae4ae2', '787e905a-a2da-431e-af63-00cea2ea7bb5', 28) ON CONFLICT DO NOTHING;
INSERT INTO score_sheet_items (id, score_sheet_id, period_criterion_id, score_value) VALUES ('0cb51c3e-22fd-4269-aa20-02acc585359b', '8df8ceb7-8d17-4368-ac61-d7bc53ae4ae2', '25fdf203-ff5f-4c31-ab09-3ac8bd726e65', 26) ON CONFLICT DO NOTHING;
INSERT INTO score_sheet_items (id, score_sheet_id, period_criterion_id, score_value) VALUES ('40a6f365-7d14-4562-a31d-43722b400310', '8df8ceb7-8d17-4368-ac61-d7bc53ae4ae2', 'ecc8c71e-2fca-4ab8-aaa9-9efbe29700c6', 27) ON CONFLICT DO NOTHING;
INSERT INTO score_sheet_items (id, score_sheet_id, period_criterion_id, score_value) VALUES ('f0948851-8492-4d6b-a90b-548eb9bf60d4', '8df8ceb7-8d17-4368-ac61-d7bc53ae4ae2', 'dc46db4d-fa3a-4c22-a64a-b5c07a94ebe6', 9) ON CONFLICT DO NOTHING;
INSERT INTO score_sheets (id, period_id, project_id, juror_id, status, comment, started_at, last_activity_at) VALUES ('0768bc5c-9525-4add-a4d6-173fdb8e99dc', 'a0d6f60d-ece4-40f8-aca2-955b4abc5d88', '46123b99-4f0a-4d61-a870-6ef0f78e371f', '9a21397b-552a-4b00-a5c4-15a0982436b1', 'submitted', NULL, (timestamp '2026-05-10 09:00:00' + interval '7 hours 12 minutes') - interval '30 mins', (timestamp '2026-05-10 09:00:00' + interval '7 hours 12 minutes')) ON CONFLICT DO NOTHING;
INSERT INTO score_sheet_items (id, score_sheet_id, period_criterion_id, score_value) VALUES ('c2e27765-6d8a-42f0-a09a-4cc83847fdc5', '0768bc5c-9525-4add-a4d6-173fdb8e99dc', '787e905a-a2da-431e-af63-00cea2ea7bb5', 23) ON CONFLICT DO NOTHING;
INSERT INTO score_sheet_items (id, score_sheet_id, period_criterion_id, score_value) VALUES ('5823e385-82e1-484d-a5c4-ab3c21aff865', '0768bc5c-9525-4add-a4d6-173fdb8e99dc', '25fdf203-ff5f-4c31-ab09-3ac8bd726e65', 22) ON CONFLICT DO NOTHING;
INSERT INTO score_sheet_items (id, score_sheet_id, period_criterion_id, score_value) VALUES ('06fe7cf7-2d22-401d-a935-cbcbb1d0c5f0', '0768bc5c-9525-4add-a4d6-173fdb8e99dc', 'ecc8c71e-2fca-4ab8-aaa9-9efbe29700c6', 22) ON CONFLICT DO NOTHING;
INSERT INTO score_sheet_items (id, score_sheet_id, period_criterion_id, score_value) VALUES ('723e1209-3f28-483c-a1d3-a9ce119aeda1', '0768bc5c-9525-4add-a4d6-173fdb8e99dc', 'dc46db4d-fa3a-4c22-a64a-b5c07a94ebe6', 7) ON CONFLICT DO NOTHING;
INSERT INTO score_sheets (id, period_id, project_id, juror_id, status, comment, started_at, last_activity_at) VALUES ('22999a66-1989-4c6a-a1ef-74e0a873326e', 'a0d6f60d-ece4-40f8-aca2-955b4abc5d88', '733f9e70-8f7b-47dc-ad72-a604c760696f', '9a21397b-552a-4b00-a5c4-15a0982436b1', 'submitted', 'İddialı kapsam, karışık sonuçlar.', (timestamp '2026-05-10 09:00:00' + interval '15 hours 39 minutes') - interval '30 mins', (timestamp '2026-05-10 09:00:00' + interval '15 hours 39 minutes')) ON CONFLICT DO NOTHING;
INSERT INTO score_sheet_items (id, score_sheet_id, period_criterion_id, score_value) VALUES ('8722e9a8-fcc8-4e72-a30f-1fbdcd5b677b', '22999a66-1989-4c6a-a1ef-74e0a873326e', '787e905a-a2da-431e-af63-00cea2ea7bb5', 18) ON CONFLICT DO NOTHING;
INSERT INTO score_sheet_items (id, score_sheet_id, period_criterion_id, score_value) VALUES ('0ed87921-644d-4970-ab86-e71698f01787', '22999a66-1989-4c6a-a1ef-74e0a873326e', '25fdf203-ff5f-4c31-ab09-3ac8bd726e65', 22) ON CONFLICT DO NOTHING;
INSERT INTO score_sheet_items (id, score_sheet_id, period_criterion_id, score_value) VALUES ('af3de217-11f8-40de-ac3f-bc25e660ef02', '22999a66-1989-4c6a-a1ef-74e0a873326e', 'ecc8c71e-2fca-4ab8-aaa9-9efbe29700c6', 23) ON CONFLICT DO NOTHING;
INSERT INTO score_sheet_items (id, score_sheet_id, period_criterion_id, score_value) VALUES ('93e3b158-70a0-4f06-abbd-6e8058bc00f4', '22999a66-1989-4c6a-a1ef-74e0a873326e', 'dc46db4d-fa3a-4c22-a64a-b5c07a94ebe6', 7) ON CONFLICT DO NOTHING;
INSERT INTO score_sheets (id, period_id, project_id, juror_id, status, comment, started_at, last_activity_at) VALUES ('76b3e7c5-f3b1-42ca-add8-eefcd63be694', 'a0d6f60d-ece4-40f8-aca2-955b4abc5d88', '339948a9-b977-4c51-a1bd-c3dab5e32936', '9a21397b-552a-4b00-a5c4-15a0982436b1', 'submitted', 'Teknik olarak çok güçlü ama sunumu zayıf.', (timestamp '2026-05-10 09:00:00' + interval '1 hours 21 minutes') - interval '30 mins', (timestamp '2026-05-10 09:00:00' + interval '1 hours 21 minutes')) ON CONFLICT DO NOTHING;
INSERT INTO score_sheet_items (id, score_sheet_id, period_criterion_id, score_value) VALUES ('1635d533-c597-4f98-aa0c-e06c36661e81', '76b3e7c5-f3b1-42ca-add8-eefcd63be694', '787e905a-a2da-431e-af63-00cea2ea7bb5', 26) ON CONFLICT DO NOTHING;
INSERT INTO score_sheet_items (id, score_sheet_id, period_criterion_id, score_value) VALUES ('53aeeac6-f439-4b69-af60-5833286a12ad', '76b3e7c5-f3b1-42ca-add8-eefcd63be694', '25fdf203-ff5f-4c31-ab09-3ac8bd726e65', 18) ON CONFLICT DO NOTHING;
INSERT INTO score_sheet_items (id, score_sheet_id, period_criterion_id, score_value) VALUES ('29f44a23-f588-41b1-a666-22f649adf5fb', '76b3e7c5-f3b1-42ca-add8-eefcd63be694', 'ecc8c71e-2fca-4ab8-aaa9-9efbe29700c6', 18) ON CONFLICT DO NOTHING;
INSERT INTO score_sheet_items (id, score_sheet_id, period_criterion_id, score_value) VALUES ('53acec54-4c5f-43f8-add7-a21e0136a3c5', '76b3e7c5-f3b1-42ca-add8-eefcd63be694', 'dc46db4d-fa3a-4c22-a64a-b5c07a94ebe6', 9) ON CONFLICT DO NOTHING;
INSERT INTO score_sheets (id, period_id, project_id, juror_id, status, comment, started_at, last_activity_at) VALUES ('50352f0e-8273-4b1c-ad64-b823dd5b707b', 'a0d6f60d-ece4-40f8-aca2-955b4abc5d88', '2c01817f-5c28-4899-ab4b-fb741b5f8f9b', '9a21397b-552a-4b00-a5c4-15a0982436b1', 'submitted', 'Dengeli ve tutarlı bir proje. Zayıf nokta yok.', (timestamp '2026-05-10 09:00:00' + interval '19 hours 1 minutes') - interval '30 mins', (timestamp '2026-05-10 09:00:00' + interval '19 hours 1 minutes')) ON CONFLICT DO NOTHING;
INSERT INTO score_sheet_items (id, score_sheet_id, period_criterion_id, score_value) VALUES ('25d29736-ad3f-44d2-a893-d320333eb2df', '50352f0e-8273-4b1c-ad64-b823dd5b707b', '787e905a-a2da-431e-af63-00cea2ea7bb5', 25) ON CONFLICT DO NOTHING;
INSERT INTO score_sheet_items (id, score_sheet_id, period_criterion_id, score_value) VALUES ('adc39ee8-b927-419b-af38-832066912eeb', '50352f0e-8273-4b1c-ad64-b823dd5b707b', '25fdf203-ff5f-4c31-ab09-3ac8bd726e65', 22) ON CONFLICT DO NOTHING;
INSERT INTO score_sheet_items (id, score_sheet_id, period_criterion_id, score_value) VALUES ('0091f2f6-1361-49f7-a19d-41910449c6bb', '50352f0e-8273-4b1c-ad64-b823dd5b707b', 'ecc8c71e-2fca-4ab8-aaa9-9efbe29700c6', 24) ON CONFLICT DO NOTHING;
INSERT INTO score_sheet_items (id, score_sheet_id, period_criterion_id, score_value) VALUES ('ad5fbaef-efb6-46fa-a10a-38b528d565f1', '50352f0e-8273-4b1c-ad64-b823dd5b707b', 'dc46db4d-fa3a-4c22-a64a-b5c07a94ebe6', 7) ON CONFLICT DO NOTHING;
INSERT INTO score_sheets (id, period_id, project_id, juror_id, status, comment, started_at, last_activity_at) VALUES ('e1f8a199-3a32-4b1e-a0b0-275f867c1d3e', 'a0d6f60d-ece4-40f8-aca2-955b4abc5d88', '93fcb76b-9827-4720-a1a8-9d65fdbc3055', '7d1bbec7-493f-4e1a-aee5-be30df51db49', 'submitted', NULL, (timestamp '2026-05-10 09:00:00' + interval '11 hours 57 minutes') - interval '30 mins', (timestamp '2026-05-10 09:00:00' + interval '11 hours 57 minutes')) ON CONFLICT DO NOTHING;
INSERT INTO score_sheet_items (id, score_sheet_id, period_criterion_id, score_value) VALUES ('1cf13b82-2525-43e2-aaab-90272e774c99', 'e1f8a199-3a32-4b1e-a0b0-275f867c1d3e', '787e905a-a2da-431e-af63-00cea2ea7bb5', 28) ON CONFLICT DO NOTHING;
INSERT INTO score_sheet_items (id, score_sheet_id, period_criterion_id, score_value) VALUES ('c08188f6-72a5-484b-a815-56019548222e', 'e1f8a199-3a32-4b1e-a0b0-275f867c1d3e', '25fdf203-ff5f-4c31-ab09-3ac8bd726e65', 28) ON CONFLICT DO NOTHING;
INSERT INTO score_sheet_items (id, score_sheet_id, period_criterion_id, score_value) VALUES ('3d2cb55d-ce9c-4e2f-a81a-2b41015d4a5c', 'e1f8a199-3a32-4b1e-a0b0-275f867c1d3e', 'ecc8c71e-2fca-4ab8-aaa9-9efbe29700c6', 29) ON CONFLICT DO NOTHING;
INSERT INTO score_sheet_items (id, score_sheet_id, period_criterion_id, score_value) VALUES ('a0038d55-0c00-4d11-ad49-9dac3c7a1afe', 'e1f8a199-3a32-4b1e-a0b0-275f867c1d3e', 'dc46db4d-fa3a-4c22-a64a-b5c07a94ebe6', 9) ON CONFLICT DO NOTHING;
INSERT INTO score_sheets (id, period_id, project_id, juror_id, status, comment, started_at, last_activity_at) VALUES ('372bc195-bfc6-4635-ae78-770f2a980663', 'a0d6f60d-ece4-40f8-aca2-955b4abc5d88', '46123b99-4f0a-4d61-a870-6ef0f78e371f', '7d1bbec7-493f-4e1a-aee5-be30df51db49', 'submitted', NULL, (timestamp '2026-05-10 09:00:00' + interval '4 hours 16 minutes') - interval '30 mins', (timestamp '2026-05-10 09:00:00' + interval '4 hours 16 minutes')) ON CONFLICT DO NOTHING;
INSERT INTO score_sheet_items (id, score_sheet_id, period_criterion_id, score_value) VALUES ('589e313e-a7db-4fe0-a70a-6bb03e2a62cb', '372bc195-bfc6-4635-ae78-770f2a980663', '787e905a-a2da-431e-af63-00cea2ea7bb5', 24) ON CONFLICT DO NOTHING;
INSERT INTO score_sheet_items (id, score_sheet_id, period_criterion_id, score_value) VALUES ('928bbe4d-fce8-44de-a5da-f9eb33bf6cfa', '372bc195-bfc6-4635-ae78-770f2a980663', '25fdf203-ff5f-4c31-ab09-3ac8bd726e65', 25) ON CONFLICT DO NOTHING;
INSERT INTO score_sheet_items (id, score_sheet_id, period_criterion_id, score_value) VALUES ('1fdf0061-a293-4ed3-a8f4-2b1967fcd406', '372bc195-bfc6-4635-ae78-770f2a980663', 'ecc8c71e-2fca-4ab8-aaa9-9efbe29700c6', 25) ON CONFLICT DO NOTHING;
INSERT INTO score_sheet_items (id, score_sheet_id, period_criterion_id, score_value) VALUES ('294deb1e-e538-4ade-a364-2cb2859b96b7', '372bc195-bfc6-4635-ae78-770f2a980663', 'dc46db4d-fa3a-4c22-a64a-b5c07a94ebe6', 7) ON CONFLICT DO NOTHING;
INSERT INTO score_sheets (id, period_id, project_id, juror_id, status, comment, started_at, last_activity_at) VALUES ('c9e76694-46bb-4094-a857-5aeae3b3cd37', 'a0d6f60d-ece4-40f8-aca2-955b4abc5d88', '733f9e70-8f7b-47dc-ad72-a604c760696f', '7d1bbec7-493f-4e1a-aee5-be30df51db49', 'submitted', NULL, (timestamp '2026-05-10 09:00:00' + interval '2 hours 57 minutes') - interval '30 mins', (timestamp '2026-05-10 09:00:00' + interval '2 hours 57 minutes')) ON CONFLICT DO NOTHING;
INSERT INTO score_sheet_items (id, score_sheet_id, period_criterion_id, score_value) VALUES ('892042fb-98ab-403c-ae4a-14e4531096c9', 'c9e76694-46bb-4094-a857-5aeae3b3cd37', '787e905a-a2da-431e-af63-00cea2ea7bb5', 30) ON CONFLICT DO NOTHING;
INSERT INTO score_sheet_items (id, score_sheet_id, period_criterion_id, score_value) VALUES ('0d8ba005-99fb-493c-ae20-85394177c183', 'c9e76694-46bb-4094-a857-5aeae3b3cd37', '25fdf203-ff5f-4c31-ab09-3ac8bd726e65', 21) ON CONFLICT DO NOTHING;
INSERT INTO score_sheet_items (id, score_sheet_id, period_criterion_id, score_value) VALUES ('a2ba7dbb-3614-4c7a-a850-d60c43f8b546', 'c9e76694-46bb-4094-a857-5aeae3b3cd37', 'ecc8c71e-2fca-4ab8-aaa9-9efbe29700c6', 30) ON CONFLICT DO NOTHING;
INSERT INTO score_sheet_items (id, score_sheet_id, period_criterion_id, score_value) VALUES ('2481b422-f0e4-4825-aecb-dd5f8f87be0c', 'c9e76694-46bb-4094-a857-5aeae3b3cd37', 'dc46db4d-fa3a-4c22-a64a-b5c07a94ebe6', 6) ON CONFLICT DO NOTHING;
INSERT INTO score_sheets (id, period_id, project_id, juror_id, status, comment, started_at, last_activity_at) VALUES ('0b235baa-94f3-407c-afa6-102fe97d50e2', 'a0d6f60d-ece4-40f8-aca2-955b4abc5d88', '339948a9-b977-4c51-a1bd-c3dab5e32936', '7d1bbec7-493f-4e1a-aee5-be30df51db49', 'submitted', NULL, (timestamp '2026-05-10 09:00:00' + interval '20 hours 50 minutes') - interval '30 mins', (timestamp '2026-05-10 09:00:00' + interval '20 hours 50 minutes')) ON CONFLICT DO NOTHING;
INSERT INTO score_sheet_items (id, score_sheet_id, period_criterion_id, score_value) VALUES ('737f5ef5-1fa0-428e-ae5b-a86a7f20e45c', '0b235baa-94f3-407c-afa6-102fe97d50e2', '787e905a-a2da-431e-af63-00cea2ea7bb5', 28) ON CONFLICT DO NOTHING;
INSERT INTO score_sheet_items (id, score_sheet_id, period_criterion_id, score_value) VALUES ('ddde071a-570d-4ed2-adbd-5f2f258773ef', '0b235baa-94f3-407c-afa6-102fe97d50e2', '25fdf203-ff5f-4c31-ab09-3ac8bd726e65', 20) ON CONFLICT DO NOTHING;
INSERT INTO score_sheet_items (id, score_sheet_id, period_criterion_id, score_value) VALUES ('f3e3a55d-1651-430a-ac58-1d4a543c1f1d', '0b235baa-94f3-407c-afa6-102fe97d50e2', 'ecc8c71e-2fca-4ab8-aaa9-9efbe29700c6', 20) ON CONFLICT DO NOTHING;
INSERT INTO score_sheet_items (id, score_sheet_id, period_criterion_id, score_value) VALUES ('52a33277-0336-42ec-ae93-abb11aaf9ede', '0b235baa-94f3-407c-afa6-102fe97d50e2', 'dc46db4d-fa3a-4c22-a64a-b5c07a94ebe6', 9) ON CONFLICT DO NOTHING;
INSERT INTO score_sheets (id, period_id, project_id, juror_id, status, comment, started_at, last_activity_at) VALUES ('191983bb-252f-4f8c-a117-9e4abdab7b53', 'a0d6f60d-ece4-40f8-aca2-955b4abc5d88', '2c01817f-5c28-4899-ab4b-fb741b5f8f9b', '7d1bbec7-493f-4e1a-aee5-be30df51db49', 'submitted', 'Dengeli ve tutarlı bir proje. Zayıf nokta yok.', (timestamp '2026-05-10 09:00:00' + interval '8 hours 8 minutes') - interval '30 mins', (timestamp '2026-05-10 09:00:00' + interval '8 hours 8 minutes')) ON CONFLICT DO NOTHING;
INSERT INTO score_sheet_items (id, score_sheet_id, period_criterion_id, score_value) VALUES ('ab39cbd0-290b-4f95-a1de-95839ab7d5a4', '191983bb-252f-4f8c-a117-9e4abdab7b53', '787e905a-a2da-431e-af63-00cea2ea7bb5', 25) ON CONFLICT DO NOTHING;
INSERT INTO score_sheet_items (id, score_sheet_id, period_criterion_id, score_value) VALUES ('ab2e42b8-81c4-4b78-a6f7-30bfb9772014', '191983bb-252f-4f8c-a117-9e4abdab7b53', '25fdf203-ff5f-4c31-ab09-3ac8bd726e65', 26) ON CONFLICT DO NOTHING;
INSERT INTO score_sheet_items (id, score_sheet_id, period_criterion_id, score_value) VALUES ('4146f7a0-e052-464a-ac41-a553815aed10', '191983bb-252f-4f8c-a117-9e4abdab7b53', 'ecc8c71e-2fca-4ab8-aaa9-9efbe29700c6', 25) ON CONFLICT DO NOTHING;
INSERT INTO score_sheet_items (id, score_sheet_id, period_criterion_id, score_value) VALUES ('8c722542-57d4-4724-acce-ba7d1ad1471c', '191983bb-252f-4f8c-a117-9e4abdab7b53', 'dc46db4d-fa3a-4c22-a64a-b5c07a94ebe6', 8) ON CONFLICT DO NOTHING;
INSERT INTO score_sheets (id, period_id, project_id, juror_id, status, comment, started_at, last_activity_at) VALUES ('a54dcd92-57de-4364-a79f-bf1ecfb835f6', 'a0d6f60d-ece4-40f8-aca2-955b4abc5d88', '93fcb76b-9827-4720-a1a8-9d65fdbc3055', 'b43a5dc5-d587-4940-a4ab-7d8a7ed44387', 'submitted', NULL, (timestamp '2026-05-10 09:00:00' + interval '8 hours 52 minutes') - interval '30 mins', (timestamp '2026-05-10 09:00:00' + interval '8 hours 52 minutes')) ON CONFLICT DO NOTHING;
INSERT INTO score_sheet_items (id, score_sheet_id, period_criterion_id, score_value) VALUES ('206f632e-777a-4345-ad6d-86f0445fea36', 'a54dcd92-57de-4364-a79f-bf1ecfb835f6', '787e905a-a2da-431e-af63-00cea2ea7bb5', 27) ON CONFLICT DO NOTHING;
INSERT INTO score_sheet_items (id, score_sheet_id, period_criterion_id, score_value) VALUES ('27af5fd4-a86c-4d3a-a398-cf24e674b903', 'a54dcd92-57de-4364-a79f-bf1ecfb835f6', '25fdf203-ff5f-4c31-ab09-3ac8bd726e65', 28) ON CONFLICT DO NOTHING;
INSERT INTO score_sheet_items (id, score_sheet_id, period_criterion_id, score_value) VALUES ('2bef62e8-1383-4ee7-af71-ce8c0e896b18', 'a54dcd92-57de-4364-a79f-bf1ecfb835f6', 'ecc8c71e-2fca-4ab8-aaa9-9efbe29700c6', 27) ON CONFLICT DO NOTHING;
INSERT INTO score_sheet_items (id, score_sheet_id, period_criterion_id, score_value) VALUES ('d028a888-c481-4cf4-a075-9569ad77cce2', 'a54dcd92-57de-4364-a79f-bf1ecfb835f6', 'dc46db4d-fa3a-4c22-a64a-b5c07a94ebe6', 9) ON CONFLICT DO NOTHING;
INSERT INTO score_sheets (id, period_id, project_id, juror_id, status, comment, started_at, last_activity_at) VALUES ('21c00c80-ccba-4a56-adc3-c4d2c858ee7d', 'a0d6f60d-ece4-40f8-aca2-955b4abc5d88', '46123b99-4f0a-4d61-a870-6ef0f78e371f', 'b43a5dc5-d587-4940-a4ab-7d8a7ed44387', 'submitted', 'İyi düzeyde teknik çalışma ve dokümantasyon.', (timestamp '2026-05-10 09:00:00' + interval '13 hours 59 minutes') - interval '30 mins', (timestamp '2026-05-10 09:00:00' + interval '13 hours 59 minutes')) ON CONFLICT DO NOTHING;
INSERT INTO score_sheet_items (id, score_sheet_id, period_criterion_id, score_value) VALUES ('edafcaf2-45d7-43ab-a473-600f41e3171b', '21c00c80-ccba-4a56-adc3-c4d2c858ee7d', '787e905a-a2da-431e-af63-00cea2ea7bb5', 23) ON CONFLICT DO NOTHING;
INSERT INTO score_sheet_items (id, score_sheet_id, period_criterion_id, score_value) VALUES ('480fd432-9d47-4611-a588-de47c0a2a0ba', '21c00c80-ccba-4a56-adc3-c4d2c858ee7d', '25fdf203-ff5f-4c31-ab09-3ac8bd726e65', 23) ON CONFLICT DO NOTHING;
INSERT INTO score_sheet_items (id, score_sheet_id, period_criterion_id, score_value) VALUES ('4fc1b1fb-810f-440f-afa7-91330c71d2f9', '21c00c80-ccba-4a56-adc3-c4d2c858ee7d', 'ecc8c71e-2fca-4ab8-aaa9-9efbe29700c6', 24) ON CONFLICT DO NOTHING;
INSERT INTO score_sheet_items (id, score_sheet_id, period_criterion_id, score_value) VALUES ('b86cf08a-749b-4e4d-a2a6-cbaef3283806', '21c00c80-ccba-4a56-adc3-c4d2c858ee7d', 'dc46db4d-fa3a-4c22-a64a-b5c07a94ebe6', 8) ON CONFLICT DO NOTHING;
INSERT INTO score_sheets (id, period_id, project_id, juror_id, status, comment, started_at, last_activity_at) VALUES ('f0aa4c66-da7e-47cd-a160-0f5acfefe798', 'a0d6f60d-ece4-40f8-aca2-955b4abc5d88', '733f9e70-8f7b-47dc-ad72-a604c760696f', 'b43a5dc5-d587-4940-a4ab-7d8a7ed44387', 'submitted', 'Bazı parlak anlar var ama tutarsız performans.', (timestamp '2026-05-10 09:00:00' + interval '9 hours 17 minutes') - interval '30 mins', (timestamp '2026-05-10 09:00:00' + interval '9 hours 17 minutes')) ON CONFLICT DO NOTHING;
INSERT INTO score_sheet_items (id, score_sheet_id, period_criterion_id, score_value) VALUES ('1d536794-349d-494f-a906-5fc37c8ce898', 'f0aa4c66-da7e-47cd-a160-0f5acfefe798', '787e905a-a2da-431e-af63-00cea2ea7bb5', 23) ON CONFLICT DO NOTHING;
INSERT INTO score_sheet_items (id, score_sheet_id, period_criterion_id, score_value) VALUES ('4df996fe-f781-44e4-aba5-cc6cbb7cd9c4', 'f0aa4c66-da7e-47cd-a160-0f5acfefe798', '25fdf203-ff5f-4c31-ab09-3ac8bd726e65', 16) ON CONFLICT DO NOTHING;
INSERT INTO score_sheet_items (id, score_sheet_id, period_criterion_id, score_value) VALUES ('1811c061-8c13-480b-a0a3-f60176812d7a', 'f0aa4c66-da7e-47cd-a160-0f5acfefe798', 'ecc8c71e-2fca-4ab8-aaa9-9efbe29700c6', 30) ON CONFLICT DO NOTHING;
INSERT INTO score_sheet_items (id, score_sheet_id, period_criterion_id, score_value) VALUES ('45f77712-0655-41aa-a5fa-d31fcb2546ef', 'f0aa4c66-da7e-47cd-a160-0f5acfefe798', 'dc46db4d-fa3a-4c22-a64a-b5c07a94ebe6', 7) ON CONFLICT DO NOTHING;
INSERT INTO score_sheets (id, period_id, project_id, juror_id, status, comment, started_at, last_activity_at) VALUES ('c0780a7b-a1d6-4447-af81-1d7c2ab84571', 'a0d6f60d-ece4-40f8-aca2-955b4abc5d88', '339948a9-b977-4c51-a1bd-c3dab5e32936', 'b43a5dc5-d587-4940-a4ab-7d8a7ed44387', 'submitted', NULL, (timestamp '2026-05-10 09:00:00' + interval '9 hours 23 minutes') - interval '30 mins', (timestamp '2026-05-10 09:00:00' + interval '9 hours 23 minutes')) ON CONFLICT DO NOTHING;
INSERT INTO score_sheet_items (id, score_sheet_id, period_criterion_id, score_value) VALUES ('a4a73d42-1158-4e67-a753-f25572d5217d', 'c0780a7b-a1d6-4447-af81-1d7c2ab84571', '787e905a-a2da-431e-af63-00cea2ea7bb5', 27) ON CONFLICT DO NOTHING;
INSERT INTO score_sheet_items (id, score_sheet_id, period_criterion_id, score_value) VALUES ('13823ed9-d2dd-43dd-a065-50b5dda77c7e', 'c0780a7b-a1d6-4447-af81-1d7c2ab84571', '25fdf203-ff5f-4c31-ab09-3ac8bd726e65', 19) ON CONFLICT DO NOTHING;
INSERT INTO score_sheet_items (id, score_sheet_id, period_criterion_id, score_value) VALUES ('db08aff6-7c85-47d1-a750-fe678f882132', 'c0780a7b-a1d6-4447-af81-1d7c2ab84571', 'ecc8c71e-2fca-4ab8-aaa9-9efbe29700c6', 19) ON CONFLICT DO NOTHING;
INSERT INTO score_sheet_items (id, score_sheet_id, period_criterion_id, score_value) VALUES ('6adc8788-b41b-4a27-a80e-68c5b77ca24c', 'c0780a7b-a1d6-4447-af81-1d7c2ab84571', 'dc46db4d-fa3a-4c22-a64a-b5c07a94ebe6', 9) ON CONFLICT DO NOTHING;
INSERT INTO score_sheets (id, period_id, project_id, juror_id, status, comment, started_at, last_activity_at) VALUES ('93a3929a-6a7a-4c2b-a074-f78423365cfa', 'a0d6f60d-ece4-40f8-aca2-955b4abc5d88', '2c01817f-5c28-4899-ab4b-fb741b5f8f9b', 'b43a5dc5-d587-4940-a4ab-7d8a7ed44387', 'submitted', NULL, (timestamp '2026-05-10 09:00:00' + interval '17 hours 9 minutes') - interval '30 mins', (timestamp '2026-05-10 09:00:00' + interval '17 hours 9 minutes')) ON CONFLICT DO NOTHING;
INSERT INTO score_sheet_items (id, score_sheet_id, period_criterion_id, score_value) VALUES ('8c3d40bc-213e-48a6-ac6a-0fd8334edb3a', '93a3929a-6a7a-4c2b-a074-f78423365cfa', '787e905a-a2da-431e-af63-00cea2ea7bb5', 25) ON CONFLICT DO NOTHING;
INSERT INTO score_sheet_items (id, score_sheet_id, period_criterion_id, score_value) VALUES ('d96d3bb3-2091-4fbe-a2a5-898de3a2f72f', '93a3929a-6a7a-4c2b-a074-f78423365cfa', '25fdf203-ff5f-4c31-ab09-3ac8bd726e65', 26) ON CONFLICT DO NOTHING;
INSERT INTO score_sheet_items (id, score_sheet_id, period_criterion_id, score_value) VALUES ('e33890b3-27e7-44c4-a2f9-b84d62dcdf7e', '93a3929a-6a7a-4c2b-a074-f78423365cfa', 'ecc8c71e-2fca-4ab8-aaa9-9efbe29700c6', 25) ON CONFLICT DO NOTHING;
INSERT INTO score_sheet_items (id, score_sheet_id, period_criterion_id, score_value) VALUES ('b005d273-31c2-4f79-a7f0-52e78b692ae2', '93a3929a-6a7a-4c2b-a074-f78423365cfa', 'dc46db4d-fa3a-4c22-a64a-b5c07a94ebe6', 8) ON CONFLICT DO NOTHING;
INSERT INTO score_sheets (id, period_id, project_id, juror_id, status, comment, started_at, last_activity_at) VALUES ('839a09cc-0f7c-441e-adc1-5efa649dabda', 'a0d6f60d-ece4-40f8-aca2-955b4abc5d88', '93fcb76b-9827-4720-a1a8-9d65fdbc3055', '72184d7d-905d-4a13-a136-8ff90c2cc349', 'submitted', 'Tüm kriterlerde olağanüstü bir çalışma.', (timestamp '2026-05-10 09:00:00' + interval '17 hours 30 minutes') - interval '30 mins', (timestamp '2026-05-10 09:00:00' + interval '17 hours 30 minutes')) ON CONFLICT DO NOTHING;
INSERT INTO score_sheet_items (id, score_sheet_id, period_criterion_id, score_value) VALUES ('76f6841c-9abb-405f-a149-f5cef6f73d73', '839a09cc-0f7c-441e-adc1-5efa649dabda', '787e905a-a2da-431e-af63-00cea2ea7bb5', 28) ON CONFLICT DO NOTHING;
INSERT INTO score_sheet_items (id, score_sheet_id, period_criterion_id, score_value) VALUES ('5b5b45df-90d3-43e6-a793-5b07d6921d22', '839a09cc-0f7c-441e-adc1-5efa649dabda', '25fdf203-ff5f-4c31-ab09-3ac8bd726e65', 28) ON CONFLICT DO NOTHING;
INSERT INTO score_sheet_items (id, score_sheet_id, period_criterion_id, score_value) VALUES ('912f7eba-7f1f-443e-aabe-8d4f1fe3b2ed', '839a09cc-0f7c-441e-adc1-5efa649dabda', 'ecc8c71e-2fca-4ab8-aaa9-9efbe29700c6', 27) ON CONFLICT DO NOTHING;
INSERT INTO score_sheet_items (id, score_sheet_id, period_criterion_id, score_value) VALUES ('ff48d00c-24b8-4754-a620-f4175b319bf4', '839a09cc-0f7c-441e-adc1-5efa649dabda', 'dc46db4d-fa3a-4c22-a64a-b5c07a94ebe6', 9) ON CONFLICT DO NOTHING;
INSERT INTO score_sheets (id, period_id, project_id, juror_id, status, comment, started_at, last_activity_at) VALUES ('f34bcad2-0335-44c5-a579-27ef38468115', 'a0d6f60d-ece4-40f8-aca2-955b4abc5d88', '46123b99-4f0a-4d61-a870-6ef0f78e371f', '72184d7d-905d-4a13-a136-8ff90c2cc349', 'submitted', 'Tutarlı ve güçlü bir mühendislik çalışması.', (timestamp '2026-05-10 09:00:00' + interval '17 hours 58 minutes') - interval '30 mins', (timestamp '2026-05-10 09:00:00' + interval '17 hours 58 minutes')) ON CONFLICT DO NOTHING;
INSERT INTO score_sheet_items (id, score_sheet_id, period_criterion_id, score_value) VALUES ('445f9b30-b4b2-4860-a5a4-4f298c5efe43', 'f34bcad2-0335-44c5-a579-27ef38468115', '787e905a-a2da-431e-af63-00cea2ea7bb5', 24) ON CONFLICT DO NOTHING;
INSERT INTO score_sheet_items (id, score_sheet_id, period_criterion_id, score_value) VALUES ('d781a751-945c-4c8b-a577-376bdad8dda3', 'f34bcad2-0335-44c5-a579-27ef38468115', '25fdf203-ff5f-4c31-ab09-3ac8bd726e65', 22) ON CONFLICT DO NOTHING;
INSERT INTO score_sheet_items (id, score_sheet_id, period_criterion_id, score_value) VALUES ('d322cba3-6bfb-43a0-a806-dde9a0d35b84', 'f34bcad2-0335-44c5-a579-27ef38468115', 'ecc8c71e-2fca-4ab8-aaa9-9efbe29700c6', 24) ON CONFLICT DO NOTHING;
INSERT INTO score_sheet_items (id, score_sheet_id, period_criterion_id, score_value) VALUES ('d6ead70a-a0e6-4e32-a62f-2eea0c50f4d4', 'f34bcad2-0335-44c5-a579-27ef38468115', 'dc46db4d-fa3a-4c22-a64a-b5c07a94ebe6', 7) ON CONFLICT DO NOTHING;
INSERT INTO score_sheets (id, period_id, project_id, juror_id, status, comment, started_at, last_activity_at) VALUES ('05b49900-d336-4828-a954-b80d729080f9', 'a0d6f60d-ece4-40f8-aca2-955b4abc5d88', '733f9e70-8f7b-47dc-ad72-a604c760696f', '72184d7d-905d-4a13-a136-8ff90c2cc349', 'submitted', 'İddialı kapsam, karışık sonuçlar.', (timestamp '2026-05-10 09:00:00' + interval '12 hours 41 minutes') - interval '30 mins', (timestamp '2026-05-10 09:00:00' + interval '12 hours 41 minutes')) ON CONFLICT DO NOTHING;
INSERT INTO score_sheet_items (id, score_sheet_id, period_criterion_id, score_value) VALUES ('7eab4ea3-99ec-46b0-a0eb-f7378d410472', '05b49900-d336-4828-a954-b80d729080f9', '787e905a-a2da-431e-af63-00cea2ea7bb5', 23) ON CONFLICT DO NOTHING;
INSERT INTO score_sheet_items (id, score_sheet_id, period_criterion_id, score_value) VALUES ('05f9df26-a171-4ead-ae3d-c98ecad15d7d', '05b49900-d336-4828-a954-b80d729080f9', '25fdf203-ff5f-4c31-ab09-3ac8bd726e65', 15) ON CONFLICT DO NOTHING;
INSERT INTO score_sheet_items (id, score_sheet_id, period_criterion_id, score_value) VALUES ('3b9f33f1-8417-431e-acbf-a0bf3bb08d1e', '05b49900-d336-4828-a954-b80d729080f9', 'ecc8c71e-2fca-4ab8-aaa9-9efbe29700c6', 20) ON CONFLICT DO NOTHING;
INSERT INTO score_sheet_items (id, score_sheet_id, period_criterion_id, score_value) VALUES ('422e3923-48f0-477f-a18e-cb72c284bb60', '05b49900-d336-4828-a954-b80d729080f9', 'dc46db4d-fa3a-4c22-a64a-b5c07a94ebe6', 5) ON CONFLICT DO NOTHING;
INSERT INTO score_sheets (id, period_id, project_id, juror_id, status, comment, started_at, last_activity_at) VALUES ('9f3db55d-7452-4506-a3f4-6d7106945cb5', 'a0d6f60d-ece4-40f8-aca2-955b4abc5d88', '339948a9-b977-4c51-a1bd-c3dab5e32936', '72184d7d-905d-4a13-a136-8ff90c2cc349', 'submitted', 'Teknik olarak çok güçlü ama sunumu zayıf.', (timestamp '2026-05-10 09:00:00' + interval '10 hours 10 minutes') - interval '30 mins', (timestamp '2026-05-10 09:00:00' + interval '10 hours 10 minutes')) ON CONFLICT DO NOTHING;
INSERT INTO score_sheet_items (id, score_sheet_id, period_criterion_id, score_value) VALUES ('c327bcf5-d3de-486d-a59c-b7c3e08eb5c4', '9f3db55d-7452-4506-a3f4-6d7106945cb5', '787e905a-a2da-431e-af63-00cea2ea7bb5', 27) ON CONFLICT DO NOTHING;
INSERT INTO score_sheet_items (id, score_sheet_id, period_criterion_id, score_value) VALUES ('3a12cf66-79d8-42a5-ab80-ee252f9ac8b8', '9f3db55d-7452-4506-a3f4-6d7106945cb5', '25fdf203-ff5f-4c31-ab09-3ac8bd726e65', 19) ON CONFLICT DO NOTHING;
INSERT INTO score_sheet_items (id, score_sheet_id, period_criterion_id, score_value) VALUES ('a9b7db89-829f-40c0-afec-ceef58de13fd', '9f3db55d-7452-4506-a3f4-6d7106945cb5', 'ecc8c71e-2fca-4ab8-aaa9-9efbe29700c6', 19) ON CONFLICT DO NOTHING;
INSERT INTO score_sheet_items (id, score_sheet_id, period_criterion_id, score_value) VALUES ('78904850-31e4-46c8-a6e9-4ca24d12f3ff', '9f3db55d-7452-4506-a3f4-6d7106945cb5', 'dc46db4d-fa3a-4c22-a64a-b5c07a94ebe6', 9) ON CONFLICT DO NOTHING;
INSERT INTO score_sheets (id, period_id, project_id, juror_id, status, comment, started_at, last_activity_at) VALUES ('6dc3faf9-6bb8-4bc7-a2c2-9df43813655a', 'a0d6f60d-ece4-40f8-aca2-955b4abc5d88', '2c01817f-5c28-4899-ab4b-fb741b5f8f9b', '72184d7d-905d-4a13-a136-8ff90c2cc349', 'submitted', 'Dengeli ve tutarlı bir proje. Zayıf nokta yok.', (timestamp '2026-05-10 09:00:00' + interval '6 hours 52 minutes') - interval '30 mins', (timestamp '2026-05-10 09:00:00' + interval '6 hours 52 minutes')) ON CONFLICT DO NOTHING;
INSERT INTO score_sheet_items (id, score_sheet_id, period_criterion_id, score_value) VALUES ('8c0406cf-8c24-41ea-ad1b-a348ef9bb2d8', '6dc3faf9-6bb8-4bc7-a2c2-9df43813655a', '787e905a-a2da-431e-af63-00cea2ea7bb5', 26) ON CONFLICT DO NOTHING;
INSERT INTO score_sheet_items (id, score_sheet_id, period_criterion_id, score_value) VALUES ('e7236ab9-a617-45c7-a713-c5ba9af10bdf', '6dc3faf9-6bb8-4bc7-a2c2-9df43813655a', '25fdf203-ff5f-4c31-ab09-3ac8bd726e65', 26) ON CONFLICT DO NOTHING;
INSERT INTO score_sheet_items (id, score_sheet_id, period_criterion_id, score_value) VALUES ('60ad8144-c08f-4b2c-a9f8-a182b475e86a', '6dc3faf9-6bb8-4bc7-a2c2-9df43813655a', 'ecc8c71e-2fca-4ab8-aaa9-9efbe29700c6', 24) ON CONFLICT DO NOTHING;
INSERT INTO score_sheet_items (id, score_sheet_id, period_criterion_id, score_value) VALUES ('15a4d3d1-6443-4839-a593-9d7212ec227e', '6dc3faf9-6bb8-4bc7-a2c2-9df43813655a', 'dc46db4d-fa3a-4c22-a64a-b5c07a94ebe6', 8) ON CONFLICT DO NOTHING;
INSERT INTO score_sheets (id, period_id, project_id, juror_id, status, comment, started_at, last_activity_at) VALUES ('f1b14407-cdad-4f63-adaf-387dd6d1a287', 'a0d6f60d-ece4-40f8-aca2-955b4abc5d88', '93fcb76b-9827-4720-a1a8-9d65fdbc3055', 'd061174f-dbec-4d68-a56d-ce41cdc205a6', 'submitted', 'Teknik derinlik ve profesyonel sunum açısından çok başarılı.', (timestamp '2026-05-10 09:00:00' + interval '5 hours 32 minutes') - interval '30 mins', (timestamp '2026-05-10 09:00:00' + interval '5 hours 32 minutes')) ON CONFLICT DO NOTHING;
INSERT INTO score_sheet_items (id, score_sheet_id, period_criterion_id, score_value) VALUES ('59b28c66-fd43-461e-a58e-b836d93be410', 'f1b14407-cdad-4f63-adaf-387dd6d1a287', '787e905a-a2da-431e-af63-00cea2ea7bb5', 28) ON CONFLICT DO NOTHING;
INSERT INTO score_sheet_items (id, score_sheet_id, period_criterion_id, score_value) VALUES ('d03c0afe-1ee6-43c4-acdc-57deb201bf06', 'f1b14407-cdad-4f63-adaf-387dd6d1a287', '25fdf203-ff5f-4c31-ab09-3ac8bd726e65', 30) ON CONFLICT DO NOTHING;
INSERT INTO score_sheet_items (id, score_sheet_id, period_criterion_id, score_value) VALUES ('b5b900dc-dc9a-4827-a848-a8b82e153a92', 'f1b14407-cdad-4f63-adaf-387dd6d1a287', 'ecc8c71e-2fca-4ab8-aaa9-9efbe29700c6', 29) ON CONFLICT DO NOTHING;
INSERT INTO score_sheet_items (id, score_sheet_id, period_criterion_id, score_value) VALUES ('637539f5-5be2-4215-a5a3-96689b5a4783', 'f1b14407-cdad-4f63-adaf-387dd6d1a287', 'dc46db4d-fa3a-4c22-a64a-b5c07a94ebe6', 9) ON CONFLICT DO NOTHING;
INSERT INTO score_sheets (id, period_id, project_id, juror_id, status, comment, started_at, last_activity_at) VALUES ('1b13d970-3a6e-4fb8-a319-ba4b4e8642fb', 'a0d6f60d-ece4-40f8-aca2-955b4abc5d88', '46123b99-4f0a-4d61-a870-6ef0f78e371f', 'd061174f-dbec-4d68-a56d-ce41cdc205a6', 'submitted', 'Tutarlı ve güçlü bir mühendislik çalışması.', (timestamp '2026-05-10 09:00:00' + interval '20 hours 28 minutes') - interval '30 mins', (timestamp '2026-05-10 09:00:00' + interval '20 hours 28 minutes')) ON CONFLICT DO NOTHING;
INSERT INTO score_sheet_items (id, score_sheet_id, period_criterion_id, score_value) VALUES ('711ccdaf-7e15-4d9e-a494-87ea689753e6', '1b13d970-3a6e-4fb8-a319-ba4b4e8642fb', '787e905a-a2da-431e-af63-00cea2ea7bb5', 25) ON CONFLICT DO NOTHING;
INSERT INTO score_sheet_items (id, score_sheet_id, period_criterion_id, score_value) VALUES ('de035786-14a3-4fb6-a8fa-016699da5d05', '1b13d970-3a6e-4fb8-a319-ba4b4e8642fb', '25fdf203-ff5f-4c31-ab09-3ac8bd726e65', 24) ON CONFLICT DO NOTHING;
INSERT INTO score_sheet_items (id, score_sheet_id, period_criterion_id, score_value) VALUES ('66a8daf0-c04a-4b9e-abcc-78603df21d21', '1b13d970-3a6e-4fb8-a319-ba4b4e8642fb', 'ecc8c71e-2fca-4ab8-aaa9-9efbe29700c6', 24) ON CONFLICT DO NOTHING;
INSERT INTO score_sheet_items (id, score_sheet_id, period_criterion_id, score_value) VALUES ('40c5f76e-5999-490c-af48-b6e32e5e24a5', '1b13d970-3a6e-4fb8-a319-ba4b4e8642fb', 'dc46db4d-fa3a-4c22-a64a-b5c07a94ebe6', 8) ON CONFLICT DO NOTHING;
INSERT INTO score_sheets (id, period_id, project_id, juror_id, status, comment, started_at, last_activity_at) VALUES ('248b5502-1f53-47f4-a3f9-a22b25b9bded', 'a0d6f60d-ece4-40f8-aca2-955b4abc5d88', '733f9e70-8f7b-47dc-ad72-a604c760696f', 'd061174f-dbec-4d68-a56d-ce41cdc205a6', 'submitted', 'Bazı parlak anlar var ama tutarsız performans.', (timestamp '2026-05-10 09:00:00' + interval '15 hours 7 minutes') - interval '30 mins', (timestamp '2026-05-10 09:00:00' + interval '15 hours 7 minutes')) ON CONFLICT DO NOTHING;
INSERT INTO score_sheet_items (id, score_sheet_id, period_criterion_id, score_value) VALUES ('cb1bf7db-a8d1-40b4-aeab-de12fa5ba71d', '248b5502-1f53-47f4-a3f9-a22b25b9bded', '787e905a-a2da-431e-af63-00cea2ea7bb5', 20) ON CONFLICT DO NOTHING;
INSERT INTO score_sheet_items (id, score_sheet_id, period_criterion_id, score_value) VALUES ('67db83ae-7a76-4a85-a90a-9b4b25ab11f5', '248b5502-1f53-47f4-a3f9-a22b25b9bded', '25fdf203-ff5f-4c31-ab09-3ac8bd726e65', 27) ON CONFLICT DO NOTHING;
INSERT INTO score_sheet_items (id, score_sheet_id, period_criterion_id, score_value) VALUES ('b35262c1-792f-4a05-a562-8c706ea4b559', '248b5502-1f53-47f4-a3f9-a22b25b9bded', 'ecc8c71e-2fca-4ab8-aaa9-9efbe29700c6', 22) ON CONFLICT DO NOTHING;
INSERT INTO score_sheet_items (id, score_sheet_id, period_criterion_id, score_value) VALUES ('e48b3dd1-ea17-4791-a2c2-dce900b1da31', '248b5502-1f53-47f4-a3f9-a22b25b9bded', 'dc46db4d-fa3a-4c22-a64a-b5c07a94ebe6', 6) ON CONFLICT DO NOTHING;
INSERT INTO score_sheets (id, period_id, project_id, juror_id, status, comment, started_at, last_activity_at) VALUES ('d22e69c9-cb05-494c-ad03-c185d5066c69', 'a0d6f60d-ece4-40f8-aca2-955b4abc5d88', '339948a9-b977-4c51-a1bd-c3dab5e32936', 'd061174f-dbec-4d68-a56d-ce41cdc205a6', 'submitted', 'Teknik olarak çok güçlü ama sunumu zayıf.', (timestamp '2026-05-10 09:00:00' + interval '15 hours 45 minutes') - interval '30 mins', (timestamp '2026-05-10 09:00:00' + interval '15 hours 45 minutes')) ON CONFLICT DO NOTHING;
INSERT INTO score_sheet_items (id, score_sheet_id, period_criterion_id, score_value) VALUES ('c91d443c-83e3-499c-a812-27f033565482', 'd22e69c9-cb05-494c-ad03-c185d5066c69', '787e905a-a2da-431e-af63-00cea2ea7bb5', 28) ON CONFLICT DO NOTHING;
INSERT INTO score_sheet_items (id, score_sheet_id, period_criterion_id, score_value) VALUES ('555bb1c9-b63a-4d1e-ad81-c4d5b8c3646a', 'd22e69c9-cb05-494c-ad03-c185d5066c69', '25fdf203-ff5f-4c31-ab09-3ac8bd726e65', 20) ON CONFLICT DO NOTHING;
INSERT INTO score_sheet_items (id, score_sheet_id, period_criterion_id, score_value) VALUES ('165ca1ae-9cfa-4716-a2e4-09c374b7cd52', 'd22e69c9-cb05-494c-ad03-c185d5066c69', 'ecc8c71e-2fca-4ab8-aaa9-9efbe29700c6', 20) ON CONFLICT DO NOTHING;
INSERT INTO score_sheet_items (id, score_sheet_id, period_criterion_id, score_value) VALUES ('4d43153b-4cd3-44c4-aad9-e75be0b342bd', 'd22e69c9-cb05-494c-ad03-c185d5066c69', 'dc46db4d-fa3a-4c22-a64a-b5c07a94ebe6', 9) ON CONFLICT DO NOTHING;
INSERT INTO score_sheets (id, period_id, project_id, juror_id, status, comment, started_at, last_activity_at) VALUES ('d5c0da7f-3f7b-4911-a27d-7c0386f36dd4', 'a0d6f60d-ece4-40f8-aca2-955b4abc5d88', '2c01817f-5c28-4899-ab4b-fb741b5f8f9b', 'd061174f-dbec-4d68-a56d-ce41cdc205a6', 'submitted', 'Dengeli ve tutarlı bir proje. Zayıf nokta yok.', (timestamp '2026-05-10 09:00:00' + interval '8 hours 23 minutes') - interval '30 mins', (timestamp '2026-05-10 09:00:00' + interval '8 hours 23 minutes')) ON CONFLICT DO NOTHING;
INSERT INTO score_sheet_items (id, score_sheet_id, period_criterion_id, score_value) VALUES ('ee720fe2-05c5-461b-a7fb-f84a51273175', 'd5c0da7f-3f7b-4911-a27d-7c0386f36dd4', '787e905a-a2da-431e-af63-00cea2ea7bb5', 24) ON CONFLICT DO NOTHING;
INSERT INTO score_sheet_items (id, score_sheet_id, period_criterion_id, score_value) VALUES ('0391f847-7d70-4cd7-a386-bac6e7d904a7', 'd5c0da7f-3f7b-4911-a27d-7c0386f36dd4', '25fdf203-ff5f-4c31-ab09-3ac8bd726e65', 25) ON CONFLICT DO NOTHING;
INSERT INTO score_sheet_items (id, score_sheet_id, period_criterion_id, score_value) VALUES ('907da1bd-8632-4897-ad1d-28b0a81d9c35', 'd5c0da7f-3f7b-4911-a27d-7c0386f36dd4', 'ecc8c71e-2fca-4ab8-aaa9-9efbe29700c6', 27) ON CONFLICT DO NOTHING;
INSERT INTO score_sheet_items (id, score_sheet_id, period_criterion_id, score_value) VALUES ('53c54630-38a9-4898-aa47-17e49e36a8fb', 'd5c0da7f-3f7b-4911-a27d-7c0386f36dd4', 'dc46db4d-fa3a-4c22-a64a-b5c07a94ebe6', 7) ON CONFLICT DO NOTHING;
INSERT INTO score_sheets (id, period_id, project_id, juror_id, status, comment, started_at, last_activity_at) VALUES ('7a753f31-a6d4-4f55-afdc-6f6ed3efa994', '952dd05e-8ff2-44a7-a13b-9a22958f57fb', '00f25636-269c-4d25-abd5-3cdbc12a31f8', 'aaa0da50-6432-47e0-ab48-b01ca823ef19', 'submitted', NULL, (timestamp '2025-12-06 09:00:00' + interval '17 hours 46 minutes') - interval '30 mins', (timestamp '2025-12-06 09:00:00' + interval '17 hours 46 minutes')) ON CONFLICT DO NOTHING;
INSERT INTO score_sheet_items (id, score_sheet_id, period_criterion_id, score_value) VALUES ('88b921b2-46ae-4c3b-ada8-b1262c23befc', '7a753f31-a6d4-4f55-afdc-6f6ed3efa994', 'a436fb51-aa71-4afc-a9bf-2232d151fbaa', 30) ON CONFLICT DO NOTHING;
INSERT INTO score_sheet_items (id, score_sheet_id, period_criterion_id, score_value) VALUES ('8089a092-1d18-4cd9-a1ed-7ab3f37c4743', '7a753f31-a6d4-4f55-afdc-6f6ed3efa994', '8cebf54b-97b4-493c-a837-4707d4828eae', 27) ON CONFLICT DO NOTHING;
INSERT INTO score_sheet_items (id, score_sheet_id, period_criterion_id, score_value) VALUES ('8986cfd4-ccec-491c-aae0-fbd3c0edc618', '7a753f31-a6d4-4f55-afdc-6f6ed3efa994', 'bb41dca1-a7d3-4fa8-a819-cd1d0c92bdf2', 30) ON CONFLICT DO NOTHING;
INSERT INTO score_sheet_items (id, score_sheet_id, period_criterion_id, score_value) VALUES ('7fa65909-b9f9-47a1-ae6a-40f3185c1788', '7a753f31-a6d4-4f55-afdc-6f6ed3efa994', 'ae079c87-3d0a-4aa9-ae5b-8966b4f38a57', 8) ON CONFLICT DO NOTHING;
INSERT INTO score_sheets (id, period_id, project_id, juror_id, status, comment, started_at, last_activity_at) VALUES ('440f9d88-6b20-46bd-a431-5504b3baf172', '952dd05e-8ff2-44a7-a13b-9a22958f57fb', '46c52db6-2cd0-404d-a2bf-23d390c741ad', 'aaa0da50-6432-47e0-ab48-b01ca823ef19', 'submitted', NULL, (timestamp '2025-12-06 09:00:00' + interval '6 hours 14 minutes') - interval '30 mins', (timestamp '2025-12-06 09:00:00' + interval '6 hours 14 minutes')) ON CONFLICT DO NOTHING;
INSERT INTO score_sheet_items (id, score_sheet_id, period_criterion_id, score_value) VALUES ('10247c00-ba25-483d-a4f3-d51cf013cd98', '440f9d88-6b20-46bd-a431-5504b3baf172', 'a436fb51-aa71-4afc-a9bf-2232d151fbaa', 23) ON CONFLICT DO NOTHING;
INSERT INTO score_sheet_items (id, score_sheet_id, period_criterion_id, score_value) VALUES ('35acab14-64bc-4948-affd-ec06b5b47e9d', '440f9d88-6b20-46bd-a431-5504b3baf172', '8cebf54b-97b4-493c-a837-4707d4828eae', 23) ON CONFLICT DO NOTHING;
INSERT INTO score_sheet_items (id, score_sheet_id, period_criterion_id, score_value) VALUES ('49c0f245-ac80-4e5e-ab79-6e2dd812c9c4', '440f9d88-6b20-46bd-a431-5504b3baf172', 'bb41dca1-a7d3-4fa8-a819-cd1d0c92bdf2', 22) ON CONFLICT DO NOTHING;
INSERT INTO score_sheet_items (id, score_sheet_id, period_criterion_id, score_value) VALUES ('94a7e31d-6ef1-4278-abfe-7f6886172b12', '440f9d88-6b20-46bd-a431-5504b3baf172', 'ae079c87-3d0a-4aa9-ae5b-8966b4f38a57', 7) ON CONFLICT DO NOTHING;
INSERT INTO score_sheets (id, period_id, project_id, juror_id, status, comment, started_at, last_activity_at) VALUES ('9ecc692c-d88d-46e7-a455-013ed153ba2b', '952dd05e-8ff2-44a7-a13b-9a22958f57fb', '12cbf2c4-0a16-4574-abb5-b601beec8176', 'aaa0da50-6432-47e0-ab48-b01ca823ef19', 'submitted', NULL, (timestamp '2025-12-06 09:00:00' + interval '15 hours 26 minutes') - interval '30 mins', (timestamp '2025-12-06 09:00:00' + interval '15 hours 26 minutes')) ON CONFLICT DO NOTHING;
INSERT INTO score_sheet_items (id, score_sheet_id, period_criterion_id, score_value) VALUES ('df167b7f-e82e-4f25-acba-253daabd8efa', '9ecc692c-d88d-46e7-a455-013ed153ba2b', 'a436fb51-aa71-4afc-a9bf-2232d151fbaa', 23) ON CONFLICT DO NOTHING;
INSERT INTO score_sheet_items (id, score_sheet_id, period_criterion_id, score_value) VALUES ('f13b98b4-9b74-442b-a9d4-e91e29bd0724', '9ecc692c-d88d-46e7-a455-013ed153ba2b', '8cebf54b-97b4-493c-a837-4707d4828eae', 26) ON CONFLICT DO NOTHING;
INSERT INTO score_sheet_items (id, score_sheet_id, period_criterion_id, score_value) VALUES ('85ff6f87-1f90-48cc-aec1-0fcdfe2cfe85', '9ecc692c-d88d-46e7-a455-013ed153ba2b', 'bb41dca1-a7d3-4fa8-a819-cd1d0c92bdf2', 24) ON CONFLICT DO NOTHING;
INSERT INTO score_sheet_items (id, score_sheet_id, period_criterion_id, score_value) VALUES ('313a58ea-d134-4980-aedf-b6b3f24381b8', '9ecc692c-d88d-46e7-a455-013ed153ba2b', 'ae079c87-3d0a-4aa9-ae5b-8966b4f38a57', 8) ON CONFLICT DO NOTHING;
INSERT INTO score_sheets (id, period_id, project_id, juror_id, status, comment, started_at, last_activity_at) VALUES ('c163eb32-daf8-4b33-a22f-d00da75cacfe', '952dd05e-8ff2-44a7-a13b-9a22958f57fb', '0af988df-e6d9-4ac1-a6ec-56343146a552', 'aaa0da50-6432-47e0-ab48-b01ca823ef19', 'submitted', 'Dengeli ve tutarlı bir proje. Zayıf nokta yok.', (timestamp '2025-12-06 09:00:00' + interval '17 hours 54 minutes') - interval '30 mins', (timestamp '2025-12-06 09:00:00' + interval '17 hours 54 minutes')) ON CONFLICT DO NOTHING;
INSERT INTO score_sheet_items (id, score_sheet_id, period_criterion_id, score_value) VALUES ('444f0d4c-7a77-46a8-a15b-6949ef0f8579', 'c163eb32-daf8-4b33-a22f-d00da75cacfe', 'a436fb51-aa71-4afc-a9bf-2232d151fbaa', 24) ON CONFLICT DO NOTHING;
INSERT INTO score_sheet_items (id, score_sheet_id, period_criterion_id, score_value) VALUES ('c3d4ff99-40ee-470a-ab03-82683ff5e9cb', 'c163eb32-daf8-4b33-a22f-d00da75cacfe', '8cebf54b-97b4-493c-a837-4707d4828eae', 26) ON CONFLICT DO NOTHING;
INSERT INTO score_sheet_items (id, score_sheet_id, period_criterion_id, score_value) VALUES ('b8fc4085-220d-489c-a536-5c5e83fe1a66', 'c163eb32-daf8-4b33-a22f-d00da75cacfe', 'bb41dca1-a7d3-4fa8-a819-cd1d0c92bdf2', 24) ON CONFLICT DO NOTHING;
INSERT INTO score_sheet_items (id, score_sheet_id, period_criterion_id, score_value) VALUES ('75c5bdd7-5d3a-4174-acc6-17197f0d0b45', 'c163eb32-daf8-4b33-a22f-d00da75cacfe', 'ae079c87-3d0a-4aa9-ae5b-8966b4f38a57', 7) ON CONFLICT DO NOTHING;
INSERT INTO score_sheets (id, period_id, project_id, juror_id, status, comment, started_at, last_activity_at) VALUES ('7bde82b3-8ee3-47c4-a404-d6d04c5df9d7', '952dd05e-8ff2-44a7-a13b-9a22958f57fb', '9dbf8fbe-1580-489c-a551-1eda5fb69025', 'aaa0da50-6432-47e0-ab48-b01ca823ef19', 'submitted', NULL, (timestamp '2025-12-06 09:00:00' + interval '12 hours 1 minutes') - interval '30 mins', (timestamp '2025-12-06 09:00:00' + interval '12 hours 1 minutes')) ON CONFLICT DO NOTHING;
INSERT INTO score_sheet_items (id, score_sheet_id, period_criterion_id, score_value) VALUES ('062367d1-5ed8-4aa6-a465-583222380ab0', '7bde82b3-8ee3-47c4-a404-d6d04c5df9d7', 'a436fb51-aa71-4afc-a9bf-2232d151fbaa', 27) ON CONFLICT DO NOTHING;
INSERT INTO score_sheet_items (id, score_sheet_id, period_criterion_id, score_value) VALUES ('969fed81-afc6-4dc0-a3a7-df37f86f03e2', '7bde82b3-8ee3-47c4-a404-d6d04c5df9d7', '8cebf54b-97b4-493c-a837-4707d4828eae', 23) ON CONFLICT DO NOTHING;
INSERT INTO score_sheet_items (id, score_sheet_id, period_criterion_id, score_value) VALUES ('19cbadb0-ca99-4b5e-afa0-7173bd355f22', '7bde82b3-8ee3-47c4-a404-d6d04c5df9d7', 'bb41dca1-a7d3-4fa8-a819-cd1d0c92bdf2', 21) ON CONFLICT DO NOTHING;
INSERT INTO score_sheet_items (id, score_sheet_id, period_criterion_id, score_value) VALUES ('5e289f1e-6fb6-495e-aec5-7aae4a6b5864', '7bde82b3-8ee3-47c4-a404-d6d04c5df9d7', 'ae079c87-3d0a-4aa9-ae5b-8966b4f38a57', 9) ON CONFLICT DO NOTHING;
INSERT INTO score_sheets (id, period_id, project_id, juror_id, status, comment, started_at, last_activity_at) VALUES ('cb0a7291-cdf4-4a2a-ae5f-a808c6ca96a7', '952dd05e-8ff2-44a7-a13b-9a22958f57fb', '7668ebe3-a6f0-40ef-ad92-05cd2694db44', 'aaa0da50-6432-47e0-ab48-b01ca823ef19', 'in_progress', NULL, (timestamp '2025-12-06 09:00:00' + interval '19 hours 26 minutes') - interval '30 mins', (timestamp '2025-12-06 09:00:00' + interval '19 hours 26 minutes')) ON CONFLICT DO NOTHING;
INSERT INTO score_sheet_items (id, score_sheet_id, period_criterion_id, score_value) VALUES ('f5c380aa-c1eb-40fe-afbc-dfbd3bb2ff46', 'cb0a7291-cdf4-4a2a-ae5f-a808c6ca96a7', 'a436fb51-aa71-4afc-a9bf-2232d151fbaa', 28) ON CONFLICT DO NOTHING;
INSERT INTO score_sheet_items (id, score_sheet_id, period_criterion_id, score_value) VALUES ('f33a5895-c3e6-4517-a973-c226d4c16a18', 'cb0a7291-cdf4-4a2a-ae5f-a808c6ca96a7', '8cebf54b-97b4-493c-a837-4707d4828eae', 19) ON CONFLICT DO NOTHING;
INSERT INTO score_sheets (id, period_id, project_id, juror_id, status, comment, started_at, last_activity_at) VALUES ('f7897313-ebd4-43c7-afad-526e0cf2201e', '952dd05e-8ff2-44a7-a13b-9a22958f57fb', '00f25636-269c-4d25-abd5-3cdbc12a31f8', '9a21397b-552a-4b00-a5c4-15a0982436b1', 'submitted', 'Teknik derinlik ve profesyonel sunum açısından çok başarılı.', (timestamp '2025-12-06 09:00:00' + interval '12 hours 35 minutes') - interval '30 mins', (timestamp '2025-12-06 09:00:00' + interval '12 hours 35 minutes')) ON CONFLICT DO NOTHING;
INSERT INTO score_sheet_items (id, score_sheet_id, period_criterion_id, score_value) VALUES ('1799b09d-5350-4c64-a48e-4c7e9c2660b4', 'f7897313-ebd4-43c7-afad-526e0cf2201e', 'a436fb51-aa71-4afc-a9bf-2232d151fbaa', 28) ON CONFLICT DO NOTHING;
INSERT INTO score_sheet_items (id, score_sheet_id, period_criterion_id, score_value) VALUES ('95ff10fb-e568-4c2a-adce-d6964d39d21d', 'f7897313-ebd4-43c7-afad-526e0cf2201e', '8cebf54b-97b4-493c-a837-4707d4828eae', 26) ON CONFLICT DO NOTHING;
INSERT INTO score_sheet_items (id, score_sheet_id, period_criterion_id, score_value) VALUES ('95a68b4a-711c-4294-a489-6ecc60583b1f', 'f7897313-ebd4-43c7-afad-526e0cf2201e', 'bb41dca1-a7d3-4fa8-a819-cd1d0c92bdf2', 26) ON CONFLICT DO NOTHING;
INSERT INTO score_sheet_items (id, score_sheet_id, period_criterion_id, score_value) VALUES ('98fb672c-caea-4913-a8bf-e7d4b698d2c8', 'f7897313-ebd4-43c7-afad-526e0cf2201e', 'ae079c87-3d0a-4aa9-ae5b-8966b4f38a57', 9) ON CONFLICT DO NOTHING;
INSERT INTO score_sheets (id, period_id, project_id, juror_id, status, comment, started_at, last_activity_at) VALUES ('d5337ab2-694f-41e9-a145-45a8ca98777b', '952dd05e-8ff2-44a7-a13b-9a22958f57fb', '46c52db6-2cd0-404d-a2bf-23d390c741ad', '9a21397b-552a-4b00-a5c4-15a0982436b1', 'submitted', NULL, (timestamp '2025-12-06 09:00:00' + interval '15 hours 0 minutes') - interval '30 mins', (timestamp '2025-12-06 09:00:00' + interval '15 hours 0 minutes')) ON CONFLICT DO NOTHING;
INSERT INTO score_sheet_items (id, score_sheet_id, period_criterion_id, score_value) VALUES ('39e45dec-3905-43fc-aedf-b2cc81395c40', 'd5337ab2-694f-41e9-a145-45a8ca98777b', 'a436fb51-aa71-4afc-a9bf-2232d151fbaa', 22) ON CONFLICT DO NOTHING;
INSERT INTO score_sheet_items (id, score_sheet_id, period_criterion_id, score_value) VALUES ('61428a94-2b73-4456-a4c1-cdf6d4c344e8', 'd5337ab2-694f-41e9-a145-45a8ca98777b', '8cebf54b-97b4-493c-a837-4707d4828eae', 24) ON CONFLICT DO NOTHING;
INSERT INTO score_sheet_items (id, score_sheet_id, period_criterion_id, score_value) VALUES ('0c386e1f-36d5-43e5-a59f-3368ccec782d', 'd5337ab2-694f-41e9-a145-45a8ca98777b', 'bb41dca1-a7d3-4fa8-a819-cd1d0c92bdf2', 24) ON CONFLICT DO NOTHING;
INSERT INTO score_sheet_items (id, score_sheet_id, period_criterion_id, score_value) VALUES ('284c9649-ebb3-48ea-a98d-1bc3158c9580', 'd5337ab2-694f-41e9-a145-45a8ca98777b', 'ae079c87-3d0a-4aa9-ae5b-8966b4f38a57', 8) ON CONFLICT DO NOTHING;
INSERT INTO score_sheets (id, period_id, project_id, juror_id, status, comment, started_at, last_activity_at) VALUES ('81449c0f-7207-44e7-a4e2-234e04a761ca', '952dd05e-8ff2-44a7-a13b-9a22958f57fb', '12cbf2c4-0a16-4574-abb5-b601beec8176', '9a21397b-552a-4b00-a5c4-15a0982436b1', 'submitted', 'Sağlam temeller üzerine kurulmuş, dengeli bir proje.', (timestamp '2025-12-06 09:00:00' + interval '11 hours 34 minutes') - interval '30 mins', (timestamp '2025-12-06 09:00:00' + interval '11 hours 34 minutes')) ON CONFLICT DO NOTHING;
INSERT INTO score_sheet_items (id, score_sheet_id, period_criterion_id, score_value) VALUES ('b6a08f55-ffbe-4898-a58c-ec9db4f32d64', '81449c0f-7207-44e7-a4e2-234e04a761ca', 'a436fb51-aa71-4afc-a9bf-2232d151fbaa', 23) ON CONFLICT DO NOTHING;
INSERT INTO score_sheet_items (id, score_sheet_id, period_criterion_id, score_value) VALUES ('bf873a44-2982-45d9-a7f1-45cf26344c0a', '81449c0f-7207-44e7-a4e2-234e04a761ca', '8cebf54b-97b4-493c-a837-4707d4828eae', 23) ON CONFLICT DO NOTHING;
INSERT INTO score_sheet_items (id, score_sheet_id, period_criterion_id, score_value) VALUES ('a7bd5989-db0e-46fb-ae8a-3b60ce213aea', '81449c0f-7207-44e7-a4e2-234e04a761ca', 'bb41dca1-a7d3-4fa8-a819-cd1d0c92bdf2', 22) ON CONFLICT DO NOTHING;
INSERT INTO score_sheet_items (id, score_sheet_id, period_criterion_id, score_value) VALUES ('d1a88fff-d71a-4db8-a3f4-b99dc58f6d5f', '81449c0f-7207-44e7-a4e2-234e04a761ca', 'ae079c87-3d0a-4aa9-ae5b-8966b4f38a57', 7) ON CONFLICT DO NOTHING;
INSERT INTO score_sheets (id, period_id, project_id, juror_id, status, comment, started_at, last_activity_at) VALUES ('0de8c219-b9f9-4abb-a5f8-f0f10bcf27a1', '952dd05e-8ff2-44a7-a13b-9a22958f57fb', '0af988df-e6d9-4ac1-a6ec-56343146a552', '9a21397b-552a-4b00-a5c4-15a0982436b1', 'submitted', 'Dengeli ve tutarlı bir proje. Zayıf nokta yok.', (timestamp '2025-12-06 09:00:00' + interval '7 hours 46 minutes') - interval '30 mins', (timestamp '2025-12-06 09:00:00' + interval '7 hours 46 minutes')) ON CONFLICT DO NOTHING;
INSERT INTO score_sheet_items (id, score_sheet_id, period_criterion_id, score_value) VALUES ('d65532d9-6500-44e7-aa0e-fed6c61f50b8', '0de8c219-b9f9-4abb-a5f8-f0f10bcf27a1', 'a436fb51-aa71-4afc-a9bf-2232d151fbaa', 22) ON CONFLICT DO NOTHING;
INSERT INTO score_sheet_items (id, score_sheet_id, period_criterion_id, score_value) VALUES ('b9e670aa-a055-4e67-a2d6-11f954f133e9', '0de8c219-b9f9-4abb-a5f8-f0f10bcf27a1', '8cebf54b-97b4-493c-a837-4707d4828eae', 24) ON CONFLICT DO NOTHING;
INSERT INTO score_sheet_items (id, score_sheet_id, period_criterion_id, score_value) VALUES ('b9e0a92c-61d3-4b0c-aee3-9d7fd905902a', '0de8c219-b9f9-4abb-a5f8-f0f10bcf27a1', 'bb41dca1-a7d3-4fa8-a819-cd1d0c92bdf2', 22) ON CONFLICT DO NOTHING;
INSERT INTO score_sheet_items (id, score_sheet_id, period_criterion_id, score_value) VALUES ('c2eeff31-786e-4d3e-a9a7-b609ca3187c3', '0de8c219-b9f9-4abb-a5f8-f0f10bcf27a1', 'ae079c87-3d0a-4aa9-ae5b-8966b4f38a57', 8) ON CONFLICT DO NOTHING;
INSERT INTO score_sheets (id, period_id, project_id, juror_id, status, comment, started_at, last_activity_at) VALUES ('3dc01ba8-fc61-4516-aa05-4ee05b960915', '952dd05e-8ff2-44a7-a13b-9a22958f57fb', '9dbf8fbe-1580-489c-a551-1eda5fb69025', '9a21397b-552a-4b00-a5c4-15a0982436b1', 'submitted', 'İddialı kapsam, karışık sonuçlar.', (timestamp '2025-12-06 09:00:00' + interval '9 hours 34 minutes') - interval '30 mins', (timestamp '2025-12-06 09:00:00' + interval '9 hours 34 minutes')) ON CONFLICT DO NOTHING;
INSERT INTO score_sheet_items (id, score_sheet_id, period_criterion_id, score_value) VALUES ('3b971959-3400-4301-a6df-c0ac112c4ac1', '3dc01ba8-fc61-4516-aa05-4ee05b960915', 'a436fb51-aa71-4afc-a9bf-2232d151fbaa', 16) ON CONFLICT DO NOTHING;
INSERT INTO score_sheet_items (id, score_sheet_id, period_criterion_id, score_value) VALUES ('801b9bfe-90b6-4c66-a63b-088074c8ce5d', '3dc01ba8-fc61-4516-aa05-4ee05b960915', '8cebf54b-97b4-493c-a837-4707d4828eae', 26) ON CONFLICT DO NOTHING;
INSERT INTO score_sheet_items (id, score_sheet_id, period_criterion_id, score_value) VALUES ('fb667139-2def-4bce-a740-247e5cbb906e', '3dc01ba8-fc61-4516-aa05-4ee05b960915', 'bb41dca1-a7d3-4fa8-a819-cd1d0c92bdf2', 20) ON CONFLICT DO NOTHING;
INSERT INTO score_sheet_items (id, score_sheet_id, period_criterion_id, score_value) VALUES ('a46afcff-d205-4f7e-a8e0-4042e2df31f4', '3dc01ba8-fc61-4516-aa05-4ee05b960915', 'ae079c87-3d0a-4aa9-ae5b-8966b4f38a57', 7) ON CONFLICT DO NOTHING;
INSERT INTO score_sheets (id, period_id, project_id, juror_id, status, comment, started_at, last_activity_at) VALUES ('60c2b2d2-f6a7-4921-a3db-42f115ee4b97', '952dd05e-8ff2-44a7-a13b-9a22958f57fb', '7668ebe3-a6f0-40ef-ad92-05cd2694db44', '9a21397b-552a-4b00-a5c4-15a0982436b1', 'submitted', 'Mühendislik derinliği iyi ancak iletişim geliştirilmeli.', (timestamp '2025-12-06 09:00:00' + interval '1 hours 25 minutes') - interval '30 mins', (timestamp '2025-12-06 09:00:00' + interval '1 hours 25 minutes')) ON CONFLICT DO NOTHING;
INSERT INTO score_sheet_items (id, score_sheet_id, period_criterion_id, score_value) VALUES ('64e17afc-3737-4f22-aef7-80dd9ff3b7c3', '60c2b2d2-f6a7-4921-a3db-42f115ee4b97', 'a436fb51-aa71-4afc-a9bf-2232d151fbaa', 26) ON CONFLICT DO NOTHING;
INSERT INTO score_sheet_items (id, score_sheet_id, period_criterion_id, score_value) VALUES ('a549ced7-d3f3-4337-aed3-4082425a8b49', '60c2b2d2-f6a7-4921-a3db-42f115ee4b97', '8cebf54b-97b4-493c-a837-4707d4828eae', 18) ON CONFLICT DO NOTHING;
INSERT INTO score_sheet_items (id, score_sheet_id, period_criterion_id, score_value) VALUES ('244677eb-03c9-44e9-a0ca-4b4e4372e4b9', '60c2b2d2-f6a7-4921-a3db-42f115ee4b97', 'bb41dca1-a7d3-4fa8-a819-cd1d0c92bdf2', 18) ON CONFLICT DO NOTHING;
INSERT INTO score_sheet_items (id, score_sheet_id, period_criterion_id, score_value) VALUES ('93600511-5f25-4421-add6-b871cec2df6b', '60c2b2d2-f6a7-4921-a3db-42f115ee4b97', 'ae079c87-3d0a-4aa9-ae5b-8966b4f38a57', 9) ON CONFLICT DO NOTHING;
INSERT INTO score_sheets (id, period_id, project_id, juror_id, status, comment, started_at, last_activity_at) VALUES ('2f86b652-ca3f-491d-a060-30318f5f5f21', '952dd05e-8ff2-44a7-a13b-9a22958f57fb', '85a5fd07-493e-4336-adb4-969cce024854', '9a21397b-552a-4b00-a5c4-15a0982436b1', 'submitted', NULL, (timestamp '2025-12-06 09:00:00' + interval '8 hours 13 minutes') - interval '30 mins', (timestamp '2025-12-06 09:00:00' + interval '8 hours 13 minutes')) ON CONFLICT DO NOTHING;
INSERT INTO score_sheet_items (id, score_sheet_id, period_criterion_id, score_value) VALUES ('dce9c36c-89d5-4624-a434-fde3ea2c43cd', '2f86b652-ca3f-491d-a060-30318f5f5f21', 'a436fb51-aa71-4afc-a9bf-2232d151fbaa', 18) ON CONFLICT DO NOTHING;
INSERT INTO score_sheet_items (id, score_sheet_id, period_criterion_id, score_value) VALUES ('437bf0f9-5211-4740-a590-f4a562ac8548', '2f86b652-ca3f-491d-a060-30318f5f5f21', '8cebf54b-97b4-493c-a837-4707d4828eae', 20) ON CONFLICT DO NOTHING;
INSERT INTO score_sheet_items (id, score_sheet_id, period_criterion_id, score_value) VALUES ('572fd162-c9f9-4b01-a52f-3b9156dbbfa1', '2f86b652-ca3f-491d-a060-30318f5f5f21', 'bb41dca1-a7d3-4fa8-a819-cd1d0c92bdf2', 20) ON CONFLICT DO NOTHING;
INSERT INTO score_sheet_items (id, score_sheet_id, period_criterion_id, score_value) VALUES ('5b059072-7186-4aaa-a9a1-7df2378d1f55', '2f86b652-ca3f-491d-a060-30318f5f5f21', 'ae079c87-3d0a-4aa9-ae5b-8966b4f38a57', 6) ON CONFLICT DO NOTHING;
INSERT INTO score_sheets (id, period_id, project_id, juror_id, status, comment, started_at, last_activity_at) VALUES ('e458c6db-df50-4881-a0e3-aa47a278134b', '952dd05e-8ff2-44a7-a13b-9a22958f57fb', 'e42ee6b2-bd1c-49a7-a92f-70fa22a0c956', '9a21397b-552a-4b00-a5c4-15a0982436b1', 'submitted', 'Makul bir çalışma, beklenen sonuçlar.', (timestamp '2025-12-06 09:00:00' + interval '3 hours 30 minutes') - interval '30 mins', (timestamp '2025-12-06 09:00:00' + interval '3 hours 30 minutes')) ON CONFLICT DO NOTHING;
INSERT INTO score_sheet_items (id, score_sheet_id, period_criterion_id, score_value) VALUES ('5da9ada1-3d3a-4fad-a0ef-066c1580c1b9', 'e458c6db-df50-4881-a0e3-aa47a278134b', 'a436fb51-aa71-4afc-a9bf-2232d151fbaa', 20) ON CONFLICT DO NOTHING;
INSERT INTO score_sheet_items (id, score_sheet_id, period_criterion_id, score_value) VALUES ('325977c4-131e-436e-a232-2eebd6f0a2e4', 'e458c6db-df50-4881-a0e3-aa47a278134b', '8cebf54b-97b4-493c-a837-4707d4828eae', 20) ON CONFLICT DO NOTHING;
INSERT INTO score_sheet_items (id, score_sheet_id, period_criterion_id, score_value) VALUES ('8e38c204-6af7-4012-aceb-9aad8b7d6dd1', 'e458c6db-df50-4881-a0e3-aa47a278134b', 'bb41dca1-a7d3-4fa8-a819-cd1d0c92bdf2', 19) ON CONFLICT DO NOTHING;
INSERT INTO score_sheet_items (id, score_sheet_id, period_criterion_id, score_value) VALUES ('1e869438-3257-4ba6-a141-c947f443cb48', 'e458c6db-df50-4881-a0e3-aa47a278134b', 'ae079c87-3d0a-4aa9-ae5b-8966b4f38a57', 6) ON CONFLICT DO NOTHING;
INSERT INTO score_sheets (id, period_id, project_id, juror_id, status, comment, started_at, last_activity_at) VALUES ('57f52a1f-64f9-45a6-a9b0-3d026c44a234', '952dd05e-8ff2-44a7-a13b-9a22958f57fb', '9df9b21f-4b06-48ec-a936-4796f1469da7', '9a21397b-552a-4b00-a5c4-15a0982436b1', 'submitted', NULL, (timestamp '2025-12-06 09:00:00' + interval '15 hours 22 minutes') - interval '30 mins', (timestamp '2025-12-06 09:00:00' + interval '15 hours 22 minutes')) ON CONFLICT DO NOTHING;
INSERT INTO score_sheet_items (id, score_sheet_id, period_criterion_id, score_value) VALUES ('8f9cf766-0527-4d57-adb1-d3a8ebd2486b', '57f52a1f-64f9-45a6-a9b0-3d026c44a234', 'a436fb51-aa71-4afc-a9bf-2232d151fbaa', 24) ON CONFLICT DO NOTHING;
INSERT INTO score_sheet_items (id, score_sheet_id, period_criterion_id, score_value) VALUES ('5c288825-635e-495a-ae98-13ec53c9bb9c', '57f52a1f-64f9-45a6-a9b0-3d026c44a234', '8cebf54b-97b4-493c-a837-4707d4828eae', 19) ON CONFLICT DO NOTHING;
INSERT INTO score_sheet_items (id, score_sheet_id, period_criterion_id, score_value) VALUES ('6d55b871-4142-4716-a7d3-00e55832b12c', '57f52a1f-64f9-45a6-a9b0-3d026c44a234', 'bb41dca1-a7d3-4fa8-a819-cd1d0c92bdf2', 20) ON CONFLICT DO NOTHING;
INSERT INTO score_sheet_items (id, score_sheet_id, period_criterion_id, score_value) VALUES ('01507da9-cf99-4730-a235-c27d8c25a180', '57f52a1f-64f9-45a6-a9b0-3d026c44a234', 'ae079c87-3d0a-4aa9-ae5b-8966b4f38a57', 8) ON CONFLICT DO NOTHING;
INSERT INTO score_sheets (id, period_id, project_id, juror_id, status, comment, started_at, last_activity_at) VALUES ('4f59b007-7d97-4e8e-acbc-e4397101c8f6', '952dd05e-8ff2-44a7-a13b-9a22958f57fb', 'a1428f33-5d50-4922-a7e6-48a56760660d', '9a21397b-552a-4b00-a5c4-15a0982436b1', 'submitted', 'Eksik bir çalışma — önemli bölümler tamamlanmamış.', (timestamp '2025-12-06 09:00:00' + interval '11 hours 29 minutes') - interval '30 mins', (timestamp '2025-12-06 09:00:00' + interval '11 hours 29 minutes')) ON CONFLICT DO NOTHING;
INSERT INTO score_sheet_items (id, score_sheet_id, period_criterion_id, score_value) VALUES ('8d089b6b-d5d7-4b45-ad34-55f8c8d09c6f', '4f59b007-7d97-4e8e-acbc-e4397101c8f6', 'a436fb51-aa71-4afc-a9bf-2232d151fbaa', 17) ON CONFLICT DO NOTHING;
INSERT INTO score_sheet_items (id, score_sheet_id, period_criterion_id, score_value) VALUES ('2d5b5193-2814-41c8-a395-bb228178140f', '4f59b007-7d97-4e8e-acbc-e4397101c8f6', '8cebf54b-97b4-493c-a837-4707d4828eae', 16) ON CONFLICT DO NOTHING;
INSERT INTO score_sheet_items (id, score_sheet_id, period_criterion_id, score_value) VALUES ('222ad940-3d67-4ea8-a0b5-840016992017', '4f59b007-7d97-4e8e-acbc-e4397101c8f6', 'bb41dca1-a7d3-4fa8-a819-cd1d0c92bdf2', 19) ON CONFLICT DO NOTHING;
INSERT INTO score_sheet_items (id, score_sheet_id, period_criterion_id, score_value) VALUES ('5aa4bb0d-099c-415d-ab50-5b89c540a098', '4f59b007-7d97-4e8e-acbc-e4397101c8f6', 'ae079c87-3d0a-4aa9-ae5b-8966b4f38a57', 5) ON CONFLICT DO NOTHING;
INSERT INTO score_sheets (id, period_id, project_id, juror_id, status, comment, started_at, last_activity_at) VALUES ('d52c33d1-8e4f-4df1-a0e7-c77db7b395b3', '952dd05e-8ff2-44a7-a13b-9a22958f57fb', '00f25636-269c-4d25-abd5-3cdbc12a31f8', '7d1bbec7-493f-4e1a-aee5-be30df51db49', 'submitted', 'Teknik derinlik ve profesyonel sunum açısından çok başarılı.', (timestamp '2025-12-06 09:00:00' + interval '13 hours 9 minutes') - interval '30 mins', (timestamp '2025-12-06 09:00:00' + interval '13 hours 9 minutes')) ON CONFLICT DO NOTHING;
INSERT INTO score_sheet_items (id, score_sheet_id, period_criterion_id, score_value) VALUES ('3560e529-20b1-4b99-aa7e-9492db660cc8', 'd52c33d1-8e4f-4df1-a0e7-c77db7b395b3', 'a436fb51-aa71-4afc-a9bf-2232d151fbaa', 29) ON CONFLICT DO NOTHING;
INSERT INTO score_sheet_items (id, score_sheet_id, period_criterion_id, score_value) VALUES ('32e77be2-88e1-430a-a1f1-5dcfee945218', 'd52c33d1-8e4f-4df1-a0e7-c77db7b395b3', '8cebf54b-97b4-493c-a837-4707d4828eae', 29) ON CONFLICT DO NOTHING;
INSERT INTO score_sheet_items (id, score_sheet_id, period_criterion_id, score_value) VALUES ('c5bbc551-64b7-4882-a946-9c28985aa445', 'd52c33d1-8e4f-4df1-a0e7-c77db7b395b3', 'bb41dca1-a7d3-4fa8-a819-cd1d0c92bdf2', 28) ON CONFLICT DO NOTHING;
INSERT INTO score_sheet_items (id, score_sheet_id, period_criterion_id, score_value) VALUES ('4df392f2-5209-4ebc-ab67-aea15ba06984', 'd52c33d1-8e4f-4df1-a0e7-c77db7b395b3', 'ae079c87-3d0a-4aa9-ae5b-8966b4f38a57', 9) ON CONFLICT DO NOTHING;
INSERT INTO score_sheets (id, period_id, project_id, juror_id, status, comment, started_at, last_activity_at) VALUES ('e6e2add6-28df-4d6f-a524-3aa7c25c02e7', '952dd05e-8ff2-44a7-a13b-9a22958f57fb', '46c52db6-2cd0-404d-a2bf-23d390c741ad', '7d1bbec7-493f-4e1a-aee5-be30df51db49', 'submitted', 'Tutarlı ve güçlü bir mühendislik çalışması.', (timestamp '2025-12-06 09:00:00' + interval '20 hours 15 minutes') - interval '30 mins', (timestamp '2025-12-06 09:00:00' + interval '20 hours 15 minutes')) ON CONFLICT DO NOTHING;
INSERT INTO score_sheet_items (id, score_sheet_id, period_criterion_id, score_value) VALUES ('9f7923a8-96ab-4837-a5d3-9d5cbfed8f52', 'e6e2add6-28df-4d6f-a524-3aa7c25c02e7', 'a436fb51-aa71-4afc-a9bf-2232d151fbaa', 24) ON CONFLICT DO NOTHING;
INSERT INTO score_sheet_items (id, score_sheet_id, period_criterion_id, score_value) VALUES ('bacb60d7-2fe5-48fe-ae80-1551d346b6c4', 'e6e2add6-28df-4d6f-a524-3aa7c25c02e7', '8cebf54b-97b4-493c-a837-4707d4828eae', 24) ON CONFLICT DO NOTHING;
INSERT INTO score_sheet_items (id, score_sheet_id, period_criterion_id, score_value) VALUES ('66b6fe4c-8271-4a6f-a1f3-c5fb758ef874', 'e6e2add6-28df-4d6f-a524-3aa7c25c02e7', 'bb41dca1-a7d3-4fa8-a819-cd1d0c92bdf2', 26) ON CONFLICT DO NOTHING;
INSERT INTO score_sheet_items (id, score_sheet_id, period_criterion_id, score_value) VALUES ('37c6a87b-968d-488a-a0f4-3602fa9a688f', 'e6e2add6-28df-4d6f-a524-3aa7c25c02e7', 'ae079c87-3d0a-4aa9-ae5b-8966b4f38a57', 7) ON CONFLICT DO NOTHING;
INSERT INTO score_sheets (id, period_id, project_id, juror_id, status, comment, started_at, last_activity_at) VALUES ('a22c0e8d-2fb7-43e2-a116-f9a45fc862d3', '952dd05e-8ff2-44a7-a13b-9a22958f57fb', '12cbf2c4-0a16-4574-abb5-b601beec8176', '7d1bbec7-493f-4e1a-aee5-be30df51db49', 'submitted', NULL, (timestamp '2025-12-06 09:00:00' + interval '5 hours 47 minutes') - interval '30 mins', (timestamp '2025-12-06 09:00:00' + interval '5 hours 47 minutes')) ON CONFLICT DO NOTHING;
INSERT INTO score_sheet_items (id, score_sheet_id, period_criterion_id, score_value) VALUES ('0c252a92-1d76-407e-a921-604cc6be6023', 'a22c0e8d-2fb7-43e2-a116-f9a45fc862d3', 'a436fb51-aa71-4afc-a9bf-2232d151fbaa', 25) ON CONFLICT DO NOTHING;
INSERT INTO score_sheet_items (id, score_sheet_id, period_criterion_id, score_value) VALUES ('4182d449-b761-43dc-a778-b346d8e13112', 'a22c0e8d-2fb7-43e2-a116-f9a45fc862d3', '8cebf54b-97b4-493c-a837-4707d4828eae', 24) ON CONFLICT DO NOTHING;
INSERT INTO score_sheet_items (id, score_sheet_id, period_criterion_id, score_value) VALUES ('5e2b5a9c-b7f5-4dd7-a812-70c31493b36e', 'a22c0e8d-2fb7-43e2-a116-f9a45fc862d3', 'bb41dca1-a7d3-4fa8-a819-cd1d0c92bdf2', 24) ON CONFLICT DO NOTHING;
INSERT INTO score_sheet_items (id, score_sheet_id, period_criterion_id, score_value) VALUES ('c75e3181-9297-4aba-aa72-ced724e35ded', 'a22c0e8d-2fb7-43e2-a116-f9a45fc862d3', 'ae079c87-3d0a-4aa9-ae5b-8966b4f38a57', 8) ON CONFLICT DO NOTHING;
INSERT INTO score_sheets (id, period_id, project_id, juror_id, status, comment, started_at, last_activity_at) VALUES ('40f958e9-430d-4a13-ac4e-fa82c19b99e3', '952dd05e-8ff2-44a7-a13b-9a22958f57fb', '0af988df-e6d9-4ac1-a6ec-56343146a552', '7d1bbec7-493f-4e1a-aee5-be30df51db49', 'submitted', NULL, (timestamp '2025-12-06 09:00:00' + interval '19 hours 32 minutes') - interval '30 mins', (timestamp '2025-12-06 09:00:00' + interval '19 hours 32 minutes')) ON CONFLICT DO NOTHING;
INSERT INTO score_sheet_items (id, score_sheet_id, period_criterion_id, score_value) VALUES ('7680af22-c000-4d96-a881-c9693acaa778', '40f958e9-430d-4a13-ac4e-fa82c19b99e3', 'a436fb51-aa71-4afc-a9bf-2232d151fbaa', 26) ON CONFLICT DO NOTHING;
INSERT INTO score_sheet_items (id, score_sheet_id, period_criterion_id, score_value) VALUES ('357c4455-9b04-4789-afc3-b0b2a61626d3', '40f958e9-430d-4a13-ac4e-fa82c19b99e3', '8cebf54b-97b4-493c-a837-4707d4828eae', 26) ON CONFLICT DO NOTHING;
INSERT INTO score_sheet_items (id, score_sheet_id, period_criterion_id, score_value) VALUES ('b138fc19-bbf2-4f29-a5ff-ad92e5a1c02a', '40f958e9-430d-4a13-ac4e-fa82c19b99e3', 'bb41dca1-a7d3-4fa8-a819-cd1d0c92bdf2', 27) ON CONFLICT DO NOTHING;
INSERT INTO score_sheet_items (id, score_sheet_id, period_criterion_id, score_value) VALUES ('8c8f4a54-6be8-4dcd-a7ca-932aaefb5ca8', '40f958e9-430d-4a13-ac4e-fa82c19b99e3', 'ae079c87-3d0a-4aa9-ae5b-8966b4f38a57', 8) ON CONFLICT DO NOTHING;
INSERT INTO score_sheets (id, period_id, project_id, juror_id, status, comment, started_at, last_activity_at) VALUES ('babf39b1-007a-4c35-a952-f763e34f299b', '952dd05e-8ff2-44a7-a13b-9a22958f57fb', '9dbf8fbe-1580-489c-a551-1eda5fb69025', '7d1bbec7-493f-4e1a-aee5-be30df51db49', 'submitted', 'İddialı kapsam, karışık sonuçlar.', (timestamp '2025-12-06 09:00:00' + interval '11 hours 13 minutes') - interval '30 mins', (timestamp '2025-12-06 09:00:00' + interval '11 hours 13 minutes')) ON CONFLICT DO NOTHING;
INSERT INTO score_sheet_items (id, score_sheet_id, period_criterion_id, score_value) VALUES ('0f42bd67-b63c-4a64-a2df-f869ed578720', 'babf39b1-007a-4c35-a952-f763e34f299b', 'a436fb51-aa71-4afc-a9bf-2232d151fbaa', 21) ON CONFLICT DO NOTHING;
INSERT INTO score_sheet_items (id, score_sheet_id, period_criterion_id, score_value) VALUES ('ac55bc49-ef71-4b27-a920-7f2ee525c8dd', 'babf39b1-007a-4c35-a952-f763e34f299b', '8cebf54b-97b4-493c-a837-4707d4828eae', 17) ON CONFLICT DO NOTHING;
INSERT INTO score_sheet_items (id, score_sheet_id, period_criterion_id, score_value) VALUES ('e8b41bba-6014-49f4-a658-9d3858a8365c', 'babf39b1-007a-4c35-a952-f763e34f299b', 'bb41dca1-a7d3-4fa8-a819-cd1d0c92bdf2', 19) ON CONFLICT DO NOTHING;
INSERT INTO score_sheet_items (id, score_sheet_id, period_criterion_id, score_value) VALUES ('e55ff906-cd04-4a34-af8c-d305a4bdce5c', 'babf39b1-007a-4c35-a952-f763e34f299b', 'ae079c87-3d0a-4aa9-ae5b-8966b4f38a57', 5) ON CONFLICT DO NOTHING;
INSERT INTO score_sheets (id, period_id, project_id, juror_id, status, comment, started_at, last_activity_at) VALUES ('ae78d2ff-c762-4df1-a132-493cc05b05dd', '952dd05e-8ff2-44a7-a13b-9a22958f57fb', '7668ebe3-a6f0-40ef-ad92-05cd2694db44', '7d1bbec7-493f-4e1a-aee5-be30df51db49', 'submitted', 'Mühendislik derinliği iyi ancak iletişim geliştirilmeli.', (timestamp '2025-12-06 09:00:00' + interval '17 hours 18 minutes') - interval '30 mins', (timestamp '2025-12-06 09:00:00' + interval '17 hours 18 minutes')) ON CONFLICT DO NOTHING;
INSERT INTO score_sheet_items (id, score_sheet_id, period_criterion_id, score_value) VALUES ('b536f08b-9384-4b02-ad08-fb49b2984d08', 'ae78d2ff-c762-4df1-a132-493cc05b05dd', 'a436fb51-aa71-4afc-a9bf-2232d151fbaa', 28) ON CONFLICT DO NOTHING;
INSERT INTO score_sheet_items (id, score_sheet_id, period_criterion_id, score_value) VALUES ('ca78114b-7544-4d51-a9f9-6ffe09755fa8', 'ae78d2ff-c762-4df1-a132-493cc05b05dd', '8cebf54b-97b4-493c-a837-4707d4828eae', 20) ON CONFLICT DO NOTHING;
INSERT INTO score_sheet_items (id, score_sheet_id, period_criterion_id, score_value) VALUES ('77678698-3f46-4c73-aaf5-1de68996fd8c', 'ae78d2ff-c762-4df1-a132-493cc05b05dd', 'bb41dca1-a7d3-4fa8-a819-cd1d0c92bdf2', 20) ON CONFLICT DO NOTHING;
INSERT INTO score_sheet_items (id, score_sheet_id, period_criterion_id, score_value) VALUES ('5fb1cd3d-e230-4079-a42e-05e6f5cf489d', 'ae78d2ff-c762-4df1-a132-493cc05b05dd', 'ae079c87-3d0a-4aa9-ae5b-8966b4f38a57', 9) ON CONFLICT DO NOTHING;
INSERT INTO score_sheets (id, period_id, project_id, juror_id, status, comment, started_at, last_activity_at) VALUES ('70c442b3-9632-4c7f-a775-c09616fd0733', '952dd05e-8ff2-44a7-a13b-9a22958f57fb', '85a5fd07-493e-4336-adb4-969cce024854', '7d1bbec7-493f-4e1a-aee5-be30df51db49', 'submitted', 'Minimum beklentiyi karşılıyor ama öne çıkmıyor.', (timestamp '2025-12-06 09:00:00' + interval '12 hours 15 minutes') - interval '30 mins', (timestamp '2025-12-06 09:00:00' + interval '12 hours 15 minutes')) ON CONFLICT DO NOTHING;
INSERT INTO score_sheet_items (id, score_sheet_id, period_criterion_id, score_value) VALUES ('86afc17d-f167-436e-adf7-696ac4a080e2', '70c442b3-9632-4c7f-a775-c09616fd0733', 'a436fb51-aa71-4afc-a9bf-2232d151fbaa', 21) ON CONFLICT DO NOTHING;
INSERT INTO score_sheet_items (id, score_sheet_id, period_criterion_id, score_value) VALUES ('f462359e-5621-4993-a8f2-819ee30db856', '70c442b3-9632-4c7f-a775-c09616fd0733', '8cebf54b-97b4-493c-a837-4707d4828eae', 22) ON CONFLICT DO NOTHING;
INSERT INTO score_sheet_items (id, score_sheet_id, period_criterion_id, score_value) VALUES ('53a41794-6c10-4609-a2a6-d0d97d8d726f', '70c442b3-9632-4c7f-a775-c09616fd0733', 'bb41dca1-a7d3-4fa8-a819-cd1d0c92bdf2', 19) ON CONFLICT DO NOTHING;
INSERT INTO score_sheet_items (id, score_sheet_id, period_criterion_id, score_value) VALUES ('fbf7972f-cdce-4b7c-ac08-eed70bb9f939', '70c442b3-9632-4c7f-a775-c09616fd0733', 'ae079c87-3d0a-4aa9-ae5b-8966b4f38a57', 7) ON CONFLICT DO NOTHING;
INSERT INTO score_sheets (id, period_id, project_id, juror_id, status, comment, started_at, last_activity_at) VALUES ('bfb82718-da77-4508-af60-410ec95973fd', '952dd05e-8ff2-44a7-a13b-9a22958f57fb', 'e42ee6b2-bd1c-49a7-a92f-70fa22a0c956', '7d1bbec7-493f-4e1a-aee5-be30df51db49', 'submitted', 'Standart düzeyde, gereksinimleri karşılıyor.', (timestamp '2025-12-06 09:00:00' + interval '15 hours 10 minutes') - interval '30 mins', (timestamp '2025-12-06 09:00:00' + interval '15 hours 10 minutes')) ON CONFLICT DO NOTHING;
INSERT INTO score_sheet_items (id, score_sheet_id, period_criterion_id, score_value) VALUES ('afd35d83-d6c5-4c4c-a607-e519e2492c26', 'bfb82718-da77-4508-af60-410ec95973fd', 'a436fb51-aa71-4afc-a9bf-2232d151fbaa', 23) ON CONFLICT DO NOTHING;
INSERT INTO score_sheet_items (id, score_sheet_id, period_criterion_id, score_value) VALUES ('a90baa99-db34-4eb0-a641-ce4c43854633', 'bfb82718-da77-4508-af60-410ec95973fd', '8cebf54b-97b4-493c-a837-4707d4828eae', 20) ON CONFLICT DO NOTHING;
INSERT INTO score_sheet_items (id, score_sheet_id, period_criterion_id, score_value) VALUES ('29fb17c9-dc13-4b16-a517-beee81807714', 'bfb82718-da77-4508-af60-410ec95973fd', 'bb41dca1-a7d3-4fa8-a819-cd1d0c92bdf2', 22) ON CONFLICT DO NOTHING;
INSERT INTO score_sheet_items (id, score_sheet_id, period_criterion_id, score_value) VALUES ('05582aa3-dd78-4a7e-ab99-2d1f0b389058', 'bfb82718-da77-4508-af60-410ec95973fd', 'ae079c87-3d0a-4aa9-ae5b-8966b4f38a57', 6) ON CONFLICT DO NOTHING;
INSERT INTO score_sheets (id, period_id, project_id, juror_id, status, comment, started_at, last_activity_at) VALUES ('d57f1d07-f025-43a5-aa23-0cec25c57003', '952dd05e-8ff2-44a7-a13b-9a22958f57fb', '9df9b21f-4b06-48ec-a936-4796f1469da7', '7d1bbec7-493f-4e1a-aee5-be30df51db49', 'submitted', 'Yavaş başladı ama çok güçlü bitirdi.', (timestamp '2025-12-06 09:00:00' + interval '19 hours 5 minutes') - interval '30 mins', (timestamp '2025-12-06 09:00:00' + interval '19 hours 5 minutes')) ON CONFLICT DO NOTHING;
INSERT INTO score_sheet_items (id, score_sheet_id, period_criterion_id, score_value) VALUES ('5e9de06d-6cf3-4f9d-a8ca-da9d6220d806', 'd57f1d07-f025-43a5-aa23-0cec25c57003', 'a436fb51-aa71-4afc-a9bf-2232d151fbaa', 26) ON CONFLICT DO NOTHING;
INSERT INTO score_sheet_items (id, score_sheet_id, period_criterion_id, score_value) VALUES ('94a753a7-0679-41da-a848-2571488784d5', 'd57f1d07-f025-43a5-aa23-0cec25c57003', '8cebf54b-97b4-493c-a837-4707d4828eae', 24) ON CONFLICT DO NOTHING;
INSERT INTO score_sheet_items (id, score_sheet_id, period_criterion_id, score_value) VALUES ('1765833b-c30a-47a4-adc9-49724b596a7e', 'd57f1d07-f025-43a5-aa23-0cec25c57003', 'bb41dca1-a7d3-4fa8-a819-cd1d0c92bdf2', 24) ON CONFLICT DO NOTHING;
INSERT INTO score_sheet_items (id, score_sheet_id, period_criterion_id, score_value) VALUES ('ae8fbc9b-d07e-4507-a569-903d35a788b1', 'd57f1d07-f025-43a5-aa23-0cec25c57003', 'ae079c87-3d0a-4aa9-ae5b-8966b4f38a57', 9) ON CONFLICT DO NOTHING;
INSERT INTO score_sheets (id, period_id, project_id, juror_id, status, comment, started_at, last_activity_at) VALUES ('54421362-aae6-416b-ad68-8378330dbde4', '952dd05e-8ff2-44a7-a13b-9a22958f57fb', 'a1428f33-5d50-4922-a7e6-48a56760660d', '7d1bbec7-493f-4e1a-aee5-be30df51db49', 'submitted', 'Eksik bir çalışma — önemli bölümler tamamlanmamış.', (timestamp '2025-12-06 09:00:00' + interval '12 hours 15 minutes') - interval '30 mins', (timestamp '2025-12-06 09:00:00' + interval '12 hours 15 minutes')) ON CONFLICT DO NOTHING;
INSERT INTO score_sheet_items (id, score_sheet_id, period_criterion_id, score_value) VALUES ('5eb65680-14a4-45e6-a25a-15939580bca8', '54421362-aae6-416b-ad68-8378330dbde4', 'a436fb51-aa71-4afc-a9bf-2232d151fbaa', 19) ON CONFLICT DO NOTHING;
INSERT INTO score_sheet_items (id, score_sheet_id, period_criterion_id, score_value) VALUES ('df36f008-2426-4eb7-ab86-b00a89191fda', '54421362-aae6-416b-ad68-8378330dbde4', '8cebf54b-97b4-493c-a837-4707d4828eae', 19) ON CONFLICT DO NOTHING;
INSERT INTO score_sheet_items (id, score_sheet_id, period_criterion_id, score_value) VALUES ('23a339a6-81a2-429e-a706-ae1e2d69fe13', '54421362-aae6-416b-ad68-8378330dbde4', 'bb41dca1-a7d3-4fa8-a819-cd1d0c92bdf2', 17) ON CONFLICT DO NOTHING;
INSERT INTO score_sheet_items (id, score_sheet_id, period_criterion_id, score_value) VALUES ('d11fd135-5143-4b3b-ae8a-8283dcfd4c23', '54421362-aae6-416b-ad68-8378330dbde4', 'ae079c87-3d0a-4aa9-ae5b-8966b4f38a57', 6) ON CONFLICT DO NOTHING;
INSERT INTO score_sheets (id, period_id, project_id, juror_id, status, comment, started_at, last_activity_at) VALUES ('cfb7bc7d-28ae-47fd-ab7b-a30adfc0e424', '952dd05e-8ff2-44a7-a13b-9a22958f57fb', '00f25636-269c-4d25-abd5-3cdbc12a31f8', 'ff458a22-0a8c-4701-a835-da94b83a3b0f', 'submitted', NULL, (timestamp '2025-12-06 09:00:00' + interval '1 hours 52 minutes') - interval '30 mins', (timestamp '2025-12-06 09:00:00' + interval '1 hours 52 minutes')) ON CONFLICT DO NOTHING;
INSERT INTO score_sheet_items (id, score_sheet_id, period_criterion_id, score_value) VALUES ('c1b0833c-6891-4b26-a5a8-8d3bd451d6e9', 'cfb7bc7d-28ae-47fd-ab7b-a30adfc0e424', 'a436fb51-aa71-4afc-a9bf-2232d151fbaa', 28) ON CONFLICT DO NOTHING;
INSERT INTO score_sheet_items (id, score_sheet_id, period_criterion_id, score_value) VALUES ('97193f57-272d-4796-aca7-c6d54188c690', 'cfb7bc7d-28ae-47fd-ab7b-a30adfc0e424', '8cebf54b-97b4-493c-a837-4707d4828eae', 28) ON CONFLICT DO NOTHING;
INSERT INTO score_sheet_items (id, score_sheet_id, period_criterion_id, score_value) VALUES ('d4bb9196-ce12-4593-a7b0-1c8fda2b56d4', 'cfb7bc7d-28ae-47fd-ab7b-a30adfc0e424', 'bb41dca1-a7d3-4fa8-a819-cd1d0c92bdf2', 29) ON CONFLICT DO NOTHING;
INSERT INTO score_sheet_items (id, score_sheet_id, period_criterion_id, score_value) VALUES ('70528e96-4369-4d40-a846-53394abdd0d2', 'cfb7bc7d-28ae-47fd-ab7b-a30adfc0e424', 'ae079c87-3d0a-4aa9-ae5b-8966b4f38a57', 9) ON CONFLICT DO NOTHING;
INSERT INTO score_sheets (id, period_id, project_id, juror_id, status, comment, started_at, last_activity_at) VALUES ('170fe8c7-f2ad-4239-a332-b4b9c7fc0448', '952dd05e-8ff2-44a7-a13b-9a22958f57fb', '46c52db6-2cd0-404d-a2bf-23d390c741ad', 'ff458a22-0a8c-4701-a835-da94b83a3b0f', 'submitted', NULL, (timestamp '2025-12-06 09:00:00' + interval '3 hours 14 minutes') - interval '30 mins', (timestamp '2025-12-06 09:00:00' + interval '3 hours 14 minutes')) ON CONFLICT DO NOTHING;
INSERT INTO score_sheet_items (id, score_sheet_id, period_criterion_id, score_value) VALUES ('693e0cff-4bfa-4ef0-a57c-f88078d15635', '170fe8c7-f2ad-4239-a332-b4b9c7fc0448', 'a436fb51-aa71-4afc-a9bf-2232d151fbaa', 26) ON CONFLICT DO NOTHING;
INSERT INTO score_sheet_items (id, score_sheet_id, period_criterion_id, score_value) VALUES ('20be3e9d-846d-4749-aead-d5d8e9bf028a', '170fe8c7-f2ad-4239-a332-b4b9c7fc0448', '8cebf54b-97b4-493c-a837-4707d4828eae', 26) ON CONFLICT DO NOTHING;
INSERT INTO score_sheet_items (id, score_sheet_id, period_criterion_id, score_value) VALUES ('7ee7c3ce-89f1-41d2-aeca-3a764c6c9b51', '170fe8c7-f2ad-4239-a332-b4b9c7fc0448', 'bb41dca1-a7d3-4fa8-a819-cd1d0c92bdf2', 23) ON CONFLICT DO NOTHING;
INSERT INTO score_sheet_items (id, score_sheet_id, period_criterion_id, score_value) VALUES ('b8dd8057-06b4-492f-a9e4-8bd9ad05c7e5', '170fe8c7-f2ad-4239-a332-b4b9c7fc0448', 'ae079c87-3d0a-4aa9-ae5b-8966b4f38a57', 7) ON CONFLICT DO NOTHING;
INSERT INTO score_sheets (id, period_id, project_id, juror_id, status, comment, started_at, last_activity_at) VALUES ('fc536735-08a7-4c0c-acd9-274bd5ff6d97', '952dd05e-8ff2-44a7-a13b-9a22958f57fb', '12cbf2c4-0a16-4574-abb5-b601beec8176', 'ff458a22-0a8c-4701-a835-da94b83a3b0f', 'submitted', NULL, (timestamp '2025-12-06 09:00:00' + interval '11 hours 30 minutes') - interval '30 mins', (timestamp '2025-12-06 09:00:00' + interval '11 hours 30 minutes')) ON CONFLICT DO NOTHING;
INSERT INTO score_sheet_items (id, score_sheet_id, period_criterion_id, score_value) VALUES ('34956622-85bf-4e6f-ae01-d9ba3d227926', 'fc536735-08a7-4c0c-acd9-274bd5ff6d97', 'a436fb51-aa71-4afc-a9bf-2232d151fbaa', 25) ON CONFLICT DO NOTHING;
INSERT INTO score_sheet_items (id, score_sheet_id, period_criterion_id, score_value) VALUES ('e55ec709-ad53-41a9-a433-2bd996dd5b89', 'fc536735-08a7-4c0c-acd9-274bd5ff6d97', '8cebf54b-97b4-493c-a837-4707d4828eae', 23) ON CONFLICT DO NOTHING;
INSERT INTO score_sheet_items (id, score_sheet_id, period_criterion_id, score_value) VALUES ('e858b0ef-28c5-436b-a691-ce888c45881e', 'fc536735-08a7-4c0c-acd9-274bd5ff6d97', 'bb41dca1-a7d3-4fa8-a819-cd1d0c92bdf2', 23) ON CONFLICT DO NOTHING;
INSERT INTO score_sheet_items (id, score_sheet_id, period_criterion_id, score_value) VALUES ('89a910e1-7c20-4761-a7e0-9499df836ee7', 'fc536735-08a7-4c0c-acd9-274bd5ff6d97', 'ae079c87-3d0a-4aa9-ae5b-8966b4f38a57', 8) ON CONFLICT DO NOTHING;
INSERT INTO score_sheets (id, period_id, project_id, juror_id, status, comment, started_at, last_activity_at) VALUES ('ce3cb557-24eb-4ae9-ae73-d4217aabd5be', '952dd05e-8ff2-44a7-a13b-9a22958f57fb', '0af988df-e6d9-4ac1-a6ec-56343146a552', 'ff458a22-0a8c-4701-a835-da94b83a3b0f', 'submitted', NULL, (timestamp '2025-12-06 09:00:00' + interval '16 hours 56 minutes') - interval '30 mins', (timestamp '2025-12-06 09:00:00' + interval '16 hours 56 minutes')) ON CONFLICT DO NOTHING;
INSERT INTO score_sheet_items (id, score_sheet_id, period_criterion_id, score_value) VALUES ('dc3a99d5-cc5f-408a-abf5-d3987af7c8bb', 'ce3cb557-24eb-4ae9-ae73-d4217aabd5be', 'a436fb51-aa71-4afc-a9bf-2232d151fbaa', 24) ON CONFLICT DO NOTHING;
INSERT INTO score_sheet_items (id, score_sheet_id, period_criterion_id, score_value) VALUES ('8f7ded77-262a-49cc-a308-860b7775ba46', 'ce3cb557-24eb-4ae9-ae73-d4217aabd5be', '8cebf54b-97b4-493c-a837-4707d4828eae', 26) ON CONFLICT DO NOTHING;
INSERT INTO score_sheet_items (id, score_sheet_id, period_criterion_id, score_value) VALUES ('8aeb02dd-78d3-4221-a186-bbb712708daa', 'ce3cb557-24eb-4ae9-ae73-d4217aabd5be', 'bb41dca1-a7d3-4fa8-a819-cd1d0c92bdf2', 25) ON CONFLICT DO NOTHING;
INSERT INTO score_sheet_items (id, score_sheet_id, period_criterion_id, score_value) VALUES ('7cdaf068-40e1-4993-ac22-1cad76de1f55', 'ce3cb557-24eb-4ae9-ae73-d4217aabd5be', 'ae079c87-3d0a-4aa9-ae5b-8966b4f38a57', 8) ON CONFLICT DO NOTHING;
INSERT INTO score_sheets (id, period_id, project_id, juror_id, status, comment, started_at, last_activity_at) VALUES ('a04be7a5-dcb5-4e05-a23c-66fc81b22d74', '952dd05e-8ff2-44a7-a13b-9a22958f57fb', '9dbf8fbe-1580-489c-a551-1eda5fb69025', 'ff458a22-0a8c-4701-a835-da94b83a3b0f', 'submitted', 'İddialı kapsam, karışık sonuçlar.', (timestamp '2025-12-06 09:00:00' + interval '8 hours 13 minutes') - interval '30 mins', (timestamp '2025-12-06 09:00:00' + interval '8 hours 13 minutes')) ON CONFLICT DO NOTHING;
INSERT INTO score_sheet_items (id, score_sheet_id, period_criterion_id, score_value) VALUES ('95667f92-2a93-4a47-ab86-32138393cf59', 'a04be7a5-dcb5-4e05-a23c-66fc81b22d74', 'a436fb51-aa71-4afc-a9bf-2232d151fbaa', 18) ON CONFLICT DO NOTHING;
INSERT INTO score_sheet_items (id, score_sheet_id, period_criterion_id, score_value) VALUES ('26ce11ae-feb9-45bc-aac8-571160848df3', 'a04be7a5-dcb5-4e05-a23c-66fc81b22d74', '8cebf54b-97b4-493c-a837-4707d4828eae', 30) ON CONFLICT DO NOTHING;
INSERT INTO score_sheet_items (id, score_sheet_id, period_criterion_id, score_value) VALUES ('192c4ab2-4d51-43e8-a53e-8950c6af771d', 'a04be7a5-dcb5-4e05-a23c-66fc81b22d74', 'bb41dca1-a7d3-4fa8-a819-cd1d0c92bdf2', 23) ON CONFLICT DO NOTHING;
INSERT INTO score_sheet_items (id, score_sheet_id, period_criterion_id, score_value) VALUES ('41a3d0ba-e406-4c98-af66-08d9169f75a7', 'a04be7a5-dcb5-4e05-a23c-66fc81b22d74', 'ae079c87-3d0a-4aa9-ae5b-8966b4f38a57', 9) ON CONFLICT DO NOTHING;
INSERT INTO score_sheets (id, period_id, project_id, juror_id, status, comment, started_at, last_activity_at) VALUES ('659b947b-b08a-4e2c-a2da-fd8f97bbb42b', '952dd05e-8ff2-44a7-a13b-9a22958f57fb', '7668ebe3-a6f0-40ef-ad92-05cd2694db44', 'ff458a22-0a8c-4701-a835-da94b83a3b0f', 'submitted', NULL, (timestamp '2025-12-06 09:00:00' + interval '14 hours 6 minutes') - interval '30 mins', (timestamp '2025-12-06 09:00:00' + interval '14 hours 6 minutes')) ON CONFLICT DO NOTHING;
INSERT INTO score_sheet_items (id, score_sheet_id, period_criterion_id, score_value) VALUES ('cc8ecde4-38e2-4cb0-ae5c-ae2f8cc448d6', '659b947b-b08a-4e2c-a2da-fd8f97bbb42b', 'a436fb51-aa71-4afc-a9bf-2232d151fbaa', 28) ON CONFLICT DO NOTHING;
INSERT INTO score_sheet_items (id, score_sheet_id, period_criterion_id, score_value) VALUES ('bb6614d6-6fec-4ac1-a815-b42da3cb3269', '659b947b-b08a-4e2c-a2da-fd8f97bbb42b', '8cebf54b-97b4-493c-a837-4707d4828eae', 20) ON CONFLICT DO NOTHING;
INSERT INTO score_sheet_items (id, score_sheet_id, period_criterion_id, score_value) VALUES ('43fa2708-6c86-4111-aa5c-eacd85179fcf', '659b947b-b08a-4e2c-a2da-fd8f97bbb42b', 'bb41dca1-a7d3-4fa8-a819-cd1d0c92bdf2', 20) ON CONFLICT DO NOTHING;
INSERT INTO score_sheet_items (id, score_sheet_id, period_criterion_id, score_value) VALUES ('6bb3bb33-a1ed-4881-af6c-d96144d7c57b', '659b947b-b08a-4e2c-a2da-fd8f97bbb42b', 'ae079c87-3d0a-4aa9-ae5b-8966b4f38a57', 9) ON CONFLICT DO NOTHING;
INSERT INTO score_sheets (id, period_id, project_id, juror_id, status, comment, started_at, last_activity_at) VALUES ('f81bf58e-c12b-4329-af6d-98e0f3abafc8', '952dd05e-8ff2-44a7-a13b-9a22958f57fb', '85a5fd07-493e-4336-adb4-969cce024854', 'ff458a22-0a8c-4701-a835-da94b83a3b0f', 'submitted', 'Minimum beklentiyi karşılıyor ama öne çıkmıyor.', (timestamp '2025-12-06 09:00:00' + interval '15 hours 52 minutes') - interval '30 mins', (timestamp '2025-12-06 09:00:00' + interval '15 hours 52 minutes')) ON CONFLICT DO NOTHING;
INSERT INTO score_sheet_items (id, score_sheet_id, period_criterion_id, score_value) VALUES ('2f976cf7-1859-49be-a38c-a0317cc62942', 'f81bf58e-c12b-4329-af6d-98e0f3abafc8', 'a436fb51-aa71-4afc-a9bf-2232d151fbaa', 19) ON CONFLICT DO NOTHING;
INSERT INTO score_sheet_items (id, score_sheet_id, period_criterion_id, score_value) VALUES ('63a4e894-2055-4102-a845-38a824611436', 'f81bf58e-c12b-4329-af6d-98e0f3abafc8', '8cebf54b-97b4-493c-a837-4707d4828eae', 22) ON CONFLICT DO NOTHING;
INSERT INTO score_sheet_items (id, score_sheet_id, period_criterion_id, score_value) VALUES ('4d5f54bf-8f37-4d92-ad59-eb347825f257', 'f81bf58e-c12b-4329-af6d-98e0f3abafc8', 'bb41dca1-a7d3-4fa8-a819-cd1d0c92bdf2', 21) ON CONFLICT DO NOTHING;
INSERT INTO score_sheet_items (id, score_sheet_id, period_criterion_id, score_value) VALUES ('79b30b77-5ea4-41e5-a5f8-39f102da36b1', 'f81bf58e-c12b-4329-af6d-98e0f3abafc8', 'ae079c87-3d0a-4aa9-ae5b-8966b4f38a57', 7) ON CONFLICT DO NOTHING;
INSERT INTO score_sheets (id, period_id, project_id, juror_id, status, comment, started_at, last_activity_at) VALUES ('d293beca-315c-4e19-a608-ab035602df73', '952dd05e-8ff2-44a7-a13b-9a22958f57fb', 'e42ee6b2-bd1c-49a7-a92f-70fa22a0c956', 'ff458a22-0a8c-4701-a835-da94b83a3b0f', 'submitted', 'Makul bir çalışma, beklenen sonuçlar.', (timestamp '2025-12-06 09:00:00' + interval '7 hours 30 minutes') - interval '30 mins', (timestamp '2025-12-06 09:00:00' + interval '7 hours 30 minutes')) ON CONFLICT DO NOTHING;
INSERT INTO score_sheet_items (id, score_sheet_id, period_criterion_id, score_value) VALUES ('da511499-8353-426c-ad2e-05fc171e861d', 'd293beca-315c-4e19-a608-ab035602df73', 'a436fb51-aa71-4afc-a9bf-2232d151fbaa', 23) ON CONFLICT DO NOTHING;
INSERT INTO score_sheet_items (id, score_sheet_id, period_criterion_id, score_value) VALUES ('90a2154e-39e4-41ba-a7f6-18a86474c5be', 'd293beca-315c-4e19-a608-ab035602df73', '8cebf54b-97b4-493c-a837-4707d4828eae', 23) ON CONFLICT DO NOTHING;
INSERT INTO score_sheet_items (id, score_sheet_id, period_criterion_id, score_value) VALUES ('30244246-3b4d-46ac-ae13-248c428e2846', 'd293beca-315c-4e19-a608-ab035602df73', 'bb41dca1-a7d3-4fa8-a819-cd1d0c92bdf2', 21) ON CONFLICT DO NOTHING;
INSERT INTO score_sheet_items (id, score_sheet_id, period_criterion_id, score_value) VALUES ('b7548edb-06d6-4023-a9ae-53b1111818ea', 'd293beca-315c-4e19-a608-ab035602df73', 'ae079c87-3d0a-4aa9-ae5b-8966b4f38a57', 7) ON CONFLICT DO NOTHING;
INSERT INTO score_sheets (id, period_id, project_id, juror_id, status, comment, started_at, last_activity_at) VALUES ('7506ea56-55a4-40a7-a593-398258d84d93', '952dd05e-8ff2-44a7-a13b-9a22958f57fb', '9df9b21f-4b06-48ec-a936-4796f1469da7', 'ff458a22-0a8c-4701-a835-da94b83a3b0f', 'submitted', NULL, (timestamp '2025-12-06 09:00:00' + interval '7 hours 24 minutes') - interval '30 mins', (timestamp '2025-12-06 09:00:00' + interval '7 hours 24 minutes')) ON CONFLICT DO NOTHING;
INSERT INTO score_sheet_items (id, score_sheet_id, period_criterion_id, score_value) VALUES ('f79c97f7-001b-4453-a219-9e285ef455c8', '7506ea56-55a4-40a7-a593-398258d84d93', 'a436fb51-aa71-4afc-a9bf-2232d151fbaa', 28) ON CONFLICT DO NOTHING;
INSERT INTO score_sheet_items (id, score_sheet_id, period_criterion_id, score_value) VALUES ('3fc19b77-e9d9-4394-addd-ea270c1b6964', '7506ea56-55a4-40a7-a593-398258d84d93', '8cebf54b-97b4-493c-a837-4707d4828eae', 24) ON CONFLICT DO NOTHING;
INSERT INTO score_sheet_items (id, score_sheet_id, period_criterion_id, score_value) VALUES ('e5815181-901c-47eb-af0a-43f6cf3435ce', '7506ea56-55a4-40a7-a593-398258d84d93', 'bb41dca1-a7d3-4fa8-a819-cd1d0c92bdf2', 24) ON CONFLICT DO NOTHING;
INSERT INTO score_sheet_items (id, score_sheet_id, period_criterion_id, score_value) VALUES ('1b8fb719-e897-4e8e-afc6-a0fa6feaaeaa', '7506ea56-55a4-40a7-a593-398258d84d93', 'ae079c87-3d0a-4aa9-ae5b-8966b4f38a57', 8) ON CONFLICT DO NOTHING;
INSERT INTO score_sheets (id, period_id, project_id, juror_id, status, comment, started_at, last_activity_at) VALUES ('21076b33-7daf-4762-a076-a1490980cdda', '952dd05e-8ff2-44a7-a13b-9a22958f57fb', 'a1428f33-5d50-4922-a7e6-48a56760660d', 'ff458a22-0a8c-4701-a835-da94b83a3b0f', 'submitted', 'Eksik bir çalışma — önemli bölümler tamamlanmamış.', (timestamp '2025-12-06 09:00:00' + interval '8 hours 11 minutes') - interval '30 mins', (timestamp '2025-12-06 09:00:00' + interval '8 hours 11 minutes')) ON CONFLICT DO NOTHING;
INSERT INTO score_sheet_items (id, score_sheet_id, period_criterion_id, score_value) VALUES ('e46c174e-193a-4eff-abb8-c26f849c2215', '21076b33-7daf-4762-a076-a1490980cdda', 'a436fb51-aa71-4afc-a9bf-2232d151fbaa', 18) ON CONFLICT DO NOTHING;
INSERT INTO score_sheet_items (id, score_sheet_id, period_criterion_id, score_value) VALUES ('a90d8336-4917-4137-a4b8-676f7d12063a', '21076b33-7daf-4762-a076-a1490980cdda', '8cebf54b-97b4-493c-a837-4707d4828eae', 21) ON CONFLICT DO NOTHING;
INSERT INTO score_sheet_items (id, score_sheet_id, period_criterion_id, score_value) VALUES ('70458835-f717-4f90-a817-f983cf95a1ac', '21076b33-7daf-4762-a076-a1490980cdda', 'bb41dca1-a7d3-4fa8-a819-cd1d0c92bdf2', 18) ON CONFLICT DO NOTHING;
INSERT INTO score_sheet_items (id, score_sheet_id, period_criterion_id, score_value) VALUES ('f800eb0c-cf4d-49e6-a089-638b6d3770e3', '21076b33-7daf-4762-a076-a1490980cdda', 'ae079c87-3d0a-4aa9-ae5b-8966b4f38a57', 6) ON CONFLICT DO NOTHING;
INSERT INTO score_sheets (id, period_id, project_id, juror_id, status, comment, started_at, last_activity_at) VALUES ('7a55734b-226f-4ee9-a267-143be934545c', '952dd05e-8ff2-44a7-a13b-9a22958f57fb', '00f25636-269c-4d25-abd5-3cdbc12a31f8', 'b43a5dc5-d587-4940-a4ab-7d8a7ed44387', 'submitted', 'Gerçek anlamda yenilikçi. Büyük ustalık sergilendi.', (timestamp '2025-12-06 09:00:00' + interval '4 hours 25 minutes') - interval '30 mins', (timestamp '2025-12-06 09:00:00' + interval '4 hours 25 minutes')) ON CONFLICT DO NOTHING;
INSERT INTO score_sheet_items (id, score_sheet_id, period_criterion_id, score_value) VALUES ('095b9f46-2697-4357-adcd-931ae0d3837e', '7a55734b-226f-4ee9-a267-143be934545c', 'a436fb51-aa71-4afc-a9bf-2232d151fbaa', 27) ON CONFLICT DO NOTHING;
INSERT INTO score_sheet_items (id, score_sheet_id, period_criterion_id, score_value) VALUES ('af097aea-2715-459c-a2b7-e606e5447d54', '7a55734b-226f-4ee9-a267-143be934545c', '8cebf54b-97b4-493c-a837-4707d4828eae', 27) ON CONFLICT DO NOTHING;
INSERT INTO score_sheet_items (id, score_sheet_id, period_criterion_id, score_value) VALUES ('afb5f37a-f6fd-411f-ab6c-e3f59980f538', '7a55734b-226f-4ee9-a267-143be934545c', 'bb41dca1-a7d3-4fa8-a819-cd1d0c92bdf2', 27) ON CONFLICT DO NOTHING;
INSERT INTO score_sheet_items (id, score_sheet_id, period_criterion_id, score_value) VALUES ('bcb600ee-9f71-4b21-ab60-b28cde823d86', '7a55734b-226f-4ee9-a267-143be934545c', 'ae079c87-3d0a-4aa9-ae5b-8966b4f38a57', 9) ON CONFLICT DO NOTHING;
INSERT INTO score_sheets (id, period_id, project_id, juror_id, status, comment, started_at, last_activity_at) VALUES ('e8d350b5-2b30-4250-a18c-1fa1849cda4e', '952dd05e-8ff2-44a7-a13b-9a22958f57fb', '46c52db6-2cd0-404d-a2bf-23d390c741ad', 'b43a5dc5-d587-4940-a4ab-7d8a7ed44387', 'submitted', NULL, (timestamp '2025-12-06 09:00:00' + interval '5 hours 51 minutes') - interval '30 mins', (timestamp '2025-12-06 09:00:00' + interval '5 hours 51 minutes')) ON CONFLICT DO NOTHING;
INSERT INTO score_sheet_items (id, score_sheet_id, period_criterion_id, score_value) VALUES ('30b5f5fe-006a-457f-aba7-0e8e9637b261', 'e8d350b5-2b30-4250-a18c-1fa1849cda4e', 'a436fb51-aa71-4afc-a9bf-2232d151fbaa', 24) ON CONFLICT DO NOTHING;
INSERT INTO score_sheet_items (id, score_sheet_id, period_criterion_id, score_value) VALUES ('9e4556d0-0eaf-4dd2-a01d-a11216a2ee14', 'e8d350b5-2b30-4250-a18c-1fa1849cda4e', '8cebf54b-97b4-493c-a837-4707d4828eae', 22) ON CONFLICT DO NOTHING;
INSERT INTO score_sheet_items (id, score_sheet_id, period_criterion_id, score_value) VALUES ('130ccfe0-0189-4181-a836-f16cd04b50fc', 'e8d350b5-2b30-4250-a18c-1fa1849cda4e', 'bb41dca1-a7d3-4fa8-a819-cd1d0c92bdf2', 23) ON CONFLICT DO NOTHING;
INSERT INTO score_sheet_items (id, score_sheet_id, period_criterion_id, score_value) VALUES ('90006a4a-e0f2-4ade-a7fa-62462a1acd83', 'e8d350b5-2b30-4250-a18c-1fa1849cda4e', 'ae079c87-3d0a-4aa9-ae5b-8966b4f38a57', 7) ON CONFLICT DO NOTHING;
INSERT INTO score_sheets (id, period_id, project_id, juror_id, status, comment, started_at, last_activity_at) VALUES ('ae466109-82ac-4132-ab05-ff2386aea8fa', '952dd05e-8ff2-44a7-a13b-9a22958f57fb', '12cbf2c4-0a16-4574-abb5-b601beec8176', 'b43a5dc5-d587-4940-a4ab-7d8a7ed44387', 'submitted', 'Tutarlı ve güçlü bir mühendislik çalışması.', (timestamp '2025-12-06 09:00:00' + interval '7 hours 45 minutes') - interval '30 mins', (timestamp '2025-12-06 09:00:00' + interval '7 hours 45 minutes')) ON CONFLICT DO NOTHING;
INSERT INTO score_sheet_items (id, score_sheet_id, period_criterion_id, score_value) VALUES ('e33b78a5-a045-459b-a154-bd16a9146c2d', 'ae466109-82ac-4132-ab05-ff2386aea8fa', 'a436fb51-aa71-4afc-a9bf-2232d151fbaa', 22) ON CONFLICT DO NOTHING;
INSERT INTO score_sheet_items (id, score_sheet_id, period_criterion_id, score_value) VALUES ('71302911-6da4-47d3-a295-1ac214ee3a83', 'ae466109-82ac-4132-ab05-ff2386aea8fa', '8cebf54b-97b4-493c-a837-4707d4828eae', 23) ON CONFLICT DO NOTHING;
INSERT INTO score_sheet_items (id, score_sheet_id, period_criterion_id, score_value) VALUES ('ca85fd2b-d6cb-4f01-a0a7-b53250c3b62d', 'ae466109-82ac-4132-ab05-ff2386aea8fa', 'bb41dca1-a7d3-4fa8-a819-cd1d0c92bdf2', 22) ON CONFLICT DO NOTHING;
INSERT INTO score_sheet_items (id, score_sheet_id, period_criterion_id, score_value) VALUES ('fb8ecd15-7323-4035-a8ab-9353c7654835', 'ae466109-82ac-4132-ab05-ff2386aea8fa', 'ae079c87-3d0a-4aa9-ae5b-8966b4f38a57', 8) ON CONFLICT DO NOTHING;
INSERT INTO score_sheets (id, period_id, project_id, juror_id, status, comment, started_at, last_activity_at) VALUES ('3688a059-738f-4fcb-aaea-6fa012eedce5', '952dd05e-8ff2-44a7-a13b-9a22958f57fb', '0af988df-e6d9-4ac1-a6ec-56343146a552', 'b43a5dc5-d587-4940-a4ab-7d8a7ed44387', 'submitted', 'Dengeli ve tutarlı bir proje. Zayıf nokta yok.', (timestamp '2025-12-06 09:00:00' + interval '7 hours 46 minutes') - interval '30 mins', (timestamp '2025-12-06 09:00:00' + interval '7 hours 46 minutes')) ON CONFLICT DO NOTHING;
INSERT INTO score_sheet_items (id, score_sheet_id, period_criterion_id, score_value) VALUES ('543dfaac-c985-4bfe-ac3e-1a57ce3c0a56', '3688a059-738f-4fcb-aaea-6fa012eedce5', 'a436fb51-aa71-4afc-a9bf-2232d151fbaa', 24) ON CONFLICT DO NOTHING;
INSERT INTO score_sheet_items (id, score_sheet_id, period_criterion_id, score_value) VALUES ('2717eac6-dadd-4542-ab33-b96bbd9975ca', '3688a059-738f-4fcb-aaea-6fa012eedce5', '8cebf54b-97b4-493c-a837-4707d4828eae', 25) ON CONFLICT DO NOTHING;
INSERT INTO score_sheet_items (id, score_sheet_id, period_criterion_id, score_value) VALUES ('45b41735-d6d2-4c1d-a0f3-39b1e97dca63', '3688a059-738f-4fcb-aaea-6fa012eedce5', 'bb41dca1-a7d3-4fa8-a819-cd1d0c92bdf2', 25) ON CONFLICT DO NOTHING;
INSERT INTO score_sheet_items (id, score_sheet_id, period_criterion_id, score_value) VALUES ('7bab88f7-78c7-4c77-ab06-a971c065d3a9', '3688a059-738f-4fcb-aaea-6fa012eedce5', 'ae079c87-3d0a-4aa9-ae5b-8966b4f38a57', 8) ON CONFLICT DO NOTHING;
INSERT INTO score_sheets (id, period_id, project_id, juror_id, status, comment, started_at, last_activity_at) VALUES ('3bc0d1fd-4b67-4eca-ac67-c40f7f929fec', '952dd05e-8ff2-44a7-a13b-9a22958f57fb', '9dbf8fbe-1580-489c-a551-1eda5fb69025', 'b43a5dc5-d587-4940-a4ab-7d8a7ed44387', 'submitted', NULL, (timestamp '2025-12-06 09:00:00' + interval '19 hours 16 minutes') - interval '30 mins', (timestamp '2025-12-06 09:00:00' + interval '19 hours 16 minutes')) ON CONFLICT DO NOTHING;
INSERT INTO score_sheet_items (id, score_sheet_id, period_criterion_id, score_value) VALUES ('daa8c6b5-2529-452e-a9cc-3875e340de88', '3bc0d1fd-4b67-4eca-ac67-c40f7f929fec', 'a436fb51-aa71-4afc-a9bf-2232d151fbaa', 23) ON CONFLICT DO NOTHING;
INSERT INTO score_sheet_items (id, score_sheet_id, period_criterion_id, score_value) VALUES ('fa00857f-6412-4e26-ab37-a5523bb201d5', '3bc0d1fd-4b67-4eca-ac67-c40f7f929fec', '8cebf54b-97b4-493c-a837-4707d4828eae', 19) ON CONFLICT DO NOTHING;
INSERT INTO score_sheet_items (id, score_sheet_id, period_criterion_id, score_value) VALUES ('1942af1e-199a-48e0-adfc-982422a3eb1c', '3bc0d1fd-4b67-4eca-ac67-c40f7f929fec', 'bb41dca1-a7d3-4fa8-a819-cd1d0c92bdf2', 27) ON CONFLICT DO NOTHING;
INSERT INTO score_sheet_items (id, score_sheet_id, period_criterion_id, score_value) VALUES ('d0b4aab2-c0a6-4d3c-a542-a44e7ab60d07', '3bc0d1fd-4b67-4eca-ac67-c40f7f929fec', 'ae079c87-3d0a-4aa9-ae5b-8966b4f38a57', 5) ON CONFLICT DO NOTHING;
INSERT INTO score_sheets (id, period_id, project_id, juror_id, status, comment, started_at, last_activity_at) VALUES ('dc9d6d41-8a50-42f0-a596-eb2b1a805806', '952dd05e-8ff2-44a7-a13b-9a22958f57fb', '7668ebe3-a6f0-40ef-ad92-05cd2694db44', 'b43a5dc5-d587-4940-a4ab-7d8a7ed44387', 'submitted', 'Teknik olarak çok güçlü ama sunumu zayıf.', (timestamp '2025-12-06 09:00:00' + interval '14 hours 36 minutes') - interval '30 mins', (timestamp '2025-12-06 09:00:00' + interval '14 hours 36 minutes')) ON CONFLICT DO NOTHING;
INSERT INTO score_sheet_items (id, score_sheet_id, period_criterion_id, score_value) VALUES ('c1624d60-417b-493f-a2ad-dff8b242f915', 'dc9d6d41-8a50-42f0-a596-eb2b1a805806', 'a436fb51-aa71-4afc-a9bf-2232d151fbaa', 27) ON CONFLICT DO NOTHING;
INSERT INTO score_sheet_items (id, score_sheet_id, period_criterion_id, score_value) VALUES ('88ebb9f0-76aa-49e0-ac8f-792c927f52b5', 'dc9d6d41-8a50-42f0-a596-eb2b1a805806', '8cebf54b-97b4-493c-a837-4707d4828eae', 19) ON CONFLICT DO NOTHING;
INSERT INTO score_sheet_items (id, score_sheet_id, period_criterion_id, score_value) VALUES ('164cfc6d-1dec-4cc7-a89e-e3ca416c6afc', 'dc9d6d41-8a50-42f0-a596-eb2b1a805806', 'bb41dca1-a7d3-4fa8-a819-cd1d0c92bdf2', 19) ON CONFLICT DO NOTHING;
INSERT INTO score_sheet_items (id, score_sheet_id, period_criterion_id, score_value) VALUES ('e77832c2-9ab5-48fa-a02f-6a52516f9244', 'dc9d6d41-8a50-42f0-a596-eb2b1a805806', 'ae079c87-3d0a-4aa9-ae5b-8966b4f38a57', 9) ON CONFLICT DO NOTHING;
INSERT INTO score_sheets (id, period_id, project_id, juror_id, status, comment, started_at, last_activity_at) VALUES ('5b2e20b4-d42e-474d-ab3d-586cf43ba398', '952dd05e-8ff2-44a7-a13b-9a22958f57fb', '85a5fd07-493e-4336-adb4-969cce024854', 'b43a5dc5-d587-4940-a4ab-7d8a7ed44387', 'submitted', 'Minimum beklentiyi karşılıyor ama öne çıkmıyor.', (timestamp '2025-12-06 09:00:00' + interval '10 hours 8 minutes') - interval '30 mins', (timestamp '2025-12-06 09:00:00' + interval '10 hours 8 minutes')) ON CONFLICT DO NOTHING;
INSERT INTO score_sheet_items (id, score_sheet_id, period_criterion_id, score_value) VALUES ('c74beefc-0955-423d-addb-75a842fc217e', '5b2e20b4-d42e-474d-ab3d-586cf43ba398', 'a436fb51-aa71-4afc-a9bf-2232d151fbaa', 19) ON CONFLICT DO NOTHING;
INSERT INTO score_sheet_items (id, score_sheet_id, period_criterion_id, score_value) VALUES ('5d4429e4-96e6-45b9-a6ef-5a080822d384', '5b2e20b4-d42e-474d-ab3d-586cf43ba398', '8cebf54b-97b4-493c-a837-4707d4828eae', 20) ON CONFLICT DO NOTHING;
INSERT INTO score_sheet_items (id, score_sheet_id, period_criterion_id, score_value) VALUES ('a3148e0e-9126-410a-a036-4a0746b6a108', '5b2e20b4-d42e-474d-ab3d-586cf43ba398', 'bb41dca1-a7d3-4fa8-a819-cd1d0c92bdf2', 21) ON CONFLICT DO NOTHING;
INSERT INTO score_sheet_items (id, score_sheet_id, period_criterion_id, score_value) VALUES ('9d380bf1-2f57-4fdd-a841-3ad7cb3ebd47', '5b2e20b4-d42e-474d-ab3d-586cf43ba398', 'ae079c87-3d0a-4aa9-ae5b-8966b4f38a57', 6) ON CONFLICT DO NOTHING;
INSERT INTO score_sheets (id, period_id, project_id, juror_id, status, comment, started_at, last_activity_at) VALUES ('cfef3fe1-2a4f-477e-a15d-b4a0e3392283', '952dd05e-8ff2-44a7-a13b-9a22958f57fb', 'e42ee6b2-bd1c-49a7-a92f-70fa22a0c956', 'b43a5dc5-d587-4940-a4ab-7d8a7ed44387', 'submitted', 'Makul bir çalışma, beklenen sonuçlar.', (timestamp '2025-12-06 09:00:00' + interval '12 hours 28 minutes') - interval '30 mins', (timestamp '2025-12-06 09:00:00' + interval '12 hours 28 minutes')) ON CONFLICT DO NOTHING;
INSERT INTO score_sheet_items (id, score_sheet_id, period_criterion_id, score_value) VALUES ('8a272a89-f64e-4c90-a217-35b283f33755', 'cfef3fe1-2a4f-477e-a15d-b4a0e3392283', 'a436fb51-aa71-4afc-a9bf-2232d151fbaa', 23) ON CONFLICT DO NOTHING;
INSERT INTO score_sheet_items (id, score_sheet_id, period_criterion_id, score_value) VALUES ('e31d1be5-c879-4e18-aafc-5779a096060a', 'cfef3fe1-2a4f-477e-a15d-b4a0e3392283', '8cebf54b-97b4-493c-a837-4707d4828eae', 21) ON CONFLICT DO NOTHING;
INSERT INTO score_sheet_items (id, score_sheet_id, period_criterion_id, score_value) VALUES ('73131754-5cbb-4bad-a0a2-84b25a08ea42', 'cfef3fe1-2a4f-477e-a15d-b4a0e3392283', 'bb41dca1-a7d3-4fa8-a819-cd1d0c92bdf2', 22) ON CONFLICT DO NOTHING;
INSERT INTO score_sheet_items (id, score_sheet_id, period_criterion_id, score_value) VALUES ('f0bff783-a18e-42cb-ad65-d6e8e5b99b1a', 'cfef3fe1-2a4f-477e-a15d-b4a0e3392283', 'ae079c87-3d0a-4aa9-ae5b-8966b4f38a57', 7) ON CONFLICT DO NOTHING;
INSERT INTO score_sheets (id, period_id, project_id, juror_id, status, comment, started_at, last_activity_at) VALUES ('c98b094a-5525-4c85-a967-90ccd3ed6027', '952dd05e-8ff2-44a7-a13b-9a22958f57fb', '9df9b21f-4b06-48ec-a936-4796f1469da7', 'b43a5dc5-d587-4940-a4ab-7d8a7ed44387', 'submitted', 'Yavaş başladı ama çok güçlü bitirdi.', (timestamp '2025-12-06 09:00:00' + interval '18 hours 19 minutes') - interval '30 mins', (timestamp '2025-12-06 09:00:00' + interval '18 hours 19 minutes')) ON CONFLICT DO NOTHING;
INSERT INTO score_sheet_items (id, score_sheet_id, period_criterion_id, score_value) VALUES ('9248e5ce-aba1-4b85-afbd-c7842f1b4e34', 'c98b094a-5525-4c85-a967-90ccd3ed6027', 'a436fb51-aa71-4afc-a9bf-2232d151fbaa', 25) ON CONFLICT DO NOTHING;
INSERT INTO score_sheet_items (id, score_sheet_id, period_criterion_id, score_value) VALUES ('d8246820-b94a-4dea-a680-dd00780323b3', 'c98b094a-5525-4c85-a967-90ccd3ed6027', '8cebf54b-97b4-493c-a837-4707d4828eae', 22) ON CONFLICT DO NOTHING;
INSERT INTO score_sheet_items (id, score_sheet_id, period_criterion_id, score_value) VALUES ('f15ace5b-65f2-40a1-a841-894d09d08c7b', 'c98b094a-5525-4c85-a967-90ccd3ed6027', 'bb41dca1-a7d3-4fa8-a819-cd1d0c92bdf2', 22) ON CONFLICT DO NOTHING;
INSERT INTO score_sheet_items (id, score_sheet_id, period_criterion_id, score_value) VALUES ('b8d274db-42f2-4c0e-af35-3febd18fdaae', 'c98b094a-5525-4c85-a967-90ccd3ed6027', 'ae079c87-3d0a-4aa9-ae5b-8966b4f38a57', 9) ON CONFLICT DO NOTHING;
INSERT INTO score_sheets (id, period_id, project_id, juror_id, status, comment, started_at, last_activity_at) VALUES ('65220cca-329d-4dea-a297-bfa6bdf00818', '952dd05e-8ff2-44a7-a13b-9a22958f57fb', 'a1428f33-5d50-4922-a7e6-48a56760660d', 'b43a5dc5-d587-4940-a4ab-7d8a7ed44387', 'submitted', NULL, (timestamp '2025-12-06 09:00:00' + interval '15 hours 31 minutes') - interval '30 mins', (timestamp '2025-12-06 09:00:00' + interval '15 hours 31 minutes')) ON CONFLICT DO NOTHING;
INSERT INTO score_sheet_items (id, score_sheet_id, period_criterion_id, score_value) VALUES ('1782b447-c706-4c7a-a0eb-e6d185584590', '65220cca-329d-4dea-a297-bfa6bdf00818', 'a436fb51-aa71-4afc-a9bf-2232d151fbaa', 16) ON CONFLICT DO NOTHING;
INSERT INTO score_sheet_items (id, score_sheet_id, period_criterion_id, score_value) VALUES ('820e1b9f-a3a1-44e9-ac7f-da1dba30e31d', '65220cca-329d-4dea-a297-bfa6bdf00818', '8cebf54b-97b4-493c-a837-4707d4828eae', 17) ON CONFLICT DO NOTHING;
INSERT INTO score_sheet_items (id, score_sheet_id, period_criterion_id, score_value) VALUES ('adac8a56-0dd9-4199-a5d6-2f90791cd717', '65220cca-329d-4dea-a297-bfa6bdf00818', 'bb41dca1-a7d3-4fa8-a819-cd1d0c92bdf2', 17) ON CONFLICT DO NOTHING;
INSERT INTO score_sheet_items (id, score_sheet_id, period_criterion_id, score_value) VALUES ('72cf0b41-3671-4f0a-a03b-4458a924a60c', '65220cca-329d-4dea-a297-bfa6bdf00818', 'ae079c87-3d0a-4aa9-ae5b-8966b4f38a57', 6) ON CONFLICT DO NOTHING;
INSERT INTO score_sheets (id, period_id, project_id, juror_id, status, comment, started_at, last_activity_at) VALUES ('1e55b7b3-be51-40f7-a155-6e23fea6d1b4', 'e55e0820-93f2-487f-abaa-4ae64a77e93e', 'be3a4e6f-a69b-418a-a333-215fbfdf5261', 'aaa0da50-6432-47e0-ab48-b01ca823ef19', 'submitted', NULL, (timestamp '2025-05-10 09:00:00' + interval '16 hours 6 minutes') - interval '30 mins', (timestamp '2025-05-10 09:00:00' + interval '16 hours 6 minutes')) ON CONFLICT DO NOTHING;
INSERT INTO score_sheet_items (id, score_sheet_id, period_criterion_id, score_value) VALUES ('d505b925-5909-4c2a-a1d2-a5007c005172', '1e55b7b3-be51-40f7-a155-6e23fea6d1b4', '5c1f4f21-151a-4b22-a335-5ef961d9e99f', 30) ON CONFLICT DO NOTHING;
INSERT INTO score_sheet_items (id, score_sheet_id, period_criterion_id, score_value) VALUES ('3b9122bf-1fec-4203-adef-c9c293de6ccc', '1e55b7b3-be51-40f7-a155-6e23fea6d1b4', '15dca296-abd2-4fd9-adb3-ff2d66b91858', 29) ON CONFLICT DO NOTHING;
INSERT INTO score_sheet_items (id, score_sheet_id, period_criterion_id, score_value) VALUES ('ffd33330-3b02-4053-a960-b04119c48020', '1e55b7b3-be51-40f7-a155-6e23fea6d1b4', '01b94576-b441-4c66-ac35-be4aa17effa3', 28) ON CONFLICT DO NOTHING;
INSERT INTO score_sheet_items (id, score_sheet_id, period_criterion_id, score_value) VALUES ('e06dad0a-d935-4912-adad-1c983cda9d48', '1e55b7b3-be51-40f7-a155-6e23fea6d1b4', '7a7a05a9-ac9c-402d-aa04-6a07b69dccde', 9) ON CONFLICT DO NOTHING;
INSERT INTO score_sheets (id, period_id, project_id, juror_id, status, comment, started_at, last_activity_at) VALUES ('37ad38d0-5f96-4af6-a0ee-afacc1243573', 'e55e0820-93f2-487f-abaa-4ae64a77e93e', '85cf466e-cb30-49f6-a3ac-58884c85a854', 'aaa0da50-6432-47e0-ab48-b01ca823ef19', 'submitted', NULL, (timestamp '2025-05-10 09:00:00' + interval '4 hours 33 minutes') - interval '30 mins', (timestamp '2025-05-10 09:00:00' + interval '4 hours 33 minutes')) ON CONFLICT DO NOTHING;
INSERT INTO score_sheet_items (id, score_sheet_id, period_criterion_id, score_value) VALUES ('29287b69-7a14-448a-adf6-698a26b6b7b1', '37ad38d0-5f96-4af6-a0ee-afacc1243573', '5c1f4f21-151a-4b22-a335-5ef961d9e99f', 24) ON CONFLICT DO NOTHING;
INSERT INTO score_sheet_items (id, score_sheet_id, period_criterion_id, score_value) VALUES ('ac4f4ed3-a999-49c9-aa1f-12697245fe85', '37ad38d0-5f96-4af6-a0ee-afacc1243573', '15dca296-abd2-4fd9-adb3-ff2d66b91858', 24) ON CONFLICT DO NOTHING;
INSERT INTO score_sheet_items (id, score_sheet_id, period_criterion_id, score_value) VALUES ('c8539c5f-d79d-42ee-ae39-cf89970c603b', '37ad38d0-5f96-4af6-a0ee-afacc1243573', '01b94576-b441-4c66-ac35-be4aa17effa3', 24) ON CONFLICT DO NOTHING;
INSERT INTO score_sheet_items (id, score_sheet_id, period_criterion_id, score_value) VALUES ('baade0c5-b31b-4103-acc6-04284027f140', '37ad38d0-5f96-4af6-a0ee-afacc1243573', '7a7a05a9-ac9c-402d-aa04-6a07b69dccde', 8) ON CONFLICT DO NOTHING;
INSERT INTO score_sheets (id, period_id, project_id, juror_id, status, comment, started_at, last_activity_at) VALUES ('2edfa2fd-cdba-41e8-ad38-7a34734393b5', 'e55e0820-93f2-487f-abaa-4ae64a77e93e', 'c2fd33b6-8b39-4397-acec-1dd12cdfc62b', 'aaa0da50-6432-47e0-ab48-b01ca823ef19', 'submitted', 'İyi düzeyde teknik çalışma ve dokümantasyon.', (timestamp '2025-05-10 09:00:00' + interval '1 hours 2 minutes') - interval '30 mins', (timestamp '2025-05-10 09:00:00' + interval '1 hours 2 minutes')) ON CONFLICT DO NOTHING;
INSERT INTO score_sheet_items (id, score_sheet_id, period_criterion_id, score_value) VALUES ('2062f022-3ea2-4f86-a802-7b1d953d45c5', '2edfa2fd-cdba-41e8-ad38-7a34734393b5', '5c1f4f21-151a-4b22-a335-5ef961d9e99f', 24) ON CONFLICT DO NOTHING;
INSERT INTO score_sheet_items (id, score_sheet_id, period_criterion_id, score_value) VALUES ('a5452929-b98a-4eb5-aa77-51d4fec40d24', '2edfa2fd-cdba-41e8-ad38-7a34734393b5', '15dca296-abd2-4fd9-adb3-ff2d66b91858', 24) ON CONFLICT DO NOTHING;
INSERT INTO score_sheet_items (id, score_sheet_id, period_criterion_id, score_value) VALUES ('18049b9d-9986-454e-a93f-3cde25b742ce', '2edfa2fd-cdba-41e8-ad38-7a34734393b5', '01b94576-b441-4c66-ac35-be4aa17effa3', 22) ON CONFLICT DO NOTHING;
INSERT INTO score_sheet_items (id, score_sheet_id, period_criterion_id, score_value) VALUES ('96f8bc17-3353-4582-a98d-2a7656976261', '2edfa2fd-cdba-41e8-ad38-7a34734393b5', '7a7a05a9-ac9c-402d-aa04-6a07b69dccde', 8) ON CONFLICT DO NOTHING;
INSERT INTO score_sheets (id, period_id, project_id, juror_id, status, comment, started_at, last_activity_at) VALUES ('939a1521-f3df-4681-a593-0944713723de', 'e55e0820-93f2-487f-abaa-4ae64a77e93e', '49d1f760-f4a0-40f3-a142-a11518c59c92', 'aaa0da50-6432-47e0-ab48-b01ca823ef19', 'submitted', 'Bazı parlak anlar var ama tutarsız performans.', (timestamp '2025-05-10 09:00:00' + interval '19 hours 27 minutes') - interval '30 mins', (timestamp '2025-05-10 09:00:00' + interval '19 hours 27 minutes')) ON CONFLICT DO NOTHING;
INSERT INTO score_sheet_items (id, score_sheet_id, period_criterion_id, score_value) VALUES ('ef4b97ef-6f05-42f4-a2ee-ddecf39c3825', '939a1521-f3df-4681-a593-0944713723de', '5c1f4f21-151a-4b22-a335-5ef961d9e99f', 29) ON CONFLICT DO NOTHING;
INSERT INTO score_sheet_items (id, score_sheet_id, period_criterion_id, score_value) VALUES ('289365b1-3a91-483b-abf6-87bd7639eb5c', '939a1521-f3df-4681-a593-0944713723de', '15dca296-abd2-4fd9-adb3-ff2d66b91858', 16) ON CONFLICT DO NOTHING;
INSERT INTO score_sheet_items (id, score_sheet_id, period_criterion_id, score_value) VALUES ('892c54ae-cc6a-4022-a10c-401a54c071d9', '939a1521-f3df-4681-a593-0944713723de', '01b94576-b441-4c66-ac35-be4aa17effa3', 20) ON CONFLICT DO NOTHING;
INSERT INTO score_sheet_items (id, score_sheet_id, period_criterion_id, score_value) VALUES ('44919ec4-d308-489e-a288-db41be15c45e', '939a1521-f3df-4681-a593-0944713723de', '7a7a05a9-ac9c-402d-aa04-6a07b69dccde', 6) ON CONFLICT DO NOTHING;
INSERT INTO score_sheets (id, period_id, project_id, juror_id, status, comment, started_at, last_activity_at) VALUES ('9d446506-504e-4291-ad17-3c0aa33150bc', 'e55e0820-93f2-487f-abaa-4ae64a77e93e', '37454857-5e99-408e-a70c-253d8e140e33', 'aaa0da50-6432-47e0-ab48-b01ca823ef19', 'in_progress', NULL, (timestamp '2025-05-10 09:00:00' + interval '1 hours 59 minutes') - interval '30 mins', (timestamp '2025-05-10 09:00:00' + interval '1 hours 59 minutes')) ON CONFLICT DO NOTHING;
INSERT INTO score_sheet_items (id, score_sheet_id, period_criterion_id, score_value) VALUES ('f5094369-9950-49be-acdd-9bace8f004e5', '9d446506-504e-4291-ad17-3c0aa33150bc', '5c1f4f21-151a-4b22-a335-5ef961d9e99f', 20) ON CONFLICT DO NOTHING;
INSERT INTO score_sheet_items (id, score_sheet_id, period_criterion_id, score_value) VALUES ('9baec16f-c29c-41c1-a183-7be26682c5d8', '9d446506-504e-4291-ad17-3c0aa33150bc', '15dca296-abd2-4fd9-adb3-ff2d66b91858', 19) ON CONFLICT DO NOTHING;
INSERT INTO score_sheets (id, period_id, project_id, juror_id, status, comment, started_at, last_activity_at) VALUES ('be6023f8-61ae-4b94-a567-159b184b234a', 'e55e0820-93f2-487f-abaa-4ae64a77e93e', 'be3a4e6f-a69b-418a-a333-215fbfdf5261', '9a21397b-552a-4b00-a5c4-15a0982436b1', 'submitted', NULL, (timestamp '2025-05-10 09:00:00' + interval '18 hours 23 minutes') - interval '30 mins', (timestamp '2025-05-10 09:00:00' + interval '18 hours 23 minutes')) ON CONFLICT DO NOTHING;
INSERT INTO score_sheet_items (id, score_sheet_id, period_criterion_id, score_value) VALUES ('794baef1-fd67-4df5-a68b-8a737bf4a2df', 'be6023f8-61ae-4b94-a567-159b184b234a', '5c1f4f21-151a-4b22-a335-5ef961d9e99f', 27) ON CONFLICT DO NOTHING;
INSERT INTO score_sheet_items (id, score_sheet_id, period_criterion_id, score_value) VALUES ('97610ae8-5fee-4d3b-a40b-131936e36385', 'be6023f8-61ae-4b94-a567-159b184b234a', '15dca296-abd2-4fd9-adb3-ff2d66b91858', 27) ON CONFLICT DO NOTHING;
INSERT INTO score_sheet_items (id, score_sheet_id, period_criterion_id, score_value) VALUES ('6d9e7697-18b7-4727-a208-819414b516af', 'be6023f8-61ae-4b94-a567-159b184b234a', '01b94576-b441-4c66-ac35-be4aa17effa3', 27) ON CONFLICT DO NOTHING;
INSERT INTO score_sheet_items (id, score_sheet_id, period_criterion_id, score_value) VALUES ('1568498c-7d92-4048-a49d-870996977b9a', 'be6023f8-61ae-4b94-a567-159b184b234a', '7a7a05a9-ac9c-402d-aa04-6a07b69dccde', 9) ON CONFLICT DO NOTHING;
INSERT INTO score_sheets (id, period_id, project_id, juror_id, status, comment, started_at, last_activity_at) VALUES ('d87b9df1-2053-435e-a7c8-d471fa2df660', 'e55e0820-93f2-487f-abaa-4ae64a77e93e', '85cf466e-cb30-49f6-a3ac-58884c85a854', '9a21397b-552a-4b00-a5c4-15a0982436b1', 'submitted', NULL, (timestamp '2025-05-10 09:00:00' + interval '17 hours 31 minutes') - interval '30 mins', (timestamp '2025-05-10 09:00:00' + interval '17 hours 31 minutes')) ON CONFLICT DO NOTHING;
INSERT INTO score_sheet_items (id, score_sheet_id, period_criterion_id, score_value) VALUES ('7218619c-ef21-4223-aacc-20b04fc75799', 'd87b9df1-2053-435e-a7c8-d471fa2df660', '5c1f4f21-151a-4b22-a335-5ef961d9e99f', 24) ON CONFLICT DO NOTHING;
INSERT INTO score_sheet_items (id, score_sheet_id, period_criterion_id, score_value) VALUES ('7391bb75-d4aa-4503-a036-51dba278e7b5', 'd87b9df1-2053-435e-a7c8-d471fa2df660', '15dca296-abd2-4fd9-adb3-ff2d66b91858', 21) ON CONFLICT DO NOTHING;
INSERT INTO score_sheet_items (id, score_sheet_id, period_criterion_id, score_value) VALUES ('2b10b0f7-7aaf-4e98-ab66-12d31388b3c0', 'd87b9df1-2053-435e-a7c8-d471fa2df660', '01b94576-b441-4c66-ac35-be4aa17effa3', 21) ON CONFLICT DO NOTHING;
INSERT INTO score_sheet_items (id, score_sheet_id, period_criterion_id, score_value) VALUES ('34368805-61b8-4bda-ae44-b42b4f78a5a6', 'd87b9df1-2053-435e-a7c8-d471fa2df660', '7a7a05a9-ac9c-402d-aa04-6a07b69dccde', 7) ON CONFLICT DO NOTHING;
INSERT INTO score_sheets (id, period_id, project_id, juror_id, status, comment, started_at, last_activity_at) VALUES ('f0ae390e-f0f2-4af9-a05b-2ea8862b8ec9', 'e55e0820-93f2-487f-abaa-4ae64a77e93e', 'c2fd33b6-8b39-4397-acec-1dd12cdfc62b', '9a21397b-552a-4b00-a5c4-15a0982436b1', 'submitted', NULL, (timestamp '2025-05-10 09:00:00' + interval '8 hours 39 minutes') - interval '30 mins', (timestamp '2025-05-10 09:00:00' + interval '8 hours 39 minutes')) ON CONFLICT DO NOTHING;
INSERT INTO score_sheet_items (id, score_sheet_id, period_criterion_id, score_value) VALUES ('3ed7b12e-851b-40da-a1f1-d10855603381', 'f0ae390e-f0f2-4af9-a05b-2ea8862b8ec9', '5c1f4f21-151a-4b22-a335-5ef961d9e99f', 21) ON CONFLICT DO NOTHING;
INSERT INTO score_sheet_items (id, score_sheet_id, period_criterion_id, score_value) VALUES ('1fa7c5c0-34df-4701-a12f-2aa6b7b1cda3', 'f0ae390e-f0f2-4af9-a05b-2ea8862b8ec9', '15dca296-abd2-4fd9-adb3-ff2d66b91858', 21) ON CONFLICT DO NOTHING;
INSERT INTO score_sheet_items (id, score_sheet_id, period_criterion_id, score_value) VALUES ('0e6fbf3b-1baa-487b-a570-4e7eebd8de9d', 'f0ae390e-f0f2-4af9-a05b-2ea8862b8ec9', '01b94576-b441-4c66-ac35-be4aa17effa3', 24) ON CONFLICT DO NOTHING;
INSERT INTO score_sheet_items (id, score_sheet_id, period_criterion_id, score_value) VALUES ('7e7d27cb-ef94-4e73-ab27-4e9510785d09', 'f0ae390e-f0f2-4af9-a05b-2ea8862b8ec9', '7a7a05a9-ac9c-402d-aa04-6a07b69dccde', 7) ON CONFLICT DO NOTHING;
INSERT INTO score_sheets (id, period_id, project_id, juror_id, status, comment, started_at, last_activity_at) VALUES ('f4c29ba6-1101-49ec-a13d-d0177c431325', 'e55e0820-93f2-487f-abaa-4ae64a77e93e', '49d1f760-f4a0-40f3-a142-a11518c59c92', '9a21397b-552a-4b00-a5c4-15a0982436b1', 'submitted', 'Bazı parlak anlar var ama tutarsız performans.', (timestamp '2025-05-10 09:00:00' + interval '13 hours 52 minutes') - interval '30 mins', (timestamp '2025-05-10 09:00:00' + interval '13 hours 52 minutes')) ON CONFLICT DO NOTHING;
INSERT INTO score_sheet_items (id, score_sheet_id, period_criterion_id, score_value) VALUES ('bc0b0439-0803-497a-a2c9-f828384228ba', 'f4c29ba6-1101-49ec-a13d-d0177c431325', '5c1f4f21-151a-4b22-a335-5ef961d9e99f', 21) ON CONFLICT DO NOTHING;
INSERT INTO score_sheet_items (id, score_sheet_id, period_criterion_id, score_value) VALUES ('26f49ba4-56c6-453c-ad1a-0d4f821fde75', 'f4c29ba6-1101-49ec-a13d-d0177c431325', '15dca296-abd2-4fd9-adb3-ff2d66b91858', 26) ON CONFLICT DO NOTHING;
INSERT INTO score_sheet_items (id, score_sheet_id, period_criterion_id, score_value) VALUES ('3f89dce6-3dd8-4d92-a27a-8f0d34e8142e', 'f4c29ba6-1101-49ec-a13d-d0177c431325', '01b94576-b441-4c66-ac35-be4aa17effa3', 19) ON CONFLICT DO NOTHING;
INSERT INTO score_sheet_items (id, score_sheet_id, period_criterion_id, score_value) VALUES ('5cf33cce-0504-4679-ab5a-a77e1c914899', 'f4c29ba6-1101-49ec-a13d-d0177c431325', '7a7a05a9-ac9c-402d-aa04-6a07b69dccde', 5) ON CONFLICT DO NOTHING;
INSERT INTO score_sheets (id, period_id, project_id, juror_id, status, comment, started_at, last_activity_at) VALUES ('0edea8a9-8cdb-4753-a0f7-022bf8cadccc', 'e55e0820-93f2-487f-abaa-4ae64a77e93e', '37454857-5e99-408e-a70c-253d8e140e33', '9a21397b-552a-4b00-a5c4-15a0982436b1', 'submitted', 'Minimum beklentiyi karşılıyor ama öne çıkmıyor.', (timestamp '2025-05-10 09:00:00' + interval '7 hours 8 minutes') - interval '30 mins', (timestamp '2025-05-10 09:00:00' + interval '7 hours 8 minutes')) ON CONFLICT DO NOTHING;
INSERT INTO score_sheet_items (id, score_sheet_id, period_criterion_id, score_value) VALUES ('c1af8bc5-2c99-41be-a590-a2fbc4d13a45', '0edea8a9-8cdb-4753-a0f7-022bf8cadccc', '5c1f4f21-151a-4b22-a335-5ef961d9e99f', 20) ON CONFLICT DO NOTHING;
INSERT INTO score_sheet_items (id, score_sheet_id, period_criterion_id, score_value) VALUES ('4eaa17fa-62f3-4e42-a3fd-472020477868', '0edea8a9-8cdb-4753-a0f7-022bf8cadccc', '15dca296-abd2-4fd9-adb3-ff2d66b91858', 17) ON CONFLICT DO NOTHING;
INSERT INTO score_sheet_items (id, score_sheet_id, period_criterion_id, score_value) VALUES ('a0ddf927-dffb-4d9f-afe9-87c491d828f3', '0edea8a9-8cdb-4753-a0f7-022bf8cadccc', '01b94576-b441-4c66-ac35-be4aa17effa3', 18) ON CONFLICT DO NOTHING;
INSERT INTO score_sheet_items (id, score_sheet_id, period_criterion_id, score_value) VALUES ('425d90d8-4a62-478f-a272-f390a5987c05', '0edea8a9-8cdb-4753-a0f7-022bf8cadccc', '7a7a05a9-ac9c-402d-aa04-6a07b69dccde', 6) ON CONFLICT DO NOTHING;
INSERT INTO score_sheets (id, period_id, project_id, juror_id, status, comment, started_at, last_activity_at) VALUES ('45e7880f-350f-44fc-ac84-99b41ba7f4ce', 'e55e0820-93f2-487f-abaa-4ae64a77e93e', '038c82cd-2cbd-49c6-a4a5-1f4310dcbf24', '9a21397b-552a-4b00-a5c4-15a0982436b1', 'submitted', 'Makul bir çalışma, beklenen sonuçlar.', (timestamp '2025-05-10 09:00:00' + interval '6 hours 25 minutes') - interval '30 mins', (timestamp '2025-05-10 09:00:00' + interval '6 hours 25 minutes')) ON CONFLICT DO NOTHING;
INSERT INTO score_sheet_items (id, score_sheet_id, period_criterion_id, score_value) VALUES ('0a97fae4-f77c-4d0c-ab6b-c126f561f555', '45e7880f-350f-44fc-ac84-99b41ba7f4ce', '5c1f4f21-151a-4b22-a335-5ef961d9e99f', 20) ON CONFLICT DO NOTHING;
INSERT INTO score_sheet_items (id, score_sheet_id, period_criterion_id, score_value) VALUES ('19eca0d5-e466-4024-a817-77b38ea7c13d', '45e7880f-350f-44fc-ac84-99b41ba7f4ce', '15dca296-abd2-4fd9-adb3-ff2d66b91858', 21) ON CONFLICT DO NOTHING;
INSERT INTO score_sheet_items (id, score_sheet_id, period_criterion_id, score_value) VALUES ('b9169868-0967-4579-a35c-b38e2803a381', '45e7880f-350f-44fc-ac84-99b41ba7f4ce', '01b94576-b441-4c66-ac35-be4aa17effa3', 22) ON CONFLICT DO NOTHING;
INSERT INTO score_sheet_items (id, score_sheet_id, period_criterion_id, score_value) VALUES ('5cb33cd9-fbd8-4303-a15b-44f237a1dd6a', '45e7880f-350f-44fc-ac84-99b41ba7f4ce', '7a7a05a9-ac9c-402d-aa04-6a07b69dccde', 6) ON CONFLICT DO NOTHING;
INSERT INTO score_sheets (id, period_id, project_id, juror_id, status, comment, started_at, last_activity_at) VALUES ('29f95cb5-f38f-4b8a-a75b-d328a0fac731', 'e55e0820-93f2-487f-abaa-4ae64a77e93e', '0a8aefdb-8daa-4b08-a9da-449b739d60f3', '9a21397b-552a-4b00-a5c4-15a0982436b1', 'submitted', NULL, (timestamp '2025-05-10 09:00:00' + interval '16 hours 38 minutes') - interval '30 mins', (timestamp '2025-05-10 09:00:00' + interval '16 hours 38 minutes')) ON CONFLICT DO NOTHING;
INSERT INTO score_sheet_items (id, score_sheet_id, period_criterion_id, score_value) VALUES ('0dc2ee65-d047-4786-a1ff-76d6a56b8ebb', '29f95cb5-f38f-4b8a-a75b-d328a0fac731', '5c1f4f21-151a-4b22-a335-5ef961d9e99f', 23) ON CONFLICT DO NOTHING;
INSERT INTO score_sheet_items (id, score_sheet_id, period_criterion_id, score_value) VALUES ('f54d7ba5-81e4-4702-a378-344e66c19410', '29f95cb5-f38f-4b8a-a75b-d328a0fac731', '15dca296-abd2-4fd9-adb3-ff2d66b91858', 22) ON CONFLICT DO NOTHING;
INSERT INTO score_sheet_items (id, score_sheet_id, period_criterion_id, score_value) VALUES ('30b05d7f-30a6-4d3e-a519-d66564efe3a5', '29f95cb5-f38f-4b8a-a75b-d328a0fac731', '01b94576-b441-4c66-ac35-be4aa17effa3', 23) ON CONFLICT DO NOTHING;
INSERT INTO score_sheet_items (id, score_sheet_id, period_criterion_id, score_value) VALUES ('3555bead-c491-4191-a649-bf89690cfb4f', '29f95cb5-f38f-4b8a-a75b-d328a0fac731', '7a7a05a9-ac9c-402d-aa04-6a07b69dccde', 8) ON CONFLICT DO NOTHING;
INSERT INTO score_sheets (id, period_id, project_id, juror_id, status, comment, started_at, last_activity_at) VALUES ('59e27d6d-23a6-47e7-a84e-7d8a23817b65', 'e55e0820-93f2-487f-abaa-4ae64a77e93e', '5368a9f3-4762-44a5-a950-e0ab610b0183', '9a21397b-552a-4b00-a5c4-15a0982436b1', 'submitted', NULL, (timestamp '2025-05-10 09:00:00' + interval '18 hours 41 minutes') - interval '30 mins', (timestamp '2025-05-10 09:00:00' + interval '18 hours 41 minutes')) ON CONFLICT DO NOTHING;
INSERT INTO score_sheet_items (id, score_sheet_id, period_criterion_id, score_value) VALUES ('26cd6e16-fc79-4f41-a1f4-50fcb10c991e', '59e27d6d-23a6-47e7-a84e-7d8a23817b65', '5c1f4f21-151a-4b22-a335-5ef961d9e99f', 16) ON CONFLICT DO NOTHING;
INSERT INTO score_sheet_items (id, score_sheet_id, period_criterion_id, score_value) VALUES ('0ce4f736-3256-4c78-ab65-c1c3deadf8ea', '59e27d6d-23a6-47e7-a84e-7d8a23817b65', '15dca296-abd2-4fd9-adb3-ff2d66b91858', 17) ON CONFLICT DO NOTHING;
INSERT INTO score_sheet_items (id, score_sheet_id, period_criterion_id, score_value) VALUES ('e6120425-2e25-4e97-af2a-7c2db077456c', '59e27d6d-23a6-47e7-a84e-7d8a23817b65', '01b94576-b441-4c66-ac35-be4aa17effa3', 16) ON CONFLICT DO NOTHING;
INSERT INTO score_sheet_items (id, score_sheet_id, period_criterion_id, score_value) VALUES ('e48838ec-53dc-4204-a2b7-625f0c2d7f43', '59e27d6d-23a6-47e7-a84e-7d8a23817b65', '7a7a05a9-ac9c-402d-aa04-6a07b69dccde', 6) ON CONFLICT DO NOTHING;
INSERT INTO score_sheets (id, period_id, project_id, juror_id, status, comment, started_at, last_activity_at) VALUES ('fa34baac-c79f-40fa-a643-56f733ac92df', 'e55e0820-93f2-487f-abaa-4ae64a77e93e', 'be3a4e6f-a69b-418a-a333-215fbfdf5261', '7d1bbec7-493f-4e1a-aee5-be30df51db49', 'submitted', 'Tüm kriterlerde olağanüstü bir çalışma.', (timestamp '2025-05-10 09:00:00' + interval '1 hours 34 minutes') - interval '30 mins', (timestamp '2025-05-10 09:00:00' + interval '1 hours 34 minutes')) ON CONFLICT DO NOTHING;
INSERT INTO score_sheet_items (id, score_sheet_id, period_criterion_id, score_value) VALUES ('f97971fd-4ff5-4378-abeb-4d4a841e67ce', 'fa34baac-c79f-40fa-a643-56f733ac92df', '5c1f4f21-151a-4b22-a335-5ef961d9e99f', 29) ON CONFLICT DO NOTHING;
INSERT INTO score_sheet_items (id, score_sheet_id, period_criterion_id, score_value) VALUES ('8f54504a-3559-4cb1-a3ff-375538237b95', 'fa34baac-c79f-40fa-a643-56f733ac92df', '15dca296-abd2-4fd9-adb3-ff2d66b91858', 28) ON CONFLICT DO NOTHING;
INSERT INTO score_sheet_items (id, score_sheet_id, period_criterion_id, score_value) VALUES ('cd801577-d434-471b-ad8c-8a17c8a24d6f', 'fa34baac-c79f-40fa-a643-56f733ac92df', '01b94576-b441-4c66-ac35-be4aa17effa3', 27) ON CONFLICT DO NOTHING;
INSERT INTO score_sheet_items (id, score_sheet_id, period_criterion_id, score_value) VALUES ('ee2fc1a6-92c3-476e-a3d2-c8d05042b436', 'fa34baac-c79f-40fa-a643-56f733ac92df', '7a7a05a9-ac9c-402d-aa04-6a07b69dccde', 8) ON CONFLICT DO NOTHING;
INSERT INTO score_sheets (id, period_id, project_id, juror_id, status, comment, started_at, last_activity_at) VALUES ('8fa9f4da-fee0-48a2-ae2f-f426517b3d39', 'e55e0820-93f2-487f-abaa-4ae64a77e93e', '85cf466e-cb30-49f6-a3ac-58884c85a854', '7d1bbec7-493f-4e1a-aee5-be30df51db49', 'submitted', 'İyi düzeyde teknik çalışma ve dokümantasyon.', (timestamp '2025-05-10 09:00:00' + interval '5 hours 12 minutes') - interval '30 mins', (timestamp '2025-05-10 09:00:00' + interval '5 hours 12 minutes')) ON CONFLICT DO NOTHING;
INSERT INTO score_sheet_items (id, score_sheet_id, period_criterion_id, score_value) VALUES ('312e7360-7d36-4b4c-a8fb-fc599465d0a3', '8fa9f4da-fee0-48a2-ae2f-f426517b3d39', '5c1f4f21-151a-4b22-a335-5ef961d9e99f', 23) ON CONFLICT DO NOTHING;
INSERT INTO score_sheet_items (id, score_sheet_id, period_criterion_id, score_value) VALUES ('bb77bf9d-9096-410a-a557-deedde97bd4f', '8fa9f4da-fee0-48a2-ae2f-f426517b3d39', '15dca296-abd2-4fd9-adb3-ff2d66b91858', 24) ON CONFLICT DO NOTHING;
INSERT INTO score_sheet_items (id, score_sheet_id, period_criterion_id, score_value) VALUES ('bacaaafe-b5b2-40df-a830-18991e0e8955', '8fa9f4da-fee0-48a2-ae2f-f426517b3d39', '01b94576-b441-4c66-ac35-be4aa17effa3', 24) ON CONFLICT DO NOTHING;
INSERT INTO score_sheet_items (id, score_sheet_id, period_criterion_id, score_value) VALUES ('292faa84-addb-4e34-ab7f-55c0c25b285e', '8fa9f4da-fee0-48a2-ae2f-f426517b3d39', '7a7a05a9-ac9c-402d-aa04-6a07b69dccde', 8) ON CONFLICT DO NOTHING;
INSERT INTO score_sheets (id, period_id, project_id, juror_id, status, comment, started_at, last_activity_at) VALUES ('d3906ce2-d12c-4f75-afa6-205be076d6e0', 'e55e0820-93f2-487f-abaa-4ae64a77e93e', 'c2fd33b6-8b39-4397-acec-1dd12cdfc62b', '7d1bbec7-493f-4e1a-aee5-be30df51db49', 'submitted', 'Tutarlı ve güçlü bir mühendislik çalışması.', (timestamp '2025-05-10 09:00:00' + interval '1 hours 40 minutes') - interval '30 mins', (timestamp '2025-05-10 09:00:00' + interval '1 hours 40 minutes')) ON CONFLICT DO NOTHING;
INSERT INTO score_sheet_items (id, score_sheet_id, period_criterion_id, score_value) VALUES ('a6e0d7a5-742d-41f4-a236-86581c78b9a8', 'd3906ce2-d12c-4f75-afa6-205be076d6e0', '5c1f4f21-151a-4b22-a335-5ef961d9e99f', 25) ON CONFLICT DO NOTHING;
INSERT INTO score_sheet_items (id, score_sheet_id, period_criterion_id, score_value) VALUES ('95519cd5-9fd7-4b44-a9e9-de171b2b5333', 'd3906ce2-d12c-4f75-afa6-205be076d6e0', '15dca296-abd2-4fd9-adb3-ff2d66b91858', 25) ON CONFLICT DO NOTHING;
INSERT INTO score_sheet_items (id, score_sheet_id, period_criterion_id, score_value) VALUES ('2e818ac5-b111-4b65-a8fc-daa46337eae4', 'd3906ce2-d12c-4f75-afa6-205be076d6e0', '01b94576-b441-4c66-ac35-be4aa17effa3', 24) ON CONFLICT DO NOTHING;
INSERT INTO score_sheet_items (id, score_sheet_id, period_criterion_id, score_value) VALUES ('0456d887-d601-48ca-a40c-5a5e06f3b4d4', 'd3906ce2-d12c-4f75-afa6-205be076d6e0', '7a7a05a9-ac9c-402d-aa04-6a07b69dccde', 7) ON CONFLICT DO NOTHING;
INSERT INTO score_sheets (id, period_id, project_id, juror_id, status, comment, started_at, last_activity_at) VALUES ('f2511f8a-f9f2-4104-af43-c9045080a0b6', 'e55e0820-93f2-487f-abaa-4ae64a77e93e', '49d1f760-f4a0-40f3-a142-a11518c59c92', '7d1bbec7-493f-4e1a-aee5-be30df51db49', 'submitted', 'Bazı parlak anlar var ama tutarsız performans.', (timestamp '2025-05-10 09:00:00' + interval '3 hours 35 minutes') - interval '30 mins', (timestamp '2025-05-10 09:00:00' + interval '3 hours 35 minutes')) ON CONFLICT DO NOTHING;
INSERT INTO score_sheet_items (id, score_sheet_id, period_criterion_id, score_value) VALUES ('08e9beda-5378-4c25-a311-4368f51e170d', 'f2511f8a-f9f2-4104-af43-c9045080a0b6', '5c1f4f21-151a-4b22-a335-5ef961d9e99f', 26) ON CONFLICT DO NOTHING;
INSERT INTO score_sheet_items (id, score_sheet_id, period_criterion_id, score_value) VALUES ('6582c5d1-fcc4-4df6-ae9e-e5e4d1fc71a9', 'f2511f8a-f9f2-4104-af43-c9045080a0b6', '15dca296-abd2-4fd9-adb3-ff2d66b91858', 21) ON CONFLICT DO NOTHING;
INSERT INTO score_sheet_items (id, score_sheet_id, period_criterion_id, score_value) VALUES ('8e7848bf-d367-4829-a41a-5a5f5b154520', 'f2511f8a-f9f2-4104-af43-c9045080a0b6', '01b94576-b441-4c66-ac35-be4aa17effa3', 29) ON CONFLICT DO NOTHING;
INSERT INTO score_sheet_items (id, score_sheet_id, period_criterion_id, score_value) VALUES ('e3eaee46-625b-49cb-a6c7-85d8d22f1868', 'f2511f8a-f9f2-4104-af43-c9045080a0b6', '7a7a05a9-ac9c-402d-aa04-6a07b69dccde', 7) ON CONFLICT DO NOTHING;
INSERT INTO score_sheets (id, period_id, project_id, juror_id, status, comment, started_at, last_activity_at) VALUES ('b50f699d-ca91-4134-a350-f8ece24ae18d', 'e55e0820-93f2-487f-abaa-4ae64a77e93e', '37454857-5e99-408e-a70c-253d8e140e33', '7d1bbec7-493f-4e1a-aee5-be30df51db49', 'submitted', 'Minimum beklentiyi karşılıyor ama öne çıkmıyor.', (timestamp '2025-05-10 09:00:00' + interval '11 hours 42 minutes') - interval '30 mins', (timestamp '2025-05-10 09:00:00' + interval '11 hours 42 minutes')) ON CONFLICT DO NOTHING;
INSERT INTO score_sheet_items (id, score_sheet_id, period_criterion_id, score_value) VALUES ('1d03cf51-bdb7-4668-ab04-c4438eda08e0', 'b50f699d-ca91-4134-a350-f8ece24ae18d', '5c1f4f21-151a-4b22-a335-5ef961d9e99f', 21) ON CONFLICT DO NOTHING;
INSERT INTO score_sheet_items (id, score_sheet_id, period_criterion_id, score_value) VALUES ('feabd04b-ff43-481a-afab-f2f231836c30', 'b50f699d-ca91-4134-a350-f8ece24ae18d', '15dca296-abd2-4fd9-adb3-ff2d66b91858', 21) ON CONFLICT DO NOTHING;
INSERT INTO score_sheet_items (id, score_sheet_id, period_criterion_id, score_value) VALUES ('a2197c07-bf05-420e-a95e-73f5122692db', 'b50f699d-ca91-4134-a350-f8ece24ae18d', '01b94576-b441-4c66-ac35-be4aa17effa3', 20) ON CONFLICT DO NOTHING;
INSERT INTO score_sheet_items (id, score_sheet_id, period_criterion_id, score_value) VALUES ('2c720ba9-1c4b-47c6-a378-6f74b4aaeaa3', 'b50f699d-ca91-4134-a350-f8ece24ae18d', '7a7a05a9-ac9c-402d-aa04-6a07b69dccde', 6) ON CONFLICT DO NOTHING;
INSERT INTO score_sheets (id, period_id, project_id, juror_id, status, comment, started_at, last_activity_at) VALUES ('d265d581-e41d-45ac-a24d-0c498cd70724', 'e55e0820-93f2-487f-abaa-4ae64a77e93e', '038c82cd-2cbd-49c6-a4a5-1f4310dcbf24', '7d1bbec7-493f-4e1a-aee5-be30df51db49', 'submitted', 'Makul bir çalışma, beklenen sonuçlar.', (timestamp '2025-05-10 09:00:00' + interval '8 hours 53 minutes') - interval '30 mins', (timestamp '2025-05-10 09:00:00' + interval '8 hours 53 minutes')) ON CONFLICT DO NOTHING;
INSERT INTO score_sheet_items (id, score_sheet_id, period_criterion_id, score_value) VALUES ('f204f86a-d7ed-4c54-a0dc-0d3c7c801c67', 'd265d581-e41d-45ac-a24d-0c498cd70724', '5c1f4f21-151a-4b22-a335-5ef961d9e99f', 22) ON CONFLICT DO NOTHING;
INSERT INTO score_sheet_items (id, score_sheet_id, period_criterion_id, score_value) VALUES ('4964b16b-db61-4b52-a7b1-0fcefee97b8c', 'd265d581-e41d-45ac-a24d-0c498cd70724', '15dca296-abd2-4fd9-adb3-ff2d66b91858', 23) ON CONFLICT DO NOTHING;
INSERT INTO score_sheet_items (id, score_sheet_id, period_criterion_id, score_value) VALUES ('8c70ef8c-0f91-4814-a157-4fa50ffff687', 'd265d581-e41d-45ac-a24d-0c498cd70724', '01b94576-b441-4c66-ac35-be4aa17effa3', 22) ON CONFLICT DO NOTHING;
INSERT INTO score_sheet_items (id, score_sheet_id, period_criterion_id, score_value) VALUES ('b6db8159-7885-4dc7-ac5b-2dae52e661b7', 'd265d581-e41d-45ac-a24d-0c498cd70724', '7a7a05a9-ac9c-402d-aa04-6a07b69dccde', 6) ON CONFLICT DO NOTHING;
INSERT INTO score_sheets (id, period_id, project_id, juror_id, status, comment, started_at, last_activity_at) VALUES ('37b22e72-4f9b-49c1-a089-9b6daae77311', 'e55e0820-93f2-487f-abaa-4ae64a77e93e', '0a8aefdb-8daa-4b08-a9da-449b739d60f3', '7d1bbec7-493f-4e1a-aee5-be30df51db49', 'submitted', NULL, (timestamp '2025-05-10 09:00:00' + interval '8 hours 44 minutes') - interval '30 mins', (timestamp '2025-05-10 09:00:00' + interval '8 hours 44 minutes')) ON CONFLICT DO NOTHING;
INSERT INTO score_sheet_items (id, score_sheet_id, period_criterion_id, score_value) VALUES ('673ba6d7-65a7-48ef-af66-3e147194a364', '37b22e72-4f9b-49c1-a089-9b6daae77311', '5c1f4f21-151a-4b22-a335-5ef961d9e99f', 25) ON CONFLICT DO NOTHING;
INSERT INTO score_sheet_items (id, score_sheet_id, period_criterion_id, score_value) VALUES ('0727f32f-4a51-454c-af13-8491d45271db', '37b22e72-4f9b-49c1-a089-9b6daae77311', '15dca296-abd2-4fd9-adb3-ff2d66b91858', 26) ON CONFLICT DO NOTHING;
INSERT INTO score_sheet_items (id, score_sheet_id, period_criterion_id, score_value) VALUES ('c47f132e-5ac4-40eb-a42b-dd3cb0368658', '37b22e72-4f9b-49c1-a089-9b6daae77311', '01b94576-b441-4c66-ac35-be4aa17effa3', 25) ON CONFLICT DO NOTHING;
INSERT INTO score_sheet_items (id, score_sheet_id, period_criterion_id, score_value) VALUES ('f1280a17-fdf7-4234-a7bb-b8f7b6fe751b', '37b22e72-4f9b-49c1-a089-9b6daae77311', '7a7a05a9-ac9c-402d-aa04-6a07b69dccde', 8) ON CONFLICT DO NOTHING;
INSERT INTO score_sheets (id, period_id, project_id, juror_id, status, comment, started_at, last_activity_at) VALUES ('3577f68c-aeed-483e-a67e-5aa1a9c59d69', 'e55e0820-93f2-487f-abaa-4ae64a77e93e', '5368a9f3-4762-44a5-a950-e0ab610b0183', '7d1bbec7-493f-4e1a-aee5-be30df51db49', 'submitted', NULL, (timestamp '2025-05-10 09:00:00' + interval '1 hours 53 minutes') - interval '30 mins', (timestamp '2025-05-10 09:00:00' + interval '1 hours 53 minutes')) ON CONFLICT DO NOTHING;
INSERT INTO score_sheet_items (id, score_sheet_id, period_criterion_id, score_value) VALUES ('51e5d8fb-b3ef-4ec7-a697-9c0e64e7bd80', '3577f68c-aeed-483e-a67e-5aa1a9c59d69', '5c1f4f21-151a-4b22-a335-5ef961d9e99f', 21) ON CONFLICT DO NOTHING;
INSERT INTO score_sheet_items (id, score_sheet_id, period_criterion_id, score_value) VALUES ('3d1ba9ab-30bf-4a47-a77a-bfedc0e7f0f7', '3577f68c-aeed-483e-a67e-5aa1a9c59d69', '15dca296-abd2-4fd9-adb3-ff2d66b91858', 19) ON CONFLICT DO NOTHING;
INSERT INTO score_sheet_items (id, score_sheet_id, period_criterion_id, score_value) VALUES ('ecdf15d9-1da5-413a-a317-1afc45984669', '3577f68c-aeed-483e-a67e-5aa1a9c59d69', '01b94576-b441-4c66-ac35-be4aa17effa3', 20) ON CONFLICT DO NOTHING;
INSERT INTO score_sheet_items (id, score_sheet_id, period_criterion_id, score_value) VALUES ('a3fb9211-0aef-47c3-ae59-44490a9a5c87', '3577f68c-aeed-483e-a67e-5aa1a9c59d69', '7a7a05a9-ac9c-402d-aa04-6a07b69dccde', 6) ON CONFLICT DO NOTHING;
INSERT INTO score_sheets (id, period_id, project_id, juror_id, status, comment, started_at, last_activity_at) VALUES ('006f5e1e-f5f3-4d48-a12c-290a42257854', '10078594-2707-4c3f-a212-42add04fbd84', '60146fd4-7794-4dd7-a91f-8dad08a9759a', 'aaa0da50-6432-47e0-ab48-b01ca823ef19', 'submitted', 'Teknik derinlik ve profesyonel sunum açısından çok başarılı.', (timestamp '2024-12-07 09:00:00' + interval '5 hours 19 minutes') - interval '30 mins', (timestamp '2024-12-07 09:00:00' + interval '5 hours 19 minutes')) ON CONFLICT DO NOTHING;
INSERT INTO score_sheet_items (id, score_sheet_id, period_criterion_id, score_value) VALUES ('4973ef96-b4d8-4b9d-a59e-c25f0b458494', '006f5e1e-f5f3-4d48-a12c-290a42257854', '0feebb9e-7f45-4128-a54b-5d8d078d7694', 28) ON CONFLICT DO NOTHING;
INSERT INTO score_sheet_items (id, score_sheet_id, period_criterion_id, score_value) VALUES ('d569d14c-2304-4891-a8c6-6d88d615cb2b', '006f5e1e-f5f3-4d48-a12c-290a42257854', '499fa39c-6170-4adb-a41b-18f3f16b2aff', 29) ON CONFLICT DO NOTHING;
INSERT INTO score_sheet_items (id, score_sheet_id, period_criterion_id, score_value) VALUES ('cef4183a-ec90-4eed-a042-bd7d2a920d58', '006f5e1e-f5f3-4d48-a12c-290a42257854', '649147ea-84e0-46dc-ad4d-18d33ed8d7ff', 28) ON CONFLICT DO NOTHING;
INSERT INTO score_sheet_items (id, score_sheet_id, period_criterion_id, score_value) VALUES ('b63757da-8e2a-4eef-a072-95e2b85668bd', '006f5e1e-f5f3-4d48-a12c-290a42257854', '2c2eb619-5709-41d6-a377-8d3b963a6ea3', 9) ON CONFLICT DO NOTHING;
INSERT INTO score_sheets (id, period_id, project_id, juror_id, status, comment, started_at, last_activity_at) VALUES ('92b53089-59c6-4bff-a15b-7cbf708b975d', '10078594-2707-4c3f-a212-42add04fbd84', 'b89cf1e1-6820-4efb-ad3e-9ab5b4f1bafa', 'aaa0da50-6432-47e0-ab48-b01ca823ef19', 'submitted', NULL, (timestamp '2024-12-07 09:00:00' + interval '20 hours 58 minutes') - interval '30 mins', (timestamp '2024-12-07 09:00:00' + interval '20 hours 58 minutes')) ON CONFLICT DO NOTHING;
INSERT INTO score_sheet_items (id, score_sheet_id, period_criterion_id, score_value) VALUES ('262b41c8-d56c-428f-a161-89066a4ced81', '92b53089-59c6-4bff-a15b-7cbf708b975d', '0feebb9e-7f45-4128-a54b-5d8d078d7694', 24) ON CONFLICT DO NOTHING;
INSERT INTO score_sheet_items (id, score_sheet_id, period_criterion_id, score_value) VALUES ('9226e688-4d53-41db-af56-081221efb65c', '92b53089-59c6-4bff-a15b-7cbf708b975d', '499fa39c-6170-4adb-a41b-18f3f16b2aff', 26) ON CONFLICT DO NOTHING;
INSERT INTO score_sheet_items (id, score_sheet_id, period_criterion_id, score_value) VALUES ('1fb3824d-c819-4c5c-aa87-1739ce616c91', '92b53089-59c6-4bff-a15b-7cbf708b975d', '649147ea-84e0-46dc-ad4d-18d33ed8d7ff', 23) ON CONFLICT DO NOTHING;
INSERT INTO score_sheet_items (id, score_sheet_id, period_criterion_id, score_value) VALUES ('5ac933ee-eeaa-4ef7-a978-2de4bd992c80', '92b53089-59c6-4bff-a15b-7cbf708b975d', '2c2eb619-5709-41d6-a377-8d3b963a6ea3', 8) ON CONFLICT DO NOTHING;
INSERT INTO score_sheets (id, period_id, project_id, juror_id, status, comment, started_at, last_activity_at) VALUES ('09d3981b-ae08-4a6c-ac52-18ec325eafb3', '10078594-2707-4c3f-a212-42add04fbd84', '0db79881-0974-4a2d-a8a2-86efdb30bda1', 'aaa0da50-6432-47e0-ab48-b01ca823ef19', 'submitted', NULL, (timestamp '2024-12-07 09:00:00' + interval '8 hours 55 minutes') - interval '30 mins', (timestamp '2024-12-07 09:00:00' + interval '8 hours 55 minutes')) ON CONFLICT DO NOTHING;
INSERT INTO score_sheet_items (id, score_sheet_id, period_criterion_id, score_value) VALUES ('c63b9de7-8aef-403f-a6d9-d52faf198d0f', '09d3981b-ae08-4a6c-ac52-18ec325eafb3', '0feebb9e-7f45-4128-a54b-5d8d078d7694', 18) ON CONFLICT DO NOTHING;
INSERT INTO score_sheet_items (id, score_sheet_id, period_criterion_id, score_value) VALUES ('d18cfc1a-7605-4b1b-af6f-002ab15864b4', '09d3981b-ae08-4a6c-ac52-18ec325eafb3', '499fa39c-6170-4adb-a41b-18f3f16b2aff', 18) ON CONFLICT DO NOTHING;
INSERT INTO score_sheet_items (id, score_sheet_id, period_criterion_id, score_value) VALUES ('a5722c3d-57b6-4a1e-a95e-94f4b20ae781', '09d3981b-ae08-4a6c-ac52-18ec325eafb3', '649147ea-84e0-46dc-ad4d-18d33ed8d7ff', 21) ON CONFLICT DO NOTHING;
INSERT INTO score_sheet_items (id, score_sheet_id, period_criterion_id, score_value) VALUES ('89a43330-92c0-4d47-ae57-a5e3561fffae', '09d3981b-ae08-4a6c-ac52-18ec325eafb3', '2c2eb619-5709-41d6-a377-8d3b963a6ea3', 7) ON CONFLICT DO NOTHING;
INSERT INTO score_sheets (id, period_id, project_id, juror_id, status, comment, started_at, last_activity_at) VALUES ('94617ece-e051-4b45-a88b-b6a202909028', '10078594-2707-4c3f-a212-42add04fbd84', '94f3c7a2-8ea9-4145-ab65-f3ff259b945c', 'aaa0da50-6432-47e0-ab48-b01ca823ef19', 'in_progress', NULL, (timestamp '2024-12-07 09:00:00' + interval '9 hours 36 minutes') - interval '30 mins', (timestamp '2024-12-07 09:00:00' + interval '9 hours 36 minutes')) ON CONFLICT DO NOTHING;
INSERT INTO score_sheet_items (id, score_sheet_id, period_criterion_id, score_value) VALUES ('e42670d8-053e-4819-a051-f9ada90205e1', '94617ece-e051-4b45-a88b-b6a202909028', '0feebb9e-7f45-4128-a54b-5d8d078d7694', 17) ON CONFLICT DO NOTHING;
INSERT INTO score_sheet_items (id, score_sheet_id, period_criterion_id, score_value) VALUES ('cad5108f-477d-4632-a8fb-35201c0b8dd3', '94617ece-e051-4b45-a88b-b6a202909028', '499fa39c-6170-4adb-a41b-18f3f16b2aff', 17) ON CONFLICT DO NOTHING;
INSERT INTO score_sheets (id, period_id, project_id, juror_id, status, comment, started_at, last_activity_at) VALUES ('ab0b810d-4350-49a1-a9e5-4bb02fc6afe2', '10078594-2707-4c3f-a212-42add04fbd84', '60146fd4-7794-4dd7-a91f-8dad08a9759a', '9a21397b-552a-4b00-a5c4-15a0982436b1', 'submitted', NULL, (timestamp '2024-12-07 09:00:00' + interval '5 hours 59 minutes') - interval '30 mins', (timestamp '2024-12-07 09:00:00' + interval '5 hours 59 minutes')) ON CONFLICT DO NOTHING;
INSERT INTO score_sheet_items (id, score_sheet_id, period_criterion_id, score_value) VALUES ('a481940e-83f0-4165-aa83-f7fd221155a4', 'ab0b810d-4350-49a1-a9e5-4bb02fc6afe2', '0feebb9e-7f45-4128-a54b-5d8d078d7694', 27) ON CONFLICT DO NOTHING;
INSERT INTO score_sheet_items (id, score_sheet_id, period_criterion_id, score_value) VALUES ('586a893d-2617-4f7d-a10e-618d70dc6aba', 'ab0b810d-4350-49a1-a9e5-4bb02fc6afe2', '499fa39c-6170-4adb-a41b-18f3f16b2aff', 26) ON CONFLICT DO NOTHING;
INSERT INTO score_sheet_items (id, score_sheet_id, period_criterion_id, score_value) VALUES ('2d9e41c6-8c1e-49a8-ace9-d83e4b0d506e', 'ab0b810d-4350-49a1-a9e5-4bb02fc6afe2', '649147ea-84e0-46dc-ad4d-18d33ed8d7ff', 26) ON CONFLICT DO NOTHING;
INSERT INTO score_sheet_items (id, score_sheet_id, period_criterion_id, score_value) VALUES ('145e2a87-dfee-450c-a541-b94b1a0ee451', 'ab0b810d-4350-49a1-a9e5-4bb02fc6afe2', '2c2eb619-5709-41d6-a377-8d3b963a6ea3', 9) ON CONFLICT DO NOTHING;
INSERT INTO score_sheets (id, period_id, project_id, juror_id, status, comment, started_at, last_activity_at) VALUES ('19950515-fca5-4680-ad53-55fb86cbc458', '10078594-2707-4c3f-a212-42add04fbd84', 'b89cf1e1-6820-4efb-ad3e-9ab5b4f1bafa', '9a21397b-552a-4b00-a5c4-15a0982436b1', 'submitted', 'Tutarlı ve güçlü bir mühendislik çalışması.', (timestamp '2024-12-07 09:00:00' + interval '12 hours 3 minutes') - interval '30 mins', (timestamp '2024-12-07 09:00:00' + interval '12 hours 3 minutes')) ON CONFLICT DO NOTHING;
INSERT INTO score_sheet_items (id, score_sheet_id, period_criterion_id, score_value) VALUES ('86473f57-363b-43f0-af3c-b3317b6ee1cb', '19950515-fca5-4680-ad53-55fb86cbc458', '0feebb9e-7f45-4128-a54b-5d8d078d7694', 24) ON CONFLICT DO NOTHING;
INSERT INTO score_sheet_items (id, score_sheet_id, period_criterion_id, score_value) VALUES ('c3610056-9638-4b1c-ab0a-78c39b544c45', '19950515-fca5-4680-ad53-55fb86cbc458', '499fa39c-6170-4adb-a41b-18f3f16b2aff', 23) ON CONFLICT DO NOTHING;
INSERT INTO score_sheet_items (id, score_sheet_id, period_criterion_id, score_value) VALUES ('5518c262-922d-4adc-a28e-b15435d322dd', '19950515-fca5-4680-ad53-55fb86cbc458', '649147ea-84e0-46dc-ad4d-18d33ed8d7ff', 23) ON CONFLICT DO NOTHING;
INSERT INTO score_sheet_items (id, score_sheet_id, period_criterion_id, score_value) VALUES ('c450536b-30a9-4e04-a8ae-deda4cde98d3', '19950515-fca5-4680-ad53-55fb86cbc458', '2c2eb619-5709-41d6-a377-8d3b963a6ea3', 8) ON CONFLICT DO NOTHING;
INSERT INTO score_sheets (id, period_id, project_id, juror_id, status, comment, started_at, last_activity_at) VALUES ('51e0dfc9-7171-44eb-a89a-b2368dd52c08', '10078594-2707-4c3f-a212-42add04fbd84', '0db79881-0974-4a2d-a8a2-86efdb30bda1', '9a21397b-552a-4b00-a5c4-15a0982436b1', 'submitted', NULL, (timestamp '2024-12-07 09:00:00' + interval '13 hours 6 minutes') - interval '30 mins', (timestamp '2024-12-07 09:00:00' + interval '13 hours 6 minutes')) ON CONFLICT DO NOTHING;
INSERT INTO score_sheet_items (id, score_sheet_id, period_criterion_id, score_value) VALUES ('fff3d3ef-86b4-4e9c-ae57-ad62feb61a37', '51e0dfc9-7171-44eb-a89a-b2368dd52c08', '0feebb9e-7f45-4128-a54b-5d8d078d7694', 16) ON CONFLICT DO NOTHING;
INSERT INTO score_sheet_items (id, score_sheet_id, period_criterion_id, score_value) VALUES ('98daac97-7742-4f4d-acb6-d649a05bbbb9', '51e0dfc9-7171-44eb-a89a-b2368dd52c08', '499fa39c-6170-4adb-a41b-18f3f16b2aff', 27) ON CONFLICT DO NOTHING;
INSERT INTO score_sheet_items (id, score_sheet_id, period_criterion_id, score_value) VALUES ('6eb185dd-89af-464b-a10c-bc3ce216f338', '51e0dfc9-7171-44eb-a89a-b2368dd52c08', '649147ea-84e0-46dc-ad4d-18d33ed8d7ff', 25) ON CONFLICT DO NOTHING;
INSERT INTO score_sheet_items (id, score_sheet_id, period_criterion_id, score_value) VALUES ('e4677335-1182-4f26-ab9b-5346203ca44d', '51e0dfc9-7171-44eb-a89a-b2368dd52c08', '2c2eb619-5709-41d6-a377-8d3b963a6ea3', 6) ON CONFLICT DO NOTHING;
INSERT INTO score_sheets (id, period_id, project_id, juror_id, status, comment, started_at, last_activity_at) VALUES ('57980d71-84a2-4194-a3c8-87e0804410fb', '10078594-2707-4c3f-a212-42add04fbd84', '94f3c7a2-8ea9-4145-ab65-f3ff259b945c', '9a21397b-552a-4b00-a5c4-15a0982436b1', 'submitted', 'Minimum beklentiyi karşılıyor ama öne çıkmıyor.', (timestamp '2024-12-07 09:00:00' + interval '19 hours 10 minutes') - interval '30 mins', (timestamp '2024-12-07 09:00:00' + interval '19 hours 10 minutes')) ON CONFLICT DO NOTHING;
INSERT INTO score_sheet_items (id, score_sheet_id, period_criterion_id, score_value) VALUES ('66cac66c-811d-4594-aaa2-dce7e631c9cd', '57980d71-84a2-4194-a3c8-87e0804410fb', '0feebb9e-7f45-4128-a54b-5d8d078d7694', 17) ON CONFLICT DO NOTHING;
INSERT INTO score_sheet_items (id, score_sheet_id, period_criterion_id, score_value) VALUES ('dc5e1ed9-2203-49de-a904-398708d5b3ad', '57980d71-84a2-4194-a3c8-87e0804410fb', '499fa39c-6170-4adb-a41b-18f3f16b2aff', 19) ON CONFLICT DO NOTHING;
INSERT INTO score_sheet_items (id, score_sheet_id, period_criterion_id, score_value) VALUES ('5a08334a-758a-4d28-acab-93264abccfe4', '57980d71-84a2-4194-a3c8-87e0804410fb', '649147ea-84e0-46dc-ad4d-18d33ed8d7ff', 19) ON CONFLICT DO NOTHING;
INSERT INTO score_sheet_items (id, score_sheet_id, period_criterion_id, score_value) VALUES ('60bbdff1-6473-44f4-a659-075a5a5abbc2', '57980d71-84a2-4194-a3c8-87e0804410fb', '2c2eb619-5709-41d6-a377-8d3b963a6ea3', 6) ON CONFLICT DO NOTHING;
INSERT INTO score_sheets (id, period_id, project_id, juror_id, status, comment, started_at, last_activity_at) VALUES ('7b268b46-13dd-4686-a382-4550fbf67f4d', '10078594-2707-4c3f-a212-42add04fbd84', '60c166c1-5972-4807-afee-74202a69f1b8', '9a21397b-552a-4b00-a5c4-15a0982436b1', 'submitted', 'Makul bir çalışma, beklenen sonuçlar.', (timestamp '2024-12-07 09:00:00' + interval '7 hours 11 minutes') - interval '30 mins', (timestamp '2024-12-07 09:00:00' + interval '7 hours 11 minutes')) ON CONFLICT DO NOTHING;
INSERT INTO score_sheet_items (id, score_sheet_id, period_criterion_id, score_value) VALUES ('6755e77f-0a1d-4e0e-ae5d-f12f68af2bc7', '7b268b46-13dd-4686-a382-4550fbf67f4d', '0feebb9e-7f45-4128-a54b-5d8d078d7694', 20) ON CONFLICT DO NOTHING;
INSERT INTO score_sheet_items (id, score_sheet_id, period_criterion_id, score_value) VALUES ('d7d5056b-d2ab-4750-a55c-5c22e8500d5b', '7b268b46-13dd-4686-a382-4550fbf67f4d', '499fa39c-6170-4adb-a41b-18f3f16b2aff', 21) ON CONFLICT DO NOTHING;
INSERT INTO score_sheet_items (id, score_sheet_id, period_criterion_id, score_value) VALUES ('d16e66d0-b1fd-4fb7-a905-1f1877645193', '7b268b46-13dd-4686-a382-4550fbf67f4d', '649147ea-84e0-46dc-ad4d-18d33ed8d7ff', 18) ON CONFLICT DO NOTHING;
INSERT INTO score_sheet_items (id, score_sheet_id, period_criterion_id, score_value) VALUES ('83653f58-d98f-40df-a084-ef523642e302', '7b268b46-13dd-4686-a382-4550fbf67f4d', '2c2eb619-5709-41d6-a377-8d3b963a6ea3', 7) ON CONFLICT DO NOTHING;
INSERT INTO score_sheets (id, period_id, project_id, juror_id, status, comment, started_at, last_activity_at) VALUES ('753a6e2b-8941-4233-aec3-8f35373e3f38', '10078594-2707-4c3f-a212-42add04fbd84', 'cf741598-56d9-44db-a86a-7da01d6ead0c', '9a21397b-552a-4b00-a5c4-15a0982436b1', 'submitted', NULL, (timestamp '2024-12-07 09:00:00' + interval '18 hours 49 minutes') - interval '30 mins', (timestamp '2024-12-07 09:00:00' + interval '18 hours 49 minutes')) ON CONFLICT DO NOTHING;
INSERT INTO score_sheet_items (id, score_sheet_id, period_criterion_id, score_value) VALUES ('90f7cea5-99c4-41a7-a281-b2884d31c73a', '753a6e2b-8941-4233-aec3-8f35373e3f38', '0feebb9e-7f45-4128-a54b-5d8d078d7694', 16) ON CONFLICT DO NOTHING;
INSERT INTO score_sheet_items (id, score_sheet_id, period_criterion_id, score_value) VALUES ('1ac84504-355b-489e-a88b-c6de01f0092d', '753a6e2b-8941-4233-aec3-8f35373e3f38', '499fa39c-6170-4adb-a41b-18f3f16b2aff', 16) ON CONFLICT DO NOTHING;
INSERT INTO score_sheet_items (id, score_sheet_id, period_criterion_id, score_value) VALUES ('9942f5e2-d0cc-4090-a5d6-a25c713fdbfe', '753a6e2b-8941-4233-aec3-8f35373e3f38', '649147ea-84e0-46dc-ad4d-18d33ed8d7ff', 18) ON CONFLICT DO NOTHING;
INSERT INTO score_sheet_items (id, score_sheet_id, period_criterion_id, score_value) VALUES ('1522fd87-67fc-4a14-a1f5-a5b83f99d466', '753a6e2b-8941-4233-aec3-8f35373e3f38', '2c2eb619-5709-41d6-a377-8d3b963a6ea3', 5) ON CONFLICT DO NOTHING;
INSERT INTO score_sheets (id, period_id, project_id, juror_id, status, comment, started_at, last_activity_at) VALUES ('40869e3e-f1a8-4577-ac76-26e6c00caac0', '10078594-2707-4c3f-a212-42add04fbd84', '60146fd4-7794-4dd7-a91f-8dad08a9759a', '7d1bbec7-493f-4e1a-aee5-be30df51db49', 'submitted', NULL, (timestamp '2024-12-07 09:00:00' + interval '15 hours 18 minutes') - interval '30 mins', (timestamp '2024-12-07 09:00:00' + interval '15 hours 18 minutes')) ON CONFLICT DO NOTHING;
INSERT INTO score_sheet_items (id, score_sheet_id, period_criterion_id, score_value) VALUES ('d2a92565-f463-4ae4-a35c-a70c0dd887a1', '40869e3e-f1a8-4577-ac76-26e6c00caac0', '0feebb9e-7f45-4128-a54b-5d8d078d7694', 27) ON CONFLICT DO NOTHING;
INSERT INTO score_sheet_items (id, score_sheet_id, period_criterion_id, score_value) VALUES ('b49b17f9-925d-4d42-ae99-b4c6fed732b7', '40869e3e-f1a8-4577-ac76-26e6c00caac0', '499fa39c-6170-4adb-a41b-18f3f16b2aff', 28) ON CONFLICT DO NOTHING;
INSERT INTO score_sheet_items (id, score_sheet_id, period_criterion_id, score_value) VALUES ('2fbdc9ff-2bb8-45ca-a42d-7d5666ceb68a', '40869e3e-f1a8-4577-ac76-26e6c00caac0', '649147ea-84e0-46dc-ad4d-18d33ed8d7ff', 27) ON CONFLICT DO NOTHING;
INSERT INTO score_sheet_items (id, score_sheet_id, period_criterion_id, score_value) VALUES ('be15d3d3-5b5b-4b65-a49b-0ae4ccbab4fa', '40869e3e-f1a8-4577-ac76-26e6c00caac0', '2c2eb619-5709-41d6-a377-8d3b963a6ea3', 9) ON CONFLICT DO NOTHING;
INSERT INTO score_sheets (id, period_id, project_id, juror_id, status, comment, started_at, last_activity_at) VALUES ('0feff37d-2e0b-4021-a0f4-fe92e18daa24', '10078594-2707-4c3f-a212-42add04fbd84', 'b89cf1e1-6820-4efb-ad3e-9ab5b4f1bafa', '7d1bbec7-493f-4e1a-aee5-be30df51db49', 'submitted', NULL, (timestamp '2024-12-07 09:00:00' + interval '17 hours 3 minutes') - interval '30 mins', (timestamp '2024-12-07 09:00:00' + interval '17 hours 3 minutes')) ON CONFLICT DO NOTHING;
INSERT INTO score_sheet_items (id, score_sheet_id, period_criterion_id, score_value) VALUES ('9f25271e-4330-4b28-ab25-1c496448f341', '0feff37d-2e0b-4021-a0f4-fe92e18daa24', '0feebb9e-7f45-4128-a54b-5d8d078d7694', 26) ON CONFLICT DO NOTHING;
INSERT INTO score_sheet_items (id, score_sheet_id, period_criterion_id, score_value) VALUES ('f056460c-5246-41ce-a21f-47f425a507b2', '0feff37d-2e0b-4021-a0f4-fe92e18daa24', '499fa39c-6170-4adb-a41b-18f3f16b2aff', 25) ON CONFLICT DO NOTHING;
INSERT INTO score_sheet_items (id, score_sheet_id, period_criterion_id, score_value) VALUES ('ff51a259-187e-45ff-abc6-608096635073', '0feff37d-2e0b-4021-a0f4-fe92e18daa24', '649147ea-84e0-46dc-ad4d-18d33ed8d7ff', 24) ON CONFLICT DO NOTHING;
INSERT INTO score_sheet_items (id, score_sheet_id, period_criterion_id, score_value) VALUES ('789f08c5-b3da-458c-ad27-874d2c9ce216', '0feff37d-2e0b-4021-a0f4-fe92e18daa24', '2c2eb619-5709-41d6-a377-8d3b963a6ea3', 8) ON CONFLICT DO NOTHING;
INSERT INTO score_sheets (id, period_id, project_id, juror_id, status, comment, started_at, last_activity_at) VALUES ('85ec337c-4c66-41e2-a1f0-87e8678de297', '10078594-2707-4c3f-a212-42add04fbd84', '0db79881-0974-4a2d-a8a2-86efdb30bda1', '7d1bbec7-493f-4e1a-aee5-be30df51db49', 'submitted', 'Bazı parlak anlar var ama tutarsız performans.', (timestamp '2024-12-07 09:00:00' + interval '13 hours 35 minutes') - interval '30 mins', (timestamp '2024-12-07 09:00:00' + interval '13 hours 35 minutes')) ON CONFLICT DO NOTHING;
INSERT INTO score_sheet_items (id, score_sheet_id, period_criterion_id, score_value) VALUES ('3256bd8b-9a5f-4ab5-a5be-2ccc311b342d', '85ec337c-4c66-41e2-a1f0-87e8678de297', '0feebb9e-7f45-4128-a54b-5d8d078d7694', 20) ON CONFLICT DO NOTHING;
INSERT INTO score_sheet_items (id, score_sheet_id, period_criterion_id, score_value) VALUES ('648b0bd4-7985-4df3-a50d-2349282dccd5', '85ec337c-4c66-41e2-a1f0-87e8678de297', '499fa39c-6170-4adb-a41b-18f3f16b2aff', 29) ON CONFLICT DO NOTHING;
INSERT INTO score_sheet_items (id, score_sheet_id, period_criterion_id, score_value) VALUES ('30726ced-950d-4e33-a645-f1b38ea6344e', '85ec337c-4c66-41e2-a1f0-87e8678de297', '649147ea-84e0-46dc-ad4d-18d33ed8d7ff', 19) ON CONFLICT DO NOTHING;
INSERT INTO score_sheet_items (id, score_sheet_id, period_criterion_id, score_value) VALUES ('a283b396-0b57-46fe-aa53-79c12523bb26', '85ec337c-4c66-41e2-a1f0-87e8678de297', '2c2eb619-5709-41d6-a377-8d3b963a6ea3', 5) ON CONFLICT DO NOTHING;
INSERT INTO score_sheets (id, period_id, project_id, juror_id, status, comment, started_at, last_activity_at) VALUES ('3f56a4ff-c3aa-4424-a539-3c49d2ccc876', '10078594-2707-4c3f-a212-42add04fbd84', '94f3c7a2-8ea9-4145-ab65-f3ff259b945c', '7d1bbec7-493f-4e1a-aee5-be30df51db49', 'submitted', NULL, (timestamp '2024-12-07 09:00:00' + interval '7 hours 25 minutes') - interval '30 mins', (timestamp '2024-12-07 09:00:00' + interval '7 hours 25 minutes')) ON CONFLICT DO NOTHING;
INSERT INTO score_sheet_items (id, score_sheet_id, period_criterion_id, score_value) VALUES ('2acaf695-8de6-4f3e-ab15-630028fe8134', '3f56a4ff-c3aa-4424-a539-3c49d2ccc876', '0feebb9e-7f45-4128-a54b-5d8d078d7694', 19) ON CONFLICT DO NOTHING;
INSERT INTO score_sheet_items (id, score_sheet_id, period_criterion_id, score_value) VALUES ('6c2f428e-7cb7-4cb6-a1cc-f5cb34a11b95', '3f56a4ff-c3aa-4424-a539-3c49d2ccc876', '499fa39c-6170-4adb-a41b-18f3f16b2aff', 19) ON CONFLICT DO NOTHING;
INSERT INTO score_sheet_items (id, score_sheet_id, period_criterion_id, score_value) VALUES ('1942cf83-91c6-4f3b-a61f-2b36c5ef76a0', '3f56a4ff-c3aa-4424-a539-3c49d2ccc876', '649147ea-84e0-46dc-ad4d-18d33ed8d7ff', 21) ON CONFLICT DO NOTHING;
INSERT INTO score_sheet_items (id, score_sheet_id, period_criterion_id, score_value) VALUES ('550e7e4f-8f75-44c4-abbb-5d83688faa5d', '3f56a4ff-c3aa-4424-a539-3c49d2ccc876', '2c2eb619-5709-41d6-a377-8d3b963a6ea3', 6) ON CONFLICT DO NOTHING;
INSERT INTO score_sheets (id, period_id, project_id, juror_id, status, comment, started_at, last_activity_at) VALUES ('ef019735-5d8f-4aef-af3c-bb33259dbe0e', '10078594-2707-4c3f-a212-42add04fbd84', '60c166c1-5972-4807-afee-74202a69f1b8', '7d1bbec7-493f-4e1a-aee5-be30df51db49', 'submitted', 'Makul bir çalışma, beklenen sonuçlar.', (timestamp '2024-12-07 09:00:00' + interval '9 hours 56 minutes') - interval '30 mins', (timestamp '2024-12-07 09:00:00' + interval '9 hours 56 minutes')) ON CONFLICT DO NOTHING;
INSERT INTO score_sheet_items (id, score_sheet_id, period_criterion_id, score_value) VALUES ('5c73884e-6c40-4dcb-ab8c-78c75396c38b', 'ef019735-5d8f-4aef-af3c-bb33259dbe0e', '0feebb9e-7f45-4128-a54b-5d8d078d7694', 24) ON CONFLICT DO NOTHING;
INSERT INTO score_sheet_items (id, score_sheet_id, period_criterion_id, score_value) VALUES ('bbda56cf-3572-4546-a721-440f4c2781a0', 'ef019735-5d8f-4aef-af3c-bb33259dbe0e', '499fa39c-6170-4adb-a41b-18f3f16b2aff', 24) ON CONFLICT DO NOTHING;
INSERT INTO score_sheet_items (id, score_sheet_id, period_criterion_id, score_value) VALUES ('afa72f93-588d-44ca-a25a-c45092d79bca', 'ef019735-5d8f-4aef-af3c-bb33259dbe0e', '649147ea-84e0-46dc-ad4d-18d33ed8d7ff', 22) ON CONFLICT DO NOTHING;
INSERT INTO score_sheet_items (id, score_sheet_id, period_criterion_id, score_value) VALUES ('463fff65-9fe5-4dd9-a1aa-20c6cb91067a', 'ef019735-5d8f-4aef-af3c-bb33259dbe0e', '2c2eb619-5709-41d6-a377-8d3b963a6ea3', 6) ON CONFLICT DO NOTHING;
INSERT INTO score_sheets (id, period_id, project_id, juror_id, status, comment, started_at, last_activity_at) VALUES ('09d72466-a574-4e5d-a641-2ff75eeb1174', '10078594-2707-4c3f-a212-42add04fbd84', 'cf741598-56d9-44db-a86a-7da01d6ead0c', '7d1bbec7-493f-4e1a-aee5-be30df51db49', 'submitted', NULL, (timestamp '2024-12-07 09:00:00' + interval '10 hours 16 minutes') - interval '30 mins', (timestamp '2024-12-07 09:00:00' + interval '10 hours 16 minutes')) ON CONFLICT DO NOTHING;
INSERT INTO score_sheet_items (id, score_sheet_id, period_criterion_id, score_value) VALUES ('8c52daf1-e4a8-42f4-a67c-1e017863c2cf', '09d72466-a574-4e5d-a641-2ff75eeb1174', '0feebb9e-7f45-4128-a54b-5d8d078d7694', 21) ON CONFLICT DO NOTHING;
INSERT INTO score_sheet_items (id, score_sheet_id, period_criterion_id, score_value) VALUES ('52df4d9f-0779-462b-a2f1-ea620cc11ecd', '09d72466-a574-4e5d-a641-2ff75eeb1174', '499fa39c-6170-4adb-a41b-18f3f16b2aff', 20) ON CONFLICT DO NOTHING;
INSERT INTO score_sheet_items (id, score_sheet_id, period_criterion_id, score_value) VALUES ('e2aa5350-8c32-45e6-a23b-85a3f04dec28', '09d72466-a574-4e5d-a641-2ff75eeb1174', '649147ea-84e0-46dc-ad4d-18d33ed8d7ff', 18) ON CONFLICT DO NOTHING;
INSERT INTO score_sheet_items (id, score_sheet_id, period_criterion_id, score_value) VALUES ('e90702eb-1cb4-4114-a545-051ac5680ed1', '09d72466-a574-4e5d-a641-2ff75eeb1174', '2c2eb619-5709-41d6-a377-8d3b963a6ea3', 6) ON CONFLICT DO NOTHING;
INSERT INTO score_sheets (id, period_id, project_id, juror_id, status, comment, started_at, last_activity_at) VALUES ('9160efa7-3bec-4532-a782-e6ebcad5a216', 'e14683dc-6ac1-4c73-a2cb-da24e9e4f45f', 'ed333a6e-c080-4a61-a6dc-87a0e3220f22', '47dcf645-bcf8-407e-a86e-f0e506495726', 'submitted', 'Top-tier project. Clear problem definition, excellent execution.', (timestamp '2026-05-15 09:00:00' + interval '11 hours 47 minutes') - interval '30 mins', (timestamp '2026-05-15 09:00:00' + interval '11 hours 47 minutes')) ON CONFLICT DO NOTHING;
INSERT INTO score_sheet_items (id, score_sheet_id, period_criterion_id, score_value) VALUES ('acb7e4c0-f9c2-4374-a408-2ec37b716baa', '9160efa7-3bec-4532-a782-e6ebcad5a216', '684fe08e-8aeb-4069-a864-a800f0e007aa', 23) ON CONFLICT DO NOTHING;
INSERT INTO score_sheet_items (id, score_sheet_id, period_criterion_id, score_value) VALUES ('f194b7ae-ab3c-4236-ac1f-be009ed081c7', '9160efa7-3bec-4532-a782-e6ebcad5a216', '6ddc3532-8a5c-41f0-a01c-80467a94d895', 23) ON CONFLICT DO NOTHING;
INSERT INTO score_sheet_items (id, score_sheet_id, period_criterion_id, score_value) VALUES ('b8e3b105-b196-465d-a607-77586f9078da', '9160efa7-3bec-4532-a782-e6ebcad5a216', 'df2ffbe9-f3d9-4636-aa1a-2208d49f12d6', 19) ON CONFLICT DO NOTHING;
INSERT INTO score_sheet_items (id, score_sheet_id, period_criterion_id, score_value) VALUES ('7a03455b-e1bd-4a30-a955-2f4aafa9e61f', '9160efa7-3bec-4532-a782-e6ebcad5a216', 'fb8af623-bf3b-4522-a586-ff6e8bfec072', 19) ON CONFLICT DO NOTHING;
INSERT INTO score_sheet_items (id, score_sheet_id, period_criterion_id, score_value) VALUES ('a56aa3e7-3e97-4018-a64c-8b1cafc4837d', '9160efa7-3bec-4532-a782-e6ebcad5a216', 'd503371e-a85d-4eea-ad83-a91291cf4297', 9) ON CONFLICT DO NOTHING;
INSERT INTO score_sheets (id, period_id, project_id, juror_id, status, comment, started_at, last_activity_at) VALUES ('f876abcd-1829-4b42-a562-bc56d83cccb4', 'e14683dc-6ac1-4c73-a2cb-da24e9e4f45f', 'dd36e1bf-2797-42b4-ac06-cd142c99074f', '47dcf645-bcf8-407e-a86e-f0e506495726', 'submitted', 'Remarkable quality — set the bar for the session.', (timestamp '2026-05-15 09:00:00' + interval '1 hours 32 minutes') - interval '30 mins', (timestamp '2026-05-15 09:00:00' + interval '1 hours 32 minutes')) ON CONFLICT DO NOTHING;
INSERT INTO score_sheet_items (id, score_sheet_id, period_criterion_id, score_value) VALUES ('d4786d2f-9b1f-4b52-aa38-15459d4fd014', 'f876abcd-1829-4b42-a562-bc56d83cccb4', '684fe08e-8aeb-4069-a864-a800f0e007aa', 24) ON CONFLICT DO NOTHING;
INSERT INTO score_sheet_items (id, score_sheet_id, period_criterion_id, score_value) VALUES ('ead4cb40-5122-4a73-ab37-d078a805488b', 'f876abcd-1829-4b42-a562-bc56d83cccb4', '6ddc3532-8a5c-41f0-a01c-80467a94d895', 24) ON CONFLICT DO NOTHING;
INSERT INTO score_sheet_items (id, score_sheet_id, period_criterion_id, score_value) VALUES ('09fcd156-dfbe-46a8-a388-75fd269d893b', 'f876abcd-1829-4b42-a562-bc56d83cccb4', 'df2ffbe9-f3d9-4636-aa1a-2208d49f12d6', 17) ON CONFLICT DO NOTHING;
INSERT INTO score_sheet_items (id, score_sheet_id, period_criterion_id, score_value) VALUES ('65bd988c-9804-4e54-a4b1-3c1e2bd811d8', 'f876abcd-1829-4b42-a562-bc56d83cccb4', 'fb8af623-bf3b-4522-a586-ff6e8bfec072', 19) ON CONFLICT DO NOTHING;
INSERT INTO score_sheet_items (id, score_sheet_id, period_criterion_id, score_value) VALUES ('519deae4-7714-4b02-a402-5615f0e3addb', 'f876abcd-1829-4b42-a562-bc56d83cccb4', 'd503371e-a85d-4eea-ad83-a91291cf4297', 9) ON CONFLICT DO NOTHING;
INSERT INTO score_sheets (id, period_id, project_id, juror_id, status, comment, started_at, last_activity_at) VALUES ('944469e9-296f-44f9-a83d-95bce812cbda', 'e14683dc-6ac1-4c73-a2cb-da24e9e4f45f', 'b15cefcf-fdfb-4b27-ae31-d743f12c947d', '47dcf645-bcf8-407e-a86e-f0e506495726', 'submitted', NULL, (timestamp '2026-05-15 09:00:00' + interval '17 hours 7 minutes') - interval '30 mins', (timestamp '2026-05-15 09:00:00' + interval '17 hours 7 minutes')) ON CONFLICT DO NOTHING;
INSERT INTO score_sheet_items (id, score_sheet_id, period_criterion_id, score_value) VALUES ('ea6f9704-81d1-4761-a9d5-2cf26ce48896', '944469e9-296f-44f9-a83d-95bce812cbda', '684fe08e-8aeb-4069-a864-a800f0e007aa', 18) ON CONFLICT DO NOTHING;
INSERT INTO score_sheet_items (id, score_sheet_id, period_criterion_id, score_value) VALUES ('7b4950c4-bc18-48f0-afa7-42eaa3354254', '944469e9-296f-44f9-a83d-95bce812cbda', '6ddc3532-8a5c-41f0-a01c-80467a94d895', 20) ON CONFLICT DO NOTHING;
INSERT INTO score_sheet_items (id, score_sheet_id, period_criterion_id, score_value) VALUES ('f8fc7e30-1627-4032-a3a5-2e670380d2cb', '944469e9-296f-44f9-a83d-95bce812cbda', 'df2ffbe9-f3d9-4636-aa1a-2208d49f12d6', 16) ON CONFLICT DO NOTHING;
INSERT INTO score_sheet_items (id, score_sheet_id, period_criterion_id, score_value) VALUES ('a6b9ec4f-618f-4d2e-a374-f3084abc8d02', '944469e9-296f-44f9-a83d-95bce812cbda', 'fb8af623-bf3b-4522-a586-ff6e8bfec072', 15) ON CONFLICT DO NOTHING;
INSERT INTO score_sheet_items (id, score_sheet_id, period_criterion_id, score_value) VALUES ('a6412a70-9ee7-4bb0-a165-5def06e48758', '944469e9-296f-44f9-a83d-95bce812cbda', 'd503371e-a85d-4eea-ad83-a91291cf4297', 7) ON CONFLICT DO NOTHING;
INSERT INTO score_sheets (id, period_id, project_id, juror_id, status, comment, started_at, last_activity_at) VALUES ('36449f54-7250-4c73-a5ec-568e72708f8b', 'e14683dc-6ac1-4c73-a2cb-da24e9e4f45f', '098590f3-10cc-4859-a45f-f642a593a924', '47dcf645-bcf8-407e-a86e-f0e506495726', 'submitted', 'Good work overall. Fundamentally sound.', (timestamp '2026-05-15 09:00:00' + interval '14 hours 58 minutes') - interval '30 mins', (timestamp '2026-05-15 09:00:00' + interval '14 hours 58 minutes')) ON CONFLICT DO NOTHING;
INSERT INTO score_sheet_items (id, score_sheet_id, period_criterion_id, score_value) VALUES ('9b47244b-4652-4ed1-a2db-2e25d3612702', '36449f54-7250-4c73-a5ec-568e72708f8b', '684fe08e-8aeb-4069-a864-a800f0e007aa', 20) ON CONFLICT DO NOTHING;
INSERT INTO score_sheet_items (id, score_sheet_id, period_criterion_id, score_value) VALUES ('3f00fbf2-c24c-4bf1-a6bf-a551910753ec', '36449f54-7250-4c73-a5ec-568e72708f8b', '6ddc3532-8a5c-41f0-a01c-80467a94d895', 18) ON CONFLICT DO NOTHING;
INSERT INTO score_sheet_items (id, score_sheet_id, period_criterion_id, score_value) VALUES ('5dc8f869-4263-4ab4-ae3d-8f74a481b594', '36449f54-7250-4c73-a5ec-568e72708f8b', 'df2ffbe9-f3d9-4636-aa1a-2208d49f12d6', 16) ON CONFLICT DO NOTHING;
INSERT INTO score_sheet_items (id, score_sheet_id, period_criterion_id, score_value) VALUES ('d57fce75-00ee-4909-aa08-8b2a65cf7ba2', '36449f54-7250-4c73-a5ec-568e72708f8b', 'fb8af623-bf3b-4522-a586-ff6e8bfec072', 15) ON CONFLICT DO NOTHING;
INSERT INTO score_sheet_items (id, score_sheet_id, period_criterion_id, score_value) VALUES ('a24dd774-d2a7-4bb1-a017-5fb74a21757d', '36449f54-7250-4c73-a5ec-568e72708f8b', 'd503371e-a85d-4eea-ad83-a91291cf4297', 7) ON CONFLICT DO NOTHING;
INSERT INTO score_sheets (id, period_id, project_id, juror_id, status, comment, started_at, last_activity_at) VALUES ('250d5773-a14a-4de3-a89a-ecad08149944', 'e14683dc-6ac1-4c73-a2cb-da24e9e4f45f', '4c0e22db-7d9f-4312-a1d3-4fed4c7e3316', '47dcf645-bcf8-407e-a86e-f0e506495726', 'submitted', NULL, (timestamp '2026-05-15 09:00:00' + interval '11 hours 20 minutes') - interval '30 mins', (timestamp '2026-05-15 09:00:00' + interval '11 hours 20 minutes')) ON CONFLICT DO NOTHING;
INSERT INTO score_sheet_items (id, score_sheet_id, period_criterion_id, score_value) VALUES ('802242e5-5d0a-4f05-a638-4f10bfeb381b', '250d5773-a14a-4de3-a89a-ecad08149944', '684fe08e-8aeb-4069-a864-a800f0e007aa', 20) ON CONFLICT DO NOTHING;
INSERT INTO score_sheet_items (id, score_sheet_id, period_criterion_id, score_value) VALUES ('65e5257f-78cb-4d6a-a878-c711f0a7a072', '250d5773-a14a-4de3-a89a-ecad08149944', '6ddc3532-8a5c-41f0-a01c-80467a94d895', 21) ON CONFLICT DO NOTHING;
INSERT INTO score_sheet_items (id, score_sheet_id, period_criterion_id, score_value) VALUES ('f6af95f7-44cc-4fba-a06a-75637af50b46', '250d5773-a14a-4de3-a89a-ecad08149944', 'df2ffbe9-f3d9-4636-aa1a-2208d49f12d6', 16) ON CONFLICT DO NOTHING;
INSERT INTO score_sheet_items (id, score_sheet_id, period_criterion_id, score_value) VALUES ('290224ac-9394-4396-aa90-4fc9f2b57fce', '250d5773-a14a-4de3-a89a-ecad08149944', 'fb8af623-bf3b-4522-a586-ff6e8bfec072', 17) ON CONFLICT DO NOTHING;
INSERT INTO score_sheet_items (id, score_sheet_id, period_criterion_id, score_value) VALUES ('2bf4c9ab-6afe-4d35-ab1d-14870276876b', '250d5773-a14a-4de3-a89a-ecad08149944', 'd503371e-a85d-4eea-ad83-a91291cf4297', 7) ON CONFLICT DO NOTHING;
INSERT INTO score_sheets (id, period_id, project_id, juror_id, status, comment, started_at, last_activity_at) VALUES ('d60e153b-36a9-4deb-a6e2-65cd8e56ac01', 'e14683dc-6ac1-4c73-a2cb-da24e9e4f45f', '1d3379fc-8094-4ff3-a4c7-fea65531bacd', '47dcf645-bcf8-407e-a86e-f0e506495726', 'submitted', 'Ambitious scope with mixed execution.', (timestamp '2026-05-15 09:00:00' + interval '4 hours 34 minutes') - interval '30 mins', (timestamp '2026-05-15 09:00:00' + interval '4 hours 34 minutes')) ON CONFLICT DO NOTHING;
INSERT INTO score_sheet_items (id, score_sheet_id, period_criterion_id, score_value) VALUES ('e8a8752b-289c-48e3-a37a-784d1eed60a3', 'd60e153b-36a9-4deb-a6e2-65cd8e56ac01', '684fe08e-8aeb-4069-a864-a800f0e007aa', 18) ON CONFLICT DO NOTHING;
INSERT INTO score_sheet_items (id, score_sheet_id, period_criterion_id, score_value) VALUES ('09e302e5-7fd3-43f2-a58b-12dd1fbc4c36', 'd60e153b-36a9-4deb-a6e2-65cd8e56ac01', '6ddc3532-8a5c-41f0-a01c-80467a94d895', 15) ON CONFLICT DO NOTHING;
INSERT INTO score_sheet_items (id, score_sheet_id, period_criterion_id, score_value) VALUES ('8c7ee6d7-6f32-4d3d-a7ad-71cd6e6c570f', 'd60e153b-36a9-4deb-a6e2-65cd8e56ac01', 'df2ffbe9-f3d9-4636-aa1a-2208d49f12d6', 15) ON CONFLICT DO NOTHING;
INSERT INTO score_sheet_items (id, score_sheet_id, period_criterion_id, score_value) VALUES ('58632e2e-7bbf-4a14-ae2d-8029947f43a4', 'd60e153b-36a9-4deb-a6e2-65cd8e56ac01', 'fb8af623-bf3b-4522-a586-ff6e8bfec072', 13) ON CONFLICT DO NOTHING;
INSERT INTO score_sheet_items (id, score_sheet_id, period_criterion_id, score_value) VALUES ('1b979a64-da67-43fa-ab5b-e8f63774316e', 'd60e153b-36a9-4deb-a6e2-65cd8e56ac01', 'd503371e-a85d-4eea-ad83-a91291cf4297', 8) ON CONFLICT DO NOTHING;
INSERT INTO score_sheets (id, period_id, project_id, juror_id, status, comment, started_at, last_activity_at) VALUES ('8358d25c-3612-4639-af04-ffc8f13776d5', 'e14683dc-6ac1-4c73-a2cb-da24e9e4f45f', '5b3da4be-9447-43a9-ab50-9e245f42164b', '47dcf645-bcf8-407e-a86e-f0e506495726', 'submitted', 'Very strong technically but communication needs improvement.', (timestamp '2026-05-15 09:00:00' + interval '4 hours 9 minutes') - interval '30 mins', (timestamp '2026-05-15 09:00:00' + interval '4 hours 9 minutes')) ON CONFLICT DO NOTHING;
INSERT INTO score_sheet_items (id, score_sheet_id, period_criterion_id, score_value) VALUES ('91c7c216-22a1-4a86-a717-33fc06fcb237', '8358d25c-3612-4639-af04-ffc8f13776d5', '684fe08e-8aeb-4069-a864-a800f0e007aa', 22) ON CONFLICT DO NOTHING;
INSERT INTO score_sheet_items (id, score_sheet_id, period_criterion_id, score_value) VALUES ('e28aa801-17da-436c-afc7-079616528b3f', '8358d25c-3612-4639-af04-ffc8f13776d5', '6ddc3532-8a5c-41f0-a01c-80467a94d895', 22) ON CONFLICT DO NOTHING;
INSERT INTO score_sheet_items (id, score_sheet_id, period_criterion_id, score_value) VALUES ('dbb77834-8f50-4575-a0ef-2db3fe811ff0', '8358d25c-3612-4639-af04-ffc8f13776d5', 'df2ffbe9-f3d9-4636-aa1a-2208d49f12d6', 18) ON CONFLICT DO NOTHING;
INSERT INTO score_sheet_items (id, score_sheet_id, period_criterion_id, score_value) VALUES ('f6cd628a-391d-49e2-a2c0-6e4279d370e9', '8358d25c-3612-4639-af04-ffc8f13776d5', 'fb8af623-bf3b-4522-a586-ff6e8bfec072', 13) ON CONFLICT DO NOTHING;
INSERT INTO score_sheet_items (id, score_sheet_id, period_criterion_id, score_value) VALUES ('de096d5b-5714-4698-a209-8f5f04bac938', '8358d25c-3612-4639-af04-ffc8f13776d5', 'd503371e-a85d-4eea-ad83-a91291cf4297', 9) ON CONFLICT DO NOTHING;
INSERT INTO score_sheets (id, period_id, project_id, juror_id, status, comment, started_at, last_activity_at) VALUES ('831429d2-8d11-45ce-a9a6-8dd5a3fd2d7a', 'e14683dc-6ac1-4c73-a2cb-da24e9e4f45f', '5aa0b751-4de3-44b9-a6a2-aa0726f3853c', '47dcf645-bcf8-407e-a86e-f0e506495726', 'in_progress', NULL, (timestamp '2026-05-15 09:00:00' + interval '2 hours 0 minutes') - interval '30 mins', (timestamp '2026-05-15 09:00:00' + interval '2 hours 0 minutes')) ON CONFLICT DO NOTHING;
INSERT INTO score_sheet_items (id, score_sheet_id, period_criterion_id, score_value) VALUES ('0bfc707b-0ad5-4a21-ad61-9cdfb5cb0190', '831429d2-8d11-45ce-a9a6-8dd5a3fd2d7a', '684fe08e-8aeb-4069-a864-a800f0e007aa', 21) ON CONFLICT DO NOTHING;
INSERT INTO score_sheet_items (id, score_sheet_id, period_criterion_id, score_value) VALUES ('676c7425-8952-48ad-a97c-67dfe2ccbe3f', '831429d2-8d11-45ce-a9a6-8dd5a3fd2d7a', '6ddc3532-8a5c-41f0-a01c-80467a94d895', 21) ON CONFLICT DO NOTHING;
INSERT INTO score_sheets (id, period_id, project_id, juror_id, status, comment, started_at, last_activity_at) VALUES ('923c54ed-ac81-460f-a938-1a2850a1d16d', 'e14683dc-6ac1-4c73-a2cb-da24e9e4f45f', 'ed333a6e-c080-4a61-a6dc-87a0e3220f22', '44e14170-d567-4ad4-a771-cd269d538a2f', 'submitted', NULL, (timestamp '2026-05-15 09:00:00' + interval '18 hours 43 minutes') - interval '30 mins', (timestamp '2026-05-15 09:00:00' + interval '18 hours 43 minutes')) ON CONFLICT DO NOTHING;
INSERT INTO score_sheet_items (id, score_sheet_id, period_criterion_id, score_value) VALUES ('9285b890-7c1b-450b-a2f7-a3e3c5e1fa0d', '923c54ed-ac81-460f-a938-1a2850a1d16d', '684fe08e-8aeb-4069-a864-a800f0e007aa', 22) ON CONFLICT DO NOTHING;
INSERT INTO score_sheet_items (id, score_sheet_id, period_criterion_id, score_value) VALUES ('aa4710b5-2b50-4edf-ac04-5e7565c3fa52', '923c54ed-ac81-460f-a938-1a2850a1d16d', '6ddc3532-8a5c-41f0-a01c-80467a94d895', 22) ON CONFLICT DO NOTHING;
INSERT INTO score_sheet_items (id, score_sheet_id, period_criterion_id, score_value) VALUES ('7e47ae55-5d38-4ef7-a11d-6910320362cc', '923c54ed-ac81-460f-a938-1a2850a1d16d', 'df2ffbe9-f3d9-4636-aa1a-2208d49f12d6', 18) ON CONFLICT DO NOTHING;
INSERT INTO score_sheet_items (id, score_sheet_id, period_criterion_id, score_value) VALUES ('6f1a1d72-e242-424f-a990-92c2fa75bb4c', '923c54ed-ac81-460f-a938-1a2850a1d16d', 'fb8af623-bf3b-4522-a586-ff6e8bfec072', 18) ON CONFLICT DO NOTHING;
INSERT INTO score_sheet_items (id, score_sheet_id, period_criterion_id, score_value) VALUES ('48568295-48f8-452c-a4fb-c54bddae07b1', '923c54ed-ac81-460f-a938-1a2850a1d16d', 'd503371e-a85d-4eea-ad83-a91291cf4297', 9) ON CONFLICT DO NOTHING;
INSERT INTO score_sheets (id, period_id, project_id, juror_id, status, comment, started_at, last_activity_at) VALUES ('c4a8c4db-87c4-4d27-aa0d-0bb6d9430eaa', 'e14683dc-6ac1-4c73-a2cb-da24e9e4f45f', 'dd36e1bf-2797-42b4-ac06-cd142c99074f', '44e14170-d567-4ad4-a771-cd269d538a2f', 'submitted', 'Top-tier project. Clear problem definition, excellent execution.', (timestamp '2026-05-15 09:00:00' + interval '7 hours 56 minutes') - interval '30 mins', (timestamp '2026-05-15 09:00:00' + interval '7 hours 56 minutes')) ON CONFLICT DO NOTHING;
INSERT INTO score_sheet_items (id, score_sheet_id, period_criterion_id, score_value) VALUES ('0ca81692-fc55-486b-a996-7c484855d72a', 'c4a8c4db-87c4-4d27-aa0d-0bb6d9430eaa', '684fe08e-8aeb-4069-a864-a800f0e007aa', 22) ON CONFLICT DO NOTHING;
INSERT INTO score_sheet_items (id, score_sheet_id, period_criterion_id, score_value) VALUES ('69b48156-d572-4882-a74f-a31e8feae549', 'c4a8c4db-87c4-4d27-aa0d-0bb6d9430eaa', '6ddc3532-8a5c-41f0-a01c-80467a94d895', 21) ON CONFLICT DO NOTHING;
INSERT INTO score_sheet_items (id, score_sheet_id, period_criterion_id, score_value) VALUES ('cb450599-6720-403d-a715-52709446843a', 'c4a8c4db-87c4-4d27-aa0d-0bb6d9430eaa', 'df2ffbe9-f3d9-4636-aa1a-2208d49f12d6', 17) ON CONFLICT DO NOTHING;
INSERT INTO score_sheet_items (id, score_sheet_id, period_criterion_id, score_value) VALUES ('9a03b7df-1f4b-474f-a5dd-cf17068ba2bc', 'c4a8c4db-87c4-4d27-aa0d-0bb6d9430eaa', 'fb8af623-bf3b-4522-a586-ff6e8bfec072', 17) ON CONFLICT DO NOTHING;
INSERT INTO score_sheet_items (id, score_sheet_id, period_criterion_id, score_value) VALUES ('4ab5b6b6-efc9-4110-a6e2-1789531401c1', 'c4a8c4db-87c4-4d27-aa0d-0bb6d9430eaa', 'd503371e-a85d-4eea-ad83-a91291cf4297', 9) ON CONFLICT DO NOTHING;
INSERT INTO score_sheets (id, period_id, project_id, juror_id, status, comment, started_at, last_activity_at) VALUES ('d829f82b-2d97-48e3-a839-6ee43c5717e9', 'e14683dc-6ac1-4c73-a2cb-da24e9e4f45f', 'b15cefcf-fdfb-4b27-ae31-d743f12c947d', '44e14170-d567-4ad4-a771-cd269d538a2f', 'submitted', 'Well-rounded with good technical foundations.', (timestamp '2026-05-15 09:00:00' + interval '2 hours 30 minutes') - interval '30 mins', (timestamp '2026-05-15 09:00:00' + interval '2 hours 30 minutes')) ON CONFLICT DO NOTHING;
INSERT INTO score_sheet_items (id, score_sheet_id, period_criterion_id, score_value) VALUES ('bb65ff8f-7934-42b0-afc3-6b18f0d40d8c', 'd829f82b-2d97-48e3-a839-6ee43c5717e9', '684fe08e-8aeb-4069-a864-a800f0e007aa', 19) ON CONFLICT DO NOTHING;
INSERT INTO score_sheet_items (id, score_sheet_id, period_criterion_id, score_value) VALUES ('8143ef13-2405-4630-acde-46251f865bf3', 'd829f82b-2d97-48e3-a839-6ee43c5717e9', '6ddc3532-8a5c-41f0-a01c-80467a94d895', 18) ON CONFLICT DO NOTHING;
INSERT INTO score_sheet_items (id, score_sheet_id, period_criterion_id, score_value) VALUES ('23b07222-3525-4ad9-abcf-5264a99a7fdc', 'd829f82b-2d97-48e3-a839-6ee43c5717e9', 'df2ffbe9-f3d9-4636-aa1a-2208d49f12d6', 16) ON CONFLICT DO NOTHING;
INSERT INTO score_sheet_items (id, score_sheet_id, period_criterion_id, score_value) VALUES ('678f496a-5acc-4600-aedc-6e3c7f9ab11b', 'd829f82b-2d97-48e3-a839-6ee43c5717e9', 'fb8af623-bf3b-4522-a586-ff6e8bfec072', 15) ON CONFLICT DO NOTHING;
INSERT INTO score_sheet_items (id, score_sheet_id, period_criterion_id, score_value) VALUES ('eec93922-1e4c-4217-a1ec-d7befa6300b8', 'd829f82b-2d97-48e3-a839-6ee43c5717e9', 'd503371e-a85d-4eea-ad83-a91291cf4297', 7) ON CONFLICT DO NOTHING;
INSERT INTO score_sheets (id, period_id, project_id, juror_id, status, comment, started_at, last_activity_at) VALUES ('c0ee8663-0e0f-48d9-a15b-5ed21916e12a', 'e14683dc-6ac1-4c73-a2cb-da24e9e4f45f', '098590f3-10cc-4859-a45f-f642a593a924', '44e14170-d567-4ad4-a771-cd269d538a2f', 'submitted', NULL, (timestamp '2026-05-15 09:00:00' + interval '4 hours 26 minutes') - interval '30 mins', (timestamp '2026-05-15 09:00:00' + interval '4 hours 26 minutes')) ON CONFLICT DO NOTHING;
INSERT INTO score_sheet_items (id, score_sheet_id, period_criterion_id, score_value) VALUES ('8f3571b8-de2c-433e-ac53-501f6b2c56dc', 'c0ee8663-0e0f-48d9-a15b-5ed21916e12a', '684fe08e-8aeb-4069-a864-a800f0e007aa', 20) ON CONFLICT DO NOTHING;
INSERT INTO score_sheet_items (id, score_sheet_id, period_criterion_id, score_value) VALUES ('bfff2d16-59f4-4ace-a16d-4aafecda0af9', 'c0ee8663-0e0f-48d9-a15b-5ed21916e12a', '6ddc3532-8a5c-41f0-a01c-80467a94d895', 18) ON CONFLICT DO NOTHING;
INSERT INTO score_sheet_items (id, score_sheet_id, period_criterion_id, score_value) VALUES ('9abbb3a7-d233-41a9-ab07-ac94f9e226a9', 'c0ee8663-0e0f-48d9-a15b-5ed21916e12a', 'df2ffbe9-f3d9-4636-aa1a-2208d49f12d6', 15) ON CONFLICT DO NOTHING;
INSERT INTO score_sheet_items (id, score_sheet_id, period_criterion_id, score_value) VALUES ('c7cb288f-00ad-448e-ab03-d4ced402c486', 'c0ee8663-0e0f-48d9-a15b-5ed21916e12a', 'fb8af623-bf3b-4522-a586-ff6e8bfec072', 15) ON CONFLICT DO NOTHING;
INSERT INTO score_sheet_items (id, score_sheet_id, period_criterion_id, score_value) VALUES ('9c9c0a89-14ce-4ac4-aac3-f71afbd93487', 'c0ee8663-0e0f-48d9-a15b-5ed21916e12a', 'd503371e-a85d-4eea-ad83-a91291cf4297', 8) ON CONFLICT DO NOTHING;
INSERT INTO score_sheets (id, period_id, project_id, juror_id, status, comment, started_at, last_activity_at) VALUES ('e1d603c8-ae63-4239-afff-083002f349d0', 'e14683dc-6ac1-4c73-a2cb-da24e9e4f45f', '4c0e22db-7d9f-4312-a1d3-4fed4c7e3316', '44e14170-d567-4ad4-a771-cd269d538a2f', 'submitted', 'Consistently good — no weak spots.', (timestamp '2026-05-15 09:00:00' + interval '1 hours 10 minutes') - interval '30 mins', (timestamp '2026-05-15 09:00:00' + interval '1 hours 10 minutes')) ON CONFLICT DO NOTHING;
INSERT INTO score_sheet_items (id, score_sheet_id, period_criterion_id, score_value) VALUES ('7bb2a3c1-8a0e-4533-ada4-3e7aa0abea4d', 'e1d603c8-ae63-4239-afff-083002f349d0', '684fe08e-8aeb-4069-a864-a800f0e007aa', 19) ON CONFLICT DO NOTHING;
INSERT INTO score_sheet_items (id, score_sheet_id, period_criterion_id, score_value) VALUES ('b7075179-f013-4c4d-ac91-d664aa5d61e4', 'e1d603c8-ae63-4239-afff-083002f349d0', '6ddc3532-8a5c-41f0-a01c-80467a94d895', 19) ON CONFLICT DO NOTHING;
INSERT INTO score_sheet_items (id, score_sheet_id, period_criterion_id, score_value) VALUES ('fb745a79-bdad-418d-a252-694e2ac610eb', 'e1d603c8-ae63-4239-afff-083002f349d0', 'df2ffbe9-f3d9-4636-aa1a-2208d49f12d6', 16) ON CONFLICT DO NOTHING;
INSERT INTO score_sheet_items (id, score_sheet_id, period_criterion_id, score_value) VALUES ('e37e32f5-2760-42a6-a574-9b509ec5a491', 'e1d603c8-ae63-4239-afff-083002f349d0', 'fb8af623-bf3b-4522-a586-ff6e8bfec072', 16) ON CONFLICT DO NOTHING;
INSERT INTO score_sheet_items (id, score_sheet_id, period_criterion_id, score_value) VALUES ('12e8d7da-9139-48e8-ae76-7ad8641eaeb0', 'e1d603c8-ae63-4239-afff-083002f349d0', 'd503371e-a85d-4eea-ad83-a91291cf4297', 8) ON CONFLICT DO NOTHING;
INSERT INTO score_sheets (id, period_id, project_id, juror_id, status, comment, started_at, last_activity_at) VALUES ('bbe39153-d11a-4554-aae9-e0b61b2a947d', 'e14683dc-6ac1-4c73-a2cb-da24e9e4f45f', '1d3379fc-8094-4ff3-a4c7-fea65531bacd', '44e14170-d567-4ad4-a771-cd269d538a2f', 'submitted', 'Ambitious scope with mixed execution.', (timestamp '2026-05-15 09:00:00' + interval '9 hours 35 minutes') - interval '30 mins', (timestamp '2026-05-15 09:00:00' + interval '9 hours 35 minutes')) ON CONFLICT DO NOTHING;
INSERT INTO score_sheet_items (id, score_sheet_id, period_criterion_id, score_value) VALUES ('51c546e7-2b11-47aa-a958-b621f04a004d', 'bbe39153-d11a-4554-aae9-e0b61b2a947d', '684fe08e-8aeb-4069-a864-a800f0e007aa', 22) ON CONFLICT DO NOTHING;
INSERT INTO score_sheet_items (id, score_sheet_id, period_criterion_id, score_value) VALUES ('9cfca325-b3cf-420b-a87f-f0d922d7c2d4', 'bbe39153-d11a-4554-aae9-e0b61b2a947d', '6ddc3532-8a5c-41f0-a01c-80467a94d895', 15) ON CONFLICT DO NOTHING;
INSERT INTO score_sheet_items (id, score_sheet_id, period_criterion_id, score_value) VALUES ('72272f59-e80c-405e-a0d9-e35e715b9a64', 'bbe39153-d11a-4554-aae9-e0b61b2a947d', 'df2ffbe9-f3d9-4636-aa1a-2208d49f12d6', 17) ON CONFLICT DO NOTHING;
INSERT INTO score_sheet_items (id, score_sheet_id, period_criterion_id, score_value) VALUES ('5089e3fe-2085-4d6b-adcb-941daf31c119', 'bbe39153-d11a-4554-aae9-e0b61b2a947d', 'fb8af623-bf3b-4522-a586-ff6e8bfec072', 10) ON CONFLICT DO NOTHING;
INSERT INTO score_sheet_items (id, score_sheet_id, period_criterion_id, score_value) VALUES ('6882ef0c-d7af-4cad-a21e-66c614732221', 'bbe39153-d11a-4554-aae9-e0b61b2a947d', 'd503371e-a85d-4eea-ad83-a91291cf4297', 7) ON CONFLICT DO NOTHING;
INSERT INTO score_sheets (id, period_id, project_id, juror_id, status, comment, started_at, last_activity_at) VALUES ('a598194d-ef32-45d8-a794-95edc27220f1', 'e14683dc-6ac1-4c73-a2cb-da24e9e4f45f', '5b3da4be-9447-43a9-ab50-9e245f42164b', '44e14170-d567-4ad4-a771-cd269d538a2f', 'submitted', 'Technical work is outstanding but poster is hard to follow.', (timestamp '2026-05-15 09:00:00' + interval '1 hours 28 minutes') - interval '30 mins', (timestamp '2026-05-15 09:00:00' + interval '1 hours 28 minutes')) ON CONFLICT DO NOTHING;
INSERT INTO score_sheet_items (id, score_sheet_id, period_criterion_id, score_value) VALUES ('a35bef47-dd6f-4378-ad91-a4e627f3cd54', 'a598194d-ef32-45d8-a794-95edc27220f1', '684fe08e-8aeb-4069-a864-a800f0e007aa', 21) ON CONFLICT DO NOTHING;
INSERT INTO score_sheet_items (id, score_sheet_id, period_criterion_id, score_value) VALUES ('2acf81d8-cbd3-4336-a173-ee224bdaced8', 'a598194d-ef32-45d8-a794-95edc27220f1', '6ddc3532-8a5c-41f0-a01c-80467a94d895', 21) ON CONFLICT DO NOTHING;
INSERT INTO score_sheet_items (id, score_sheet_id, period_criterion_id, score_value) VALUES ('b129826c-5180-4451-a182-1e89ee78bf4c', 'a598194d-ef32-45d8-a794-95edc27220f1', 'df2ffbe9-f3d9-4636-aa1a-2208d49f12d6', 17) ON CONFLICT DO NOTHING;
INSERT INTO score_sheet_items (id, score_sheet_id, period_criterion_id, score_value) VALUES ('de324cc1-f68c-41de-a6b1-4a55e41a934c', 'a598194d-ef32-45d8-a794-95edc27220f1', 'fb8af623-bf3b-4522-a586-ff6e8bfec072', 13) ON CONFLICT DO NOTHING;
INSERT INTO score_sheet_items (id, score_sheet_id, period_criterion_id, score_value) VALUES ('20ae1f9b-c951-4f0e-aa18-e4b349e37df7', 'a598194d-ef32-45d8-a794-95edc27220f1', 'd503371e-a85d-4eea-ad83-a91291cf4297', 9) ON CONFLICT DO NOTHING;
INSERT INTO score_sheets (id, period_id, project_id, juror_id, status, comment, started_at, last_activity_at) VALUES ('c5751034-0a73-4cae-a715-e6309eb5a361', 'e14683dc-6ac1-4c73-a2cb-da24e9e4f45f', '5aa0b751-4de3-44b9-a6a2-aa0726f3853c', '44e14170-d567-4ad4-a771-cd269d538a2f', 'submitted', NULL, (timestamp '2026-05-15 09:00:00' + interval '3 hours 38 minutes') - interval '30 mins', (timestamp '2026-05-15 09:00:00' + interval '3 hours 38 minutes')) ON CONFLICT DO NOTHING;
INSERT INTO score_sheet_items (id, score_sheet_id, period_criterion_id, score_value) VALUES ('c9497cf3-c90e-475f-a3b8-1385619baffd', 'c5751034-0a73-4cae-a715-e6309eb5a361', '684fe08e-8aeb-4069-a864-a800f0e007aa', 20) ON CONFLICT DO NOTHING;
INSERT INTO score_sheet_items (id, score_sheet_id, period_criterion_id, score_value) VALUES ('ba5eb22d-b6e8-4872-a7d0-dff613aa591a', 'c5751034-0a73-4cae-a715-e6309eb5a361', '6ddc3532-8a5c-41f0-a01c-80467a94d895', 20) ON CONFLICT DO NOTHING;
INSERT INTO score_sheet_items (id, score_sheet_id, period_criterion_id, score_value) VALUES ('3c9c7850-2443-483f-a329-fbd4b37118f7', 'c5751034-0a73-4cae-a715-e6309eb5a361', 'df2ffbe9-f3d9-4636-aa1a-2208d49f12d6', 16) ON CONFLICT DO NOTHING;
INSERT INTO score_sheet_items (id, score_sheet_id, period_criterion_id, score_value) VALUES ('7d9aad24-38e5-485f-a6c1-8af776432b9e', 'c5751034-0a73-4cae-a715-e6309eb5a361', 'fb8af623-bf3b-4522-a586-ff6e8bfec072', 16) ON CONFLICT DO NOTHING;
INSERT INTO score_sheet_items (id, score_sheet_id, period_criterion_id, score_value) VALUES ('95abcb39-639f-4dd7-a75f-83833a2e6c3d', 'c5751034-0a73-4cae-a715-e6309eb5a361', 'd503371e-a85d-4eea-ad83-a91291cf4297', 8) ON CONFLICT DO NOTHING;
INSERT INTO score_sheets (id, period_id, project_id, juror_id, status, comment, started_at, last_activity_at) VALUES ('bf9e307f-a322-40e4-a747-2de3f7828ad3', 'e14683dc-6ac1-4c73-a2cb-da24e9e4f45f', 'b881dda7-8807-4444-aa05-62d7c35c1f10', '44e14170-d567-4ad4-a771-cd269d538a2f', 'submitted', 'Clear improvement trajectory throughout.', (timestamp '2026-05-15 09:00:00' + interval '2 hours 18 minutes') - interval '30 mins', (timestamp '2026-05-15 09:00:00' + interval '2 hours 18 minutes')) ON CONFLICT DO NOTHING;
INSERT INTO score_sheet_items (id, score_sheet_id, period_criterion_id, score_value) VALUES ('a09c8f1f-d86f-4c6f-a262-3f512676cb0b', 'bf9e307f-a322-40e4-a747-2de3f7828ad3', '684fe08e-8aeb-4069-a864-a800f0e007aa', 21) ON CONFLICT DO NOTHING;
INSERT INTO score_sheet_items (id, score_sheet_id, period_criterion_id, score_value) VALUES ('da1f1386-dfd1-44eb-a217-1abd876904d2', 'bf9e307f-a322-40e4-a747-2de3f7828ad3', '6ddc3532-8a5c-41f0-a01c-80467a94d895', 21) ON CONFLICT DO NOTHING;
INSERT INTO score_sheet_items (id, score_sheet_id, period_criterion_id, score_value) VALUES ('46a3e20f-346b-41ce-a5dd-0a14dcfe95ea', 'bf9e307f-a322-40e4-a747-2de3f7828ad3', 'df2ffbe9-f3d9-4636-aa1a-2208d49f12d6', 16) ON CONFLICT DO NOTHING;
INSERT INTO score_sheet_items (id, score_sheet_id, period_criterion_id, score_value) VALUES ('cc97324f-cc02-4015-a202-0b0788e93d08', 'bf9e307f-a322-40e4-a747-2de3f7828ad3', 'fb8af623-bf3b-4522-a586-ff6e8bfec072', 15) ON CONFLICT DO NOTHING;
INSERT INTO score_sheet_items (id, score_sheet_id, period_criterion_id, score_value) VALUES ('0fb0555a-92e1-4434-ac60-7c004238dd48', 'bf9e307f-a322-40e4-a747-2de3f7828ad3', 'd503371e-a85d-4eea-ad83-a91291cf4297', 8) ON CONFLICT DO NOTHING;
INSERT INTO score_sheets (id, period_id, project_id, juror_id, status, comment, started_at, last_activity_at) VALUES ('c1c127a8-39e9-4077-a0ba-9a1c7f97d159', 'e14683dc-6ac1-4c73-a2cb-da24e9e4f45f', '14ea30f9-d49e-4595-ad7b-657102fb8b26', '44e14170-d567-4ad4-a771-cd269d538a2f', 'submitted', 'Meets minimum expectations but does not stand out.', (timestamp '2026-05-15 09:00:00' + interval '5 hours 21 minutes') - interval '30 mins', (timestamp '2026-05-15 09:00:00' + interval '5 hours 21 minutes')) ON CONFLICT DO NOTHING;
INSERT INTO score_sheet_items (id, score_sheet_id, period_criterion_id, score_value) VALUES ('29b35c6a-3f95-4ca3-a122-4dad85f17b76', 'c1c127a8-39e9-4077-a0ba-9a1c7f97d159', '684fe08e-8aeb-4069-a864-a800f0e007aa', 16) ON CONFLICT DO NOTHING;
INSERT INTO score_sheet_items (id, score_sheet_id, period_criterion_id, score_value) VALUES ('5ec0a520-5b86-4b58-a950-38536974822c', 'c1c127a8-39e9-4077-a0ba-9a1c7f97d159', '6ddc3532-8a5c-41f0-a01c-80467a94d895', 15) ON CONFLICT DO NOTHING;
INSERT INTO score_sheet_items (id, score_sheet_id, period_criterion_id, score_value) VALUES ('024c7127-15c6-4209-a44d-6f5b5a9f9272', 'c1c127a8-39e9-4077-a0ba-9a1c7f97d159', 'df2ffbe9-f3d9-4636-aa1a-2208d49f12d6', 12) ON CONFLICT DO NOTHING;
INSERT INTO score_sheet_items (id, score_sheet_id, period_criterion_id, score_value) VALUES ('872e2c45-79ff-4339-a579-2a2c0b4ab267', 'c1c127a8-39e9-4077-a0ba-9a1c7f97d159', 'fb8af623-bf3b-4522-a586-ff6e8bfec072', 12) ON CONFLICT DO NOTHING;
INSERT INTO score_sheet_items (id, score_sheet_id, period_criterion_id, score_value) VALUES ('58854a98-d4dc-4044-a7a6-167974fb4582', 'c1c127a8-39e9-4077-a0ba-9a1c7f97d159', 'd503371e-a85d-4eea-ad83-a91291cf4297', 5) ON CONFLICT DO NOTHING;
INSERT INTO score_sheets (id, period_id, project_id, juror_id, status, comment, started_at, last_activity_at) VALUES ('a853370f-6563-4dc7-af5d-bc22b20f061e', 'e14683dc-6ac1-4c73-a2cb-da24e9e4f45f', '011cb0ec-f1eb-4288-a0c3-004e98a81b9b', '44e14170-d567-4ad4-a771-cd269d538a2f', 'submitted', 'Reasonable effort with expected results.', (timestamp '2026-05-15 09:00:00' + interval '2 hours 58 minutes') - interval '30 mins', (timestamp '2026-05-15 09:00:00' + interval '2 hours 58 minutes')) ON CONFLICT DO NOTHING;
INSERT INTO score_sheet_items (id, score_sheet_id, period_criterion_id, score_value) VALUES ('6e0dfa88-2303-4c88-a75f-773aa33932fa', 'a853370f-6563-4dc7-af5d-bc22b20f061e', '684fe08e-8aeb-4069-a864-a800f0e007aa', 16) ON CONFLICT DO NOTHING;
INSERT INTO score_sheet_items (id, score_sheet_id, period_criterion_id, score_value) VALUES ('942fa7a3-5502-4e9d-a19d-5d468a9ca661', 'a853370f-6563-4dc7-af5d-bc22b20f061e', '6ddc3532-8a5c-41f0-a01c-80467a94d895', 16) ON CONFLICT DO NOTHING;
INSERT INTO score_sheet_items (id, score_sheet_id, period_criterion_id, score_value) VALUES ('2e90aaf5-6b5a-4190-a156-d95c383af880', 'a853370f-6563-4dc7-af5d-bc22b20f061e', 'df2ffbe9-f3d9-4636-aa1a-2208d49f12d6', 13) ON CONFLICT DO NOTHING;
INSERT INTO score_sheet_items (id, score_sheet_id, period_criterion_id, score_value) VALUES ('8265813a-6322-4a45-ac23-03de9c52bf7e', 'a853370f-6563-4dc7-af5d-bc22b20f061e', 'fb8af623-bf3b-4522-a586-ff6e8bfec072', 14) ON CONFLICT DO NOTHING;
INSERT INTO score_sheet_items (id, score_sheet_id, period_criterion_id, score_value) VALUES ('8dcfadcb-ef05-46e0-ab71-3f1aa2a7017a', 'a853370f-6563-4dc7-af5d-bc22b20f061e', 'd503371e-a85d-4eea-ad83-a91291cf4297', 7) ON CONFLICT DO NOTHING;
INSERT INTO score_sheets (id, period_id, project_id, juror_id, status, comment, started_at, last_activity_at) VALUES ('9b4dfd5e-500b-4b50-aad7-b792421ede8e', 'e14683dc-6ac1-4c73-a2cb-da24e9e4f45f', '79270a6c-4914-4071-ae42-8ee609393a3a', '44e14170-d567-4ad4-a771-cd269d538a2f', 'submitted', NULL, (timestamp '2026-05-15 09:00:00' + interval '9 hours 55 minutes') - interval '30 mins', (timestamp '2026-05-15 09:00:00' + interval '9 hours 55 minutes')) ON CONFLICT DO NOTHING;
INSERT INTO score_sheet_items (id, score_sheet_id, period_criterion_id, score_value) VALUES ('ed2e9bbd-adca-47c9-a35d-7712481825f4', '9b4dfd5e-500b-4b50-aad7-b792421ede8e', '684fe08e-8aeb-4069-a864-a800f0e007aa', 14) ON CONFLICT DO NOTHING;
INSERT INTO score_sheet_items (id, score_sheet_id, period_criterion_id, score_value) VALUES ('4a0952b0-b846-4ffc-a749-738be570dc73', '9b4dfd5e-500b-4b50-aad7-b792421ede8e', '6ddc3532-8a5c-41f0-a01c-80467a94d895', 16) ON CONFLICT DO NOTHING;
INSERT INTO score_sheet_items (id, score_sheet_id, period_criterion_id, score_value) VALUES ('87d8cd36-70ee-4767-a142-8eb091bc5f79', '9b4dfd5e-500b-4b50-aad7-b792421ede8e', 'df2ffbe9-f3d9-4636-aa1a-2208d49f12d6', 14) ON CONFLICT DO NOTHING;
INSERT INTO score_sheet_items (id, score_sheet_id, period_criterion_id, score_value) VALUES ('fc7e3a06-b8b0-47c8-aa76-7d786e505e30', '9b4dfd5e-500b-4b50-aad7-b792421ede8e', 'fb8af623-bf3b-4522-a586-ff6e8bfec072', 13) ON CONFLICT DO NOTHING;
INSERT INTO score_sheet_items (id, score_sheet_id, period_criterion_id, score_value) VALUES ('754ff787-c1b1-44de-aca1-34d8a7c80bd8', '9b4dfd5e-500b-4b50-aad7-b792421ede8e', 'd503371e-a85d-4eea-ad83-a91291cf4297', 6) ON CONFLICT DO NOTHING;
INSERT INTO score_sheets (id, period_id, project_id, juror_id, status, comment, started_at, last_activity_at) VALUES ('1864c071-58b2-42b8-ac40-861e6098f705', 'e14683dc-6ac1-4c73-a2cb-da24e9e4f45f', 'ed333a6e-c080-4a61-a6dc-87a0e3220f22', 'c8a52987-c3a6-4368-a31c-a2f6566399f1', 'submitted', NULL, (timestamp '2026-05-15 09:00:00' + interval '14 hours 50 minutes') - interval '30 mins', (timestamp '2026-05-15 09:00:00' + interval '14 hours 50 minutes')) ON CONFLICT DO NOTHING;
INSERT INTO score_sheet_items (id, score_sheet_id, period_criterion_id, score_value) VALUES ('797046ff-c0e7-4fee-afcd-af265b37625c', '1864c071-58b2-42b8-ac40-861e6098f705', '684fe08e-8aeb-4069-a864-a800f0e007aa', 24) ON CONFLICT DO NOTHING;
INSERT INTO score_sheet_items (id, score_sheet_id, period_criterion_id, score_value) VALUES ('8f664e35-8361-4f2b-a821-d1a4a16998eb', '1864c071-58b2-42b8-ac40-861e6098f705', '6ddc3532-8a5c-41f0-a01c-80467a94d895', 24) ON CONFLICT DO NOTHING;
INSERT INTO score_sheet_items (id, score_sheet_id, period_criterion_id, score_value) VALUES ('6823c7fe-595d-4554-afb3-285da75ef01b', '1864c071-58b2-42b8-ac40-861e6098f705', 'df2ffbe9-f3d9-4636-aa1a-2208d49f12d6', 20) ON CONFLICT DO NOTHING;
INSERT INTO score_sheet_items (id, score_sheet_id, period_criterion_id, score_value) VALUES ('f038bccf-09e0-485f-a56b-ce698d432527', '1864c071-58b2-42b8-ac40-861e6098f705', 'fb8af623-bf3b-4522-a586-ff6e8bfec072', 19) ON CONFLICT DO NOTHING;
INSERT INTO score_sheet_items (id, score_sheet_id, period_criterion_id, score_value) VALUES ('4a4f0db1-82d7-40be-a79b-8247d1e64f5b', '1864c071-58b2-42b8-ac40-861e6098f705', 'd503371e-a85d-4eea-ad83-a91291cf4297', 9) ON CONFLICT DO NOTHING;
INSERT INTO score_sheets (id, period_id, project_id, juror_id, status, comment, started_at, last_activity_at) VALUES ('b5c50f78-30ec-4ac5-a31c-776adc0ca3d3', 'e14683dc-6ac1-4c73-a2cb-da24e9e4f45f', 'dd36e1bf-2797-42b4-ac06-cd142c99074f', 'c8a52987-c3a6-4368-a31c-a2f6566399f1', 'submitted', NULL, (timestamp '2026-05-15 09:00:00' + interval '7 hours 46 minutes') - interval '30 mins', (timestamp '2026-05-15 09:00:00' + interval '7 hours 46 minutes')) ON CONFLICT DO NOTHING;
INSERT INTO score_sheet_items (id, score_sheet_id, period_criterion_id, score_value) VALUES ('9eedb1b4-4e13-400d-a176-4751ea9aed40', 'b5c50f78-30ec-4ac5-a31c-776adc0ca3d3', '684fe08e-8aeb-4069-a864-a800f0e007aa', 23) ON CONFLICT DO NOTHING;
INSERT INTO score_sheet_items (id, score_sheet_id, period_criterion_id, score_value) VALUES ('df24e3fe-7a2f-4ae5-ad89-f7484dd947ac', 'b5c50f78-30ec-4ac5-a31c-776adc0ca3d3', '6ddc3532-8a5c-41f0-a01c-80467a94d895', 24) ON CONFLICT DO NOTHING;
INSERT INTO score_sheet_items (id, score_sheet_id, period_criterion_id, score_value) VALUES ('caed95a6-6c01-4d33-a181-f2b58cd8542e', 'b5c50f78-30ec-4ac5-a31c-776adc0ca3d3', 'df2ffbe9-f3d9-4636-aa1a-2208d49f12d6', 20) ON CONFLICT DO NOTHING;
INSERT INTO score_sheet_items (id, score_sheet_id, period_criterion_id, score_value) VALUES ('916d13b0-556b-409c-a8df-7e96343b5077', 'b5c50f78-30ec-4ac5-a31c-776adc0ca3d3', 'fb8af623-bf3b-4522-a586-ff6e8bfec072', 18) ON CONFLICT DO NOTHING;
INSERT INTO score_sheet_items (id, score_sheet_id, period_criterion_id, score_value) VALUES ('99337aab-e081-4794-a61b-7c5c58f71a2d', 'b5c50f78-30ec-4ac5-a31c-776adc0ca3d3', 'd503371e-a85d-4eea-ad83-a91291cf4297', 9) ON CONFLICT DO NOTHING;
INSERT INTO score_sheets (id, period_id, project_id, juror_id, status, comment, started_at, last_activity_at) VALUES ('6d59a21f-fb23-4539-a8e8-237234a06cdc', 'e14683dc-6ac1-4c73-a2cb-da24e9e4f45f', 'b15cefcf-fdfb-4b27-ae31-d743f12c947d', 'c8a52987-c3a6-4368-a31c-a2f6566399f1', 'submitted', 'Well-rounded with good technical foundations.', (timestamp '2026-05-15 09:00:00' + interval '16 hours 52 minutes') - interval '30 mins', (timestamp '2026-05-15 09:00:00' + interval '16 hours 52 minutes')) ON CONFLICT DO NOTHING;
INSERT INTO score_sheet_items (id, score_sheet_id, period_criterion_id, score_value) VALUES ('096d365f-8c7b-41bb-a590-ef7221750ca4', '6d59a21f-fb23-4539-a8e8-237234a06cdc', '684fe08e-8aeb-4069-a864-a800f0e007aa', 22) ON CONFLICT DO NOTHING;
INSERT INTO score_sheet_items (id, score_sheet_id, period_criterion_id, score_value) VALUES ('a6d397d6-1d73-4365-a646-f4f5e556bb28', '6d59a21f-fb23-4539-a8e8-237234a06cdc', '6ddc3532-8a5c-41f0-a01c-80467a94d895', 21) ON CONFLICT DO NOTHING;
INSERT INTO score_sheet_items (id, score_sheet_id, period_criterion_id, score_value) VALUES ('91f429b1-c618-4ca5-abec-ec60b1300b87', '6d59a21f-fb23-4539-a8e8-237234a06cdc', 'df2ffbe9-f3d9-4636-aa1a-2208d49f12d6', 17) ON CONFLICT DO NOTHING;
INSERT INTO score_sheet_items (id, score_sheet_id, period_criterion_id, score_value) VALUES ('870d928d-bc3e-459b-a33c-30553fb6d17a', '6d59a21f-fb23-4539-a8e8-237234a06cdc', 'fb8af623-bf3b-4522-a586-ff6e8bfec072', 16) ON CONFLICT DO NOTHING;
INSERT INTO score_sheet_items (id, score_sheet_id, period_criterion_id, score_value) VALUES ('b8def719-0a23-4fd2-a914-2fcc9eb536cd', '6d59a21f-fb23-4539-a8e8-237234a06cdc', 'd503371e-a85d-4eea-ad83-a91291cf4297', 8) ON CONFLICT DO NOTHING;
INSERT INTO score_sheets (id, period_id, project_id, juror_id, status, comment, started_at, last_activity_at) VALUES ('a7f5a18b-1eab-49f0-a174-ab5405f90a1a', 'e14683dc-6ac1-4c73-a2cb-da24e9e4f45f', '098590f3-10cc-4859-a45f-f642a593a924', 'c8a52987-c3a6-4368-a31c-a2f6566399f1', 'submitted', NULL, (timestamp '2026-05-15 09:00:00' + interval '13 hours 1 minutes') - interval '30 mins', (timestamp '2026-05-15 09:00:00' + interval '13 hours 1 minutes')) ON CONFLICT DO NOTHING;
INSERT INTO score_sheet_items (id, score_sheet_id, period_criterion_id, score_value) VALUES ('712d844d-b59d-4923-a716-a5a946ea8371', 'a7f5a18b-1eab-49f0-a174-ab5405f90a1a', '684fe08e-8aeb-4069-a864-a800f0e007aa', 19) ON CONFLICT DO NOTHING;
INSERT INTO score_sheet_items (id, score_sheet_id, period_criterion_id, score_value) VALUES ('858fe82f-f949-4e9a-a2d4-4d1d94825828', 'a7f5a18b-1eab-49f0-a174-ab5405f90a1a', '6ddc3532-8a5c-41f0-a01c-80467a94d895', 20) ON CONFLICT DO NOTHING;
INSERT INTO score_sheet_items (id, score_sheet_id, period_criterion_id, score_value) VALUES ('0a83f84d-751e-46cb-a4ef-78e056441838', 'a7f5a18b-1eab-49f0-a174-ab5405f90a1a', 'df2ffbe9-f3d9-4636-aa1a-2208d49f12d6', 17) ON CONFLICT DO NOTHING;
INSERT INTO score_sheet_items (id, score_sheet_id, period_criterion_id, score_value) VALUES ('119cf1a6-0625-4ad8-aa1e-68921badbed9', 'a7f5a18b-1eab-49f0-a174-ab5405f90a1a', 'fb8af623-bf3b-4522-a586-ff6e8bfec072', 18) ON CONFLICT DO NOTHING;
INSERT INTO score_sheet_items (id, score_sheet_id, period_criterion_id, score_value) VALUES ('d677b970-1a52-4a3e-a059-3a3d01ee666c', 'a7f5a18b-1eab-49f0-a174-ab5405f90a1a', 'd503371e-a85d-4eea-ad83-a91291cf4297', 7) ON CONFLICT DO NOTHING;
INSERT INTO score_sheets (id, period_id, project_id, juror_id, status, comment, started_at, last_activity_at) VALUES ('aafa4be6-4fdb-44f8-aab0-ff27e36b76d8', 'e14683dc-6ac1-4c73-a2cb-da24e9e4f45f', '4c0e22db-7d9f-4312-a1d3-4fed4c7e3316', 'c8a52987-c3a6-4368-a31c-a2f6566399f1', 'submitted', NULL, (timestamp '2026-05-15 09:00:00' + interval '1 hours 54 minutes') - interval '30 mins', (timestamp '2026-05-15 09:00:00' + interval '1 hours 54 minutes')) ON CONFLICT DO NOTHING;
INSERT INTO score_sheet_items (id, score_sheet_id, period_criterion_id, score_value) VALUES ('3d7a4d90-9a47-4e96-a91e-6d946cfa6fc0', 'aafa4be6-4fdb-44f8-aab0-ff27e36b76d8', '684fe08e-8aeb-4069-a864-a800f0e007aa', 22) ON CONFLICT DO NOTHING;
INSERT INTO score_sheet_items (id, score_sheet_id, period_criterion_id, score_value) VALUES ('59067fc3-d356-43b8-a9a7-7522a86c4a62', 'aafa4be6-4fdb-44f8-aab0-ff27e36b76d8', '6ddc3532-8a5c-41f0-a01c-80467a94d895', 22) ON CONFLICT DO NOTHING;
INSERT INTO score_sheet_items (id, score_sheet_id, period_criterion_id, score_value) VALUES ('20f498ae-0c3f-47a1-afb9-e4af74e798a9', 'aafa4be6-4fdb-44f8-aab0-ff27e36b76d8', 'df2ffbe9-f3d9-4636-aa1a-2208d49f12d6', 18) ON CONFLICT DO NOTHING;
INSERT INTO score_sheet_items (id, score_sheet_id, period_criterion_id, score_value) VALUES ('5537f012-c204-45eb-a1cc-3bd92d2ffccb', 'aafa4be6-4fdb-44f8-aab0-ff27e36b76d8', 'fb8af623-bf3b-4522-a586-ff6e8bfec072', 18) ON CONFLICT DO NOTHING;
INSERT INTO score_sheet_items (id, score_sheet_id, period_criterion_id, score_value) VALUES ('abf5cf5b-a0f1-4487-ac10-ac4ec68edbd2', 'aafa4be6-4fdb-44f8-aab0-ff27e36b76d8', 'd503371e-a85d-4eea-ad83-a91291cf4297', 7) ON CONFLICT DO NOTHING;
INSERT INTO score_sheets (id, period_id, project_id, juror_id, status, comment, started_at, last_activity_at) VALUES ('4ca4e103-5f07-4d66-a0f3-a493805bc978', 'e14683dc-6ac1-4c73-a2cb-da24e9e4f45f', '1d3379fc-8094-4ff3-a4c7-fea65531bacd', 'c8a52987-c3a6-4368-a31c-a2f6566399f1', 'submitted', NULL, (timestamp '2026-05-15 09:00:00' + interval '2 hours 25 minutes') - interval '30 mins', (timestamp '2026-05-15 09:00:00' + interval '2 hours 25 minutes')) ON CONFLICT DO NOTHING;
INSERT INTO score_sheet_items (id, score_sheet_id, period_criterion_id, score_value) VALUES ('3b58fae6-19c6-4af8-a81c-a181f9ed53c5', '4ca4e103-5f07-4d66-a0f3-a493805bc978', '684fe08e-8aeb-4069-a864-a800f0e007aa', 21) ON CONFLICT DO NOTHING;
INSERT INTO score_sheet_items (id, score_sheet_id, period_criterion_id, score_value) VALUES ('797ccd28-6ed2-4255-a445-c887b5846688', '4ca4e103-5f07-4d66-a0f3-a493805bc978', '6ddc3532-8a5c-41f0-a01c-80467a94d895', 22) ON CONFLICT DO NOTHING;
INSERT INTO score_sheet_items (id, score_sheet_id, period_criterion_id, score_value) VALUES ('24a24e85-3bc3-49df-a44c-4a39cfa12ecf', '4ca4e103-5f07-4d66-a0f3-a493805bc978', 'df2ffbe9-f3d9-4636-aa1a-2208d49f12d6', 18) ON CONFLICT DO NOTHING;
INSERT INTO score_sheet_items (id, score_sheet_id, period_criterion_id, score_value) VALUES ('8fbdf08a-d324-4fd9-aed8-d6b21a2db57a', '4ca4e103-5f07-4d66-a0f3-a493805bc978', 'fb8af623-bf3b-4522-a586-ff6e8bfec072', 18) ON CONFLICT DO NOTHING;
INSERT INTO score_sheet_items (id, score_sheet_id, period_criterion_id, score_value) VALUES ('0de3017e-d8b3-4427-aca6-5719f6ab7054', '4ca4e103-5f07-4d66-a0f3-a493805bc978', 'd503371e-a85d-4eea-ad83-a91291cf4297', 7) ON CONFLICT DO NOTHING;
INSERT INTO score_sheets (id, period_id, project_id, juror_id, status, comment, started_at, last_activity_at) VALUES ('9e2459a9-3f8f-487b-aaf0-dc00593d6632', 'e14683dc-6ac1-4c73-a2cb-da24e9e4f45f', '5b3da4be-9447-43a9-ab50-9e245f42164b', 'c8a52987-c3a6-4368-a31c-a2f6566399f1', 'submitted', NULL, (timestamp '2026-05-15 09:00:00' + interval '6 hours 52 minutes') - interval '30 mins', (timestamp '2026-05-15 09:00:00' + interval '6 hours 52 minutes')) ON CONFLICT DO NOTHING;
INSERT INTO score_sheet_items (id, score_sheet_id, period_criterion_id, score_value) VALUES ('1f3876e4-f62b-444b-ade3-d9a42d75102b', '9e2459a9-3f8f-487b-aaf0-dc00593d6632', '684fe08e-8aeb-4069-a864-a800f0e007aa', 23) ON CONFLICT DO NOTHING;
INSERT INTO score_sheet_items (id, score_sheet_id, period_criterion_id, score_value) VALUES ('47fe4a93-1554-48ca-ac5e-d794d3d6512b', '9e2459a9-3f8f-487b-aaf0-dc00593d6632', '6ddc3532-8a5c-41f0-a01c-80467a94d895', 23) ON CONFLICT DO NOTHING;
INSERT INTO score_sheet_items (id, score_sheet_id, period_criterion_id, score_value) VALUES ('cadc870d-779c-4124-a6de-d0de35cf6ad6', '9e2459a9-3f8f-487b-aaf0-dc00593d6632', 'df2ffbe9-f3d9-4636-aa1a-2208d49f12d6', 19) ON CONFLICT DO NOTHING;
INSERT INTO score_sheet_items (id, score_sheet_id, period_criterion_id, score_value) VALUES ('b7a83cc2-4c2a-463d-a351-49b9ddbace0b', '9e2459a9-3f8f-487b-aaf0-dc00593d6632', 'fb8af623-bf3b-4522-a586-ff6e8bfec072', 14) ON CONFLICT DO NOTHING;
INSERT INTO score_sheet_items (id, score_sheet_id, period_criterion_id, score_value) VALUES ('c50e493e-0c23-4f20-a5c5-f748867828a5', '9e2459a9-3f8f-487b-aaf0-dc00593d6632', 'd503371e-a85d-4eea-ad83-a91291cf4297', 9) ON CONFLICT DO NOTHING;
INSERT INTO score_sheets (id, period_id, project_id, juror_id, status, comment, started_at, last_activity_at) VALUES ('7e795b9e-c6da-40b8-a6e2-9b18a90cafc8', 'e14683dc-6ac1-4c73-a2cb-da24e9e4f45f', '5aa0b751-4de3-44b9-a6a2-aa0726f3853c', 'c8a52987-c3a6-4368-a31c-a2f6566399f1', 'submitted', NULL, (timestamp '2026-05-15 09:00:00' + interval '11 hours 30 minutes') - interval '30 mins', (timestamp '2026-05-15 09:00:00' + interval '11 hours 30 minutes')) ON CONFLICT DO NOTHING;
INSERT INTO score_sheet_items (id, score_sheet_id, period_criterion_id, score_value) VALUES ('f970e624-d9c0-4c34-abdd-184b4f7a1f3a', '7e795b9e-c6da-40b8-a6e2-9b18a90cafc8', '684fe08e-8aeb-4069-a864-a800f0e007aa', 22) ON CONFLICT DO NOTHING;
INSERT INTO score_sheet_items (id, score_sheet_id, period_criterion_id, score_value) VALUES ('0e30472f-2038-45af-a1e7-da71585a339c', '7e795b9e-c6da-40b8-a6e2-9b18a90cafc8', '6ddc3532-8a5c-41f0-a01c-80467a94d895', 22) ON CONFLICT DO NOTHING;
INSERT INTO score_sheet_items (id, score_sheet_id, period_criterion_id, score_value) VALUES ('1229cf65-64e6-40eb-a6bb-cd7e0a2c4224', '7e795b9e-c6da-40b8-a6e2-9b18a90cafc8', 'df2ffbe9-f3d9-4636-aa1a-2208d49f12d6', 18) ON CONFLICT DO NOTHING;
INSERT INTO score_sheet_items (id, score_sheet_id, period_criterion_id, score_value) VALUES ('fdac625d-e429-420e-a183-177ba2a77a50', '7e795b9e-c6da-40b8-a6e2-9b18a90cafc8', 'fb8af623-bf3b-4522-a586-ff6e8bfec072', 18) ON CONFLICT DO NOTHING;
INSERT INTO score_sheet_items (id, score_sheet_id, period_criterion_id, score_value) VALUES ('4edd445e-29b5-45a9-afef-86d8d2a38168', '7e795b9e-c6da-40b8-a6e2-9b18a90cafc8', 'd503371e-a85d-4eea-ad83-a91291cf4297', 8) ON CONFLICT DO NOTHING;
INSERT INTO score_sheets (id, period_id, project_id, juror_id, status, comment, started_at, last_activity_at) VALUES ('2d23c075-d7cd-49a7-abd5-e7afbca54ccc', 'e14683dc-6ac1-4c73-a2cb-da24e9e4f45f', 'b881dda7-8807-4444-aa05-62d7c35c1f10', 'c8a52987-c3a6-4368-a31c-a2f6566399f1', 'submitted', NULL, (timestamp '2026-05-15 09:00:00' + interval '8 hours 30 minutes') - interval '30 mins', (timestamp '2026-05-15 09:00:00' + interval '8 hours 30 minutes')) ON CONFLICT DO NOTHING;
INSERT INTO score_sheet_items (id, score_sheet_id, period_criterion_id, score_value) VALUES ('02ea3866-2832-42c3-ad43-a8e4eaee793e', '2d23c075-d7cd-49a7-abd5-e7afbca54ccc', '684fe08e-8aeb-4069-a864-a800f0e007aa', 24) ON CONFLICT DO NOTHING;
INSERT INTO score_sheet_items (id, score_sheet_id, period_criterion_id, score_value) VALUES ('22a4866b-1937-46b4-a85f-9923750bc474', '2d23c075-d7cd-49a7-abd5-e7afbca54ccc', '6ddc3532-8a5c-41f0-a01c-80467a94d895', 22) ON CONFLICT DO NOTHING;
INSERT INTO score_sheet_items (id, score_sheet_id, period_criterion_id, score_value) VALUES ('9d694664-a928-41f8-a971-7745b57eb1b8', '2d23c075-d7cd-49a7-abd5-e7afbca54ccc', 'df2ffbe9-f3d9-4636-aa1a-2208d49f12d6', 17) ON CONFLICT DO NOTHING;
INSERT INTO score_sheet_items (id, score_sheet_id, period_criterion_id, score_value) VALUES ('25779da1-cbb8-4bb6-a051-009138d0316b', '2d23c075-d7cd-49a7-abd5-e7afbca54ccc', 'fb8af623-bf3b-4522-a586-ff6e8bfec072', 16) ON CONFLICT DO NOTHING;
INSERT INTO score_sheet_items (id, score_sheet_id, period_criterion_id, score_value) VALUES ('8d770256-2ace-4ac6-a886-a71cbfcb278d', '2d23c075-d7cd-49a7-abd5-e7afbca54ccc', 'd503371e-a85d-4eea-ad83-a91291cf4297', 8) ON CONFLICT DO NOTHING;
INSERT INTO score_sheets (id, period_id, project_id, juror_id, status, comment, started_at, last_activity_at) VALUES ('29d07cf3-333e-4d90-a4b7-556293db6435', 'e14683dc-6ac1-4c73-a2cb-da24e9e4f45f', '14ea30f9-d49e-4595-ad7b-657102fb8b26', 'c8a52987-c3a6-4368-a31c-a2f6566399f1', 'submitted', 'Adequate but uninspired. More depth needed.', (timestamp '2026-05-15 09:00:00' + interval '2 hours 54 minutes') - interval '30 mins', (timestamp '2026-05-15 09:00:00' + interval '2 hours 54 minutes')) ON CONFLICT DO NOTHING;
INSERT INTO score_sheet_items (id, score_sheet_id, period_criterion_id, score_value) VALUES ('010e0d94-41b2-416e-a83e-4a8e48024a15', '29d07cf3-333e-4d90-a4b7-556293db6435', '684fe08e-8aeb-4069-a864-a800f0e007aa', 17) ON CONFLICT DO NOTHING;
INSERT INTO score_sheet_items (id, score_sheet_id, period_criterion_id, score_value) VALUES ('393addf7-dc69-4d37-abff-81ce1d00c016', '29d07cf3-333e-4d90-a4b7-556293db6435', '6ddc3532-8a5c-41f0-a01c-80467a94d895', 17) ON CONFLICT DO NOTHING;
INSERT INTO score_sheet_items (id, score_sheet_id, period_criterion_id, score_value) VALUES ('722bb149-6556-47bd-a0fe-e3f6d120c54a', '29d07cf3-333e-4d90-a4b7-556293db6435', 'df2ffbe9-f3d9-4636-aa1a-2208d49f12d6', 14) ON CONFLICT DO NOTHING;
INSERT INTO score_sheet_items (id, score_sheet_id, period_criterion_id, score_value) VALUES ('aae8da5e-7f19-440b-aacf-7a206b475302', '29d07cf3-333e-4d90-a4b7-556293db6435', 'fb8af623-bf3b-4522-a586-ff6e8bfec072', 14) ON CONFLICT DO NOTHING;
INSERT INTO score_sheet_items (id, score_sheet_id, period_criterion_id, score_value) VALUES ('5c1f3394-be73-46a5-a479-16addf7a4f52', '29d07cf3-333e-4d90-a4b7-556293db6435', 'd503371e-a85d-4eea-ad83-a91291cf4297', 7) ON CONFLICT DO NOTHING;
INSERT INTO score_sheets (id, period_id, project_id, juror_id, status, comment, started_at, last_activity_at) VALUES ('69bb7384-2aae-44f6-af02-148d97d85cf7', 'e14683dc-6ac1-4c73-a2cb-da24e9e4f45f', '011cb0ec-f1eb-4288-a0c3-004e98a81b9b', 'c8a52987-c3a6-4368-a31c-a2f6566399f1', 'submitted', NULL, (timestamp '2026-05-15 09:00:00' + interval '10 hours 57 minutes') - interval '30 mins', (timestamp '2026-05-15 09:00:00' + interval '10 hours 57 minutes')) ON CONFLICT DO NOTHING;
INSERT INTO score_sheet_items (id, score_sheet_id, period_criterion_id, score_value) VALUES ('adcbd752-dab8-44bb-aebd-534437766886', '69bb7384-2aae-44f6-af02-148d97d85cf7', '684fe08e-8aeb-4069-a864-a800f0e007aa', 19) ON CONFLICT DO NOTHING;
INSERT INTO score_sheet_items (id, score_sheet_id, period_criterion_id, score_value) VALUES ('65cc0edf-547a-4734-aea7-62a48ac64e6f', '69bb7384-2aae-44f6-af02-148d97d85cf7', '6ddc3532-8a5c-41f0-a01c-80467a94d895', 19) ON CONFLICT DO NOTHING;
INSERT INTO score_sheet_items (id, score_sheet_id, period_criterion_id, score_value) VALUES ('7d0f5004-428f-4b48-a8e1-6ff1f24bfa67', '69bb7384-2aae-44f6-af02-148d97d85cf7', 'df2ffbe9-f3d9-4636-aa1a-2208d49f12d6', 15) ON CONFLICT DO NOTHING;
INSERT INTO score_sheet_items (id, score_sheet_id, period_criterion_id, score_value) VALUES ('d5cf0de3-22ee-43a4-a669-cdf89e997881', '69bb7384-2aae-44f6-af02-148d97d85cf7', 'fb8af623-bf3b-4522-a586-ff6e8bfec072', 14) ON CONFLICT DO NOTHING;
INSERT INTO score_sheet_items (id, score_sheet_id, period_criterion_id, score_value) VALUES ('6e72e820-6177-47f7-a69f-b8a28ac7cdc8', '69bb7384-2aae-44f6-af02-148d97d85cf7', 'd503371e-a85d-4eea-ad83-a91291cf4297', 7) ON CONFLICT DO NOTHING;
INSERT INTO score_sheets (id, period_id, project_id, juror_id, status, comment, started_at, last_activity_at) VALUES ('88468a05-2eba-4453-a620-4d7d1c5b0aac', 'e14683dc-6ac1-4c73-a2cb-da24e9e4f45f', '79270a6c-4914-4071-ae42-8ee609393a3a', 'c8a52987-c3a6-4368-a31c-a2f6566399f1', 'submitted', 'Shows initial effort but execution very limited.', (timestamp '2026-05-15 09:00:00' + interval '18 hours 23 minutes') - interval '30 mins', (timestamp '2026-05-15 09:00:00' + interval '18 hours 23 minutes')) ON CONFLICT DO NOTHING;
INSERT INTO score_sheet_items (id, score_sheet_id, period_criterion_id, score_value) VALUES ('5b041504-686a-489f-a77d-da25124c0409', '88468a05-2eba-4453-a620-4d7d1c5b0aac', '684fe08e-8aeb-4069-a864-a800f0e007aa', 15) ON CONFLICT DO NOTHING;
INSERT INTO score_sheet_items (id, score_sheet_id, period_criterion_id, score_value) VALUES ('b458a24d-15ec-4fc1-ab37-68d3a94db33a', '88468a05-2eba-4453-a620-4d7d1c5b0aac', '6ddc3532-8a5c-41f0-a01c-80467a94d895', 15) ON CONFLICT DO NOTHING;
INSERT INTO score_sheet_items (id, score_sheet_id, period_criterion_id, score_value) VALUES ('c5fed5f7-7a08-4191-ace3-b6bb3a73fece', '88468a05-2eba-4453-a620-4d7d1c5b0aac', 'df2ffbe9-f3d9-4636-aa1a-2208d49f12d6', 11) ON CONFLICT DO NOTHING;
INSERT INTO score_sheet_items (id, score_sheet_id, period_criterion_id, score_value) VALUES ('5ab6fa20-7be9-4bd0-adcb-a60eb6f102eb', '88468a05-2eba-4453-a620-4d7d1c5b0aac', 'fb8af623-bf3b-4522-a586-ff6e8bfec072', 14) ON CONFLICT DO NOTHING;
INSERT INTO score_sheet_items (id, score_sheet_id, period_criterion_id, score_value) VALUES ('baecae54-c685-4334-a09e-3d99075ed274', '88468a05-2eba-4453-a620-4d7d1c5b0aac', 'd503371e-a85d-4eea-ad83-a91291cf4297', 6) ON CONFLICT DO NOTHING;
INSERT INTO score_sheets (id, period_id, project_id, juror_id, status, comment, started_at, last_activity_at) VALUES ('1c58fad2-e1e1-41b7-a1ba-9a3de1c944f0', 'e14683dc-6ac1-4c73-a2cb-da24e9e4f45f', 'ed333a6e-c080-4a61-a6dc-87a0e3220f22', 'b6f120da-98ef-4f28-ad71-46e47bfd43dd', 'submitted', NULL, (timestamp '2026-05-15 09:00:00' + interval '19 hours 42 minutes') - interval '30 mins', (timestamp '2026-05-15 09:00:00' + interval '19 hours 42 minutes')) ON CONFLICT DO NOTHING;
INSERT INTO score_sheet_items (id, score_sheet_id, period_criterion_id, score_value) VALUES ('2e02865e-a70e-4918-a42f-c2c3a0882136', '1c58fad2-e1e1-41b7-a1ba-9a3de1c944f0', '684fe08e-8aeb-4069-a864-a800f0e007aa', 24) ON CONFLICT DO NOTHING;
INSERT INTO score_sheet_items (id, score_sheet_id, period_criterion_id, score_value) VALUES ('a23d85af-0c23-4231-a6dc-341bd348f663', '1c58fad2-e1e1-41b7-a1ba-9a3de1c944f0', '6ddc3532-8a5c-41f0-a01c-80467a94d895', 23) ON CONFLICT DO NOTHING;
INSERT INTO score_sheet_items (id, score_sheet_id, period_criterion_id, score_value) VALUES ('2e19ebbb-3569-4b64-ad42-566480526c3e', '1c58fad2-e1e1-41b7-a1ba-9a3de1c944f0', 'df2ffbe9-f3d9-4636-aa1a-2208d49f12d6', 19) ON CONFLICT DO NOTHING;
INSERT INTO score_sheet_items (id, score_sheet_id, period_criterion_id, score_value) VALUES ('384b9442-ce45-4c46-a121-987038f144cb', '1c58fad2-e1e1-41b7-a1ba-9a3de1c944f0', 'fb8af623-bf3b-4522-a586-ff6e8bfec072', 18) ON CONFLICT DO NOTHING;
INSERT INTO score_sheet_items (id, score_sheet_id, period_criterion_id, score_value) VALUES ('1fb3c8d6-dd08-48b9-a73a-3936cd160eca', '1c58fad2-e1e1-41b7-a1ba-9a3de1c944f0', 'd503371e-a85d-4eea-ad83-a91291cf4297', 9) ON CONFLICT DO NOTHING;
INSERT INTO score_sheets (id, period_id, project_id, juror_id, status, comment, started_at, last_activity_at) VALUES ('78bf1d2e-2815-4df9-a44e-e3266c053a32', 'e14683dc-6ac1-4c73-a2cb-da24e9e4f45f', 'dd36e1bf-2797-42b4-ac06-cd142c99074f', 'b6f120da-98ef-4f28-ad71-46e47bfd43dd', 'submitted', NULL, (timestamp '2026-05-15 09:00:00' + interval '7 hours 56 minutes') - interval '30 mins', (timestamp '2026-05-15 09:00:00' + interval '7 hours 56 minutes')) ON CONFLICT DO NOTHING;
INSERT INTO score_sheet_items (id, score_sheet_id, period_criterion_id, score_value) VALUES ('2b980eb0-a22d-4b8f-ae47-af6acd4dd80c', '78bf1d2e-2815-4df9-a44e-e3266c053a32', '684fe08e-8aeb-4069-a864-a800f0e007aa', 23) ON CONFLICT DO NOTHING;
INSERT INTO score_sheet_items (id, score_sheet_id, period_criterion_id, score_value) VALUES ('c0fd7bfd-fdc3-42bb-a93c-b9037b2d9860', '78bf1d2e-2815-4df9-a44e-e3266c053a32', '6ddc3532-8a5c-41f0-a01c-80467a94d895', 22) ON CONFLICT DO NOTHING;
INSERT INTO score_sheet_items (id, score_sheet_id, period_criterion_id, score_value) VALUES ('782a45e9-a887-41cd-a406-d23758325d7e', '78bf1d2e-2815-4df9-a44e-e3266c053a32', 'df2ffbe9-f3d9-4636-aa1a-2208d49f12d6', 19) ON CONFLICT DO NOTHING;
INSERT INTO score_sheet_items (id, score_sheet_id, period_criterion_id, score_value) VALUES ('2024f893-7109-4e59-a733-ec749cad1127', '78bf1d2e-2815-4df9-a44e-e3266c053a32', 'fb8af623-bf3b-4522-a586-ff6e8bfec072', 17) ON CONFLICT DO NOTHING;
INSERT INTO score_sheet_items (id, score_sheet_id, period_criterion_id, score_value) VALUES ('70e7bdbd-c271-49bf-ac25-3c145bad19d1', '78bf1d2e-2815-4df9-a44e-e3266c053a32', 'd503371e-a85d-4eea-ad83-a91291cf4297', 9) ON CONFLICT DO NOTHING;
INSERT INTO score_sheets (id, period_id, project_id, juror_id, status, comment, started_at, last_activity_at) VALUES ('48f2246b-7f85-4d90-a034-0745b01a8ec3', 'e14683dc-6ac1-4c73-a2cb-da24e9e4f45f', 'b15cefcf-fdfb-4b27-ae31-d743f12c947d', 'b6f120da-98ef-4f28-ad71-46e47bfd43dd', 'submitted', NULL, (timestamp '2026-05-15 09:00:00' + interval '11 hours 46 minutes') - interval '30 mins', (timestamp '2026-05-15 09:00:00' + interval '11 hours 46 minutes')) ON CONFLICT DO NOTHING;
INSERT INTO score_sheet_items (id, score_sheet_id, period_criterion_id, score_value) VALUES ('16cc44db-bbfd-4346-a075-06aeb56de15e', '48f2246b-7f85-4d90-a034-0745b01a8ec3', '684fe08e-8aeb-4069-a864-a800f0e007aa', 20) ON CONFLICT DO NOTHING;
INSERT INTO score_sheet_items (id, score_sheet_id, period_criterion_id, score_value) VALUES ('94d7b90e-ad65-4a82-a8dc-4a85ee751f02', '48f2246b-7f85-4d90-a034-0745b01a8ec3', '6ddc3532-8a5c-41f0-a01c-80467a94d895', 20) ON CONFLICT DO NOTHING;
INSERT INTO score_sheet_items (id, score_sheet_id, period_criterion_id, score_value) VALUES ('8e032917-54f0-4f60-ac30-3da1ef3c8748', '48f2246b-7f85-4d90-a034-0745b01a8ec3', 'df2ffbe9-f3d9-4636-aa1a-2208d49f12d6', 15) ON CONFLICT DO NOTHING;
INSERT INTO score_sheet_items (id, score_sheet_id, period_criterion_id, score_value) VALUES ('88cfe6e4-097e-4f4d-a694-8361fb06d483', '48f2246b-7f85-4d90-a034-0745b01a8ec3', 'fb8af623-bf3b-4522-a586-ff6e8bfec072', 16) ON CONFLICT DO NOTHING;
INSERT INTO score_sheet_items (id, score_sheet_id, period_criterion_id, score_value) VALUES ('1bf8b3ab-5691-41f6-aa52-a24723b9f2dd', '48f2246b-7f85-4d90-a034-0745b01a8ec3', 'd503371e-a85d-4eea-ad83-a91291cf4297', 8) ON CONFLICT DO NOTHING;
INSERT INTO score_sheets (id, period_id, project_id, juror_id, status, comment, started_at, last_activity_at) VALUES ('78c5cd2f-8359-4f3a-a9cc-0ce6ef00ea81', 'e14683dc-6ac1-4c73-a2cb-da24e9e4f45f', '098590f3-10cc-4859-a45f-f642a593a924', 'b6f120da-98ef-4f28-ad71-46e47bfd43dd', 'submitted', 'Strong and consistent effort throughout.', (timestamp '2026-05-15 09:00:00' + interval '20 hours 18 minutes') - interval '30 mins', (timestamp '2026-05-15 09:00:00' + interval '20 hours 18 minutes')) ON CONFLICT DO NOTHING;
INSERT INTO score_sheet_items (id, score_sheet_id, period_criterion_id, score_value) VALUES ('7a9fb508-42ae-4d21-aff1-76fb5f4e41e1', '78c5cd2f-8359-4f3a-a9cc-0ce6ef00ea81', '684fe08e-8aeb-4069-a864-a800f0e007aa', 19) ON CONFLICT DO NOTHING;
INSERT INTO score_sheet_items (id, score_sheet_id, period_criterion_id, score_value) VALUES ('fb68bdcd-aaff-457d-aad6-e0b1ff09411f', '78c5cd2f-8359-4f3a-a9cc-0ce6ef00ea81', '6ddc3532-8a5c-41f0-a01c-80467a94d895', 19) ON CONFLICT DO NOTHING;
INSERT INTO score_sheet_items (id, score_sheet_id, period_criterion_id, score_value) VALUES ('6b28ff38-89a1-4bb9-a033-b927903b9b6f', '78c5cd2f-8359-4f3a-a9cc-0ce6ef00ea81', 'df2ffbe9-f3d9-4636-aa1a-2208d49f12d6', 15) ON CONFLICT DO NOTHING;
INSERT INTO score_sheet_items (id, score_sheet_id, period_criterion_id, score_value) VALUES ('86e0dede-af86-402b-a9b3-0297c74d7487', '78c5cd2f-8359-4f3a-a9cc-0ce6ef00ea81', 'fb8af623-bf3b-4522-a586-ff6e8bfec072', 16) ON CONFLICT DO NOTHING;
INSERT INTO score_sheet_items (id, score_sheet_id, period_criterion_id, score_value) VALUES ('ba07fde0-b399-4a47-aaba-fdab191dad8e', '78c5cd2f-8359-4f3a-a9cc-0ce6ef00ea81', 'd503371e-a85d-4eea-ad83-a91291cf4297', 7) ON CONFLICT DO NOTHING;
INSERT INTO score_sheets (id, period_id, project_id, juror_id, status, comment, started_at, last_activity_at) VALUES ('b37ac282-ec0e-4758-a61c-b8aaf82f38ed', 'e14683dc-6ac1-4c73-a2cb-da24e9e4f45f', '4c0e22db-7d9f-4312-a1d3-4fed4c7e3316', 'b6f120da-98ef-4f28-ad71-46e47bfd43dd', 'submitted', NULL, (timestamp '2026-05-15 09:00:00' + interval '13 hours 26 minutes') - interval '30 mins', (timestamp '2026-05-15 09:00:00' + interval '13 hours 26 minutes')) ON CONFLICT DO NOTHING;
INSERT INTO score_sheet_items (id, score_sheet_id, period_criterion_id, score_value) VALUES ('2bcdab40-9de4-4191-aef1-702955fa5872', 'b37ac282-ec0e-4758-a61c-b8aaf82f38ed', '684fe08e-8aeb-4069-a864-a800f0e007aa', 20) ON CONFLICT DO NOTHING;
INSERT INTO score_sheet_items (id, score_sheet_id, period_criterion_id, score_value) VALUES ('12368f89-e1af-437d-a5c6-6d49d80f678e', 'b37ac282-ec0e-4758-a61c-b8aaf82f38ed', '6ddc3532-8a5c-41f0-a01c-80467a94d895', 20) ON CONFLICT DO NOTHING;
INSERT INTO score_sheet_items (id, score_sheet_id, period_criterion_id, score_value) VALUES ('a85fccff-c73a-49e8-aed5-9e9e715118df', 'b37ac282-ec0e-4758-a61c-b8aaf82f38ed', 'df2ffbe9-f3d9-4636-aa1a-2208d49f12d6', 16) ON CONFLICT DO NOTHING;
INSERT INTO score_sheet_items (id, score_sheet_id, period_criterion_id, score_value) VALUES ('1587c35e-ea43-46ca-af4f-bb53350b6200', 'b37ac282-ec0e-4758-a61c-b8aaf82f38ed', 'fb8af623-bf3b-4522-a586-ff6e8bfec072', 16) ON CONFLICT DO NOTHING;
INSERT INTO score_sheet_items (id, score_sheet_id, period_criterion_id, score_value) VALUES ('b6444cf9-6ad5-4558-acd8-0e74c948872f', 'b37ac282-ec0e-4758-a61c-b8aaf82f38ed', 'd503371e-a85d-4eea-ad83-a91291cf4297', 8) ON CONFLICT DO NOTHING;
INSERT INTO score_sheets (id, period_id, project_id, juror_id, status, comment, started_at, last_activity_at) VALUES ('af7049b8-2748-4aa9-ae84-72b1680bed98', 'e14683dc-6ac1-4c73-a2cb-da24e9e4f45f', '1d3379fc-8094-4ff3-a4c7-fea65531bacd', 'b6f120da-98ef-4f28-ad71-46e47bfd43dd', 'submitted', 'Uneven — strong in certain areas but inconsistent.', (timestamp '2026-05-15 09:00:00' + interval '16 hours 45 minutes') - interval '30 mins', (timestamp '2026-05-15 09:00:00' + interval '16 hours 45 minutes')) ON CONFLICT DO NOTHING;
INSERT INTO score_sheet_items (id, score_sheet_id, period_criterion_id, score_value) VALUES ('1cba0d3f-81d5-4f42-a069-cadf4eb2dbec', 'af7049b8-2748-4aa9-ae84-72b1680bed98', '684fe08e-8aeb-4069-a864-a800f0e007aa', 22) ON CONFLICT DO NOTHING;
INSERT INTO score_sheet_items (id, score_sheet_id, period_criterion_id, score_value) VALUES ('2a6682f1-a658-489d-a977-2052fec1c58a', 'af7049b8-2748-4aa9-ae84-72b1680bed98', '6ddc3532-8a5c-41f0-a01c-80467a94d895', 23) ON CONFLICT DO NOTHING;
INSERT INTO score_sheet_items (id, score_sheet_id, period_criterion_id, score_value) VALUES ('5e534806-0991-437a-ab26-503092be6304', 'af7049b8-2748-4aa9-ae84-72b1680bed98', 'df2ffbe9-f3d9-4636-aa1a-2208d49f12d6', 15) ON CONFLICT DO NOTHING;
INSERT INTO score_sheet_items (id, score_sheet_id, period_criterion_id, score_value) VALUES ('cabe7b26-9b29-4bad-a4e3-bc244e2e5908', 'af7049b8-2748-4aa9-ae84-72b1680bed98', 'fb8af623-bf3b-4522-a586-ff6e8bfec072', 16) ON CONFLICT DO NOTHING;
INSERT INTO score_sheet_items (id, score_sheet_id, period_criterion_id, score_value) VALUES ('0e1696f6-c287-414f-af00-929179b71519', 'af7049b8-2748-4aa9-ae84-72b1680bed98', 'd503371e-a85d-4eea-ad83-a91291cf4297', 8) ON CONFLICT DO NOTHING;
INSERT INTO score_sheets (id, period_id, project_id, juror_id, status, comment, started_at, last_activity_at) VALUES ('f35c48d6-cf50-4df3-af06-e728118b854b', 'e14683dc-6ac1-4c73-a2cb-da24e9e4f45f', '5b3da4be-9447-43a9-ab50-9e245f42164b', 'b6f120da-98ef-4f28-ad71-46e47bfd43dd', 'submitted', 'Excellent engineering depth let down by presentation.', (timestamp '2026-05-15 09:00:00' + interval '2 hours 23 minutes') - interval '30 mins', (timestamp '2026-05-15 09:00:00' + interval '2 hours 23 minutes')) ON CONFLICT DO NOTHING;
INSERT INTO score_sheet_items (id, score_sheet_id, period_criterion_id, score_value) VALUES ('9b0368b6-757e-4363-a04f-d86b773baef6', 'f35c48d6-cf50-4df3-af06-e728118b854b', '684fe08e-8aeb-4069-a864-a800f0e007aa', 22) ON CONFLICT DO NOTHING;
INSERT INTO score_sheet_items (id, score_sheet_id, period_criterion_id, score_value) VALUES ('c9e65ebf-0764-40b7-aecd-6af139bfbb7a', 'f35c48d6-cf50-4df3-af06-e728118b854b', '6ddc3532-8a5c-41f0-a01c-80467a94d895', 22) ON CONFLICT DO NOTHING;
INSERT INTO score_sheet_items (id, score_sheet_id, period_criterion_id, score_value) VALUES ('85ed5083-e702-4242-a52b-32e49e4e6e57', 'f35c48d6-cf50-4df3-af06-e728118b854b', 'df2ffbe9-f3d9-4636-aa1a-2208d49f12d6', 18) ON CONFLICT DO NOTHING;
INSERT INTO score_sheet_items (id, score_sheet_id, period_criterion_id, score_value) VALUES ('30f72818-d1aa-408b-a041-162a911514ae', 'f35c48d6-cf50-4df3-af06-e728118b854b', 'fb8af623-bf3b-4522-a586-ff6e8bfec072', 13) ON CONFLICT DO NOTHING;
INSERT INTO score_sheet_items (id, score_sheet_id, period_criterion_id, score_value) VALUES ('66d298c5-6df8-49c5-aefc-c75d3c967c81', 'f35c48d6-cf50-4df3-af06-e728118b854b', 'd503371e-a85d-4eea-ad83-a91291cf4297', 9) ON CONFLICT DO NOTHING;
INSERT INTO score_sheets (id, period_id, project_id, juror_id, status, comment, started_at, last_activity_at) VALUES ('23958f7c-9720-41e2-aa45-1f76a7b7a83e', 'e14683dc-6ac1-4c73-a2cb-da24e9e4f45f', '5aa0b751-4de3-44b9-a6a2-aa0726f3853c', 'b6f120da-98ef-4f28-ad71-46e47bfd43dd', 'submitted', 'Strong collaboration; need to strengthen the technical core.', (timestamp '2026-05-15 09:00:00' + interval '10 hours 52 minutes') - interval '30 mins', (timestamp '2026-05-15 09:00:00' + interval '10 hours 52 minutes')) ON CONFLICT DO NOTHING;
INSERT INTO score_sheet_items (id, score_sheet_id, period_criterion_id, score_value) VALUES ('7ea47aea-6e04-4c30-ac1a-1a1778fb1182', '23958f7c-9720-41e2-aa45-1f76a7b7a83e', '684fe08e-8aeb-4069-a864-a800f0e007aa', 21) ON CONFLICT DO NOTHING;
INSERT INTO score_sheet_items (id, score_sheet_id, period_criterion_id, score_value) VALUES ('5a8d3de8-2473-47ec-a95e-79dc2db8463b', '23958f7c-9720-41e2-aa45-1f76a7b7a83e', '6ddc3532-8a5c-41f0-a01c-80467a94d895', 21) ON CONFLICT DO NOTHING;
INSERT INTO score_sheet_items (id, score_sheet_id, period_criterion_id, score_value) VALUES ('80fae17c-e056-4956-aeb7-423f9c65b114', '23958f7c-9720-41e2-aa45-1f76a7b7a83e', 'df2ffbe9-f3d9-4636-aa1a-2208d49f12d6', 17) ON CONFLICT DO NOTHING;
INSERT INTO score_sheet_items (id, score_sheet_id, period_criterion_id, score_value) VALUES ('9cfa504f-ad39-4c86-a2ce-073944db4071', '23958f7c-9720-41e2-aa45-1f76a7b7a83e', 'fb8af623-bf3b-4522-a586-ff6e8bfec072', 17) ON CONFLICT DO NOTHING;
INSERT INTO score_sheet_items (id, score_sheet_id, period_criterion_id, score_value) VALUES ('7df94c2b-1f91-4ba8-a2c9-d2445d0505f3', '23958f7c-9720-41e2-aa45-1f76a7b7a83e', 'd503371e-a85d-4eea-ad83-a91291cf4297', 8) ON CONFLICT DO NOTHING;
INSERT INTO score_sheets (id, period_id, project_id, juror_id, status, comment, started_at, last_activity_at) VALUES ('194bf19f-f8ed-4651-abb2-75d8c3afd4cf', 'e14683dc-6ac1-4c73-a2cb-da24e9e4f45f', 'b881dda7-8807-4444-aa05-62d7c35c1f10', 'b6f120da-98ef-4f28-ad71-46e47bfd43dd', 'submitted', NULL, (timestamp '2026-05-15 09:00:00' + interval '12 hours 59 minutes') - interval '30 mins', (timestamp '2026-05-15 09:00:00' + interval '12 hours 59 minutes')) ON CONFLICT DO NOTHING;
INSERT INTO score_sheet_items (id, score_sheet_id, period_criterion_id, score_value) VALUES ('37cc4142-b5ee-4c91-adb4-10f481356bef', '194bf19f-f8ed-4651-abb2-75d8c3afd4cf', '684fe08e-8aeb-4069-a864-a800f0e007aa', 21) ON CONFLICT DO NOTHING;
INSERT INTO score_sheet_items (id, score_sheet_id, period_criterion_id, score_value) VALUES ('931d85da-0156-4ea7-ae5e-1bc07ffbcfd5', '194bf19f-f8ed-4651-abb2-75d8c3afd4cf', '6ddc3532-8a5c-41f0-a01c-80467a94d895', 21) ON CONFLICT DO NOTHING;
INSERT INTO score_sheet_items (id, score_sheet_id, period_criterion_id, score_value) VALUES ('b2fb6381-aa1e-4439-a3a8-5d194c55803d', '194bf19f-f8ed-4651-abb2-75d8c3afd4cf', 'df2ffbe9-f3d9-4636-aa1a-2208d49f12d6', 17) ON CONFLICT DO NOTHING;
INSERT INTO score_sheet_items (id, score_sheet_id, period_criterion_id, score_value) VALUES ('cb149429-6a38-4c29-ac93-64395cc20dbe', '194bf19f-f8ed-4651-abb2-75d8c3afd4cf', 'fb8af623-bf3b-4522-a586-ff6e8bfec072', 13) ON CONFLICT DO NOTHING;
INSERT INTO score_sheet_items (id, score_sheet_id, period_criterion_id, score_value) VALUES ('d0a7c8e5-90fa-484f-ae1c-2ba4d279cff9', '194bf19f-f8ed-4651-abb2-75d8c3afd4cf', 'd503371e-a85d-4eea-ad83-a91291cf4297', 8) ON CONFLICT DO NOTHING;
INSERT INTO score_sheets (id, period_id, project_id, juror_id, status, comment, started_at, last_activity_at) VALUES ('4575f995-4467-4e8e-a517-4b261093da48', 'e14683dc-6ac1-4c73-a2cb-da24e9e4f45f', '14ea30f9-d49e-4595-ad7b-657102fb8b26', 'b6f120da-98ef-4f28-ad71-46e47bfd43dd', 'submitted', NULL, (timestamp '2026-05-15 09:00:00' + interval '10 hours 19 minutes') - interval '30 mins', (timestamp '2026-05-15 09:00:00' + interval '10 hours 19 minutes')) ON CONFLICT DO NOTHING;
INSERT INTO score_sheet_items (id, score_sheet_id, period_criterion_id, score_value) VALUES ('535b9fbb-657b-4f12-ab13-804684ef136c', '4575f995-4467-4e8e-a517-4b261093da48', '684fe08e-8aeb-4069-a864-a800f0e007aa', 16) ON CONFLICT DO NOTHING;
INSERT INTO score_sheet_items (id, score_sheet_id, period_criterion_id, score_value) VALUES ('93cc6ebd-bc4b-4b36-a85e-2b8d070877e6', '4575f995-4467-4e8e-a517-4b261093da48', '6ddc3532-8a5c-41f0-a01c-80467a94d895', 17) ON CONFLICT DO NOTHING;
INSERT INTO score_sheet_items (id, score_sheet_id, period_criterion_id, score_value) VALUES ('7a5f22fd-56a1-4182-a127-e18e24cde615', '4575f995-4467-4e8e-a517-4b261093da48', 'df2ffbe9-f3d9-4636-aa1a-2208d49f12d6', 14) ON CONFLICT DO NOTHING;
INSERT INTO score_sheet_items (id, score_sheet_id, period_criterion_id, score_value) VALUES ('fef92845-975e-4576-a691-c9efd1a78270', '4575f995-4467-4e8e-a517-4b261093da48', 'fb8af623-bf3b-4522-a586-ff6e8bfec072', 13) ON CONFLICT DO NOTHING;
INSERT INTO score_sheet_items (id, score_sheet_id, period_criterion_id, score_value) VALUES ('7045cdeb-0b59-4226-a277-b930836c2713', '4575f995-4467-4e8e-a517-4b261093da48', 'd503371e-a85d-4eea-ad83-a91291cf4297', 6) ON CONFLICT DO NOTHING;
INSERT INTO score_sheets (id, period_id, project_id, juror_id, status, comment, started_at, last_activity_at) VALUES ('616282f8-703a-4e57-a197-88fcd6926e3a', 'e14683dc-6ac1-4c73-a2cb-da24e9e4f45f', '011cb0ec-f1eb-4288-a0c3-004e98a81b9b', 'b6f120da-98ef-4f28-ad71-46e47bfd43dd', 'submitted', 'Competent execution across the board.', (timestamp '2026-05-15 09:00:00' + interval '20 hours 31 minutes') - interval '30 mins', (timestamp '2026-05-15 09:00:00' + interval '20 hours 31 minutes')) ON CONFLICT DO NOTHING;
INSERT INTO score_sheet_items (id, score_sheet_id, period_criterion_id, score_value) VALUES ('6a60509d-6647-45b4-a2e3-2560d0b566d3', '616282f8-703a-4e57-a197-88fcd6926e3a', '684fe08e-8aeb-4069-a864-a800f0e007aa', 16) ON CONFLICT DO NOTHING;
INSERT INTO score_sheet_items (id, score_sheet_id, period_criterion_id, score_value) VALUES ('1fb4474a-6024-4e99-accf-e7f2b48903eb', '616282f8-703a-4e57-a197-88fcd6926e3a', '6ddc3532-8a5c-41f0-a01c-80467a94d895', 19) ON CONFLICT DO NOTHING;
INSERT INTO score_sheet_items (id, score_sheet_id, period_criterion_id, score_value) VALUES ('a816298f-de71-4b24-a3c9-a6e00143b052', '616282f8-703a-4e57-a197-88fcd6926e3a', 'df2ffbe9-f3d9-4636-aa1a-2208d49f12d6', 13) ON CONFLICT DO NOTHING;
INSERT INTO score_sheet_items (id, score_sheet_id, period_criterion_id, score_value) VALUES ('57e46c59-6974-4038-abce-082205f396d1', '616282f8-703a-4e57-a197-88fcd6926e3a', 'fb8af623-bf3b-4522-a586-ff6e8bfec072', 15) ON CONFLICT DO NOTHING;
INSERT INTO score_sheet_items (id, score_sheet_id, period_criterion_id, score_value) VALUES ('99f722b8-5fee-40fe-acee-1744d3de2ab9', '616282f8-703a-4e57-a197-88fcd6926e3a', 'd503371e-a85d-4eea-ad83-a91291cf4297', 7) ON CONFLICT DO NOTHING;
INSERT INTO score_sheets (id, period_id, project_id, juror_id, status, comment, started_at, last_activity_at) VALUES ('cc2189c7-7d09-469e-a5be-2259404c512e', 'e14683dc-6ac1-4c73-a2cb-da24e9e4f45f', '79270a6c-4914-4071-ae42-8ee609393a3a', 'b6f120da-98ef-4f28-ad71-46e47bfd43dd', 'submitted', NULL, (timestamp '2026-05-15 09:00:00' + interval '8 hours 9 minutes') - interval '30 mins', (timestamp '2026-05-15 09:00:00' + interval '8 hours 9 minutes')) ON CONFLICT DO NOTHING;
INSERT INTO score_sheet_items (id, score_sheet_id, period_criterion_id, score_value) VALUES ('a2a217a2-61f8-47e3-af53-ae487c40fce9', 'cc2189c7-7d09-469e-a5be-2259404c512e', '684fe08e-8aeb-4069-a864-a800f0e007aa', 17) ON CONFLICT DO NOTHING;
INSERT INTO score_sheet_items (id, score_sheet_id, period_criterion_id, score_value) VALUES ('f32b597e-dbcb-454f-a559-fc85bd75af45', 'cc2189c7-7d09-469e-a5be-2259404c512e', '6ddc3532-8a5c-41f0-a01c-80467a94d895', 17) ON CONFLICT DO NOTHING;
INSERT INTO score_sheet_items (id, score_sheet_id, period_criterion_id, score_value) VALUES ('6ee8da6c-f350-48c1-a844-4727cbf9e6ae', 'cc2189c7-7d09-469e-a5be-2259404c512e', 'df2ffbe9-f3d9-4636-aa1a-2208d49f12d6', 12) ON CONFLICT DO NOTHING;
INSERT INTO score_sheet_items (id, score_sheet_id, period_criterion_id, score_value) VALUES ('550303ec-a5f9-4cd5-acb3-9d97a420b62a', 'cc2189c7-7d09-469e-a5be-2259404c512e', 'fb8af623-bf3b-4522-a586-ff6e8bfec072', 13) ON CONFLICT DO NOTHING;
INSERT INTO score_sheet_items (id, score_sheet_id, period_criterion_id, score_value) VALUES ('f336a45a-cdfe-4ed0-aeee-a32d1d8d1d42', 'cc2189c7-7d09-469e-a5be-2259404c512e', 'd503371e-a85d-4eea-ad83-a91291cf4297', 6) ON CONFLICT DO NOTHING;
INSERT INTO score_sheets (id, period_id, project_id, juror_id, status, comment, started_at, last_activity_at) VALUES ('fdd283de-1c25-446d-aa21-70dc6aa3e5f0', 'e14683dc-6ac1-4c73-a2cb-da24e9e4f45f', 'ed333a6e-c080-4a61-a6dc-87a0e3220f22', '7ebcff1e-65cc-4f7d-aed8-c77d90e0992a', 'submitted', 'Remarkable quality — set the bar for the session.', (timestamp '2026-05-15 09:00:00' + interval '8 hours 26 minutes') - interval '30 mins', (timestamp '2026-05-15 09:00:00' + interval '8 hours 26 minutes')) ON CONFLICT DO NOTHING;
INSERT INTO score_sheet_items (id, score_sheet_id, period_criterion_id, score_value) VALUES ('50799278-9c28-4e96-ad69-6873bf82123d', 'fdd283de-1c25-446d-aa21-70dc6aa3e5f0', '684fe08e-8aeb-4069-a864-a800f0e007aa', 22) ON CONFLICT DO NOTHING;
INSERT INTO score_sheet_items (id, score_sheet_id, period_criterion_id, score_value) VALUES ('2532a0a3-8124-479a-ae73-c20850b1ae72', 'fdd283de-1c25-446d-aa21-70dc6aa3e5f0', '6ddc3532-8a5c-41f0-a01c-80467a94d895', 22) ON CONFLICT DO NOTHING;
INSERT INTO score_sheet_items (id, score_sheet_id, period_criterion_id, score_value) VALUES ('029969ba-1baa-4401-a573-3368b8083abb', 'fdd283de-1c25-446d-aa21-70dc6aa3e5f0', 'df2ffbe9-f3d9-4636-aa1a-2208d49f12d6', 18) ON CONFLICT DO NOTHING;
INSERT INTO score_sheet_items (id, score_sheet_id, period_criterion_id, score_value) VALUES ('a1a50a32-9de3-4f07-a3e9-c35785b4fd4c', 'fdd283de-1c25-446d-aa21-70dc6aa3e5f0', 'fb8af623-bf3b-4522-a586-ff6e8bfec072', 18) ON CONFLICT DO NOTHING;
INSERT INTO score_sheet_items (id, score_sheet_id, period_criterion_id, score_value) VALUES ('f8b0751c-2979-4d54-ab1c-d2d78b722d8a', 'fdd283de-1c25-446d-aa21-70dc6aa3e5f0', 'd503371e-a85d-4eea-ad83-a91291cf4297', 8) ON CONFLICT DO NOTHING;
INSERT INTO score_sheets (id, period_id, project_id, juror_id, status, comment, started_at, last_activity_at) VALUES ('2d546af3-6b49-4221-a004-283ec5ef8d79', 'e14683dc-6ac1-4c73-a2cb-da24e9e4f45f', 'dd36e1bf-2797-42b4-ac06-cd142c99074f', '7ebcff1e-65cc-4f7d-aed8-c77d90e0992a', 'submitted', NULL, (timestamp '2026-05-15 09:00:00' + interval '19 hours 58 minutes') - interval '30 mins', (timestamp '2026-05-15 09:00:00' + interval '19 hours 58 minutes')) ON CONFLICT DO NOTHING;
INSERT INTO score_sheet_items (id, score_sheet_id, period_criterion_id, score_value) VALUES ('7e1c4ae1-fa02-4218-a819-e87e7832ff24', '2d546af3-6b49-4221-a004-283ec5ef8d79', '684fe08e-8aeb-4069-a864-a800f0e007aa', 24) ON CONFLICT DO NOTHING;
INSERT INTO score_sheet_items (id, score_sheet_id, period_criterion_id, score_value) VALUES ('b42d7d22-f05d-4734-a78f-bfd7652590c9', '2d546af3-6b49-4221-a004-283ec5ef8d79', '6ddc3532-8a5c-41f0-a01c-80467a94d895', 22) ON CONFLICT DO NOTHING;
INSERT INTO score_sheet_items (id, score_sheet_id, period_criterion_id, score_value) VALUES ('0f0a1d79-5b87-457b-a79a-3e2e7c255c53', '2d546af3-6b49-4221-a004-283ec5ef8d79', 'df2ffbe9-f3d9-4636-aa1a-2208d49f12d6', 19) ON CONFLICT DO NOTHING;
INSERT INTO score_sheet_items (id, score_sheet_id, period_criterion_id, score_value) VALUES ('0d93e0ed-ae9a-4820-a131-c6f6e1b3777b', '2d546af3-6b49-4221-a004-283ec5ef8d79', 'fb8af623-bf3b-4522-a586-ff6e8bfec072', 19) ON CONFLICT DO NOTHING;
INSERT INTO score_sheet_items (id, score_sheet_id, period_criterion_id, score_value) VALUES ('3e5f94e4-303b-43f8-ad5a-e56cbbe8cb8c', '2d546af3-6b49-4221-a004-283ec5ef8d79', 'd503371e-a85d-4eea-ad83-a91291cf4297', 9) ON CONFLICT DO NOTHING;
INSERT INTO score_sheets (id, period_id, project_id, juror_id, status, comment, started_at, last_activity_at) VALUES ('fd69fa47-b24d-4c89-a472-b35558fdc012', 'e14683dc-6ac1-4c73-a2cb-da24e9e4f45f', 'b15cefcf-fdfb-4b27-ae31-d743f12c947d', '7ebcff1e-65cc-4f7d-aed8-c77d90e0992a', 'submitted', NULL, (timestamp '2026-05-15 09:00:00' + interval '9 hours 57 minutes') - interval '30 mins', (timestamp '2026-05-15 09:00:00' + interval '9 hours 57 minutes')) ON CONFLICT DO NOTHING;
INSERT INTO score_sheet_items (id, score_sheet_id, period_criterion_id, score_value) VALUES ('f9e988c7-b0fb-4da0-a798-25299d015f7b', 'fd69fa47-b24d-4c89-a472-b35558fdc012', '684fe08e-8aeb-4069-a864-a800f0e007aa', 20) ON CONFLICT DO NOTHING;
INSERT INTO score_sheet_items (id, score_sheet_id, period_criterion_id, score_value) VALUES ('ea05a623-a845-46b7-a053-865cc3e6cb46', 'fd69fa47-b24d-4c89-a472-b35558fdc012', '6ddc3532-8a5c-41f0-a01c-80467a94d895', 19) ON CONFLICT DO NOTHING;
INSERT INTO score_sheet_items (id, score_sheet_id, period_criterion_id, score_value) VALUES ('1fda283f-6e43-45b9-a337-f3bea0ef154b', 'fd69fa47-b24d-4c89-a472-b35558fdc012', 'df2ffbe9-f3d9-4636-aa1a-2208d49f12d6', 16) ON CONFLICT DO NOTHING;
INSERT INTO score_sheet_items (id, score_sheet_id, period_criterion_id, score_value) VALUES ('ec9f51d8-568c-4e5b-a961-c2c51291afcc', 'fd69fa47-b24d-4c89-a472-b35558fdc012', 'fb8af623-bf3b-4522-a586-ff6e8bfec072', 16) ON CONFLICT DO NOTHING;
INSERT INTO score_sheet_items (id, score_sheet_id, period_criterion_id, score_value) VALUES ('c57c0895-d71f-499c-a0c1-a7604c4e044e', 'fd69fa47-b24d-4c89-a472-b35558fdc012', 'd503371e-a85d-4eea-ad83-a91291cf4297', 7) ON CONFLICT DO NOTHING;
INSERT INTO score_sheets (id, period_id, project_id, juror_id, status, comment, started_at, last_activity_at) VALUES ('38eb7dbb-8e2e-4cf5-a965-5be8953a2d5b', 'e14683dc-6ac1-4c73-a2cb-da24e9e4f45f', '098590f3-10cc-4859-a45f-f642a593a924', '7ebcff1e-65cc-4f7d-aed8-c77d90e0992a', 'submitted', 'Reliable execution and thorough documentation.', (timestamp '2026-05-15 09:00:00' + interval '12 hours 6 minutes') - interval '30 mins', (timestamp '2026-05-15 09:00:00' + interval '12 hours 6 minutes')) ON CONFLICT DO NOTHING;
INSERT INTO score_sheet_items (id, score_sheet_id, period_criterion_id, score_value) VALUES ('7ab5430d-709b-4464-ab1d-6ae6dd2c807f', '38eb7dbb-8e2e-4cf5-a965-5be8953a2d5b', '684fe08e-8aeb-4069-a864-a800f0e007aa', 19) ON CONFLICT DO NOTHING;
INSERT INTO score_sheet_items (id, score_sheet_id, period_criterion_id, score_value) VALUES ('3d084aa9-bedd-4c2f-a138-2e77b7355aa2', '38eb7dbb-8e2e-4cf5-a965-5be8953a2d5b', '6ddc3532-8a5c-41f0-a01c-80467a94d895', 18) ON CONFLICT DO NOTHING;
INSERT INTO score_sheet_items (id, score_sheet_id, period_criterion_id, score_value) VALUES ('0d4480af-857c-4277-aba2-e623b1ee64fe', '38eb7dbb-8e2e-4cf5-a965-5be8953a2d5b', 'df2ffbe9-f3d9-4636-aa1a-2208d49f12d6', 16) ON CONFLICT DO NOTHING;
INSERT INTO score_sheet_items (id, score_sheet_id, period_criterion_id, score_value) VALUES ('db86f0b2-c0a0-44d4-a3f4-1789d7289263', '38eb7dbb-8e2e-4cf5-a965-5be8953a2d5b', 'fb8af623-bf3b-4522-a586-ff6e8bfec072', 16) ON CONFLICT DO NOTHING;
INSERT INTO score_sheet_items (id, score_sheet_id, period_criterion_id, score_value) VALUES ('b3cb0f48-295e-46bf-a4ff-3b0dfcd07c07', '38eb7dbb-8e2e-4cf5-a965-5be8953a2d5b', 'd503371e-a85d-4eea-ad83-a91291cf4297', 7) ON CONFLICT DO NOTHING;
INSERT INTO score_sheets (id, period_id, project_id, juror_id, status, comment, started_at, last_activity_at) VALUES ('c2f3f51c-ed73-4c61-a6df-8918cee6f5dc', 'e14683dc-6ac1-4c73-a2cb-da24e9e4f45f', '4c0e22db-7d9f-4312-a1d3-4fed4c7e3316', '7ebcff1e-65cc-4f7d-aed8-c77d90e0992a', 'submitted', 'Balanced execution with attention to every criterion.', (timestamp '2026-05-15 09:00:00' + interval '17 hours 17 minutes') - interval '30 mins', (timestamp '2026-05-15 09:00:00' + interval '17 hours 17 minutes')) ON CONFLICT DO NOTHING;
INSERT INTO score_sheet_items (id, score_sheet_id, period_criterion_id, score_value) VALUES ('23adc76a-24d8-4b84-ae6b-964b7e8a49a7', 'c2f3f51c-ed73-4c61-a6df-8918cee6f5dc', '684fe08e-8aeb-4069-a864-a800f0e007aa', 21) ON CONFLICT DO NOTHING;
INSERT INTO score_sheet_items (id, score_sheet_id, period_criterion_id, score_value) VALUES ('118ba56c-da71-4662-ada5-0fc54ae679e8', 'c2f3f51c-ed73-4c61-a6df-8918cee6f5dc', '6ddc3532-8a5c-41f0-a01c-80467a94d895', 19) ON CONFLICT DO NOTHING;
INSERT INTO score_sheet_items (id, score_sheet_id, period_criterion_id, score_value) VALUES ('2aaf2619-c596-46c7-a056-a3482fada89f', 'c2f3f51c-ed73-4c61-a6df-8918cee6f5dc', 'df2ffbe9-f3d9-4636-aa1a-2208d49f12d6', 17) ON CONFLICT DO NOTHING;
INSERT INTO score_sheet_items (id, score_sheet_id, period_criterion_id, score_value) VALUES ('73e9fde4-e804-43d2-a8a8-7faf6863fe6d', 'c2f3f51c-ed73-4c61-a6df-8918cee6f5dc', 'fb8af623-bf3b-4522-a586-ff6e8bfec072', 16) ON CONFLICT DO NOTHING;
INSERT INTO score_sheet_items (id, score_sheet_id, period_criterion_id, score_value) VALUES ('be71f3e9-0aa1-4219-a075-bccdb3dd0f0c', 'c2f3f51c-ed73-4c61-a6df-8918cee6f5dc', 'd503371e-a85d-4eea-ad83-a91291cf4297', 8) ON CONFLICT DO NOTHING;
INSERT INTO score_sheets (id, period_id, project_id, juror_id, status, comment, started_at, last_activity_at) VALUES ('cdc30b7c-c679-409c-a442-cc31f766c539', 'e14683dc-6ac1-4c73-a2cb-da24e9e4f45f', '1d3379fc-8094-4ff3-a4c7-fea65531bacd', '7ebcff1e-65cc-4f7d-aed8-c77d90e0992a', 'submitted', 'Some brilliant moments alongside notable gaps.', (timestamp '2026-05-15 09:00:00' + interval '3 hours 36 minutes') - interval '30 mins', (timestamp '2026-05-15 09:00:00' + interval '3 hours 36 minutes')) ON CONFLICT DO NOTHING;
INSERT INTO score_sheet_items (id, score_sheet_id, period_criterion_id, score_value) VALUES ('743fed0c-d2ca-4a87-a468-4d4b5d2d390c', 'cdc30b7c-c679-409c-a442-cc31f766c539', '684fe08e-8aeb-4069-a864-a800f0e007aa', 24) ON CONFLICT DO NOTHING;
INSERT INTO score_sheet_items (id, score_sheet_id, period_criterion_id, score_value) VALUES ('838305fc-db6e-4673-a95f-e99214777308', 'cdc30b7c-c679-409c-a442-cc31f766c539', '6ddc3532-8a5c-41f0-a01c-80467a94d895', 13) ON CONFLICT DO NOTHING;
INSERT INTO score_sheet_items (id, score_sheet_id, period_criterion_id, score_value) VALUES ('bf451d9e-8dc1-49ff-ad69-75a2e550f673', 'cdc30b7c-c679-409c-a442-cc31f766c539', 'df2ffbe9-f3d9-4636-aa1a-2208d49f12d6', 11) ON CONFLICT DO NOTHING;
INSERT INTO score_sheet_items (id, score_sheet_id, period_criterion_id, score_value) VALUES ('715477f3-cb8d-4e8c-aeaf-e322842044b3', 'cdc30b7c-c679-409c-a442-cc31f766c539', 'fb8af623-bf3b-4522-a586-ff6e8bfec072', 17) ON CONFLICT DO NOTHING;
INSERT INTO score_sheet_items (id, score_sheet_id, period_criterion_id, score_value) VALUES ('e55f6d14-bcfd-41ae-a2f3-4446123522ca', 'cdc30b7c-c679-409c-a442-cc31f766c539', 'd503371e-a85d-4eea-ad83-a91291cf4297', 8) ON CONFLICT DO NOTHING;
INSERT INTO score_sheets (id, period_id, project_id, juror_id, status, comment, started_at, last_activity_at) VALUES ('fd566013-1a53-4ecc-af25-aa6fcddb2ca4', 'e14683dc-6ac1-4c73-a2cb-da24e9e4f45f', '5b3da4be-9447-43a9-ab50-9e245f42164b', '7ebcff1e-65cc-4f7d-aed8-c77d90e0992a', 'submitted', 'Very strong technically but communication needs improvement.', (timestamp '2026-05-15 09:00:00' + interval '9 hours 41 minutes') - interval '30 mins', (timestamp '2026-05-15 09:00:00' + interval '9 hours 41 minutes')) ON CONFLICT DO NOTHING;
INSERT INTO score_sheet_items (id, score_sheet_id, period_criterion_id, score_value) VALUES ('14bd474f-6038-4762-a98b-e6089f915c33', 'fd566013-1a53-4ecc-af25-aa6fcddb2ca4', '684fe08e-8aeb-4069-a864-a800f0e007aa', 22) ON CONFLICT DO NOTHING;
INSERT INTO score_sheet_items (id, score_sheet_id, period_criterion_id, score_value) VALUES ('87d93036-0569-4294-a880-c17bc8306a2e', 'fd566013-1a53-4ecc-af25-aa6fcddb2ca4', '6ddc3532-8a5c-41f0-a01c-80467a94d895', 22) ON CONFLICT DO NOTHING;
INSERT INTO score_sheet_items (id, score_sheet_id, period_criterion_id, score_value) VALUES ('a9afd5bb-da45-47da-a13b-98e3ba36d9d5', 'fd566013-1a53-4ecc-af25-aa6fcddb2ca4', 'df2ffbe9-f3d9-4636-aa1a-2208d49f12d6', 18) ON CONFLICT DO NOTHING;
INSERT INTO score_sheet_items (id, score_sheet_id, period_criterion_id, score_value) VALUES ('87ac4db7-07d7-4eb3-ab54-8d0e20062438', 'fd566013-1a53-4ecc-af25-aa6fcddb2ca4', 'fb8af623-bf3b-4522-a586-ff6e8bfec072', 13) ON CONFLICT DO NOTHING;
INSERT INTO score_sheet_items (id, score_sheet_id, period_criterion_id, score_value) VALUES ('5f89bf18-2437-4697-a3a0-fd6e4f0636c5', 'fd566013-1a53-4ecc-af25-aa6fcddb2ca4', 'd503371e-a85d-4eea-ad83-a91291cf4297', 9) ON CONFLICT DO NOTHING;
INSERT INTO score_sheets (id, period_id, project_id, juror_id, status, comment, started_at, last_activity_at) VALUES ('eb610c81-bae7-4743-aa02-5a161cc93047', 'e14683dc-6ac1-4c73-a2cb-da24e9e4f45f', '5aa0b751-4de3-44b9-a6a2-aa0726f3853c', '7ebcff1e-65cc-4f7d-aed8-c77d90e0992a', 'submitted', 'Strong collaboration; need to strengthen the technical core.', (timestamp '2026-05-15 09:00:00' + interval '5 hours 33 minutes') - interval '30 mins', (timestamp '2026-05-15 09:00:00' + interval '5 hours 33 minutes')) ON CONFLICT DO NOTHING;
INSERT INTO score_sheet_items (id, score_sheet_id, period_criterion_id, score_value) VALUES ('f0934dc3-437c-481a-a183-c3d126bc0efe', 'eb610c81-bae7-4743-aa02-5a161cc93047', '684fe08e-8aeb-4069-a864-a800f0e007aa', 21) ON CONFLICT DO NOTHING;
INSERT INTO score_sheet_items (id, score_sheet_id, period_criterion_id, score_value) VALUES ('3144145e-7635-4d0f-adf9-b0c16afe568d', 'eb610c81-bae7-4743-aa02-5a161cc93047', '6ddc3532-8a5c-41f0-a01c-80467a94d895', 21) ON CONFLICT DO NOTHING;
INSERT INTO score_sheet_items (id, score_sheet_id, period_criterion_id, score_value) VALUES ('dcf8cb95-609d-4ebb-aa04-8f5608f2e5bc', 'eb610c81-bae7-4743-aa02-5a161cc93047', 'df2ffbe9-f3d9-4636-aa1a-2208d49f12d6', 17) ON CONFLICT DO NOTHING;
INSERT INTO score_sheet_items (id, score_sheet_id, period_criterion_id, score_value) VALUES ('dc304cb3-0df7-4d22-aa62-3620da817d1d', 'eb610c81-bae7-4743-aa02-5a161cc93047', 'fb8af623-bf3b-4522-a586-ff6e8bfec072', 17) ON CONFLICT DO NOTHING;
INSERT INTO score_sheet_items (id, score_sheet_id, period_criterion_id, score_value) VALUES ('a99f7323-e73a-4c38-abb9-d7bb9289f1f3', 'eb610c81-bae7-4743-aa02-5a161cc93047', 'd503371e-a85d-4eea-ad83-a91291cf4297', 8) ON CONFLICT DO NOTHING;
INSERT INTO score_sheets (id, period_id, project_id, juror_id, status, comment, started_at, last_activity_at) VALUES ('e439ff70-64fa-4196-a576-c77aeadfffc3', 'e14683dc-6ac1-4c73-a2cb-da24e9e4f45f', 'b881dda7-8807-4444-aa05-62d7c35c1f10', '7ebcff1e-65cc-4f7d-aed8-c77d90e0992a', 'submitted', 'Started slowly but finished very strongly.', (timestamp '2026-05-15 09:00:00' + interval '7 hours 38 minutes') - interval '30 mins', (timestamp '2026-05-15 09:00:00' + interval '7 hours 38 minutes')) ON CONFLICT DO NOTHING;
INSERT INTO score_sheet_items (id, score_sheet_id, period_criterion_id, score_value) VALUES ('9de147f0-c608-419f-a1cb-207eacfac47c', 'e439ff70-64fa-4196-a576-c77aeadfffc3', '684fe08e-8aeb-4069-a864-a800f0e007aa', 20) ON CONFLICT DO NOTHING;
INSERT INTO score_sheet_items (id, score_sheet_id, period_criterion_id, score_value) VALUES ('8f2c98de-c5c5-49a5-a0ff-5a3303a6374f', 'e439ff70-64fa-4196-a576-c77aeadfffc3', '6ddc3532-8a5c-41f0-a01c-80467a94d895', 20) ON CONFLICT DO NOTHING;
INSERT INTO score_sheet_items (id, score_sheet_id, period_criterion_id, score_value) VALUES ('242ed3cc-71ce-489d-a7bf-64db794c717e', 'e439ff70-64fa-4196-a576-c77aeadfffc3', 'df2ffbe9-f3d9-4636-aa1a-2208d49f12d6', 16) ON CONFLICT DO NOTHING;
INSERT INTO score_sheet_items (id, score_sheet_id, period_criterion_id, score_value) VALUES ('66ced0f2-3fca-4d2b-a04c-7e2f02e06103', 'e439ff70-64fa-4196-a576-c77aeadfffc3', 'fb8af623-bf3b-4522-a586-ff6e8bfec072', 14) ON CONFLICT DO NOTHING;
INSERT INTO score_sheet_items (id, score_sheet_id, period_criterion_id, score_value) VALUES ('c1625bfd-7eba-46f4-aaef-bf3512b22c54', 'e439ff70-64fa-4196-a576-c77aeadfffc3', 'd503371e-a85d-4eea-ad83-a91291cf4297', 8) ON CONFLICT DO NOTHING;
INSERT INTO score_sheets (id, period_id, project_id, juror_id, status, comment, started_at, last_activity_at) VALUES ('dae822d3-d7b7-49c3-a691-e5801c97b233', 'e14683dc-6ac1-4c73-a2cb-da24e9e4f45f', '14ea30f9-d49e-4595-ad7b-657102fb8b26', '7ebcff1e-65cc-4f7d-aed8-c77d90e0992a', 'submitted', NULL, (timestamp '2026-05-15 09:00:00' + interval '12 hours 21 minutes') - interval '30 mins', (timestamp '2026-05-15 09:00:00' + interval '12 hours 21 minutes')) ON CONFLICT DO NOTHING;
INSERT INTO score_sheet_items (id, score_sheet_id, period_criterion_id, score_value) VALUES ('41a42b69-9208-47bb-a59d-7319845320e4', 'dae822d3-d7b7-49c3-a691-e5801c97b233', '684fe08e-8aeb-4069-a864-a800f0e007aa', 17) ON CONFLICT DO NOTHING;
INSERT INTO score_sheet_items (id, score_sheet_id, period_criterion_id, score_value) VALUES ('2200a3d9-4015-4a04-a6a7-97af9084343f', 'dae822d3-d7b7-49c3-a691-e5801c97b233', '6ddc3532-8a5c-41f0-a01c-80467a94d895', 17) ON CONFLICT DO NOTHING;
INSERT INTO score_sheet_items (id, score_sheet_id, period_criterion_id, score_value) VALUES ('97ba017d-114f-415d-afd5-b8bccb7014f6', 'dae822d3-d7b7-49c3-a691-e5801c97b233', 'df2ffbe9-f3d9-4636-aa1a-2208d49f12d6', 12) ON CONFLICT DO NOTHING;
INSERT INTO score_sheet_items (id, score_sheet_id, period_criterion_id, score_value) VALUES ('cd47011a-c2c4-4878-a034-7c294547a465', 'dae822d3-d7b7-49c3-a691-e5801c97b233', 'fb8af623-bf3b-4522-a586-ff6e8bfec072', 13) ON CONFLICT DO NOTHING;
INSERT INTO score_sheet_items (id, score_sheet_id, period_criterion_id, score_value) VALUES ('f5fb8ade-0516-4801-ab3a-492b8e75ba4a', 'dae822d3-d7b7-49c3-a691-e5801c97b233', 'd503371e-a85d-4eea-ad83-a91291cf4297', 6) ON CONFLICT DO NOTHING;
INSERT INTO score_sheets (id, period_id, project_id, juror_id, status, comment, started_at, last_activity_at) VALUES ('21c62eef-5fab-4a44-af5e-bfb6b068c68a', 'e14683dc-6ac1-4c73-a2cb-da24e9e4f45f', '011cb0ec-f1eb-4288-a0c3-004e98a81b9b', '7ebcff1e-65cc-4f7d-aed8-c77d90e0992a', 'submitted', 'Competent execution across the board.', (timestamp '2026-05-15 09:00:00' + interval '16 hours 3 minutes') - interval '30 mins', (timestamp '2026-05-15 09:00:00' + interval '16 hours 3 minutes')) ON CONFLICT DO NOTHING;
INSERT INTO score_sheet_items (id, score_sheet_id, period_criterion_id, score_value) VALUES ('2f356c62-3c11-447e-acb6-ae60058e898f', '21c62eef-5fab-4a44-af5e-bfb6b068c68a', '684fe08e-8aeb-4069-a864-a800f0e007aa', 19) ON CONFLICT DO NOTHING;
INSERT INTO score_sheet_items (id, score_sheet_id, period_criterion_id, score_value) VALUES ('5c8e2624-11d5-48ed-a5df-deee1152661a', '21c62eef-5fab-4a44-af5e-bfb6b068c68a', '6ddc3532-8a5c-41f0-a01c-80467a94d895', 16) ON CONFLICT DO NOTHING;
INSERT INTO score_sheet_items (id, score_sheet_id, period_criterion_id, score_value) VALUES ('044c8fcf-62c7-408b-aec7-fbe5775e3e73', '21c62eef-5fab-4a44-af5e-bfb6b068c68a', 'df2ffbe9-f3d9-4636-aa1a-2208d49f12d6', 14) ON CONFLICT DO NOTHING;
INSERT INTO score_sheet_items (id, score_sheet_id, period_criterion_id, score_value) VALUES ('9e4ca8b4-0edd-48fb-a428-21183f026e5c', '21c62eef-5fab-4a44-af5e-bfb6b068c68a', 'fb8af623-bf3b-4522-a586-ff6e8bfec072', 14) ON CONFLICT DO NOTHING;
INSERT INTO score_sheet_items (id, score_sheet_id, period_criterion_id, score_value) VALUES ('3e1ffe32-ef44-4657-a9b8-cb48952127f7', '21c62eef-5fab-4a44-af5e-bfb6b068c68a', 'd503371e-a85d-4eea-ad83-a91291cf4297', 7) ON CONFLICT DO NOTHING;
INSERT INTO score_sheets (id, period_id, project_id, juror_id, status, comment, started_at, last_activity_at) VALUES ('cd54cd9d-b715-4999-a4e3-4bd4861f8fdc', 'e14683dc-6ac1-4c73-a2cb-da24e9e4f45f', '79270a6c-4914-4071-ae42-8ee609393a3a', '7ebcff1e-65cc-4f7d-aed8-c77d90e0992a', 'submitted', 'Shows initial effort but execution very limited.', (timestamp '2026-05-15 09:00:00' + interval '2 hours 8 minutes') - interval '30 mins', (timestamp '2026-05-15 09:00:00' + interval '2 hours 8 minutes')) ON CONFLICT DO NOTHING;
INSERT INTO score_sheet_items (id, score_sheet_id, period_criterion_id, score_value) VALUES ('e81d085b-f0ec-4f45-a744-d6dc39d09a79', 'cd54cd9d-b715-4999-a4e3-4bd4861f8fdc', '684fe08e-8aeb-4069-a864-a800f0e007aa', 14) ON CONFLICT DO NOTHING;
INSERT INTO score_sheet_items (id, score_sheet_id, period_criterion_id, score_value) VALUES ('7b7d3ed3-4a4e-452f-a8f5-d58fef43a225', 'cd54cd9d-b715-4999-a4e3-4bd4861f8fdc', '6ddc3532-8a5c-41f0-a01c-80467a94d895', 17) ON CONFLICT DO NOTHING;
INSERT INTO score_sheet_items (id, score_sheet_id, period_criterion_id, score_value) VALUES ('dcb3994b-f08f-4316-a822-e03c1023343e', 'cd54cd9d-b715-4999-a4e3-4bd4861f8fdc', 'df2ffbe9-f3d9-4636-aa1a-2208d49f12d6', 12) ON CONFLICT DO NOTHING;
INSERT INTO score_sheet_items (id, score_sheet_id, period_criterion_id, score_value) VALUES ('f2dc799e-af34-48a0-a4c1-9180b32d7f3c', 'cd54cd9d-b715-4999-a4e3-4bd4861f8fdc', 'fb8af623-bf3b-4522-a586-ff6e8bfec072', 12) ON CONFLICT DO NOTHING;
INSERT INTO score_sheet_items (id, score_sheet_id, period_criterion_id, score_value) VALUES ('48dfd019-c45c-40ce-ab9f-3986361ce107', 'cd54cd9d-b715-4999-a4e3-4bd4861f8fdc', 'd503371e-a85d-4eea-ad83-a91291cf4297', 6) ON CONFLICT DO NOTHING;
INSERT INTO score_sheets (id, period_id, project_id, juror_id, status, comment, started_at, last_activity_at) VALUES ('d9451697-0fb7-4468-aee4-4c90165f22b7', 'e14683dc-6ac1-4c73-a2cb-da24e9e4f45f', 'ed333a6e-c080-4a61-a6dc-87a0e3220f22', '201bb400-bf30-4069-a8c5-516fcc5154ac', 'submitted', 'Exceptional work across all dimensions.', (timestamp '2026-05-15 09:00:00' + interval '4 hours 43 minutes') - interval '30 mins', (timestamp '2026-05-15 09:00:00' + interval '4 hours 43 minutes')) ON CONFLICT DO NOTHING;
INSERT INTO score_sheet_items (id, score_sheet_id, period_criterion_id, score_value) VALUES ('60f8b8c7-7d40-4f41-af95-8e0c776f6c5f', 'd9451697-0fb7-4468-aee4-4c90165f22b7', '684fe08e-8aeb-4069-a864-a800f0e007aa', 24) ON CONFLICT DO NOTHING;
INSERT INTO score_sheet_items (id, score_sheet_id, period_criterion_id, score_value) VALUES ('bf59425d-612c-418b-a8f7-391aaff5b98b', 'd9451697-0fb7-4468-aee4-4c90165f22b7', '6ddc3532-8a5c-41f0-a01c-80467a94d895', 23) ON CONFLICT DO NOTHING;
INSERT INTO score_sheet_items (id, score_sheet_id, period_criterion_id, score_value) VALUES ('3e8bf2b3-e419-42ea-a596-c29de5a91378', 'd9451697-0fb7-4468-aee4-4c90165f22b7', 'df2ffbe9-f3d9-4636-aa1a-2208d49f12d6', 19) ON CONFLICT DO NOTHING;
INSERT INTO score_sheet_items (id, score_sheet_id, period_criterion_id, score_value) VALUES ('327c0d1f-6fb2-47cd-aa28-711942e6b2bf', 'd9451697-0fb7-4468-aee4-4c90165f22b7', 'fb8af623-bf3b-4522-a586-ff6e8bfec072', 19) ON CONFLICT DO NOTHING;
INSERT INTO score_sheet_items (id, score_sheet_id, period_criterion_id, score_value) VALUES ('a7fe01f4-7b91-482c-af58-fbffcb665e9e', 'd9451697-0fb7-4468-aee4-4c90165f22b7', 'd503371e-a85d-4eea-ad83-a91291cf4297', 9) ON CONFLICT DO NOTHING;
INSERT INTO score_sheets (id, period_id, project_id, juror_id, status, comment, started_at, last_activity_at) VALUES ('2d0249cc-5b55-489a-a607-0857bbf0143f', 'e14683dc-6ac1-4c73-a2cb-da24e9e4f45f', 'dd36e1bf-2797-42b4-ac06-cd142c99074f', '201bb400-bf30-4069-a8c5-516fcc5154ac', 'submitted', 'Truly impressive innovation and mastery.', (timestamp '2026-05-15 09:00:00' + interval '7 hours 47 minutes') - interval '30 mins', (timestamp '2026-05-15 09:00:00' + interval '7 hours 47 minutes')) ON CONFLICT DO NOTHING;
INSERT INTO score_sheet_items (id, score_sheet_id, period_criterion_id, score_value) VALUES ('d3c0b653-06cf-4dec-af8a-67a354deb3e1', '2d0249cc-5b55-489a-a607-0857bbf0143f', '684fe08e-8aeb-4069-a864-a800f0e007aa', 24) ON CONFLICT DO NOTHING;
INSERT INTO score_sheet_items (id, score_sheet_id, period_criterion_id, score_value) VALUES ('bc5f3157-da23-4ce6-a2f9-083f69838965', '2d0249cc-5b55-489a-a607-0857bbf0143f', '6ddc3532-8a5c-41f0-a01c-80467a94d895', 23) ON CONFLICT DO NOTHING;
INSERT INTO score_sheet_items (id, score_sheet_id, period_criterion_id, score_value) VALUES ('dddc0569-c148-435b-a3dd-545267611509', '2d0249cc-5b55-489a-a607-0857bbf0143f', 'df2ffbe9-f3d9-4636-aa1a-2208d49f12d6', 19) ON CONFLICT DO NOTHING;
INSERT INTO score_sheet_items (id, score_sheet_id, period_criterion_id, score_value) VALUES ('1a3b19b9-4826-48d9-a3ba-0c25073ec088', '2d0249cc-5b55-489a-a607-0857bbf0143f', 'fb8af623-bf3b-4522-a586-ff6e8bfec072', 20) ON CONFLICT DO NOTHING;
INSERT INTO score_sheet_items (id, score_sheet_id, period_criterion_id, score_value) VALUES ('433cab66-b9d4-4588-aba0-a4d7f927458f', '2d0249cc-5b55-489a-a607-0857bbf0143f', 'd503371e-a85d-4eea-ad83-a91291cf4297', 9) ON CONFLICT DO NOTHING;
INSERT INTO score_sheets (id, period_id, project_id, juror_id, status, comment, started_at, last_activity_at) VALUES ('55c586cc-aa5c-4cdc-af24-40765b85a8dd', 'e14683dc-6ac1-4c73-a2cb-da24e9e4f45f', 'b15cefcf-fdfb-4b27-ae31-d743f12c947d', '201bb400-bf30-4069-a8c5-516fcc5154ac', 'submitted', 'Strong and consistent effort throughout.', (timestamp '2026-05-15 09:00:00' + interval '12 hours 13 minutes') - interval '30 mins', (timestamp '2026-05-15 09:00:00' + interval '12 hours 13 minutes')) ON CONFLICT DO NOTHING;
INSERT INTO score_sheet_items (id, score_sheet_id, period_criterion_id, score_value) VALUES ('dddcc9dc-530a-48aa-a88d-c9fabae3b926', '55c586cc-aa5c-4cdc-af24-40765b85a8dd', '684fe08e-8aeb-4069-a864-a800f0e007aa', 19) ON CONFLICT DO NOTHING;
INSERT INTO score_sheet_items (id, score_sheet_id, period_criterion_id, score_value) VALUES ('34cc9e78-08a3-46d2-af39-df2f5bc1989d', '55c586cc-aa5c-4cdc-af24-40765b85a8dd', '6ddc3532-8a5c-41f0-a01c-80467a94d895', 20) ON CONFLICT DO NOTHING;
INSERT INTO score_sheet_items (id, score_sheet_id, period_criterion_id, score_value) VALUES ('c3da8e31-2fe2-404d-a9c0-9a6ba4c7e9c7', '55c586cc-aa5c-4cdc-af24-40765b85a8dd', 'df2ffbe9-f3d9-4636-aa1a-2208d49f12d6', 16) ON CONFLICT DO NOTHING;
INSERT INTO score_sheet_items (id, score_sheet_id, period_criterion_id, score_value) VALUES ('9d19d509-8f8a-4fa5-a2a3-ad6cd43c22b7', '55c586cc-aa5c-4cdc-af24-40765b85a8dd', 'fb8af623-bf3b-4522-a586-ff6e8bfec072', 17) ON CONFLICT DO NOTHING;
INSERT INTO score_sheet_items (id, score_sheet_id, period_criterion_id, score_value) VALUES ('dd18d880-db3d-4d34-a843-64fd17d1a09d', '55c586cc-aa5c-4cdc-af24-40765b85a8dd', 'd503371e-a85d-4eea-ad83-a91291cf4297', 7) ON CONFLICT DO NOTHING;
INSERT INTO score_sheets (id, period_id, project_id, juror_id, status, comment, started_at, last_activity_at) VALUES ('0d68f863-8615-4264-a754-e8e9b424773a', 'e14683dc-6ac1-4c73-a2cb-da24e9e4f45f', '098590f3-10cc-4859-a45f-f642a593a924', '201bb400-bf30-4069-a8c5-516fcc5154ac', 'submitted', NULL, (timestamp '2026-05-15 09:00:00' + interval '13 hours 22 minutes') - interval '30 mins', (timestamp '2026-05-15 09:00:00' + interval '13 hours 22 minutes')) ON CONFLICT DO NOTHING;
INSERT INTO score_sheet_items (id, score_sheet_id, period_criterion_id, score_value) VALUES ('fe1baebc-faa4-487d-aaa0-9e7da6e1e0a1', '0d68f863-8615-4264-a754-e8e9b424773a', '684fe08e-8aeb-4069-a864-a800f0e007aa', 19) ON CONFLICT DO NOTHING;
INSERT INTO score_sheet_items (id, score_sheet_id, period_criterion_id, score_value) VALUES ('62c171e1-abf0-4919-a66c-8cccae31a461', '0d68f863-8615-4264-a754-e8e9b424773a', '6ddc3532-8a5c-41f0-a01c-80467a94d895', 21) ON CONFLICT DO NOTHING;
INSERT INTO score_sheet_items (id, score_sheet_id, period_criterion_id, score_value) VALUES ('78c7f91f-9953-4025-a244-9d4177e554bf', '0d68f863-8615-4264-a754-e8e9b424773a', 'df2ffbe9-f3d9-4636-aa1a-2208d49f12d6', 17) ON CONFLICT DO NOTHING;
INSERT INTO score_sheet_items (id, score_sheet_id, period_criterion_id, score_value) VALUES ('7f9e197d-8409-437a-a791-904cd2662d8e', '0d68f863-8615-4264-a754-e8e9b424773a', 'fb8af623-bf3b-4522-a586-ff6e8bfec072', 16) ON CONFLICT DO NOTHING;
INSERT INTO score_sheet_items (id, score_sheet_id, period_criterion_id, score_value) VALUES ('a6bfaebb-1bae-4c91-ac0c-a0aaefb2e9a8', '0d68f863-8615-4264-a754-e8e9b424773a', 'd503371e-a85d-4eea-ad83-a91291cf4297', 7) ON CONFLICT DO NOTHING;
INSERT INTO score_sheets (id, period_id, project_id, juror_id, status, comment, started_at, last_activity_at) VALUES ('512e70fa-9800-4abb-a06a-9964bf41514c', 'e14683dc-6ac1-4c73-a2cb-da24e9e4f45f', '4c0e22db-7d9f-4312-a1d3-4fed4c7e3316', '201bb400-bf30-4069-a8c5-516fcc5154ac', 'submitted', 'Balanced execution with attention to every criterion.', (timestamp '2026-05-15 09:00:00' + interval '5 hours 47 minutes') - interval '30 mins', (timestamp '2026-05-15 09:00:00' + interval '5 hours 47 minutes')) ON CONFLICT DO NOTHING;
INSERT INTO score_sheet_items (id, score_sheet_id, period_criterion_id, score_value) VALUES ('778f8a13-d347-45ae-a163-045b61e71cd8', '512e70fa-9800-4abb-a06a-9964bf41514c', '684fe08e-8aeb-4069-a864-a800f0e007aa', 22) ON CONFLICT DO NOTHING;
INSERT INTO score_sheet_items (id, score_sheet_id, period_criterion_id, score_value) VALUES ('84c33894-dfd2-4b96-a835-ea30091d4693', '512e70fa-9800-4abb-a06a-9964bf41514c', '6ddc3532-8a5c-41f0-a01c-80467a94d895', 23) ON CONFLICT DO NOTHING;
INSERT INTO score_sheet_items (id, score_sheet_id, period_criterion_id, score_value) VALUES ('dfe15def-2e41-4713-a465-79e40e7fcb5e', '512e70fa-9800-4abb-a06a-9964bf41514c', 'df2ffbe9-f3d9-4636-aa1a-2208d49f12d6', 17) ON CONFLICT DO NOTHING;
INSERT INTO score_sheet_items (id, score_sheet_id, period_criterion_id, score_value) VALUES ('fa943346-6efc-47ad-ad31-62c88f916170', '512e70fa-9800-4abb-a06a-9964bf41514c', 'fb8af623-bf3b-4522-a586-ff6e8bfec072', 18) ON CONFLICT DO NOTHING;
INSERT INTO score_sheet_items (id, score_sheet_id, period_criterion_id, score_value) VALUES ('3ccf7c73-9d48-40b3-adfb-0ebb4b1fac16', '512e70fa-9800-4abb-a06a-9964bf41514c', 'd503371e-a85d-4eea-ad83-a91291cf4297', 7) ON CONFLICT DO NOTHING;
INSERT INTO score_sheets (id, period_id, project_id, juror_id, status, comment, started_at, last_activity_at) VALUES ('e1b41b02-bc7e-4d91-a0b4-2375ec67cfdb', 'e14683dc-6ac1-4c73-a2cb-da24e9e4f45f', '1d3379fc-8094-4ff3-a4c7-fea65531bacd', '201bb400-bf30-4069-a8c5-516fcc5154ac', 'submitted', NULL, (timestamp '2026-05-15 09:00:00' + interval '3 hours 1 minutes') - interval '30 mins', (timestamp '2026-05-15 09:00:00' + interval '3 hours 1 minutes')) ON CONFLICT DO NOTHING;
INSERT INTO score_sheet_items (id, score_sheet_id, period_criterion_id, score_value) VALUES ('0a9f22a8-f909-477b-aae0-eeefa8fe9d40', 'e1b41b02-bc7e-4d91-a0b4-2375ec67cfdb', '684fe08e-8aeb-4069-a864-a800f0e007aa', 15) ON CONFLICT DO NOTHING;
INSERT INTO score_sheet_items (id, score_sheet_id, period_criterion_id, score_value) VALUES ('bc242b87-205c-4875-a797-92150098c994', 'e1b41b02-bc7e-4d91-a0b4-2375ec67cfdb', '6ddc3532-8a5c-41f0-a01c-80467a94d895', 20) ON CONFLICT DO NOTHING;
INSERT INTO score_sheet_items (id, score_sheet_id, period_criterion_id, score_value) VALUES ('aa98530d-d8e8-4935-ae61-608aab372cca', 'e1b41b02-bc7e-4d91-a0b4-2375ec67cfdb', 'df2ffbe9-f3d9-4636-aa1a-2208d49f12d6', 12) ON CONFLICT DO NOTHING;
INSERT INTO score_sheet_items (id, score_sheet_id, period_criterion_id, score_value) VALUES ('b901ef1c-93c0-42cd-acee-077dbbe0d34c', 'e1b41b02-bc7e-4d91-a0b4-2375ec67cfdb', 'fb8af623-bf3b-4522-a586-ff6e8bfec072', 12) ON CONFLICT DO NOTHING;
INSERT INTO score_sheet_items (id, score_sheet_id, period_criterion_id, score_value) VALUES ('b8bb202e-5b52-4d84-ae17-761e4e819c49', 'e1b41b02-bc7e-4d91-a0b4-2375ec67cfdb', 'd503371e-a85d-4eea-ad83-a91291cf4297', 6) ON CONFLICT DO NOTHING;
INSERT INTO score_sheets (id, period_id, project_id, juror_id, status, comment, started_at, last_activity_at) VALUES ('774f9a98-f15e-4714-a18f-c5645f8dffa4', 'e14683dc-6ac1-4c73-a2cb-da24e9e4f45f', '5b3da4be-9447-43a9-ab50-9e245f42164b', '201bb400-bf30-4069-a8c5-516fcc5154ac', 'submitted', NULL, (timestamp '2026-05-15 09:00:00' + interval '7 hours 3 minutes') - interval '30 mins', (timestamp '2026-05-15 09:00:00' + interval '7 hours 3 minutes')) ON CONFLICT DO NOTHING;
INSERT INTO score_sheet_items (id, score_sheet_id, period_criterion_id, score_value) VALUES ('61c8893f-e280-43ed-a18f-7775ca1202cc', '774f9a98-f15e-4714-a18f-c5645f8dffa4', '684fe08e-8aeb-4069-a864-a800f0e007aa', 23) ON CONFLICT DO NOTHING;
INSERT INTO score_sheet_items (id, score_sheet_id, period_criterion_id, score_value) VALUES ('8ba7afb0-5694-4601-a1e0-a78fb7f7c63c', '774f9a98-f15e-4714-a18f-c5645f8dffa4', '6ddc3532-8a5c-41f0-a01c-80467a94d895', 23) ON CONFLICT DO NOTHING;
INSERT INTO score_sheet_items (id, score_sheet_id, period_criterion_id, score_value) VALUES ('fbf68b45-66fe-403a-a9ff-373a319e52fa', '774f9a98-f15e-4714-a18f-c5645f8dffa4', 'df2ffbe9-f3d9-4636-aa1a-2208d49f12d6', 19) ON CONFLICT DO NOTHING;
INSERT INTO score_sheet_items (id, score_sheet_id, period_criterion_id, score_value) VALUES ('1fdb57e3-dd49-4a97-af01-cbfad1c9f8b8', '774f9a98-f15e-4714-a18f-c5645f8dffa4', 'fb8af623-bf3b-4522-a586-ff6e8bfec072', 14) ON CONFLICT DO NOTHING;
INSERT INTO score_sheet_items (id, score_sheet_id, period_criterion_id, score_value) VALUES ('90b371c4-c795-4d98-abb6-75548e61c78b', '774f9a98-f15e-4714-a18f-c5645f8dffa4', 'd503371e-a85d-4eea-ad83-a91291cf4297', 9) ON CONFLICT DO NOTHING;
INSERT INTO score_sheets (id, period_id, project_id, juror_id, status, comment, started_at, last_activity_at) VALUES ('8b214420-52c5-4151-abd7-a031d996fc7c', 'e14683dc-6ac1-4c73-a2cb-da24e9e4f45f', '5aa0b751-4de3-44b9-a6a2-aa0726f3853c', '201bb400-bf30-4069-a8c5-516fcc5154ac', 'submitted', NULL, (timestamp '2026-05-15 09:00:00' + interval '9 hours 38 minutes') - interval '30 mins', (timestamp '2026-05-15 09:00:00' + interval '9 hours 38 minutes')) ON CONFLICT DO NOTHING;
INSERT INTO score_sheet_items (id, score_sheet_id, period_criterion_id, score_value) VALUES ('47c2c2fc-f087-46db-a086-522cd9eff2a9', '8b214420-52c5-4151-abd7-a031d996fc7c', '684fe08e-8aeb-4069-a864-a800f0e007aa', 22) ON CONFLICT DO NOTHING;
INSERT INTO score_sheet_items (id, score_sheet_id, period_criterion_id, score_value) VALUES ('d9b72882-fea5-4d06-acf7-8c5b747c3a25', '8b214420-52c5-4151-abd7-a031d996fc7c', '6ddc3532-8a5c-41f0-a01c-80467a94d895', 22) ON CONFLICT DO NOTHING;
INSERT INTO score_sheet_items (id, score_sheet_id, period_criterion_id, score_value) VALUES ('e46e0ba1-1371-46f8-af1b-bc5d9acb937d', '8b214420-52c5-4151-abd7-a031d996fc7c', 'df2ffbe9-f3d9-4636-aa1a-2208d49f12d6', 18) ON CONFLICT DO NOTHING;
INSERT INTO score_sheet_items (id, score_sheet_id, period_criterion_id, score_value) VALUES ('b4785838-74b2-4238-a217-62ed71a6a503', '8b214420-52c5-4151-abd7-a031d996fc7c', 'fb8af623-bf3b-4522-a586-ff6e8bfec072', 18) ON CONFLICT DO NOTHING;
INSERT INTO score_sheet_items (id, score_sheet_id, period_criterion_id, score_value) VALUES ('2a87cb05-c1ba-41cd-a162-e6e3c2549752', '8b214420-52c5-4151-abd7-a031d996fc7c', 'd503371e-a85d-4eea-ad83-a91291cf4297', 8) ON CONFLICT DO NOTHING;
INSERT INTO score_sheets (id, period_id, project_id, juror_id, status, comment, started_at, last_activity_at) VALUES ('dd53f88e-8157-4093-ae53-1f16a1b72d54', 'e14683dc-6ac1-4c73-a2cb-da24e9e4f45f', 'b881dda7-8807-4444-aa05-62d7c35c1f10', '201bb400-bf30-4069-a8c5-516fcc5154ac', 'submitted', NULL, (timestamp '2026-05-15 09:00:00' + interval '16 hours 59 minutes') - interval '30 mins', (timestamp '2026-05-15 09:00:00' + interval '16 hours 59 minutes')) ON CONFLICT DO NOTHING;
INSERT INTO score_sheet_items (id, score_sheet_id, period_criterion_id, score_value) VALUES ('a89bd2db-4983-40ac-a227-0cf668865fd2', 'dd53f88e-8157-4093-ae53-1f16a1b72d54', '684fe08e-8aeb-4069-a864-a800f0e007aa', 23) ON CONFLICT DO NOTHING;
INSERT INTO score_sheet_items (id, score_sheet_id, period_criterion_id, score_value) VALUES ('2a97cfee-33d1-4695-a857-b80d6178039c', 'dd53f88e-8157-4093-ae53-1f16a1b72d54', '6ddc3532-8a5c-41f0-a01c-80467a94d895', 23) ON CONFLICT DO NOTHING;
INSERT INTO score_sheet_items (id, score_sheet_id, period_criterion_id, score_value) VALUES ('97668a95-c11e-45de-a31c-42c1ae9bbecc', 'dd53f88e-8157-4093-ae53-1f16a1b72d54', 'df2ffbe9-f3d9-4636-aa1a-2208d49f12d6', 19) ON CONFLICT DO NOTHING;
INSERT INTO score_sheet_items (id, score_sheet_id, period_criterion_id, score_value) VALUES ('9b2d951f-8b6c-456c-a8f0-d219af28ebae', 'dd53f88e-8157-4093-ae53-1f16a1b72d54', 'fb8af623-bf3b-4522-a586-ff6e8bfec072', 14) ON CONFLICT DO NOTHING;
INSERT INTO score_sheet_items (id, score_sheet_id, period_criterion_id, score_value) VALUES ('586557c2-3e06-4740-a46d-85920db8c37b', 'dd53f88e-8157-4093-ae53-1f16a1b72d54', 'd503371e-a85d-4eea-ad83-a91291cf4297', 9) ON CONFLICT DO NOTHING;
INSERT INTO score_sheets (id, period_id, project_id, juror_id, status, comment, started_at, last_activity_at) VALUES ('000ad207-fd2c-4d0f-a430-cda8dd7d2047', 'e14683dc-6ac1-4c73-a2cb-da24e9e4f45f', '14ea30f9-d49e-4595-ad7b-657102fb8b26', '201bb400-bf30-4069-a8c5-516fcc5154ac', 'submitted', 'Adequate but uninspired. More depth needed.', (timestamp '2026-05-15 09:00:00' + interval '20 hours 41 minutes') - interval '30 mins', (timestamp '2026-05-15 09:00:00' + interval '20 hours 41 minutes')) ON CONFLICT DO NOTHING;
INSERT INTO score_sheet_items (id, score_sheet_id, period_criterion_id, score_value) VALUES ('81903d76-4cc2-4146-ac8d-b3dd01db5682', '000ad207-fd2c-4d0f-a430-cda8dd7d2047', '684fe08e-8aeb-4069-a864-a800f0e007aa', 17) ON CONFLICT DO NOTHING;
INSERT INTO score_sheet_items (id, score_sheet_id, period_criterion_id, score_value) VALUES ('745f6d2f-64b4-476c-a54c-0637dc8e3eda', '000ad207-fd2c-4d0f-a430-cda8dd7d2047', '6ddc3532-8a5c-41f0-a01c-80467a94d895', 17) ON CONFLICT DO NOTHING;
INSERT INTO score_sheet_items (id, score_sheet_id, period_criterion_id, score_value) VALUES ('452d52d1-7c06-42b2-ad3c-21fbf25cf590', '000ad207-fd2c-4d0f-a430-cda8dd7d2047', 'df2ffbe9-f3d9-4636-aa1a-2208d49f12d6', 15) ON CONFLICT DO NOTHING;
INSERT INTO score_sheet_items (id, score_sheet_id, period_criterion_id, score_value) VALUES ('d9b879db-5fff-49a0-a9cf-42309863aa62', '000ad207-fd2c-4d0f-a430-cda8dd7d2047', 'fb8af623-bf3b-4522-a586-ff6e8bfec072', 12) ON CONFLICT DO NOTHING;
INSERT INTO score_sheet_items (id, score_sheet_id, period_criterion_id, score_value) VALUES ('482cfccc-7ba5-4b7b-ad95-382103c7f6bb', '000ad207-fd2c-4d0f-a430-cda8dd7d2047', 'd503371e-a85d-4eea-ad83-a91291cf4297', 6) ON CONFLICT DO NOTHING;
INSERT INTO score_sheets (id, period_id, project_id, juror_id, status, comment, started_at, last_activity_at) VALUES ('3fceb8ae-555e-4174-a7e7-755b8a8e290f', 'e14683dc-6ac1-4c73-a2cb-da24e9e4f45f', '011cb0ec-f1eb-4288-a0c3-004e98a81b9b', '201bb400-bf30-4069-a8c5-516fcc5154ac', 'submitted', 'Standard work that meets requirements.', (timestamp '2026-05-15 09:00:00' + interval '12 hours 19 minutes') - interval '30 mins', (timestamp '2026-05-15 09:00:00' + interval '12 hours 19 minutes')) ON CONFLICT DO NOTHING;
INSERT INTO score_sheet_items (id, score_sheet_id, period_criterion_id, score_value) VALUES ('867533ca-d842-4b92-ab5c-df15d9994f6a', '3fceb8ae-555e-4174-a7e7-755b8a8e290f', '684fe08e-8aeb-4069-a864-a800f0e007aa', 18) ON CONFLICT DO NOTHING;
INSERT INTO score_sheet_items (id, score_sheet_id, period_criterion_id, score_value) VALUES ('d430c7c1-b9af-440c-a644-b628bd2c3205', '3fceb8ae-555e-4174-a7e7-755b8a8e290f', '6ddc3532-8a5c-41f0-a01c-80467a94d895', 17) ON CONFLICT DO NOTHING;
INSERT INTO score_sheet_items (id, score_sheet_id, period_criterion_id, score_value) VALUES ('ca115d9a-4a53-40fb-adc7-36d21713be3b', '3fceb8ae-555e-4174-a7e7-755b8a8e290f', 'df2ffbe9-f3d9-4636-aa1a-2208d49f12d6', 16) ON CONFLICT DO NOTHING;
INSERT INTO score_sheet_items (id, score_sheet_id, period_criterion_id, score_value) VALUES ('6e8339a8-a136-490c-a3b5-93c44ca75ada', '3fceb8ae-555e-4174-a7e7-755b8a8e290f', 'fb8af623-bf3b-4522-a586-ff6e8bfec072', 14) ON CONFLICT DO NOTHING;
INSERT INTO score_sheet_items (id, score_sheet_id, period_criterion_id, score_value) VALUES ('10bf56d2-58c8-4f90-a337-50af5dec6e83', '3fceb8ae-555e-4174-a7e7-755b8a8e290f', 'd503371e-a85d-4eea-ad83-a91291cf4297', 7) ON CONFLICT DO NOTHING;
INSERT INTO score_sheets (id, period_id, project_id, juror_id, status, comment, started_at, last_activity_at) VALUES ('e978e47e-cf5f-4aad-a70d-2ea8e7f0c2a0', 'e14683dc-6ac1-4c73-a2cb-da24e9e4f45f', '79270a6c-4914-4071-ae42-8ee609393a3a', '201bb400-bf30-4069-a8c5-516fcc5154ac', 'submitted', 'Incomplete work — significant portions are missing.', (timestamp '2026-05-15 09:00:00' + interval '18 hours 27 minutes') - interval '30 mins', (timestamp '2026-05-15 09:00:00' + interval '18 hours 27 minutes')) ON CONFLICT DO NOTHING;
INSERT INTO score_sheet_items (id, score_sheet_id, period_criterion_id, score_value) VALUES ('cfd09f57-d26c-4876-af8c-c7e915e6e660', 'e978e47e-cf5f-4aad-a70d-2ea8e7f0c2a0', '684fe08e-8aeb-4069-a864-a800f0e007aa', 16) ON CONFLICT DO NOTHING;
INSERT INTO score_sheet_items (id, score_sheet_id, period_criterion_id, score_value) VALUES ('ccabd312-f533-4dd5-a727-54bb610c3abb', 'e978e47e-cf5f-4aad-a70d-2ea8e7f0c2a0', '6ddc3532-8a5c-41f0-a01c-80467a94d895', 16) ON CONFLICT DO NOTHING;
INSERT INTO score_sheet_items (id, score_sheet_id, period_criterion_id, score_value) VALUES ('95cd9f99-5df6-4d5d-a6b5-9470785a8f8f', 'e978e47e-cf5f-4aad-a70d-2ea8e7f0c2a0', 'df2ffbe9-f3d9-4636-aa1a-2208d49f12d6', 13) ON CONFLICT DO NOTHING;
INSERT INTO score_sheet_items (id, score_sheet_id, period_criterion_id, score_value) VALUES ('9621e4fd-2f5e-48d3-ad30-8e961a854ae3', 'e978e47e-cf5f-4aad-a70d-2ea8e7f0c2a0', 'fb8af623-bf3b-4522-a586-ff6e8bfec072', 12) ON CONFLICT DO NOTHING;
INSERT INTO score_sheet_items (id, score_sheet_id, period_criterion_id, score_value) VALUES ('5a6d3eb1-435e-4794-a300-053bcdea1d2c', 'e978e47e-cf5f-4aad-a70d-2ea8e7f0c2a0', 'd503371e-a85d-4eea-ad83-a91291cf4297', 6) ON CONFLICT DO NOTHING;
INSERT INTO score_sheets (id, period_id, project_id, juror_id, status, comment, started_at, last_activity_at) VALUES ('f8c1bdb3-a729-4c42-adf7-fed075df7ea4', 'b90e1112-88c7-44fa-a275-25bc0ad2d96d', '8bda2f9b-55db-4d33-a40d-f8a111e93a24', '47dcf645-bcf8-407e-a86e-f0e506495726', 'submitted', 'Outstanding technical depth and professional presentation.', (timestamp '2025-12-11 09:00:00' + interval '12 hours 23 minutes') - interval '30 mins', (timestamp '2025-12-11 09:00:00' + interval '12 hours 23 minutes')) ON CONFLICT DO NOTHING;
INSERT INTO score_sheet_items (id, score_sheet_id, period_criterion_id, score_value) VALUES ('33b9814c-9e96-4954-a2ce-fae3ac8c27c6', 'f8c1bdb3-a729-4c42-adf7-fed075df7ea4', 'b9f1f35c-7929-412b-a2c3-63e14ab7e9d0', 24) ON CONFLICT DO NOTHING;
INSERT INTO score_sheet_items (id, score_sheet_id, period_criterion_id, score_value) VALUES ('f3d5e527-8e73-4f09-a5b4-25f1a67b6d0e', 'f8c1bdb3-a729-4c42-adf7-fed075df7ea4', 'd3dd5fe2-d521-4a2a-ae2b-bb11b6fa0902', 23) ON CONFLICT DO NOTHING;
INSERT INTO score_sheet_items (id, score_sheet_id, period_criterion_id, score_value) VALUES ('a628ab90-aa0e-481a-a33e-c21b7ac36bde', 'f8c1bdb3-a729-4c42-adf7-fed075df7ea4', '2a39ada5-da79-4403-aec0-8299b6747419', 19) ON CONFLICT DO NOTHING;
INSERT INTO score_sheet_items (id, score_sheet_id, period_criterion_id, score_value) VALUES ('581c6c34-1a09-4928-ab5c-f6622b0a6e26', 'f8c1bdb3-a729-4c42-adf7-fed075df7ea4', '26a1a51f-ab67-405d-a737-b184d060edb8', 18) ON CONFLICT DO NOTHING;
INSERT INTO score_sheet_items (id, score_sheet_id, period_criterion_id, score_value) VALUES ('059c5a1c-679c-40ce-a2d1-037890110171', 'f8c1bdb3-a729-4c42-adf7-fed075df7ea4', '5809839f-fbb7-4a4f-a996-72ee4cf60160', 9) ON CONFLICT DO NOTHING;
INSERT INTO score_sheets (id, period_id, project_id, juror_id, status, comment, started_at, last_activity_at) VALUES ('7c49d1d0-3e42-4e36-a4c3-446f6ec1eb48', 'b90e1112-88c7-44fa-a275-25bc0ad2d96d', '427540fb-9f60-4bfd-afa2-4db31ec63cd4', '47dcf645-bcf8-407e-a86e-f0e506495726', 'submitted', 'Good work overall. Fundamentally sound.', (timestamp '2025-12-11 09:00:00' + interval '3 hours 14 minutes') - interval '30 mins', (timestamp '2025-12-11 09:00:00' + interval '3 hours 14 minutes')) ON CONFLICT DO NOTHING;
INSERT INTO score_sheet_items (id, score_sheet_id, period_criterion_id, score_value) VALUES ('163e156d-0ef6-48ae-a96c-833ec2b10f31', '7c49d1d0-3e42-4e36-a4c3-446f6ec1eb48', 'b9f1f35c-7929-412b-a2c3-63e14ab7e9d0', 21) ON CONFLICT DO NOTHING;
INSERT INTO score_sheet_items (id, score_sheet_id, period_criterion_id, score_value) VALUES ('8221a116-8d70-4153-a887-b892194a63da', '7c49d1d0-3e42-4e36-a4c3-446f6ec1eb48', 'd3dd5fe2-d521-4a2a-ae2b-bb11b6fa0902', 18) ON CONFLICT DO NOTHING;
INSERT INTO score_sheet_items (id, score_sheet_id, period_criterion_id, score_value) VALUES ('e9b72842-2b07-4590-aa5d-cb2b54e25de7', '7c49d1d0-3e42-4e36-a4c3-446f6ec1eb48', '2a39ada5-da79-4403-aec0-8299b6747419', 17) ON CONFLICT DO NOTHING;
INSERT INTO score_sheet_items (id, score_sheet_id, period_criterion_id, score_value) VALUES ('c02b80e8-bbcb-4810-a4d0-378490a345fb', '7c49d1d0-3e42-4e36-a4c3-446f6ec1eb48', '26a1a51f-ab67-405d-a737-b184d060edb8', 15) ON CONFLICT DO NOTHING;
INSERT INTO score_sheet_items (id, score_sheet_id, period_criterion_id, score_value) VALUES ('9196d782-ba26-4954-ad29-063d4e125f92', '7c49d1d0-3e42-4e36-a4c3-446f6ec1eb48', '5809839f-fbb7-4a4f-a996-72ee4cf60160', 8) ON CONFLICT DO NOTHING;
INSERT INTO score_sheets (id, period_id, project_id, juror_id, status, comment, started_at, last_activity_at) VALUES ('1410b77b-2ac6-4ca7-a217-2fc1d061e108', 'b90e1112-88c7-44fa-a275-25bc0ad2d96d', '22646e69-d22a-4b34-aa2b-f1323161d52d', '47dcf645-bcf8-407e-a86e-f0e506495726', 'submitted', 'Solid engineering work with clear methodology.', (timestamp '2025-12-11 09:00:00' + interval '14 hours 45 minutes') - interval '30 mins', (timestamp '2025-12-11 09:00:00' + interval '14 hours 45 minutes')) ON CONFLICT DO NOTHING;
INSERT INTO score_sheet_items (id, score_sheet_id, period_criterion_id, score_value) VALUES ('354633f0-21ee-41b9-a58b-5792d068e243', '1410b77b-2ac6-4ca7-a217-2fc1d061e108', 'b9f1f35c-7929-412b-a2c3-63e14ab7e9d0', 20) ON CONFLICT DO NOTHING;
INSERT INTO score_sheet_items (id, score_sheet_id, period_criterion_id, score_value) VALUES ('02744e6e-127b-4034-aa35-978c6af26cba', '1410b77b-2ac6-4ca7-a217-2fc1d061e108', 'd3dd5fe2-d521-4a2a-ae2b-bb11b6fa0902', 19) ON CONFLICT DO NOTHING;
INSERT INTO score_sheet_items (id, score_sheet_id, period_criterion_id, score_value) VALUES ('706c26b9-ee48-4300-ad33-31347a3a5e91', '1410b77b-2ac6-4ca7-a217-2fc1d061e108', '2a39ada5-da79-4403-aec0-8299b6747419', 16) ON CONFLICT DO NOTHING;
INSERT INTO score_sheet_items (id, score_sheet_id, period_criterion_id, score_value) VALUES ('2d7c601e-9ebb-47c8-ad6d-d5c9bed3fc36', '1410b77b-2ac6-4ca7-a217-2fc1d061e108', '26a1a51f-ab67-405d-a737-b184d060edb8', 17) ON CONFLICT DO NOTHING;
INSERT INTO score_sheet_items (id, score_sheet_id, period_criterion_id, score_value) VALUES ('267b7db3-b002-468e-a450-8805c3b29093', '1410b77b-2ac6-4ca7-a217-2fc1d061e108', '5809839f-fbb7-4a4f-a996-72ee4cf60160', 8) ON CONFLICT DO NOTHING;
INSERT INTO score_sheets (id, period_id, project_id, juror_id, status, comment, started_at, last_activity_at) VALUES ('bd6dd32b-7b1f-461e-a342-7e96ce84dfcb', 'b90e1112-88c7-44fa-a275-25bc0ad2d96d', 'b37a7c3f-91c4-4a63-a51d-2b19f3bc7992', '47dcf645-bcf8-407e-a86e-f0e506495726', 'submitted', 'Well-balanced project showing strength in all areas.', (timestamp '2025-12-11 09:00:00' + interval '4 hours 52 minutes') - interval '30 mins', (timestamp '2025-12-11 09:00:00' + interval '4 hours 52 minutes')) ON CONFLICT DO NOTHING;
INSERT INTO score_sheet_items (id, score_sheet_id, period_criterion_id, score_value) VALUES ('e6582096-e62f-4c25-a99c-23343b9c8c8a', 'bd6dd32b-7b1f-461e-a342-7e96ce84dfcb', 'b9f1f35c-7929-412b-a2c3-63e14ab7e9d0', 19) ON CONFLICT DO NOTHING;
INSERT INTO score_sheet_items (id, score_sheet_id, period_criterion_id, score_value) VALUES ('6cab0ef2-74db-49d3-af70-7154a2954ecf', 'bd6dd32b-7b1f-461e-a342-7e96ce84dfcb', 'd3dd5fe2-d521-4a2a-ae2b-bb11b6fa0902', 19) ON CONFLICT DO NOTHING;
INSERT INTO score_sheet_items (id, score_sheet_id, period_criterion_id, score_value) VALUES ('02530295-c307-4963-a566-a5ea6b494871', 'bd6dd32b-7b1f-461e-a342-7e96ce84dfcb', '2a39ada5-da79-4403-aec0-8299b6747419', 16) ON CONFLICT DO NOTHING;
INSERT INTO score_sheet_items (id, score_sheet_id, period_criterion_id, score_value) VALUES ('332665e0-3baf-4f04-aa26-ea111d0f7b58', 'bd6dd32b-7b1f-461e-a342-7e96ce84dfcb', '26a1a51f-ab67-405d-a737-b184d060edb8', 17) ON CONFLICT DO NOTHING;
INSERT INTO score_sheet_items (id, score_sheet_id, period_criterion_id, score_value) VALUES ('5a4dd828-6a80-4922-a2de-7d341b141cac', 'bd6dd32b-7b1f-461e-a342-7e96ce84dfcb', '5809839f-fbb7-4a4f-a996-72ee4cf60160', 8) ON CONFLICT DO NOTHING;
INSERT INTO score_sheets (id, period_id, project_id, juror_id, status, comment, started_at, last_activity_at) VALUES ('f4eae008-c008-4034-a94d-b1826ab5d760', 'b90e1112-88c7-44fa-a275-25bc0ad2d96d', 'b7d8e0e7-cd11-4359-a7c1-c0ac6be69ff2', '47dcf645-bcf8-407e-a86e-f0e506495726', 'submitted', 'Uneven — strong in certain areas but inconsistent.', (timestamp '2025-12-11 09:00:00' + interval '20 hours 52 minutes') - interval '30 mins', (timestamp '2025-12-11 09:00:00' + interval '20 hours 52 minutes')) ON CONFLICT DO NOTHING;
INSERT INTO score_sheet_items (id, score_sheet_id, period_criterion_id, score_value) VALUES ('9c3cff13-126d-4f39-a2eb-717674a0c436', 'f4eae008-c008-4034-a94d-b1826ab5d760', 'b9f1f35c-7929-412b-a2c3-63e14ab7e9d0', 18) ON CONFLICT DO NOTHING;
INSERT INTO score_sheet_items (id, score_sheet_id, period_criterion_id, score_value) VALUES ('56874cc9-029f-4b54-a956-9b6fd624bacd', 'f4eae008-c008-4034-a94d-b1826ab5d760', 'd3dd5fe2-d521-4a2a-ae2b-bb11b6fa0902', 23) ON CONFLICT DO NOTHING;
INSERT INTO score_sheet_items (id, score_sheet_id, period_criterion_id, score_value) VALUES ('c88cd887-0cb4-46b8-a888-ad8d57fcc0b7', 'f4eae008-c008-4034-a94d-b1826ab5d760', '2a39ada5-da79-4403-aec0-8299b6747419', 14) ON CONFLICT DO NOTHING;
INSERT INTO score_sheet_items (id, score_sheet_id, period_criterion_id, score_value) VALUES ('31d36f9d-e09b-44e1-a4c5-9c36e623a749', 'f4eae008-c008-4034-a94d-b1826ab5d760', '26a1a51f-ab67-405d-a737-b184d060edb8', 11) ON CONFLICT DO NOTHING;
INSERT INTO score_sheet_items (id, score_sheet_id, period_criterion_id, score_value) VALUES ('9bc7077d-9b60-4882-a077-13fba0a2d7c3', 'f4eae008-c008-4034-a94d-b1826ab5d760', '5809839f-fbb7-4a4f-a996-72ee4cf60160', 9) ON CONFLICT DO NOTHING;
INSERT INTO score_sheets (id, period_id, project_id, juror_id, status, comment, started_at, last_activity_at) VALUES ('5630a2ce-9555-4319-abe8-6ed8ce3b91e6', 'b90e1112-88c7-44fa-a275-25bc0ad2d96d', 'e9e236ed-1ec6-4b59-aa02-69d91088d462', '47dcf645-bcf8-407e-a86e-f0e506495726', 'submitted', 'Excellent engineering depth let down by presentation.', (timestamp '2025-12-11 09:00:00' + interval '13 hours 14 minutes') - interval '30 mins', (timestamp '2025-12-11 09:00:00' + interval '13 hours 14 minutes')) ON CONFLICT DO NOTHING;
INSERT INTO score_sheet_items (id, score_sheet_id, period_criterion_id, score_value) VALUES ('dfcf52cc-6182-4291-a4cb-1495e717fb5c', '5630a2ce-9555-4319-abe8-6ed8ce3b91e6', 'b9f1f35c-7929-412b-a2c3-63e14ab7e9d0', 22) ON CONFLICT DO NOTHING;
INSERT INTO score_sheet_items (id, score_sheet_id, period_criterion_id, score_value) VALUES ('aed1af9a-9d00-46b6-adc9-1e1f7e140cc0', '5630a2ce-9555-4319-abe8-6ed8ce3b91e6', 'd3dd5fe2-d521-4a2a-ae2b-bb11b6fa0902', 22) ON CONFLICT DO NOTHING;
INSERT INTO score_sheet_items (id, score_sheet_id, period_criterion_id, score_value) VALUES ('38f87565-1370-47b6-a2a7-1ccf1f57592a', '5630a2ce-9555-4319-abe8-6ed8ce3b91e6', '2a39ada5-da79-4403-aec0-8299b6747419', 18) ON CONFLICT DO NOTHING;
INSERT INTO score_sheet_items (id, score_sheet_id, period_criterion_id, score_value) VALUES ('4d6971d2-6b9f-463f-a24d-686078e5e951', '5630a2ce-9555-4319-abe8-6ed8ce3b91e6', '26a1a51f-ab67-405d-a737-b184d060edb8', 13) ON CONFLICT DO NOTHING;
INSERT INTO score_sheet_items (id, score_sheet_id, period_criterion_id, score_value) VALUES ('6ad8bf97-46fd-4fde-a3c9-4c9474c06582', '5630a2ce-9555-4319-abe8-6ed8ce3b91e6', '5809839f-fbb7-4a4f-a996-72ee4cf60160', 9) ON CONFLICT DO NOTHING;
INSERT INTO score_sheets (id, period_id, project_id, juror_id, status, comment, started_at, last_activity_at) VALUES ('e5754b8b-99e2-4430-a6d2-685d7c82841b', 'b90e1112-88c7-44fa-a275-25bc0ad2d96d', 'b24ad4ad-dea0-43a6-afd4-03e12a9959d9', '47dcf645-bcf8-407e-a86e-f0e506495726', 'in_progress', NULL, (timestamp '2025-12-11 09:00:00' + interval '14 hours 48 minutes') - interval '30 mins', (timestamp '2025-12-11 09:00:00' + interval '14 hours 48 minutes')) ON CONFLICT DO NOTHING;
INSERT INTO score_sheet_items (id, score_sheet_id, period_criterion_id, score_value) VALUES ('74f44935-6a5f-418d-adbf-11cf139b87dd', 'e5754b8b-99e2-4430-a6d2-685d7c82841b', 'b9f1f35c-7929-412b-a2c3-63e14ab7e9d0', 17) ON CONFLICT DO NOTHING;
INSERT INTO score_sheet_items (id, score_sheet_id, period_criterion_id, score_value) VALUES ('908d67cb-c464-49ae-a713-1530ba740406', 'e5754b8b-99e2-4430-a6d2-685d7c82841b', 'd3dd5fe2-d521-4a2a-ae2b-bb11b6fa0902', 17) ON CONFLICT DO NOTHING;
INSERT INTO score_sheets (id, period_id, project_id, juror_id, status, comment, started_at, last_activity_at) VALUES ('78cf7454-e8a9-47c8-a751-64faa1347c62', 'b90e1112-88c7-44fa-a275-25bc0ad2d96d', '8bda2f9b-55db-4d33-a40d-f8a111e93a24', '44e14170-d567-4ad4-a771-cd269d538a2f', 'submitted', 'Remarkable quality — set the bar for the session.', (timestamp '2025-12-11 09:00:00' + interval '15 hours 41 minutes') - interval '30 mins', (timestamp '2025-12-11 09:00:00' + interval '15 hours 41 minutes')) ON CONFLICT DO NOTHING;
INSERT INTO score_sheet_items (id, score_sheet_id, period_criterion_id, score_value) VALUES ('9f5a329d-7ecb-4b88-aaee-89166a5390d9', '78cf7454-e8a9-47c8-a751-64faa1347c62', 'b9f1f35c-7929-412b-a2c3-63e14ab7e9d0', 23) ON CONFLICT DO NOTHING;
INSERT INTO score_sheet_items (id, score_sheet_id, period_criterion_id, score_value) VALUES ('012c25b6-e7cf-4887-ad3b-8a16b1d29bcf', '78cf7454-e8a9-47c8-a751-64faa1347c62', 'd3dd5fe2-d521-4a2a-ae2b-bb11b6fa0902', 22) ON CONFLICT DO NOTHING;
INSERT INTO score_sheet_items (id, score_sheet_id, period_criterion_id, score_value) VALUES ('b17d9b50-cf4b-42ab-a525-5e4afa8ef24c', '78cf7454-e8a9-47c8-a751-64faa1347c62', '2a39ada5-da79-4403-aec0-8299b6747419', 17) ON CONFLICT DO NOTHING;
INSERT INTO score_sheet_items (id, score_sheet_id, period_criterion_id, score_value) VALUES ('6b2fd300-8c80-45f8-ad81-43f77363872a', '78cf7454-e8a9-47c8-a751-64faa1347c62', '26a1a51f-ab67-405d-a737-b184d060edb8', 17) ON CONFLICT DO NOTHING;
INSERT INTO score_sheet_items (id, score_sheet_id, period_criterion_id, score_value) VALUES ('7f90189d-9306-465b-a33f-cb0696e639d3', '78cf7454-e8a9-47c8-a751-64faa1347c62', '5809839f-fbb7-4a4f-a996-72ee4cf60160', 8) ON CONFLICT DO NOTHING;
INSERT INTO score_sheets (id, period_id, project_id, juror_id, status, comment, started_at, last_activity_at) VALUES ('c1ceb90b-7815-4c20-a25f-e2e86e3cd609', 'b90e1112-88c7-44fa-a275-25bc0ad2d96d', '427540fb-9f60-4bfd-afa2-4db31ec63cd4', '44e14170-d567-4ad4-a771-cd269d538a2f', 'submitted', NULL, (timestamp '2025-12-11 09:00:00' + interval '4 hours 5 minutes') - interval '30 mins', (timestamp '2025-12-11 09:00:00' + interval '4 hours 5 minutes')) ON CONFLICT DO NOTHING;
INSERT INTO score_sheet_items (id, score_sheet_id, period_criterion_id, score_value) VALUES ('0b41af88-0ac0-4429-ab76-120e8e88f54c', 'c1ceb90b-7815-4c20-a25f-e2e86e3cd609', 'b9f1f35c-7929-412b-a2c3-63e14ab7e9d0', 19) ON CONFLICT DO NOTHING;
INSERT INTO score_sheet_items (id, score_sheet_id, period_criterion_id, score_value) VALUES ('4a63b43d-6e2d-49f9-a434-7bb812d7f0c9', 'c1ceb90b-7815-4c20-a25f-e2e86e3cd609', 'd3dd5fe2-d521-4a2a-ae2b-bb11b6fa0902', 18) ON CONFLICT DO NOTHING;
INSERT INTO score_sheet_items (id, score_sheet_id, period_criterion_id, score_value) VALUES ('1006b4c3-7528-4f3e-a90b-c5437ba03af7', 'c1ceb90b-7815-4c20-a25f-e2e86e3cd609', '2a39ada5-da79-4403-aec0-8299b6747419', 16) ON CONFLICT DO NOTHING;
INSERT INTO score_sheet_items (id, score_sheet_id, period_criterion_id, score_value) VALUES ('570a7b26-1d77-4a15-a75e-6beff735bf64', 'c1ceb90b-7815-4c20-a25f-e2e86e3cd609', '26a1a51f-ab67-405d-a737-b184d060edb8', 15) ON CONFLICT DO NOTHING;
INSERT INTO score_sheet_items (id, score_sheet_id, period_criterion_id, score_value) VALUES ('082fc609-b2b7-4037-a620-dc70b9b1bfd7', 'c1ceb90b-7815-4c20-a25f-e2e86e3cd609', '5809839f-fbb7-4a4f-a996-72ee4cf60160', 8) ON CONFLICT DO NOTHING;
INSERT INTO score_sheets (id, period_id, project_id, juror_id, status, comment, started_at, last_activity_at) VALUES ('212b7d87-0e69-430e-ab89-03799057152b', 'b90e1112-88c7-44fa-a275-25bc0ad2d96d', '22646e69-d22a-4b34-aa2b-f1323161d52d', '44e14170-d567-4ad4-a771-cd269d538a2f', 'submitted', 'Well-rounded with good technical foundations.', (timestamp '2025-12-11 09:00:00' + interval '15 hours 56 minutes') - interval '30 mins', (timestamp '2025-12-11 09:00:00' + interval '15 hours 56 minutes')) ON CONFLICT DO NOTHING;
INSERT INTO score_sheet_items (id, score_sheet_id, period_criterion_id, score_value) VALUES ('d6930236-8070-4e50-ace0-4f5fa6e0abb8', '212b7d87-0e69-430e-ab89-03799057152b', 'b9f1f35c-7929-412b-a2c3-63e14ab7e9d0', 20) ON CONFLICT DO NOTHING;
INSERT INTO score_sheet_items (id, score_sheet_id, period_criterion_id, score_value) VALUES ('afcadb24-c0ea-464b-a18f-0f88c96ab783', '212b7d87-0e69-430e-ab89-03799057152b', 'd3dd5fe2-d521-4a2a-ae2b-bb11b6fa0902', 19) ON CONFLICT DO NOTHING;
INSERT INTO score_sheet_items (id, score_sheet_id, period_criterion_id, score_value) VALUES ('e6341798-131b-45e1-a006-7be9c5f031eb', '212b7d87-0e69-430e-ab89-03799057152b', '2a39ada5-da79-4403-aec0-8299b6747419', 15) ON CONFLICT DO NOTHING;
INSERT INTO score_sheet_items (id, score_sheet_id, period_criterion_id, score_value) VALUES ('4a74103f-0871-4057-aa8b-f0630a4b293a', '212b7d87-0e69-430e-ab89-03799057152b', '26a1a51f-ab67-405d-a737-b184d060edb8', 16) ON CONFLICT DO NOTHING;
INSERT INTO score_sheet_items (id, score_sheet_id, period_criterion_id, score_value) VALUES ('8a6e0b4a-947c-4b12-a937-0b6bf569f242', '212b7d87-0e69-430e-ab89-03799057152b', '5809839f-fbb7-4a4f-a996-72ee4cf60160', 7) ON CONFLICT DO NOTHING;
INSERT INTO score_sheets (id, period_id, project_id, juror_id, status, comment, started_at, last_activity_at) VALUES ('d1d9c4d1-4f57-41da-a2a3-c2e585bd748b', 'b90e1112-88c7-44fa-a275-25bc0ad2d96d', 'b37a7c3f-91c4-4a63-a51d-2b19f3bc7992', '44e14170-d567-4ad4-a771-cd269d538a2f', 'submitted', 'Consistently good — no weak spots.', (timestamp '2025-12-11 09:00:00' + interval '12 hours 57 minutes') - interval '30 mins', (timestamp '2025-12-11 09:00:00' + interval '12 hours 57 minutes')) ON CONFLICT DO NOTHING;
INSERT INTO score_sheet_items (id, score_sheet_id, period_criterion_id, score_value) VALUES ('b1cc5a1a-bf39-451a-a6f1-433ef8431206', 'd1d9c4d1-4f57-41da-a2a3-c2e585bd748b', 'b9f1f35c-7929-412b-a2c3-63e14ab7e9d0', 20) ON CONFLICT DO NOTHING;
INSERT INTO score_sheet_items (id, score_sheet_id, period_criterion_id, score_value) VALUES ('160efab9-a51e-4b0d-a28c-a77315eb6181', 'd1d9c4d1-4f57-41da-a2a3-c2e585bd748b', 'd3dd5fe2-d521-4a2a-ae2b-bb11b6fa0902', 19) ON CONFLICT DO NOTHING;
INSERT INTO score_sheet_items (id, score_sheet_id, period_criterion_id, score_value) VALUES ('bcb68f20-f136-4915-a81e-796235b4e5ae', 'd1d9c4d1-4f57-41da-a2a3-c2e585bd748b', '2a39ada5-da79-4403-aec0-8299b6747419', 16) ON CONFLICT DO NOTHING;
INSERT INTO score_sheet_items (id, score_sheet_id, period_criterion_id, score_value) VALUES ('b7525082-76ec-44ff-a755-bb13d6e96127', 'd1d9c4d1-4f57-41da-a2a3-c2e585bd748b', '26a1a51f-ab67-405d-a737-b184d060edb8', 16) ON CONFLICT DO NOTHING;
INSERT INTO score_sheet_items (id, score_sheet_id, period_criterion_id, score_value) VALUES ('78e0ec27-1b15-4e80-ac47-d49136200557', 'd1d9c4d1-4f57-41da-a2a3-c2e585bd748b', '5809839f-fbb7-4a4f-a996-72ee4cf60160', 8) ON CONFLICT DO NOTHING;
INSERT INTO score_sheets (id, period_id, project_id, juror_id, status, comment, started_at, last_activity_at) VALUES ('56a6b5e5-02e6-4ab9-af61-a0b1f0e13709', 'b90e1112-88c7-44fa-a275-25bc0ad2d96d', 'b7d8e0e7-cd11-4359-a7c1-c0ac6be69ff2', '44e14170-d567-4ad4-a771-cd269d538a2f', 'submitted', 'Uneven — strong in certain areas but inconsistent.', (timestamp '2025-12-11 09:00:00' + interval '19 hours 58 minutes') - interval '30 mins', (timestamp '2025-12-11 09:00:00' + interval '19 hours 58 minutes')) ON CONFLICT DO NOTHING;
INSERT INTO score_sheet_items (id, score_sheet_id, period_criterion_id, score_value) VALUES ('c04dbe1d-fa89-4c7b-a276-c63702056bda', '56a6b5e5-02e6-4ab9-af61-a0b1f0e13709', 'b9f1f35c-7929-412b-a2c3-63e14ab7e9d0', 15) ON CONFLICT DO NOTHING;
INSERT INTO score_sheet_items (id, score_sheet_id, period_criterion_id, score_value) VALUES ('3e1c613f-eb09-4d4c-a5f3-3f781d8b98bd', '56a6b5e5-02e6-4ab9-af61-a0b1f0e13709', 'd3dd5fe2-d521-4a2a-ae2b-bb11b6fa0902', 23) ON CONFLICT DO NOTHING;
INSERT INTO score_sheet_items (id, score_sheet_id, period_criterion_id, score_value) VALUES ('18b46770-3f12-4f72-aa6e-8b85dde7d6df', '56a6b5e5-02e6-4ab9-af61-a0b1f0e13709', '2a39ada5-da79-4403-aec0-8299b6747419', 18) ON CONFLICT DO NOTHING;
INSERT INTO score_sheet_items (id, score_sheet_id, period_criterion_id, score_value) VALUES ('2fc6281e-f02d-46c9-a873-c0ca7dfd981f', '56a6b5e5-02e6-4ab9-af61-a0b1f0e13709', '26a1a51f-ab67-405d-a737-b184d060edb8', 12) ON CONFLICT DO NOTHING;
INSERT INTO score_sheet_items (id, score_sheet_id, period_criterion_id, score_value) VALUES ('45b5c27d-667e-4f03-ac12-ad029af868ff', '56a6b5e5-02e6-4ab9-af61-a0b1f0e13709', '5809839f-fbb7-4a4f-a996-72ee4cf60160', 5) ON CONFLICT DO NOTHING;
INSERT INTO score_sheets (id, period_id, project_id, juror_id, status, comment, started_at, last_activity_at) VALUES ('e3886362-2594-4987-aa26-4e70a2d8b81d', 'b90e1112-88c7-44fa-a275-25bc0ad2d96d', 'e9e236ed-1ec6-4b59-aa02-69d91088d462', '44e14170-d567-4ad4-a771-cd269d538a2f', 'submitted', NULL, (timestamp '2025-12-11 09:00:00' + interval '13 hours 12 minutes') - interval '30 mins', (timestamp '2025-12-11 09:00:00' + interval '13 hours 12 minutes')) ON CONFLICT DO NOTHING;
INSERT INTO score_sheet_items (id, score_sheet_id, period_criterion_id, score_value) VALUES ('6235cc38-8b8d-416f-a036-4f9452e5490d', 'e3886362-2594-4987-aa26-4e70a2d8b81d', 'b9f1f35c-7929-412b-a2c3-63e14ab7e9d0', 21) ON CONFLICT DO NOTHING;
INSERT INTO score_sheet_items (id, score_sheet_id, period_criterion_id, score_value) VALUES ('eadcbd79-8491-4dff-a3ae-204bbf671084', 'e3886362-2594-4987-aa26-4e70a2d8b81d', 'd3dd5fe2-d521-4a2a-ae2b-bb11b6fa0902', 21) ON CONFLICT DO NOTHING;
INSERT INTO score_sheet_items (id, score_sheet_id, period_criterion_id, score_value) VALUES ('30b3534d-3151-4e79-a888-42be8d65e7f4', 'e3886362-2594-4987-aa26-4e70a2d8b81d', '2a39ada5-da79-4403-aec0-8299b6747419', 17) ON CONFLICT DO NOTHING;
INSERT INTO score_sheet_items (id, score_sheet_id, period_criterion_id, score_value) VALUES ('34dc38c7-0f70-4e82-abba-4eaf1eb76e69', 'e3886362-2594-4987-aa26-4e70a2d8b81d', '26a1a51f-ab67-405d-a737-b184d060edb8', 13) ON CONFLICT DO NOTHING;
INSERT INTO score_sheet_items (id, score_sheet_id, period_criterion_id, score_value) VALUES ('60429515-3fec-4ab7-a8db-6a6d130396f3', 'e3886362-2594-4987-aa26-4e70a2d8b81d', '5809839f-fbb7-4a4f-a996-72ee4cf60160', 9) ON CONFLICT DO NOTHING;
INSERT INTO score_sheets (id, period_id, project_id, juror_id, status, comment, started_at, last_activity_at) VALUES ('94e3d1ca-8f58-40ed-a048-11d3172c5ecc', 'b90e1112-88c7-44fa-a275-25bc0ad2d96d', 'b24ad4ad-dea0-43a6-afd4-03e12a9959d9', '44e14170-d567-4ad4-a771-cd269d538a2f', 'submitted', 'On the edge — competent but room for improvement.', (timestamp '2025-12-11 09:00:00' + interval '8 hours 35 minutes') - interval '30 mins', (timestamp '2025-12-11 09:00:00' + interval '8 hours 35 minutes')) ON CONFLICT DO NOTHING;
INSERT INTO score_sheet_items (id, score_sheet_id, period_criterion_id, score_value) VALUES ('1deb05fa-85b6-45c9-a8b3-86cc4d287948', '94e3d1ca-8f58-40ed-a048-11d3172c5ecc', 'b9f1f35c-7929-412b-a2c3-63e14ab7e9d0', 16) ON CONFLICT DO NOTHING;
INSERT INTO score_sheet_items (id, score_sheet_id, period_criterion_id, score_value) VALUES ('3eec9323-1858-44cf-a44c-815bb56f293f', '94e3d1ca-8f58-40ed-a048-11d3172c5ecc', 'd3dd5fe2-d521-4a2a-ae2b-bb11b6fa0902', 16) ON CONFLICT DO NOTHING;
INSERT INTO score_sheet_items (id, score_sheet_id, period_criterion_id, score_value) VALUES ('27098b72-0d2d-4eb8-a1d2-4e57deea3429', '94e3d1ca-8f58-40ed-a048-11d3172c5ecc', '2a39ada5-da79-4403-aec0-8299b6747419', 14) ON CONFLICT DO NOTHING;
INSERT INTO score_sheet_items (id, score_sheet_id, period_criterion_id, score_value) VALUES ('fdbcd9a9-9486-4e5a-acaf-d7b78879c579', '94e3d1ca-8f58-40ed-a048-11d3172c5ecc', '26a1a51f-ab67-405d-a737-b184d060edb8', 13) ON CONFLICT DO NOTHING;
INSERT INTO score_sheet_items (id, score_sheet_id, period_criterion_id, score_value) VALUES ('888bd732-c1e5-4775-a0f5-b8950a318d8e', '94e3d1ca-8f58-40ed-a048-11d3172c5ecc', '5809839f-fbb7-4a4f-a996-72ee4cf60160', 6) ON CONFLICT DO NOTHING;
INSERT INTO score_sheets (id, period_id, project_id, juror_id, status, comment, started_at, last_activity_at) VALUES ('a2defabe-8a6a-4717-a249-86982130ccab', 'b90e1112-88c7-44fa-a275-25bc0ad2d96d', '7825fe54-ee39-4979-aac1-85d2a1478de1', '44e14170-d567-4ad4-a771-cd269d538a2f', 'submitted', NULL, (timestamp '2025-12-11 09:00:00' + interval '17 hours 21 minutes') - interval '30 mins', (timestamp '2025-12-11 09:00:00' + interval '17 hours 21 minutes')) ON CONFLICT DO NOTHING;
INSERT INTO score_sheet_items (id, score_sheet_id, period_criterion_id, score_value) VALUES ('af5faa4d-9099-4bcc-a0ec-d276fa837768', 'a2defabe-8a6a-4717-a249-86982130ccab', 'b9f1f35c-7929-412b-a2c3-63e14ab7e9d0', 16) ON CONFLICT DO NOTHING;
INSERT INTO score_sheet_items (id, score_sheet_id, period_criterion_id, score_value) VALUES ('b157fbb8-3dbb-44fc-a0cf-7ab78cccd41c', 'a2defabe-8a6a-4717-a249-86982130ccab', 'd3dd5fe2-d521-4a2a-ae2b-bb11b6fa0902', 16) ON CONFLICT DO NOTHING;
INSERT INTO score_sheet_items (id, score_sheet_id, period_criterion_id, score_value) VALUES ('f72590f0-aa91-460a-a240-b8c3812610a0', 'a2defabe-8a6a-4717-a249-86982130ccab', '2a39ada5-da79-4403-aec0-8299b6747419', 14) ON CONFLICT DO NOTHING;
INSERT INTO score_sheet_items (id, score_sheet_id, period_criterion_id, score_value) VALUES ('23eef8fa-b71b-4da1-ad27-52c79dfa0599', 'a2defabe-8a6a-4717-a249-86982130ccab', '26a1a51f-ab67-405d-a737-b184d060edb8', 14) ON CONFLICT DO NOTHING;
INSERT INTO score_sheet_items (id, score_sheet_id, period_criterion_id, score_value) VALUES ('799e925e-6e5e-4803-a239-9b0900929df5', 'a2defabe-8a6a-4717-a249-86982130ccab', '5809839f-fbb7-4a4f-a996-72ee4cf60160', 7) ON CONFLICT DO NOTHING;
INSERT INTO score_sheets (id, period_id, project_id, juror_id, status, comment, started_at, last_activity_at) VALUES ('488aab00-a83e-4c35-ac58-31e6289e5498', 'b90e1112-88c7-44fa-a275-25bc0ad2d96d', 'b74938c8-c569-45ff-a761-ce75797dd94c', '44e14170-d567-4ad4-a771-cd269d538a2f', 'submitted', 'Started slowly but finished very strongly.', (timestamp '2025-12-11 09:00:00' + interval '7 hours 27 minutes') - interval '30 mins', (timestamp '2025-12-11 09:00:00' + interval '7 hours 27 minutes')) ON CONFLICT DO NOTHING;
INSERT INTO score_sheet_items (id, score_sheet_id, period_criterion_id, score_value) VALUES ('901a51b6-0e23-4710-a969-5c93bdd15c75', '488aab00-a83e-4c35-ac58-31e6289e5498', 'b9f1f35c-7929-412b-a2c3-63e14ab7e9d0', 20) ON CONFLICT DO NOTHING;
INSERT INTO score_sheet_items (id, score_sheet_id, period_criterion_id, score_value) VALUES ('02acc728-f5f5-40e7-a64f-6de912dd9950', '488aab00-a83e-4c35-ac58-31e6289e5498', 'd3dd5fe2-d521-4a2a-ae2b-bb11b6fa0902', 21) ON CONFLICT DO NOTHING;
INSERT INTO score_sheet_items (id, score_sheet_id, period_criterion_id, score_value) VALUES ('d5c99471-21bc-4314-a810-b90d15eb6892', '488aab00-a83e-4c35-ac58-31e6289e5498', '2a39ada5-da79-4403-aec0-8299b6747419', 16) ON CONFLICT DO NOTHING;
INSERT INTO score_sheet_items (id, score_sheet_id, period_criterion_id, score_value) VALUES ('e9be26a9-0f63-4e64-a618-1d27a145f650', '488aab00-a83e-4c35-ac58-31e6289e5498', '26a1a51f-ab67-405d-a737-b184d060edb8', 13) ON CONFLICT DO NOTHING;
INSERT INTO score_sheet_items (id, score_sheet_id, period_criterion_id, score_value) VALUES ('7a5d642d-000c-418e-ae81-d31383309469', '488aab00-a83e-4c35-ac58-31e6289e5498', '5809839f-fbb7-4a4f-a996-72ee4cf60160', 8) ON CONFLICT DO NOTHING;
INSERT INTO score_sheets (id, period_id, project_id, juror_id, status, comment, started_at, last_activity_at) VALUES ('d3e14458-69eb-4a85-ad58-71447feaf85a', 'b90e1112-88c7-44fa-a275-25bc0ad2d96d', '7975e613-6808-4fe5-ad97-9f2721e58586', '44e14170-d567-4ad4-a771-cd269d538a2f', 'submitted', NULL, (timestamp '2025-12-11 09:00:00' + interval '9 hours 56 minutes') - interval '30 mins', (timestamp '2025-12-11 09:00:00' + interval '9 hours 56 minutes')) ON CONFLICT DO NOTHING;
INSERT INTO score_sheet_items (id, score_sheet_id, period_criterion_id, score_value) VALUES ('e53e1933-dde0-4c87-ab5b-81c1d048e79b', 'd3e14458-69eb-4a85-ad58-71447feaf85a', 'b9f1f35c-7929-412b-a2c3-63e14ab7e9d0', 16) ON CONFLICT DO NOTHING;
INSERT INTO score_sheet_items (id, score_sheet_id, period_criterion_id, score_value) VALUES ('9a4e6678-4cec-462a-ac2e-fbbfc82cbe37', 'd3e14458-69eb-4a85-ad58-71447feaf85a', 'd3dd5fe2-d521-4a2a-ae2b-bb11b6fa0902', 13) ON CONFLICT DO NOTHING;
INSERT INTO score_sheet_items (id, score_sheet_id, period_criterion_id, score_value) VALUES ('af83a1a4-857b-45b4-ae00-90626b7b1c1d', 'd3e14458-69eb-4a85-ad58-71447feaf85a', '2a39ada5-da79-4403-aec0-8299b6747419', 12) ON CONFLICT DO NOTHING;
INSERT INTO score_sheet_items (id, score_sheet_id, period_criterion_id, score_value) VALUES ('aaab5463-7c27-446f-a4c9-399ae6962433', 'd3e14458-69eb-4a85-ad58-71447feaf85a', '26a1a51f-ab67-405d-a737-b184d060edb8', 13) ON CONFLICT DO NOTHING;
INSERT INTO score_sheet_items (id, score_sheet_id, period_criterion_id, score_value) VALUES ('3d2946d4-d043-4fa1-a0bc-ccecc69b4703', 'd3e14458-69eb-4a85-ad58-71447feaf85a', '5809839f-fbb7-4a4f-a996-72ee4cf60160', 6) ON CONFLICT DO NOTHING;
INSERT INTO score_sheets (id, period_id, project_id, juror_id, status, comment, started_at, last_activity_at) VALUES ('ab909ead-ca99-402d-a42f-223c049e3ac6', 'b90e1112-88c7-44fa-a275-25bc0ad2d96d', '8bda2f9b-55db-4d33-a40d-f8a111e93a24', 'c8a52987-c3a6-4368-a31c-a2f6566399f1', 'submitted', NULL, (timestamp '2025-12-11 09:00:00' + interval '6 hours 38 minutes') - interval '30 mins', (timestamp '2025-12-11 09:00:00' + interval '6 hours 38 minutes')) ON CONFLICT DO NOTHING;
INSERT INTO score_sheet_items (id, score_sheet_id, period_criterion_id, score_value) VALUES ('6c18e0b4-46c5-412d-ad73-746989baff58', 'ab909ead-ca99-402d-a42f-223c049e3ac6', 'b9f1f35c-7929-412b-a2c3-63e14ab7e9d0', 24) ON CONFLICT DO NOTHING;
INSERT INTO score_sheet_items (id, score_sheet_id, period_criterion_id, score_value) VALUES ('15c6052a-b5e8-46f2-a36c-590b8a7e2b8c', 'ab909ead-ca99-402d-a42f-223c049e3ac6', 'd3dd5fe2-d521-4a2a-ae2b-bb11b6fa0902', 23) ON CONFLICT DO NOTHING;
INSERT INTO score_sheet_items (id, score_sheet_id, period_criterion_id, score_value) VALUES ('760cf061-eefc-4027-ab96-70d53bf20bd2', 'ab909ead-ca99-402d-a42f-223c049e3ac6', '2a39ada5-da79-4403-aec0-8299b6747419', 20) ON CONFLICT DO NOTHING;
INSERT INTO score_sheet_items (id, score_sheet_id, period_criterion_id, score_value) VALUES ('b556351b-9315-4e39-aa22-e6e16be57295', 'ab909ead-ca99-402d-a42f-223c049e3ac6', '26a1a51f-ab67-405d-a737-b184d060edb8', 19) ON CONFLICT DO NOTHING;
INSERT INTO score_sheet_items (id, score_sheet_id, period_criterion_id, score_value) VALUES ('9ab306ab-1b3c-4ac8-aa46-b1499d3f1f95', 'ab909ead-ca99-402d-a42f-223c049e3ac6', '5809839f-fbb7-4a4f-a996-72ee4cf60160', 9) ON CONFLICT DO NOTHING;
INSERT INTO score_sheets (id, period_id, project_id, juror_id, status, comment, started_at, last_activity_at) VALUES ('37c6c069-a7e3-4ffd-a506-83a70db58bc3', 'b90e1112-88c7-44fa-a275-25bc0ad2d96d', '427540fb-9f60-4bfd-afa2-4db31ec63cd4', 'c8a52987-c3a6-4368-a31c-a2f6566399f1', 'submitted', 'Strong and consistent effort throughout.', (timestamp '2025-12-11 09:00:00' + interval '16 hours 55 minutes') - interval '30 mins', (timestamp '2025-12-11 09:00:00' + interval '16 hours 55 minutes')) ON CONFLICT DO NOTHING;
INSERT INTO score_sheet_items (id, score_sheet_id, period_criterion_id, score_value) VALUES ('72d61084-f47b-4a87-ab6b-30afcf865f17', '37c6c069-a7e3-4ffd-a506-83a70db58bc3', 'b9f1f35c-7929-412b-a2c3-63e14ab7e9d0', 20) ON CONFLICT DO NOTHING;
INSERT INTO score_sheet_items (id, score_sheet_id, period_criterion_id, score_value) VALUES ('e9ee517e-545a-46a5-a1eb-836a0f507e3b', '37c6c069-a7e3-4ffd-a506-83a70db58bc3', 'd3dd5fe2-d521-4a2a-ae2b-bb11b6fa0902', 21) ON CONFLICT DO NOTHING;
INSERT INTO score_sheet_items (id, score_sheet_id, period_criterion_id, score_value) VALUES ('d4a2ab90-8a8f-4ddb-a90c-0dfd94db9f78', '37c6c069-a7e3-4ffd-a506-83a70db58bc3', '2a39ada5-da79-4403-aec0-8299b6747419', 17) ON CONFLICT DO NOTHING;
INSERT INTO score_sheet_items (id, score_sheet_id, period_criterion_id, score_value) VALUES ('9caabcb6-ed85-445e-a13f-2e5c69a021cf', '37c6c069-a7e3-4ffd-a506-83a70db58bc3', '26a1a51f-ab67-405d-a737-b184d060edb8', 17) ON CONFLICT DO NOTHING;
INSERT INTO score_sheet_items (id, score_sheet_id, period_criterion_id, score_value) VALUES ('6f9f303d-d352-4d11-aaed-e7b644c2fd78', '37c6c069-a7e3-4ffd-a506-83a70db58bc3', '5809839f-fbb7-4a4f-a996-72ee4cf60160', 7) ON CONFLICT DO NOTHING;
INSERT INTO score_sheets (id, period_id, project_id, juror_id, status, comment, started_at, last_activity_at) VALUES ('922acae1-5b7f-4422-ab84-bd060fc9c591', 'b90e1112-88c7-44fa-a275-25bc0ad2d96d', '22646e69-d22a-4b34-aa2b-f1323161d52d', 'c8a52987-c3a6-4368-a31c-a2f6566399f1', 'submitted', 'Solid engineering work with clear methodology.', (timestamp '2025-12-11 09:00:00' + interval '9 hours 11 minutes') - interval '30 mins', (timestamp '2025-12-11 09:00:00' + interval '9 hours 11 minutes')) ON CONFLICT DO NOTHING;
INSERT INTO score_sheet_items (id, score_sheet_id, period_criterion_id, score_value) VALUES ('b46f15ea-323d-4b8e-a321-6c19774b89d9', '922acae1-5b7f-4422-ab84-bd060fc9c591', 'b9f1f35c-7929-412b-a2c3-63e14ab7e9d0', 21) ON CONFLICT DO NOTHING;
INSERT INTO score_sheet_items (id, score_sheet_id, period_criterion_id, score_value) VALUES ('c38cceab-8858-4fad-a961-c603e4044069', '922acae1-5b7f-4422-ab84-bd060fc9c591', 'd3dd5fe2-d521-4a2a-ae2b-bb11b6fa0902', 21) ON CONFLICT DO NOTHING;
INSERT INTO score_sheet_items (id, score_sheet_id, period_criterion_id, score_value) VALUES ('330396fe-2cc6-4c59-aa26-b4ada7075938', '922acae1-5b7f-4422-ab84-bd060fc9c591', '2a39ada5-da79-4403-aec0-8299b6747419', 18) ON CONFLICT DO NOTHING;
INSERT INTO score_sheet_items (id, score_sheet_id, period_criterion_id, score_value) VALUES ('9393e58f-1630-4c43-a149-710a94271feb', '922acae1-5b7f-4422-ab84-bd060fc9c591', '26a1a51f-ab67-405d-a737-b184d060edb8', 17) ON CONFLICT DO NOTHING;
INSERT INTO score_sheet_items (id, score_sheet_id, period_criterion_id, score_value) VALUES ('ddb828ed-c6cf-4986-aedb-50d529ffbf41', '922acae1-5b7f-4422-ab84-bd060fc9c591', '5809839f-fbb7-4a4f-a996-72ee4cf60160', 7) ON CONFLICT DO NOTHING;
INSERT INTO score_sheets (id, period_id, project_id, juror_id, status, comment, started_at, last_activity_at) VALUES ('38300b5e-0c9f-4cf9-a0d3-62305f230cb1', 'b90e1112-88c7-44fa-a275-25bc0ad2d96d', 'b37a7c3f-91c4-4a63-a51d-2b19f3bc7992', 'c8a52987-c3a6-4368-a31c-a2f6566399f1', 'submitted', NULL, (timestamp '2025-12-11 09:00:00' + interval '14 hours 10 minutes') - interval '30 mins', (timestamp '2025-12-11 09:00:00' + interval '14 hours 10 minutes')) ON CONFLICT DO NOTHING;
INSERT INTO score_sheet_items (id, score_sheet_id, period_criterion_id, score_value) VALUES ('d9d81fe7-ab10-40b0-a70e-3948b2c48f83', '38300b5e-0c9f-4cf9-a0d3-62305f230cb1', 'b9f1f35c-7929-412b-a2c3-63e14ab7e9d0', 21) ON CONFLICT DO NOTHING;
INSERT INTO score_sheet_items (id, score_sheet_id, period_criterion_id, score_value) VALUES ('386d97a9-8a28-4f51-a0c7-fff8886818a9', '38300b5e-0c9f-4cf9-a0d3-62305f230cb1', 'd3dd5fe2-d521-4a2a-ae2b-bb11b6fa0902', 20) ON CONFLICT DO NOTHING;
INSERT INTO score_sheet_items (id, score_sheet_id, period_criterion_id, score_value) VALUES ('0bcf7079-ccf7-40a4-abb8-af3187d1d6ca', '38300b5e-0c9f-4cf9-a0d3-62305f230cb1', '2a39ada5-da79-4403-aec0-8299b6747419', 17) ON CONFLICT DO NOTHING;
INSERT INTO score_sheet_items (id, score_sheet_id, period_criterion_id, score_value) VALUES ('0396c697-de71-493f-a356-f18fe680b1aa', '38300b5e-0c9f-4cf9-a0d3-62305f230cb1', '26a1a51f-ab67-405d-a737-b184d060edb8', 18) ON CONFLICT DO NOTHING;
INSERT INTO score_sheet_items (id, score_sheet_id, period_criterion_id, score_value) VALUES ('41f7aa90-7b91-4cdd-a546-fdbb443475e1', '38300b5e-0c9f-4cf9-a0d3-62305f230cb1', '5809839f-fbb7-4a4f-a996-72ee4cf60160', 8) ON CONFLICT DO NOTHING;
INSERT INTO score_sheets (id, period_id, project_id, juror_id, status, comment, started_at, last_activity_at) VALUES ('8a40aaf8-b5c6-4867-a13d-a2e7cf52652b', 'b90e1112-88c7-44fa-a275-25bc0ad2d96d', 'b7d8e0e7-cd11-4359-a7c1-c0ac6be69ff2', 'c8a52987-c3a6-4368-a31c-a2f6566399f1', 'submitted', NULL, (timestamp '2025-12-11 09:00:00' + interval '14 hours 45 minutes') - interval '30 mins', (timestamp '2025-12-11 09:00:00' + interval '14 hours 45 minutes')) ON CONFLICT DO NOTHING;
INSERT INTO score_sheet_items (id, score_sheet_id, period_criterion_id, score_value) VALUES ('836700ba-f420-4d43-a482-61fe08d750f0', '8a40aaf8-b5c6-4867-a13d-a2e7cf52652b', 'b9f1f35c-7929-412b-a2c3-63e14ab7e9d0', 25) ON CONFLICT DO NOTHING;
INSERT INTO score_sheet_items (id, score_sheet_id, period_criterion_id, score_value) VALUES ('92c5b38c-1860-46f1-ad7a-38ae471fc231', '8a40aaf8-b5c6-4867-a13d-a2e7cf52652b', 'd3dd5fe2-d521-4a2a-ae2b-bb11b6fa0902', 25) ON CONFLICT DO NOTHING;
INSERT INTO score_sheet_items (id, score_sheet_id, period_criterion_id, score_value) VALUES ('482b999a-010f-477f-ae9a-8cf75d91cb02', '8a40aaf8-b5c6-4867-a13d-a2e7cf52652b', '2a39ada5-da79-4403-aec0-8299b6747419', 19) ON CONFLICT DO NOTHING;
INSERT INTO score_sheet_items (id, score_sheet_id, period_criterion_id, score_value) VALUES ('c683a794-530e-45e0-ab59-dbb713848c83', '8a40aaf8-b5c6-4867-a13d-a2e7cf52652b', '26a1a51f-ab67-405d-a737-b184d060edb8', 19) ON CONFLICT DO NOTHING;
INSERT INTO score_sheet_items (id, score_sheet_id, period_criterion_id, score_value) VALUES ('f40f1d82-7b93-4978-ab59-53fd5a22df78', '8a40aaf8-b5c6-4867-a13d-a2e7cf52652b', '5809839f-fbb7-4a4f-a996-72ee4cf60160', 9) ON CONFLICT DO NOTHING;
INSERT INTO score_sheets (id, period_id, project_id, juror_id, status, comment, started_at, last_activity_at) VALUES ('279ad693-faed-4220-a434-dd4a83005ec8', 'b90e1112-88c7-44fa-a275-25bc0ad2d96d', 'e9e236ed-1ec6-4b59-aa02-69d91088d462', 'c8a52987-c3a6-4368-a31c-a2f6566399f1', 'submitted', 'Technical work is outstanding but poster is hard to follow.', (timestamp '2025-12-11 09:00:00' + interval '16 hours 3 minutes') - interval '30 mins', (timestamp '2025-12-11 09:00:00' + interval '16 hours 3 minutes')) ON CONFLICT DO NOTHING;
INSERT INTO score_sheet_items (id, score_sheet_id, period_criterion_id, score_value) VALUES ('4e1c201b-83b1-4c84-a1a0-67e6c868502d', '279ad693-faed-4220-a434-dd4a83005ec8', 'b9f1f35c-7929-412b-a2c3-63e14ab7e9d0', 23) ON CONFLICT DO NOTHING;
INSERT INTO score_sheet_items (id, score_sheet_id, period_criterion_id, score_value) VALUES ('3a2e0ba3-f459-4eab-a5a5-cee39001e499', '279ad693-faed-4220-a434-dd4a83005ec8', 'd3dd5fe2-d521-4a2a-ae2b-bb11b6fa0902', 23) ON CONFLICT DO NOTHING;
INSERT INTO score_sheet_items (id, score_sheet_id, period_criterion_id, score_value) VALUES ('069f6b03-9575-4c74-ad8f-8e2c664b8b5e', '279ad693-faed-4220-a434-dd4a83005ec8', '2a39ada5-da79-4403-aec0-8299b6747419', 19) ON CONFLICT DO NOTHING;
INSERT INTO score_sheet_items (id, score_sheet_id, period_criterion_id, score_value) VALUES ('5045dd49-4c90-4bfb-aac5-28b3eb85f30d', '279ad693-faed-4220-a434-dd4a83005ec8', '26a1a51f-ab67-405d-a737-b184d060edb8', 14) ON CONFLICT DO NOTHING;
INSERT INTO score_sheet_items (id, score_sheet_id, period_criterion_id, score_value) VALUES ('024a0c8c-c48f-407f-a221-62a30df14efc', '279ad693-faed-4220-a434-dd4a83005ec8', '5809839f-fbb7-4a4f-a996-72ee4cf60160', 9) ON CONFLICT DO NOTHING;
INSERT INTO score_sheets (id, period_id, project_id, juror_id, status, comment, started_at, last_activity_at) VALUES ('449f3004-3764-4972-ad17-0f2073574b13', 'b90e1112-88c7-44fa-a275-25bc0ad2d96d', 'b24ad4ad-dea0-43a6-afd4-03e12a9959d9', 'c8a52987-c3a6-4368-a31c-a2f6566399f1', 'submitted', NULL, (timestamp '2025-12-11 09:00:00' + interval '5 hours 59 minutes') - interval '30 mins', (timestamp '2025-12-11 09:00:00' + interval '5 hours 59 minutes')) ON CONFLICT DO NOTHING;
INSERT INTO score_sheet_items (id, score_sheet_id, period_criterion_id, score_value) VALUES ('0a295f9f-51e7-4913-a6b2-c3fdb53b7345', '449f3004-3764-4972-ad17-0f2073574b13', 'b9f1f35c-7929-412b-a2c3-63e14ab7e9d0', 17) ON CONFLICT DO NOTHING;
INSERT INTO score_sheet_items (id, score_sheet_id, period_criterion_id, score_value) VALUES ('b68d2e55-0013-40e0-af5d-139b2e4fa692', '449f3004-3764-4972-ad17-0f2073574b13', 'd3dd5fe2-d521-4a2a-ae2b-bb11b6fa0902', 16) ON CONFLICT DO NOTHING;
INSERT INTO score_sheet_items (id, score_sheet_id, period_criterion_id, score_value) VALUES ('05fc0a2d-471d-4317-a789-fac10f7f4e55', '449f3004-3764-4972-ad17-0f2073574b13', '2a39ada5-da79-4403-aec0-8299b6747419', 12) ON CONFLICT DO NOTHING;
INSERT INTO score_sheet_items (id, score_sheet_id, period_criterion_id, score_value) VALUES ('a1766629-14b2-4316-a289-d694c98b2d28', '449f3004-3764-4972-ad17-0f2073574b13', '26a1a51f-ab67-405d-a737-b184d060edb8', 12) ON CONFLICT DO NOTHING;
INSERT INTO score_sheet_items (id, score_sheet_id, period_criterion_id, score_value) VALUES ('2bfedc4f-3764-40bf-a3db-0a548f55efe7', '449f3004-3764-4972-ad17-0f2073574b13', '5809839f-fbb7-4a4f-a996-72ee4cf60160', 6) ON CONFLICT DO NOTHING;
INSERT INTO score_sheets (id, period_id, project_id, juror_id, status, comment, started_at, last_activity_at) VALUES ('ba3e6f91-49d2-452f-a792-f1052a5640b3', 'b90e1112-88c7-44fa-a275-25bc0ad2d96d', '7825fe54-ee39-4979-aac1-85d2a1478de1', 'c8a52987-c3a6-4368-a31c-a2f6566399f1', 'submitted', 'Competent execution across the board.', (timestamp '2025-12-11 09:00:00' + interval '4 hours 16 minutes') - interval '30 mins', (timestamp '2025-12-11 09:00:00' + interval '4 hours 16 minutes')) ON CONFLICT DO NOTHING;
INSERT INTO score_sheet_items (id, score_sheet_id, period_criterion_id, score_value) VALUES ('cb971bfd-d179-4e1c-ade7-8062531bc1ae', 'ba3e6f91-49d2-452f-a792-f1052a5640b3', 'b9f1f35c-7929-412b-a2c3-63e14ab7e9d0', 17) ON CONFLICT DO NOTHING;
INSERT INTO score_sheet_items (id, score_sheet_id, period_criterion_id, score_value) VALUES ('7a2b9e79-4ffd-411d-a84e-3fdc24d88c03', 'ba3e6f91-49d2-452f-a792-f1052a5640b3', 'd3dd5fe2-d521-4a2a-ae2b-bb11b6fa0902', 18) ON CONFLICT DO NOTHING;
INSERT INTO score_sheet_items (id, score_sheet_id, period_criterion_id, score_value) VALUES ('21747d09-6892-40d9-a507-13a23e2c05ec', 'ba3e6f91-49d2-452f-a792-f1052a5640b3', '2a39ada5-da79-4403-aec0-8299b6747419', 16) ON CONFLICT DO NOTHING;
INSERT INTO score_sheet_items (id, score_sheet_id, period_criterion_id, score_value) VALUES ('80fd2f66-c286-4ca6-ab88-1bffe1c291f6', 'ba3e6f91-49d2-452f-a792-f1052a5640b3', '26a1a51f-ab67-405d-a737-b184d060edb8', 15) ON CONFLICT DO NOTHING;
INSERT INTO score_sheet_items (id, score_sheet_id, period_criterion_id, score_value) VALUES ('097337b5-76c8-4097-aaca-186da5c4d9fc', 'ba3e6f91-49d2-452f-a792-f1052a5640b3', '5809839f-fbb7-4a4f-a996-72ee4cf60160', 7) ON CONFLICT DO NOTHING;
INSERT INTO score_sheets (id, period_id, project_id, juror_id, status, comment, started_at, last_activity_at) VALUES ('4a4e694f-0c9e-4267-a7a8-e55997bdf391', 'b90e1112-88c7-44fa-a275-25bc0ad2d96d', 'b74938c8-c569-45ff-a761-ce75797dd94c', 'c8a52987-c3a6-4368-a31c-a2f6566399f1', 'submitted', 'Late-blooming — final product exceeded early expectations.', (timestamp '2025-12-11 09:00:00' + interval '10 hours 30 minutes') - interval '30 mins', (timestamp '2025-12-11 09:00:00' + interval '10 hours 30 minutes')) ON CONFLICT DO NOTHING;
INSERT INTO score_sheet_items (id, score_sheet_id, period_criterion_id, score_value) VALUES ('4e106123-0e90-4386-ad51-f11a0bc03b49', '4a4e694f-0c9e-4267-a7a8-e55997bdf391', 'b9f1f35c-7929-412b-a2c3-63e14ab7e9d0', 22) ON CONFLICT DO NOTHING;
INSERT INTO score_sheet_items (id, score_sheet_id, period_criterion_id, score_value) VALUES ('deded3d4-a25e-4e85-a792-747010288ad7', '4a4e694f-0c9e-4267-a7a8-e55997bdf391', 'd3dd5fe2-d521-4a2a-ae2b-bb11b6fa0902', 23) ON CONFLICT DO NOTHING;
INSERT INTO score_sheet_items (id, score_sheet_id, period_criterion_id, score_value) VALUES ('19d37691-45d4-4814-abba-4b11c20308a4', '4a4e694f-0c9e-4267-a7a8-e55997bdf391', '2a39ada5-da79-4403-aec0-8299b6747419', 18) ON CONFLICT DO NOTHING;
INSERT INTO score_sheet_items (id, score_sheet_id, period_criterion_id, score_value) VALUES ('800662af-351f-488e-aa5c-8e709571b677', '4a4e694f-0c9e-4267-a7a8-e55997bdf391', '26a1a51f-ab67-405d-a737-b184d060edb8', 15) ON CONFLICT DO NOTHING;
INSERT INTO score_sheet_items (id, score_sheet_id, period_criterion_id, score_value) VALUES ('14faa31c-5a12-4e92-a0bd-c6d50f3bcfa9', '4a4e694f-0c9e-4267-a7a8-e55997bdf391', '5809839f-fbb7-4a4f-a996-72ee4cf60160', 9) ON CONFLICT DO NOTHING;
INSERT INTO score_sheets (id, period_id, project_id, juror_id, status, comment, started_at, last_activity_at) VALUES ('a0a665ea-f49e-4bab-ac44-3269622a81f5', 'b90e1112-88c7-44fa-a275-25bc0ad2d96d', '7975e613-6808-4fe5-ad97-9f2721e58586', 'c8a52987-c3a6-4368-a31c-a2f6566399f1', 'submitted', NULL, (timestamp '2025-12-11 09:00:00' + interval '2 hours 15 minutes') - interval '30 mins', (timestamp '2025-12-11 09:00:00' + interval '2 hours 15 minutes')) ON CONFLICT DO NOTHING;
INSERT INTO score_sheet_items (id, score_sheet_id, period_criterion_id, score_value) VALUES ('f047ae1f-36c2-4f06-aac6-dc248647cb1a', 'a0a665ea-f49e-4bab-ac44-3269622a81f5', 'b9f1f35c-7929-412b-a2c3-63e14ab7e9d0', 14) ON CONFLICT DO NOTHING;
INSERT INTO score_sheet_items (id, score_sheet_id, period_criterion_id, score_value) VALUES ('6daf91d6-3810-4c18-aea0-cbe1a9044b83', 'a0a665ea-f49e-4bab-ac44-3269622a81f5', 'd3dd5fe2-d521-4a2a-ae2b-bb11b6fa0902', 17) ON CONFLICT DO NOTHING;
INSERT INTO score_sheet_items (id, score_sheet_id, period_criterion_id, score_value) VALUES ('a7fc57c4-0873-477d-aac4-a3d3684c4441', 'a0a665ea-f49e-4bab-ac44-3269622a81f5', '2a39ada5-da79-4403-aec0-8299b6747419', 11) ON CONFLICT DO NOTHING;
INSERT INTO score_sheet_items (id, score_sheet_id, period_criterion_id, score_value) VALUES ('f2c828de-ad38-4ded-a96e-639aec973fdc', 'a0a665ea-f49e-4bab-ac44-3269622a81f5', '26a1a51f-ab67-405d-a737-b184d060edb8', 12) ON CONFLICT DO NOTHING;
INSERT INTO score_sheet_items (id, score_sheet_id, period_criterion_id, score_value) VALUES ('e570b974-2fae-4d86-a8ec-46e72c4a158c', 'a0a665ea-f49e-4bab-ac44-3269622a81f5', '5809839f-fbb7-4a4f-a996-72ee4cf60160', 6) ON CONFLICT DO NOTHING;
INSERT INTO score_sheets (id, period_id, project_id, juror_id, status, comment, started_at, last_activity_at) VALUES ('b58f8bf2-e5e1-4a62-a5d8-c4420eb95841', 'b90e1112-88c7-44fa-a275-25bc0ad2d96d', '8bda2f9b-55db-4d33-a40d-f8a111e93a24', 'a6f1a5dd-ae98-4726-adf3-512181d2e08f', 'submitted', NULL, (timestamp '2025-12-11 09:00:00' + interval '15 hours 56 minutes') - interval '30 mins', (timestamp '2025-12-11 09:00:00' + interval '15 hours 56 minutes')) ON CONFLICT DO NOTHING;
INSERT INTO score_sheet_items (id, score_sheet_id, period_criterion_id, score_value) VALUES ('13604076-ad95-4f7b-a2ff-2f783f60e2d0', 'b58f8bf2-e5e1-4a62-a5d8-c4420eb95841', 'b9f1f35c-7929-412b-a2c3-63e14ab7e9d0', 24) ON CONFLICT DO NOTHING;
INSERT INTO score_sheet_items (id, score_sheet_id, period_criterion_id, score_value) VALUES ('9953b3a5-8ae3-4b78-a778-fdaf87b7fded', 'b58f8bf2-e5e1-4a62-a5d8-c4420eb95841', 'd3dd5fe2-d521-4a2a-ae2b-bb11b6fa0902', 24) ON CONFLICT DO NOTHING;
INSERT INTO score_sheet_items (id, score_sheet_id, period_criterion_id, score_value) VALUES ('137e09b9-c753-4d22-acbf-132026aa0aad', 'b58f8bf2-e5e1-4a62-a5d8-c4420eb95841', '2a39ada5-da79-4403-aec0-8299b6747419', 18) ON CONFLICT DO NOTHING;
INSERT INTO score_sheet_items (id, score_sheet_id, period_criterion_id, score_value) VALUES ('9f0682e7-c019-41d8-aa11-5a3a31e74487', 'b58f8bf2-e5e1-4a62-a5d8-c4420eb95841', '26a1a51f-ab67-405d-a737-b184d060edb8', 20) ON CONFLICT DO NOTHING;
INSERT INTO score_sheet_items (id, score_sheet_id, period_criterion_id, score_value) VALUES ('c4c1850b-439b-4785-a94d-f07f7cd56113', 'b58f8bf2-e5e1-4a62-a5d8-c4420eb95841', '5809839f-fbb7-4a4f-a996-72ee4cf60160', 9) ON CONFLICT DO NOTHING;
INSERT INTO score_sheets (id, period_id, project_id, juror_id, status, comment, started_at, last_activity_at) VALUES ('52702f2a-baad-4efa-aec1-24bf5f0d3eea', 'b90e1112-88c7-44fa-a275-25bc0ad2d96d', '427540fb-9f60-4bfd-afa2-4db31ec63cd4', 'a6f1a5dd-ae98-4726-adf3-512181d2e08f', 'submitted', 'Reliable execution and thorough documentation.', (timestamp '2025-12-11 09:00:00' + interval '1 hours 41 minutes') - interval '30 mins', (timestamp '2025-12-11 09:00:00' + interval '1 hours 41 minutes')) ON CONFLICT DO NOTHING;
INSERT INTO score_sheet_items (id, score_sheet_id, period_criterion_id, score_value) VALUES ('ddae2eff-88ad-43ee-a7c5-2aa0eed1ea54', '52702f2a-baad-4efa-aec1-24bf5f0d3eea', 'b9f1f35c-7929-412b-a2c3-63e14ab7e9d0', 20) ON CONFLICT DO NOTHING;
INSERT INTO score_sheet_items (id, score_sheet_id, period_criterion_id, score_value) VALUES ('518be4d8-cce0-489a-aeff-1dd4ce793e0a', '52702f2a-baad-4efa-aec1-24bf5f0d3eea', 'd3dd5fe2-d521-4a2a-ae2b-bb11b6fa0902', 20) ON CONFLICT DO NOTHING;
INSERT INTO score_sheet_items (id, score_sheet_id, period_criterion_id, score_value) VALUES ('0122d912-e96c-44ba-a51d-2f11c1c44324', '52702f2a-baad-4efa-aec1-24bf5f0d3eea', '2a39ada5-da79-4403-aec0-8299b6747419', 14) ON CONFLICT DO NOTHING;
INSERT INTO score_sheet_items (id, score_sheet_id, period_criterion_id, score_value) VALUES ('05b04e50-2526-4c5d-a0f3-ec8b3b1bb20a', '52702f2a-baad-4efa-aec1-24bf5f0d3eea', '26a1a51f-ab67-405d-a737-b184d060edb8', 18) ON CONFLICT DO NOTHING;
INSERT INTO score_sheet_items (id, score_sheet_id, period_criterion_id, score_value) VALUES ('994c18db-82cf-486b-ad49-bcae2c5490a0', '52702f2a-baad-4efa-aec1-24bf5f0d3eea', '5809839f-fbb7-4a4f-a996-72ee4cf60160', 8) ON CONFLICT DO NOTHING;
INSERT INTO score_sheets (id, period_id, project_id, juror_id, status, comment, started_at, last_activity_at) VALUES ('153860df-c0b1-429f-a313-b93be98a2c43', 'b90e1112-88c7-44fa-a275-25bc0ad2d96d', '22646e69-d22a-4b34-aa2b-f1323161d52d', 'a6f1a5dd-ae98-4726-adf3-512181d2e08f', 'submitted', 'Good work overall. Fundamentally sound.', (timestamp '2025-12-11 09:00:00' + interval '15 hours 33 minutes') - interval '30 mins', (timestamp '2025-12-11 09:00:00' + interval '15 hours 33 minutes')) ON CONFLICT DO NOTHING;
INSERT INTO score_sheet_items (id, score_sheet_id, period_criterion_id, score_value) VALUES ('ecc2fafa-bee5-4fc5-a405-22a5ee125394', '153860df-c0b1-429f-a313-b93be98a2c43', 'b9f1f35c-7929-412b-a2c3-63e14ab7e9d0', 21) ON CONFLICT DO NOTHING;
INSERT INTO score_sheet_items (id, score_sheet_id, period_criterion_id, score_value) VALUES ('bd376b9d-7e18-4d76-a659-31e1abe7aea0', '153860df-c0b1-429f-a313-b93be98a2c43', 'd3dd5fe2-d521-4a2a-ae2b-bb11b6fa0902', 21) ON CONFLICT DO NOTHING;
INSERT INTO score_sheet_items (id, score_sheet_id, period_criterion_id, score_value) VALUES ('690de9f9-d9f1-4d82-ab81-f385e3ef90f2', '153860df-c0b1-429f-a313-b93be98a2c43', '2a39ada5-da79-4403-aec0-8299b6747419', 14) ON CONFLICT DO NOTHING;
INSERT INTO score_sheet_items (id, score_sheet_id, period_criterion_id, score_value) VALUES ('10bba9ba-07c5-46dc-ae11-eb68363971ab', '153860df-c0b1-429f-a313-b93be98a2c43', '26a1a51f-ab67-405d-a737-b184d060edb8', 18) ON CONFLICT DO NOTHING;
INSERT INTO score_sheet_items (id, score_sheet_id, period_criterion_id, score_value) VALUES ('8ae7943f-64aa-4cda-a477-cb5f44944fd7', '153860df-c0b1-429f-a313-b93be98a2c43', '5809839f-fbb7-4a4f-a996-72ee4cf60160', 8) ON CONFLICT DO NOTHING;
INSERT INTO score_sheets (id, period_id, project_id, juror_id, status, comment, started_at, last_activity_at) VALUES ('f55da231-93cf-4114-a403-d8a284b20f85', 'b90e1112-88c7-44fa-a275-25bc0ad2d96d', 'b37a7c3f-91c4-4a63-a51d-2b19f3bc7992', 'a6f1a5dd-ae98-4726-adf3-512181d2e08f', 'submitted', NULL, (timestamp '2025-12-11 09:00:00' + interval '16 hours 43 minutes') - interval '30 mins', (timestamp '2025-12-11 09:00:00' + interval '16 hours 43 minutes')) ON CONFLICT DO NOTHING;
INSERT INTO score_sheet_items (id, score_sheet_id, period_criterion_id, score_value) VALUES ('4b930ad2-154a-4b3f-abe0-79a3f797fd79', 'f55da231-93cf-4114-a403-d8a284b20f85', 'b9f1f35c-7929-412b-a2c3-63e14ab7e9d0', 21) ON CONFLICT DO NOTHING;
INSERT INTO score_sheet_items (id, score_sheet_id, period_criterion_id, score_value) VALUES ('639befe3-e5bc-4f58-af17-be904301f622', 'f55da231-93cf-4114-a403-d8a284b20f85', 'd3dd5fe2-d521-4a2a-ae2b-bb11b6fa0902', 22) ON CONFLICT DO NOTHING;
INSERT INTO score_sheet_items (id, score_sheet_id, period_criterion_id, score_value) VALUES ('c6425d39-8bb1-40f3-a528-3d58167417a8', 'f55da231-93cf-4114-a403-d8a284b20f85', '2a39ada5-da79-4403-aec0-8299b6747419', 16) ON CONFLICT DO NOTHING;
INSERT INTO score_sheet_items (id, score_sheet_id, period_criterion_id, score_value) VALUES ('acde7495-ba08-4b67-adf0-548184025452', 'f55da231-93cf-4114-a403-d8a284b20f85', '26a1a51f-ab67-405d-a737-b184d060edb8', 15) ON CONFLICT DO NOTHING;
INSERT INTO score_sheet_items (id, score_sheet_id, period_criterion_id, score_value) VALUES ('1b571fad-14d4-47bb-ad38-612bb99cf251', 'f55da231-93cf-4114-a403-d8a284b20f85', '5809839f-fbb7-4a4f-a996-72ee4cf60160', 8) ON CONFLICT DO NOTHING;
INSERT INTO score_sheets (id, period_id, project_id, juror_id, status, comment, started_at, last_activity_at) VALUES ('537e930b-1904-4a95-a9e9-31d1db23e187', 'b90e1112-88c7-44fa-a275-25bc0ad2d96d', 'b7d8e0e7-cd11-4359-a7c1-c0ac6be69ff2', 'a6f1a5dd-ae98-4726-adf3-512181d2e08f', 'submitted', 'Ambitious scope with mixed execution.', (timestamp '2025-12-11 09:00:00' + interval '6 hours 38 minutes') - interval '30 mins', (timestamp '2025-12-11 09:00:00' + interval '6 hours 38 minutes')) ON CONFLICT DO NOTHING;
INSERT INTO score_sheet_items (id, score_sheet_id, period_criterion_id, score_value) VALUES ('6d2214e8-fbcc-4abd-a7f6-1ad17ce6fac8', '537e930b-1904-4a95-a9e9-31d1db23e187', 'b9f1f35c-7929-412b-a2c3-63e14ab7e9d0', 23) ON CONFLICT DO NOTHING;
INSERT INTO score_sheet_items (id, score_sheet_id, period_criterion_id, score_value) VALUES ('6d422ba8-326b-4977-a362-e38545500823', '537e930b-1904-4a95-a9e9-31d1db23e187', 'd3dd5fe2-d521-4a2a-ae2b-bb11b6fa0902', 13) ON CONFLICT DO NOTHING;
INSERT INTO score_sheet_items (id, score_sheet_id, period_criterion_id, score_value) VALUES ('0a3c5fad-9be9-432f-abfd-b649a341589b', '537e930b-1904-4a95-a9e9-31d1db23e187', '2a39ada5-da79-4403-aec0-8299b6747419', 10) ON CONFLICT DO NOTHING;
INSERT INTO score_sheet_items (id, score_sheet_id, period_criterion_id, score_value) VALUES ('942a21dc-b3c6-4b0a-ada1-f0a3b48cf101', '537e930b-1904-4a95-a9e9-31d1db23e187', '26a1a51f-ab67-405d-a737-b184d060edb8', 15) ON CONFLICT DO NOTHING;
INSERT INTO score_sheet_items (id, score_sheet_id, period_criterion_id, score_value) VALUES ('602d072e-e956-4837-ae78-6bf8490ade19', '537e930b-1904-4a95-a9e9-31d1db23e187', '5809839f-fbb7-4a4f-a996-72ee4cf60160', 8) ON CONFLICT DO NOTHING;
INSERT INTO score_sheets (id, period_id, project_id, juror_id, status, comment, started_at, last_activity_at) VALUES ('0a451b51-3207-4e18-a509-d6f3dc94e8e1', 'b90e1112-88c7-44fa-a275-25bc0ad2d96d', 'e9e236ed-1ec6-4b59-aa02-69d91088d462', 'a6f1a5dd-ae98-4726-adf3-512181d2e08f', 'submitted', NULL, (timestamp '2025-12-11 09:00:00' + interval '16 hours 18 minutes') - interval '30 mins', (timestamp '2025-12-11 09:00:00' + interval '16 hours 18 minutes')) ON CONFLICT DO NOTHING;
INSERT INTO score_sheet_items (id, score_sheet_id, period_criterion_id, score_value) VALUES ('b4557a00-72dc-4143-a014-33bfbf6fd6dd', '0a451b51-3207-4e18-a509-d6f3dc94e8e1', 'b9f1f35c-7929-412b-a2c3-63e14ab7e9d0', 23) ON CONFLICT DO NOTHING;
INSERT INTO score_sheet_items (id, score_sheet_id, period_criterion_id, score_value) VALUES ('b8128795-cbac-4754-a18e-8be0b92b160b', '0a451b51-3207-4e18-a509-d6f3dc94e8e1', 'd3dd5fe2-d521-4a2a-ae2b-bb11b6fa0902', 23) ON CONFLICT DO NOTHING;
INSERT INTO score_sheet_items (id, score_sheet_id, period_criterion_id, score_value) VALUES ('a5a32b59-9997-45e6-ae1f-d23cbbdacf6c', '0a451b51-3207-4e18-a509-d6f3dc94e8e1', '2a39ada5-da79-4403-aec0-8299b6747419', 19) ON CONFLICT DO NOTHING;
INSERT INTO score_sheet_items (id, score_sheet_id, period_criterion_id, score_value) VALUES ('8a001200-d320-4eae-a2ac-121ee0bca556', '0a451b51-3207-4e18-a509-d6f3dc94e8e1', '26a1a51f-ab67-405d-a737-b184d060edb8', 13) ON CONFLICT DO NOTHING;
INSERT INTO score_sheet_items (id, score_sheet_id, period_criterion_id, score_value) VALUES ('8029e237-cf11-4339-ae98-0a0f28b03613', '0a451b51-3207-4e18-a509-d6f3dc94e8e1', '5809839f-fbb7-4a4f-a996-72ee4cf60160', 9) ON CONFLICT DO NOTHING;
INSERT INTO score_sheets (id, period_id, project_id, juror_id, status, comment, started_at, last_activity_at) VALUES ('f644ad72-d8f7-4924-a05e-018b4043e0c1', 'b90e1112-88c7-44fa-a275-25bc0ad2d96d', 'b24ad4ad-dea0-43a6-afd4-03e12a9959d9', 'a6f1a5dd-ae98-4726-adf3-512181d2e08f', 'submitted', 'Meets minimum expectations but does not stand out.', (timestamp '2025-12-11 09:00:00' + interval '14 hours 0 minutes') - interval '30 mins', (timestamp '2025-12-11 09:00:00' + interval '14 hours 0 minutes')) ON CONFLICT DO NOTHING;
INSERT INTO score_sheet_items (id, score_sheet_id, period_criterion_id, score_value) VALUES ('de5cccfe-1992-4e90-a0fa-3e42fccc007a', 'f644ad72-d8f7-4924-a05e-018b4043e0c1', 'b9f1f35c-7929-412b-a2c3-63e14ab7e9d0', 16) ON CONFLICT DO NOTHING;
INSERT INTO score_sheet_items (id, score_sheet_id, period_criterion_id, score_value) VALUES ('d21c77bc-d876-45de-aba6-8d383642d5f7', 'f644ad72-d8f7-4924-a05e-018b4043e0c1', 'd3dd5fe2-d521-4a2a-ae2b-bb11b6fa0902', 16) ON CONFLICT DO NOTHING;
INSERT INTO score_sheet_items (id, score_sheet_id, period_criterion_id, score_value) VALUES ('99932e68-981d-48fe-a5ec-9858938b55ab', 'f644ad72-d8f7-4924-a05e-018b4043e0c1', '2a39ada5-da79-4403-aec0-8299b6747419', 14) ON CONFLICT DO NOTHING;
INSERT INTO score_sheet_items (id, score_sheet_id, period_criterion_id, score_value) VALUES ('64fbc5ad-eb89-48f0-a33b-2413723b3068', 'f644ad72-d8f7-4924-a05e-018b4043e0c1', '26a1a51f-ab67-405d-a737-b184d060edb8', 13) ON CONFLICT DO NOTHING;
INSERT INTO score_sheet_items (id, score_sheet_id, period_criterion_id, score_value) VALUES ('70b058e9-df4e-4a0f-a8bb-4ede34c35e48', 'f644ad72-d8f7-4924-a05e-018b4043e0c1', '5809839f-fbb7-4a4f-a996-72ee4cf60160', 6) ON CONFLICT DO NOTHING;
INSERT INTO score_sheets (id, period_id, project_id, juror_id, status, comment, started_at, last_activity_at) VALUES ('5908c4c5-89de-4914-af62-617a57ce54a9', 'b90e1112-88c7-44fa-a275-25bc0ad2d96d', '7825fe54-ee39-4979-aac1-85d2a1478de1', 'a6f1a5dd-ae98-4726-adf3-512181d2e08f', 'submitted', 'Competent execution across the board.', (timestamp '2025-12-11 09:00:00' + interval '20 hours 22 minutes') - interval '30 mins', (timestamp '2025-12-11 09:00:00' + interval '20 hours 22 minutes')) ON CONFLICT DO NOTHING;
INSERT INTO score_sheet_items (id, score_sheet_id, period_criterion_id, score_value) VALUES ('998a81da-807d-43c6-a13b-b76f33674315', '5908c4c5-89de-4914-af62-617a57ce54a9', 'b9f1f35c-7929-412b-a2c3-63e14ab7e9d0', 19) ON CONFLICT DO NOTHING;
INSERT INTO score_sheet_items (id, score_sheet_id, period_criterion_id, score_value) VALUES ('c1b3e0ff-edc2-40c5-a483-9620a1d025ef', '5908c4c5-89de-4914-af62-617a57ce54a9', 'd3dd5fe2-d521-4a2a-ae2b-bb11b6fa0902', 19) ON CONFLICT DO NOTHING;
INSERT INTO score_sheet_items (id, score_sheet_id, period_criterion_id, score_value) VALUES ('ab8e8de0-0a5b-463e-a663-a8dd6aba0549', '5908c4c5-89de-4914-af62-617a57ce54a9', '2a39ada5-da79-4403-aec0-8299b6747419', 14) ON CONFLICT DO NOTHING;
INSERT INTO score_sheet_items (id, score_sheet_id, period_criterion_id, score_value) VALUES ('9edf8cc0-b6a5-47ba-a537-b421b1fc942a', '5908c4c5-89de-4914-af62-617a57ce54a9', '26a1a51f-ab67-405d-a737-b184d060edb8', 14) ON CONFLICT DO NOTHING;
INSERT INTO score_sheet_items (id, score_sheet_id, period_criterion_id, score_value) VALUES ('3d23cd5a-fa80-4119-a1e7-bf075bb5f547', '5908c4c5-89de-4914-af62-617a57ce54a9', '5809839f-fbb7-4a4f-a996-72ee4cf60160', 6) ON CONFLICT DO NOTHING;
INSERT INTO score_sheets (id, period_id, project_id, juror_id, status, comment, started_at, last_activity_at) VALUES ('0e132115-3ac6-4d75-ac51-48616bcef535', 'b90e1112-88c7-44fa-a275-25bc0ad2d96d', 'b74938c8-c569-45ff-a761-ce75797dd94c', 'a6f1a5dd-ae98-4726-adf3-512181d2e08f', 'submitted', NULL, (timestamp '2025-12-11 09:00:00' + interval '16 hours 44 minutes') - interval '30 mins', (timestamp '2025-12-11 09:00:00' + interval '16 hours 44 minutes')) ON CONFLICT DO NOTHING;
INSERT INTO score_sheet_items (id, score_sheet_id, period_criterion_id, score_value) VALUES ('4af2a7d8-71b0-4506-abf0-a99cae9b6f48', '0e132115-3ac6-4d75-ac51-48616bcef535', 'b9f1f35c-7929-412b-a2c3-63e14ab7e9d0', 23) ON CONFLICT DO NOTHING;
INSERT INTO score_sheet_items (id, score_sheet_id, period_criterion_id, score_value) VALUES ('e61ec140-17ab-41fa-a1b4-571d31bb18dd', '0e132115-3ac6-4d75-ac51-48616bcef535', 'd3dd5fe2-d521-4a2a-ae2b-bb11b6fa0902', 23) ON CONFLICT DO NOTHING;
INSERT INTO score_sheet_items (id, score_sheet_id, period_criterion_id, score_value) VALUES ('3d0dddb2-0fbf-409d-ab8e-fbc1081075e5', '0e132115-3ac6-4d75-ac51-48616bcef535', '2a39ada5-da79-4403-aec0-8299b6747419', 18) ON CONFLICT DO NOTHING;
INSERT INTO score_sheet_items (id, score_sheet_id, period_criterion_id, score_value) VALUES ('6c8b40e0-fee1-4c99-a8f1-5a1a1c0b9ecb', '0e132115-3ac6-4d75-ac51-48616bcef535', '26a1a51f-ab67-405d-a737-b184d060edb8', 14) ON CONFLICT DO NOTHING;
INSERT INTO score_sheet_items (id, score_sheet_id, period_criterion_id, score_value) VALUES ('0180ce47-8801-4594-ab1d-6c34b0329a39', '0e132115-3ac6-4d75-ac51-48616bcef535', '5809839f-fbb7-4a4f-a996-72ee4cf60160', 9) ON CONFLICT DO NOTHING;
INSERT INTO score_sheets (id, period_id, project_id, juror_id, status, comment, started_at, last_activity_at) VALUES ('4493760e-fa8b-422f-ac75-ec8807253271', 'b90e1112-88c7-44fa-a275-25bc0ad2d96d', '7975e613-6808-4fe5-ad97-9f2721e58586', 'a6f1a5dd-ae98-4726-adf3-512181d2e08f', 'submitted', 'Incomplete work — significant portions are missing.', (timestamp '2025-12-11 09:00:00' + interval '14 hours 49 minutes') - interval '30 mins', (timestamp '2025-12-11 09:00:00' + interval '14 hours 49 minutes')) ON CONFLICT DO NOTHING;
INSERT INTO score_sheet_items (id, score_sheet_id, period_criterion_id, score_value) VALUES ('76cb0efb-048a-4868-a66e-794a27aa483c', '4493760e-fa8b-422f-ac75-ec8807253271', 'b9f1f35c-7929-412b-a2c3-63e14ab7e9d0', 15) ON CONFLICT DO NOTHING;
INSERT INTO score_sheet_items (id, score_sheet_id, period_criterion_id, score_value) VALUES ('c43cbd24-b200-4a4a-ac94-f75d273b0cc4', '4493760e-fa8b-422f-ac75-ec8807253271', 'd3dd5fe2-d521-4a2a-ae2b-bb11b6fa0902', 14) ON CONFLICT DO NOTHING;
INSERT INTO score_sheet_items (id, score_sheet_id, period_criterion_id, score_value) VALUES ('0bb0a56a-c0c4-4b0c-aac6-600c90885516', '4493760e-fa8b-422f-ac75-ec8807253271', '2a39ada5-da79-4403-aec0-8299b6747419', 13) ON CONFLICT DO NOTHING;
INSERT INTO score_sheet_items (id, score_sheet_id, period_criterion_id, score_value) VALUES ('2887a921-8937-434e-a13d-25f3575aa38d', '4493760e-fa8b-422f-ac75-ec8807253271', '26a1a51f-ab67-405d-a737-b184d060edb8', 11) ON CONFLICT DO NOTHING;
INSERT INTO score_sheet_items (id, score_sheet_id, period_criterion_id, score_value) VALUES ('c0d6d06e-e600-42ef-a2a0-af3058846529', '4493760e-fa8b-422f-ac75-ec8807253271', '5809839f-fbb7-4a4f-a996-72ee4cf60160', 6) ON CONFLICT DO NOTHING;
INSERT INTO score_sheets (id, period_id, project_id, juror_id, status, comment, started_at, last_activity_at) VALUES ('a16fd633-a9c5-460d-a337-dc45957845ca', 'b90e1112-88c7-44fa-a275-25bc0ad2d96d', '8bda2f9b-55db-4d33-a40d-f8a111e93a24', 'b6f120da-98ef-4f28-ad71-46e47bfd43dd', 'submitted', 'Exceptional work across all dimensions.', (timestamp '2025-12-11 09:00:00' + interval '14 hours 42 minutes') - interval '30 mins', (timestamp '2025-12-11 09:00:00' + interval '14 hours 42 minutes')) ON CONFLICT DO NOTHING;
INSERT INTO score_sheet_items (id, score_sheet_id, period_criterion_id, score_value) VALUES ('2239b3a8-d1c0-45bd-acef-72d9787673d9', 'a16fd633-a9c5-460d-a337-dc45957845ca', 'b9f1f35c-7929-412b-a2c3-63e14ab7e9d0', 22) ON CONFLICT DO NOTHING;
INSERT INTO score_sheet_items (id, score_sheet_id, period_criterion_id, score_value) VALUES ('674e858a-c8b5-42e4-a38f-88bc7efc11d2', 'a16fd633-a9c5-460d-a337-dc45957845ca', 'd3dd5fe2-d521-4a2a-ae2b-bb11b6fa0902', 22) ON CONFLICT DO NOTHING;
INSERT INTO score_sheet_items (id, score_sheet_id, period_criterion_id, score_value) VALUES ('2100c46e-1978-4efd-aeb4-e989f8e34bca', 'a16fd633-a9c5-460d-a337-dc45957845ca', '2a39ada5-da79-4403-aec0-8299b6747419', 19) ON CONFLICT DO NOTHING;
INSERT INTO score_sheet_items (id, score_sheet_id, period_criterion_id, score_value) VALUES ('f5ac2cd1-f485-4849-a5df-afc133cc2554', 'a16fd633-a9c5-460d-a337-dc45957845ca', '26a1a51f-ab67-405d-a737-b184d060edb8', 18) ON CONFLICT DO NOTHING;
INSERT INTO score_sheet_items (id, score_sheet_id, period_criterion_id, score_value) VALUES ('3ba58d42-42b8-43f1-a1bd-35d2d4816e88', 'a16fd633-a9c5-460d-a337-dc45957845ca', '5809839f-fbb7-4a4f-a996-72ee4cf60160', 9) ON CONFLICT DO NOTHING;
INSERT INTO score_sheets (id, period_id, project_id, juror_id, status, comment, started_at, last_activity_at) VALUES ('0da109c0-eac1-45e5-a145-5a0a03d4cff3', 'b90e1112-88c7-44fa-a275-25bc0ad2d96d', '427540fb-9f60-4bfd-afa2-4db31ec63cd4', 'b6f120da-98ef-4f28-ad71-46e47bfd43dd', 'submitted', NULL, (timestamp '2025-12-11 09:00:00' + interval '5 hours 3 minutes') - interval '30 mins', (timestamp '2025-12-11 09:00:00' + interval '5 hours 3 minutes')) ON CONFLICT DO NOTHING;
INSERT INTO score_sheet_items (id, score_sheet_id, period_criterion_id, score_value) VALUES ('a7774c86-cbe1-40aa-aeff-6829a2dff653', '0da109c0-eac1-45e5-a145-5a0a03d4cff3', 'b9f1f35c-7929-412b-a2c3-63e14ab7e9d0', 20) ON CONFLICT DO NOTHING;
INSERT INTO score_sheet_items (id, score_sheet_id, period_criterion_id, score_value) VALUES ('3baee6ee-d00f-42c1-afbb-801101f4efab', '0da109c0-eac1-45e5-a145-5a0a03d4cff3', 'd3dd5fe2-d521-4a2a-ae2b-bb11b6fa0902', 20) ON CONFLICT DO NOTHING;
INSERT INTO score_sheet_items (id, score_sheet_id, period_criterion_id, score_value) VALUES ('3815c403-780f-4416-ab49-896682ab0172', '0da109c0-eac1-45e5-a145-5a0a03d4cff3', '2a39ada5-da79-4403-aec0-8299b6747419', 16) ON CONFLICT DO NOTHING;
INSERT INTO score_sheet_items (id, score_sheet_id, period_criterion_id, score_value) VALUES ('d29889cc-2fb6-4f0b-a0b1-33b573b80786', '0da109c0-eac1-45e5-a145-5a0a03d4cff3', '26a1a51f-ab67-405d-a737-b184d060edb8', 15) ON CONFLICT DO NOTHING;
INSERT INTO score_sheet_items (id, score_sheet_id, period_criterion_id, score_value) VALUES ('48d444c6-4e39-41cf-a496-33937c57c8d5', '0da109c0-eac1-45e5-a145-5a0a03d4cff3', '5809839f-fbb7-4a4f-a996-72ee4cf60160', 7) ON CONFLICT DO NOTHING;
INSERT INTO score_sheets (id, period_id, project_id, juror_id, status, comment, started_at, last_activity_at) VALUES ('29957e99-52e6-48ed-afd6-05bc283b8b55', 'b90e1112-88c7-44fa-a275-25bc0ad2d96d', '22646e69-d22a-4b34-aa2b-f1323161d52d', 'b6f120da-98ef-4f28-ad71-46e47bfd43dd', 'submitted', NULL, (timestamp '2025-12-11 09:00:00' + interval '15 hours 24 minutes') - interval '30 mins', (timestamp '2025-12-11 09:00:00' + interval '15 hours 24 minutes')) ON CONFLICT DO NOTHING;
INSERT INTO score_sheet_items (id, score_sheet_id, period_criterion_id, score_value) VALUES ('c965158e-3369-4098-a951-d884b220f26d', '29957e99-52e6-48ed-afd6-05bc283b8b55', 'b9f1f35c-7929-412b-a2c3-63e14ab7e9d0', 18) ON CONFLICT DO NOTHING;
INSERT INTO score_sheet_items (id, score_sheet_id, period_criterion_id, score_value) VALUES ('98114d35-238f-4525-a069-1b9ee056eb6e', '29957e99-52e6-48ed-afd6-05bc283b8b55', 'd3dd5fe2-d521-4a2a-ae2b-bb11b6fa0902', 20) ON CONFLICT DO NOTHING;
INSERT INTO score_sheet_items (id, score_sheet_id, period_criterion_id, score_value) VALUES ('2cb504c3-e937-41ea-a825-19c71353d5cd', '29957e99-52e6-48ed-afd6-05bc283b8b55', '2a39ada5-da79-4403-aec0-8299b6747419', 16) ON CONFLICT DO NOTHING;
INSERT INTO score_sheet_items (id, score_sheet_id, period_criterion_id, score_value) VALUES ('d1b02802-306b-4fcd-a7a3-de5e31908d74', '29957e99-52e6-48ed-afd6-05bc283b8b55', '26a1a51f-ab67-405d-a737-b184d060edb8', 15) ON CONFLICT DO NOTHING;
INSERT INTO score_sheet_items (id, score_sheet_id, period_criterion_id, score_value) VALUES ('014d5628-b28a-4052-a712-bb92de23d6b2', '29957e99-52e6-48ed-afd6-05bc283b8b55', '5809839f-fbb7-4a4f-a996-72ee4cf60160', 7) ON CONFLICT DO NOTHING;
INSERT INTO score_sheets (id, period_id, project_id, juror_id, status, comment, started_at, last_activity_at) VALUES ('7cf9f17e-0f15-479d-a6ff-59524be83bad', 'b90e1112-88c7-44fa-a275-25bc0ad2d96d', 'b37a7c3f-91c4-4a63-a51d-2b19f3bc7992', 'b6f120da-98ef-4f28-ad71-46e47bfd43dd', 'submitted', NULL, (timestamp '2025-12-11 09:00:00' + interval '15 hours 59 minutes') - interval '30 mins', (timestamp '2025-12-11 09:00:00' + interval '15 hours 59 minutes')) ON CONFLICT DO NOTHING;
INSERT INTO score_sheet_items (id, score_sheet_id, period_criterion_id, score_value) VALUES ('91c8ea98-87f7-445b-a2e6-01db2162220e', '7cf9f17e-0f15-479d-a6ff-59524be83bad', 'b9f1f35c-7929-412b-a2c3-63e14ab7e9d0', 21) ON CONFLICT DO NOTHING;
INSERT INTO score_sheet_items (id, score_sheet_id, period_criterion_id, score_value) VALUES ('b4e08a5c-1971-4ce1-a69e-224a10b31f95', '7cf9f17e-0f15-479d-a6ff-59524be83bad', 'd3dd5fe2-d521-4a2a-ae2b-bb11b6fa0902', 20) ON CONFLICT DO NOTHING;
INSERT INTO score_sheet_items (id, score_sheet_id, period_criterion_id, score_value) VALUES ('b157b0ad-7d26-4f9f-aba9-a8a01d0b0191', '7cf9f17e-0f15-479d-a6ff-59524be83bad', '2a39ada5-da79-4403-aec0-8299b6747419', 17) ON CONFLICT DO NOTHING;
INSERT INTO score_sheet_items (id, score_sheet_id, period_criterion_id, score_value) VALUES ('e6d06e40-e188-4330-abad-ec522f6d2d02', '7cf9f17e-0f15-479d-a6ff-59524be83bad', '26a1a51f-ab67-405d-a737-b184d060edb8', 17) ON CONFLICT DO NOTHING;
INSERT INTO score_sheet_items (id, score_sheet_id, period_criterion_id, score_value) VALUES ('b91494a9-95ea-4342-a524-866795841a33', '7cf9f17e-0f15-479d-a6ff-59524be83bad', '5809839f-fbb7-4a4f-a996-72ee4cf60160', 8) ON CONFLICT DO NOTHING;
INSERT INTO score_sheets (id, period_id, project_id, juror_id, status, comment, started_at, last_activity_at) VALUES ('df7d57b2-021b-4d43-a8fb-a9206672a256', 'b90e1112-88c7-44fa-a275-25bc0ad2d96d', 'b7d8e0e7-cd11-4359-a7c1-c0ac6be69ff2', 'b6f120da-98ef-4f28-ad71-46e47bfd43dd', 'submitted', NULL, (timestamp '2025-12-11 09:00:00' + interval '9 hours 51 minutes') - interval '30 mins', (timestamp '2025-12-11 09:00:00' + interval '9 hours 51 minutes')) ON CONFLICT DO NOTHING;
INSERT INTO score_sheet_items (id, score_sheet_id, period_criterion_id, score_value) VALUES ('63e8d850-6b0d-4ed0-a9b8-64c5e62a8c46', 'df7d57b2-021b-4d43-a8fb-a9206672a256', 'b9f1f35c-7929-412b-a2c3-63e14ab7e9d0', 16) ON CONFLICT DO NOTHING;
INSERT INTO score_sheet_items (id, score_sheet_id, period_criterion_id, score_value) VALUES ('5f9b5a95-ad97-436a-afb2-3a8589e16ef5', 'df7d57b2-021b-4d43-a8fb-a9206672a256', 'd3dd5fe2-d521-4a2a-ae2b-bb11b6fa0902', 16) ON CONFLICT DO NOTHING;
INSERT INTO score_sheet_items (id, score_sheet_id, period_criterion_id, score_value) VALUES ('35c3c340-a1e4-44fe-a624-bf8c1f523106', 'df7d57b2-021b-4d43-a8fb-a9206672a256', '2a39ada5-da79-4403-aec0-8299b6747419', 19) ON CONFLICT DO NOTHING;
INSERT INTO score_sheet_items (id, score_sheet_id, period_criterion_id, score_value) VALUES ('f37bccff-a975-4f8c-a24b-d506bc7d808e', 'df7d57b2-021b-4d43-a8fb-a9206672a256', '26a1a51f-ab67-405d-a737-b184d060edb8', 19) ON CONFLICT DO NOTHING;
INSERT INTO score_sheet_items (id, score_sheet_id, period_criterion_id, score_value) VALUES ('dc153ed5-0f31-41d1-a012-70a2e12f7803', 'df7d57b2-021b-4d43-a8fb-a9206672a256', '5809839f-fbb7-4a4f-a996-72ee4cf60160', 7) ON CONFLICT DO NOTHING;
INSERT INTO score_sheets (id, period_id, project_id, juror_id, status, comment, started_at, last_activity_at) VALUES ('1d2a0e83-91ac-457b-a1b7-08d019265a33', 'b90e1112-88c7-44fa-a275-25bc0ad2d96d', 'e9e236ed-1ec6-4b59-aa02-69d91088d462', 'b6f120da-98ef-4f28-ad71-46e47bfd43dd', 'submitted', 'Very strong technically but communication needs improvement.', (timestamp '2025-12-11 09:00:00' + interval '14 hours 42 minutes') - interval '30 mins', (timestamp '2025-12-11 09:00:00' + interval '14 hours 42 minutes')) ON CONFLICT DO NOTHING;
INSERT INTO score_sheet_items (id, score_sheet_id, period_criterion_id, score_value) VALUES ('657cd998-ae99-4972-af13-9f32875fd61f', '1d2a0e83-91ac-457b-a1b7-08d019265a33', 'b9f1f35c-7929-412b-a2c3-63e14ab7e9d0', 22) ON CONFLICT DO NOTHING;
INSERT INTO score_sheet_items (id, score_sheet_id, period_criterion_id, score_value) VALUES ('69e13761-4698-4ac6-ad15-d03f3926db57', '1d2a0e83-91ac-457b-a1b7-08d019265a33', 'd3dd5fe2-d521-4a2a-ae2b-bb11b6fa0902', 22) ON CONFLICT DO NOTHING;
INSERT INTO score_sheet_items (id, score_sheet_id, period_criterion_id, score_value) VALUES ('af350a37-f038-42ca-a3da-79743333c31c', '1d2a0e83-91ac-457b-a1b7-08d019265a33', '2a39ada5-da79-4403-aec0-8299b6747419', 18) ON CONFLICT DO NOTHING;
INSERT INTO score_sheet_items (id, score_sheet_id, period_criterion_id, score_value) VALUES ('ea50011b-f1fa-4bbc-af76-dcfc65df5af0', '1d2a0e83-91ac-457b-a1b7-08d019265a33', '26a1a51f-ab67-405d-a737-b184d060edb8', 13) ON CONFLICT DO NOTHING;
INSERT INTO score_sheet_items (id, score_sheet_id, period_criterion_id, score_value) VALUES ('3c9e6690-9a33-4c53-a71f-6f63d8bb5ee0', '1d2a0e83-91ac-457b-a1b7-08d019265a33', '5809839f-fbb7-4a4f-a996-72ee4cf60160', 9) ON CONFLICT DO NOTHING;
INSERT INTO score_sheets (id, period_id, project_id, juror_id, status, comment, started_at, last_activity_at) VALUES ('f68954f8-910c-4575-a5bf-ea5cc869fafc', 'b90e1112-88c7-44fa-a275-25bc0ad2d96d', 'b24ad4ad-dea0-43a6-afd4-03e12a9959d9', 'b6f120da-98ef-4f28-ad71-46e47bfd43dd', 'submitted', 'Meets minimum expectations but does not stand out.', (timestamp '2025-12-11 09:00:00' + interval '13 hours 6 minutes') - interval '30 mins', (timestamp '2025-12-11 09:00:00' + interval '13 hours 6 minutes')) ON CONFLICT DO NOTHING;
INSERT INTO score_sheet_items (id, score_sheet_id, period_criterion_id, score_value) VALUES ('3c48ead7-33c1-48d3-af21-96cd0caf336e', 'f68954f8-910c-4575-a5bf-ea5cc869fafc', 'b9f1f35c-7929-412b-a2c3-63e14ab7e9d0', 14) ON CONFLICT DO NOTHING;
INSERT INTO score_sheet_items (id, score_sheet_id, period_criterion_id, score_value) VALUES ('f1b0ab9d-3a0d-4545-ae99-fb2d0ec34bb8', 'f68954f8-910c-4575-a5bf-ea5cc869fafc', 'd3dd5fe2-d521-4a2a-ae2b-bb11b6fa0902', 17) ON CONFLICT DO NOTHING;
INSERT INTO score_sheet_items (id, score_sheet_id, period_criterion_id, score_value) VALUES ('7c9c4716-fed4-4f00-ab55-83e22b46841c', 'f68954f8-910c-4575-a5bf-ea5cc869fafc', '2a39ada5-da79-4403-aec0-8299b6747419', 12) ON CONFLICT DO NOTHING;
INSERT INTO score_sheet_items (id, score_sheet_id, period_criterion_id, score_value) VALUES ('77816921-2c73-457c-ae7c-f3034ebdb42e', 'f68954f8-910c-4575-a5bf-ea5cc869fafc', '26a1a51f-ab67-405d-a737-b184d060edb8', 14) ON CONFLICT DO NOTHING;
INSERT INTO score_sheet_items (id, score_sheet_id, period_criterion_id, score_value) VALUES ('baedafba-a236-45ed-a6a4-67f4a83b3f87', 'f68954f8-910c-4575-a5bf-ea5cc869fafc', '5809839f-fbb7-4a4f-a996-72ee4cf60160', 6) ON CONFLICT DO NOTHING;
INSERT INTO score_sheets (id, period_id, project_id, juror_id, status, comment, started_at, last_activity_at) VALUES ('8f5b4b89-e5fc-4579-a9e0-5b6b82e8b36a', 'b90e1112-88c7-44fa-a275-25bc0ad2d96d', '7825fe54-ee39-4979-aac1-85d2a1478de1', 'b6f120da-98ef-4f28-ad71-46e47bfd43dd', 'submitted', 'Competent execution across the board.', (timestamp '2025-12-11 09:00:00' + interval '14 hours 34 minutes') - interval '30 mins', (timestamp '2025-12-11 09:00:00' + interval '14 hours 34 minutes')) ON CONFLICT DO NOTHING;
INSERT INTO score_sheet_items (id, score_sheet_id, period_criterion_id, score_value) VALUES ('5cc648f3-1a3e-4c40-a368-3d3c3f9911ee', '8f5b4b89-e5fc-4579-a9e0-5b6b82e8b36a', 'b9f1f35c-7929-412b-a2c3-63e14ab7e9d0', 18) ON CONFLICT DO NOTHING;
INSERT INTO score_sheet_items (id, score_sheet_id, period_criterion_id, score_value) VALUES ('59ba1265-e3b2-434d-a60e-2588c3098870', '8f5b4b89-e5fc-4579-a9e0-5b6b82e8b36a', 'd3dd5fe2-d521-4a2a-ae2b-bb11b6fa0902', 18) ON CONFLICT DO NOTHING;
INSERT INTO score_sheet_items (id, score_sheet_id, period_criterion_id, score_value) VALUES ('3a746b81-e700-42cc-a917-fac05d5973df', '8f5b4b89-e5fc-4579-a9e0-5b6b82e8b36a', '2a39ada5-da79-4403-aec0-8299b6747419', 14) ON CONFLICT DO NOTHING;
INSERT INTO score_sheet_items (id, score_sheet_id, period_criterion_id, score_value) VALUES ('8e0d93fb-b80b-479b-a6fd-ccdbdad0e47d', '8f5b4b89-e5fc-4579-a9e0-5b6b82e8b36a', '26a1a51f-ab67-405d-a737-b184d060edb8', 14) ON CONFLICT DO NOTHING;
INSERT INTO score_sheet_items (id, score_sheet_id, period_criterion_id, score_value) VALUES ('187a75bc-f4fa-4b95-a2f2-af724d1841f9', '8f5b4b89-e5fc-4579-a9e0-5b6b82e8b36a', '5809839f-fbb7-4a4f-a996-72ee4cf60160', 6) ON CONFLICT DO NOTHING;
INSERT INTO score_sheets (id, period_id, project_id, juror_id, status, comment, started_at, last_activity_at) VALUES ('35cb7cb4-932b-42b3-adb0-0d5621141e68', 'b90e1112-88c7-44fa-a275-25bc0ad2d96d', 'b74938c8-c569-45ff-a761-ce75797dd94c', 'b6f120da-98ef-4f28-ad71-46e47bfd43dd', 'submitted', NULL, (timestamp '2025-12-11 09:00:00' + interval '7 hours 12 minutes') - interval '30 mins', (timestamp '2025-12-11 09:00:00' + interval '7 hours 12 minutes')) ON CONFLICT DO NOTHING;
INSERT INTO score_sheet_items (id, score_sheet_id, period_criterion_id, score_value) VALUES ('75d43399-eced-4ea3-a337-9ad28b178c82', '35cb7cb4-932b-42b3-adb0-0d5621141e68', 'b9f1f35c-7929-412b-a2c3-63e14ab7e9d0', 22) ON CONFLICT DO NOTHING;
INSERT INTO score_sheet_items (id, score_sheet_id, period_criterion_id, score_value) VALUES ('cb86b879-1811-4404-a9f3-bbedf656e475', '35cb7cb4-932b-42b3-adb0-0d5621141e68', 'd3dd5fe2-d521-4a2a-ae2b-bb11b6fa0902', 22) ON CONFLICT DO NOTHING;
INSERT INTO score_sheet_items (id, score_sheet_id, period_criterion_id, score_value) VALUES ('4e581f40-d63f-49ce-ad94-7224eb85c58f', '35cb7cb4-932b-42b3-adb0-0d5621141e68', '2a39ada5-da79-4403-aec0-8299b6747419', 16) ON CONFLICT DO NOTHING;
INSERT INTO score_sheet_items (id, score_sheet_id, period_criterion_id, score_value) VALUES ('4199c7a8-400f-4721-ac91-fb0fd048ecbb', '35cb7cb4-932b-42b3-adb0-0d5621141e68', '26a1a51f-ab67-405d-a737-b184d060edb8', 14) ON CONFLICT DO NOTHING;
INSERT INTO score_sheet_items (id, score_sheet_id, period_criterion_id, score_value) VALUES ('d8949d05-141a-4740-aa25-7d4553bbbeee', '35cb7cb4-932b-42b3-adb0-0d5621141e68', '5809839f-fbb7-4a4f-a996-72ee4cf60160', 8) ON CONFLICT DO NOTHING;
INSERT INTO score_sheets (id, period_id, project_id, juror_id, status, comment, started_at, last_activity_at) VALUES ('af932df1-fb1c-4edb-a565-66a17962394d', 'b90e1112-88c7-44fa-a275-25bc0ad2d96d', '7975e613-6808-4fe5-ad97-9f2721e58586', 'b6f120da-98ef-4f28-ad71-46e47bfd43dd', 'submitted', 'Shows initial effort but execution very limited.', (timestamp '2025-12-11 09:00:00' + interval '20 hours 37 minutes') - interval '30 mins', (timestamp '2025-12-11 09:00:00' + interval '20 hours 37 minutes')) ON CONFLICT DO NOTHING;
INSERT INTO score_sheet_items (id, score_sheet_id, period_criterion_id, score_value) VALUES ('2a630a05-1278-467d-a742-cf2f10509be4', 'af932df1-fb1c-4edb-a565-66a17962394d', 'b9f1f35c-7929-412b-a2c3-63e14ab7e9d0', 16) ON CONFLICT DO NOTHING;
INSERT INTO score_sheet_items (id, score_sheet_id, period_criterion_id, score_value) VALUES ('b7db627e-60fd-4a7d-aada-fb429d7eab21', 'af932df1-fb1c-4edb-a565-66a17962394d', 'd3dd5fe2-d521-4a2a-ae2b-bb11b6fa0902', 15) ON CONFLICT DO NOTHING;
INSERT INTO score_sheet_items (id, score_sheet_id, period_criterion_id, score_value) VALUES ('a17f4dc1-7e6d-4ab9-aaac-5c59bc8bbfd2', 'af932df1-fb1c-4edb-a565-66a17962394d', '2a39ada5-da79-4403-aec0-8299b6747419', 11) ON CONFLICT DO NOTHING;
INSERT INTO score_sheet_items (id, score_sheet_id, period_criterion_id, score_value) VALUES ('5e1fcc03-e256-4fca-afbd-7a26e43860d7', 'af932df1-fb1c-4edb-a565-66a17962394d', '26a1a51f-ab67-405d-a737-b184d060edb8', 13) ON CONFLICT DO NOTHING;
INSERT INTO score_sheet_items (id, score_sheet_id, period_criterion_id, score_value) VALUES ('b21ac81b-6892-42a7-a2d8-6b10152adb3a', 'af932df1-fb1c-4edb-a565-66a17962394d', '5809839f-fbb7-4a4f-a996-72ee4cf60160', 6) ON CONFLICT DO NOTHING;
INSERT INTO score_sheets (id, period_id, project_id, juror_id, status, comment, started_at, last_activity_at) VALUES ('a7854549-81d0-407b-a274-bc4fa4360c4e', '0e963024-a53f-4722-a9e0-5db7a47b4419', 'd9a0ceae-93bf-462a-a366-fa53e1c3ebbf', '47dcf645-bcf8-407e-a86e-f0e506495726', 'submitted', NULL, (timestamp '2025-05-14 09:00:00' + interval '7 hours 14 minutes') - interval '30 mins', (timestamp '2025-05-14 09:00:00' + interval '7 hours 14 minutes')) ON CONFLICT DO NOTHING;
INSERT INTO score_sheet_items (id, score_sheet_id, period_criterion_id, score_value) VALUES ('4933f303-5f0e-4175-acd6-efb5c1974d20', 'a7854549-81d0-407b-a274-bc4fa4360c4e', '53700e90-0bef-4410-aa0f-3995053ad8a2', 23) ON CONFLICT DO NOTHING;
INSERT INTO score_sheet_items (id, score_sheet_id, period_criterion_id, score_value) VALUES ('b8047b33-1a0e-4e19-a4fb-b3c00944625e', 'a7854549-81d0-407b-a274-bc4fa4360c4e', '7e8b2e8b-4a9a-4d2c-a87b-955d58d51b03', 22) ON CONFLICT DO NOTHING;
INSERT INTO score_sheet_items (id, score_sheet_id, period_criterion_id, score_value) VALUES ('b2df6094-5ee5-4d28-abf4-b818eade25b8', 'a7854549-81d0-407b-a274-bc4fa4360c4e', '5bab7e88-65ad-43a7-a14f-8b9bbcb9c9af', 17) ON CONFLICT DO NOTHING;
INSERT INTO score_sheet_items (id, score_sheet_id, period_criterion_id, score_value) VALUES ('093b40b5-11d4-4053-aff1-f82c781a10f8', 'a7854549-81d0-407b-a274-bc4fa4360c4e', '770df56c-9bc9-4108-a5a9-1056b29af922', 18) ON CONFLICT DO NOTHING;
INSERT INTO score_sheet_items (id, score_sheet_id, period_criterion_id, score_value) VALUES ('f7784180-4657-4349-a0f3-7c5c7013599b', 'a7854549-81d0-407b-a274-bc4fa4360c4e', '36146a5d-35be-44c7-af15-a3d586386a27', 9) ON CONFLICT DO NOTHING;
INSERT INTO score_sheets (id, period_id, project_id, juror_id, status, comment, started_at, last_activity_at) VALUES ('c5158b2c-155c-424b-a3f2-d6ecf7cec6d4', '0e963024-a53f-4722-a9e0-5db7a47b4419', '8c80391d-28d5-46b2-acfe-a57c940443b9', '47dcf645-bcf8-407e-a86e-f0e506495726', 'submitted', 'Reliable execution and thorough documentation.', (timestamp '2025-05-14 09:00:00' + interval '12 hours 5 minutes') - interval '30 mins', (timestamp '2025-05-14 09:00:00' + interval '12 hours 5 minutes')) ON CONFLICT DO NOTHING;
INSERT INTO score_sheet_items (id, score_sheet_id, period_criterion_id, score_value) VALUES ('4f7511dc-e474-4471-ab64-1132f500a04c', 'c5158b2c-155c-424b-a3f2-d6ecf7cec6d4', '53700e90-0bef-4410-aa0f-3995053ad8a2', 19) ON CONFLICT DO NOTHING;
INSERT INTO score_sheet_items (id, score_sheet_id, period_criterion_id, score_value) VALUES ('12c7a60c-5d28-41c9-ad2e-3e4f29d914ac', 'c5158b2c-155c-424b-a3f2-d6ecf7cec6d4', '7e8b2e8b-4a9a-4d2c-a87b-955d58d51b03', 21) ON CONFLICT DO NOTHING;
INSERT INTO score_sheet_items (id, score_sheet_id, period_criterion_id, score_value) VALUES ('2d5e108d-d281-4768-ad2e-0bb4fbe8f6a0', 'c5158b2c-155c-424b-a3f2-d6ecf7cec6d4', '5bab7e88-65ad-43a7-a14f-8b9bbcb9c9af', 17) ON CONFLICT DO NOTHING;
INSERT INTO score_sheet_items (id, score_sheet_id, period_criterion_id, score_value) VALUES ('4de68935-3b6d-42b3-a77a-121a428ec47f', 'c5158b2c-155c-424b-a3f2-d6ecf7cec6d4', '770df56c-9bc9-4108-a5a9-1056b29af922', 15) ON CONFLICT DO NOTHING;
INSERT INTO score_sheet_items (id, score_sheet_id, period_criterion_id, score_value) VALUES ('1977008a-8567-464a-a2e6-b90e4d7f58ac', 'c5158b2c-155c-424b-a3f2-d6ecf7cec6d4', '36146a5d-35be-44c7-af15-a3d586386a27', 7) ON CONFLICT DO NOTHING;
INSERT INTO score_sheets (id, period_id, project_id, juror_id, status, comment, started_at, last_activity_at) VALUES ('c08e3f9e-8589-4bad-a5ec-45956be01ca1', '0e963024-a53f-4722-a9e0-5db7a47b4419', '48f4e97b-1296-4486-a4f5-323d8d9a0e11', '47dcf645-bcf8-407e-a86e-f0e506495726', 'submitted', 'Reliable execution and thorough documentation.', (timestamp '2025-05-14 09:00:00' + interval '18 hours 18 minutes') - interval '30 mins', (timestamp '2025-05-14 09:00:00' + interval '18 hours 18 minutes')) ON CONFLICT DO NOTHING;
INSERT INTO score_sheet_items (id, score_sheet_id, period_criterion_id, score_value) VALUES ('0b7aa61b-d92d-4ae8-a743-d4fa3456c039', 'c08e3f9e-8589-4bad-a5ec-45956be01ca1', '53700e90-0bef-4410-aa0f-3995053ad8a2', 20) ON CONFLICT DO NOTHING;
INSERT INTO score_sheet_items (id, score_sheet_id, period_criterion_id, score_value) VALUES ('f46d4f08-9e7c-449f-af59-93a11ce7782b', 'c08e3f9e-8589-4bad-a5ec-45956be01ca1', '7e8b2e8b-4a9a-4d2c-a87b-955d58d51b03', 18) ON CONFLICT DO NOTHING;
INSERT INTO score_sheet_items (id, score_sheet_id, period_criterion_id, score_value) VALUES ('3f15413a-e3e7-4155-a6e6-45be3c04661b', 'c08e3f9e-8589-4bad-a5ec-45956be01ca1', '5bab7e88-65ad-43a7-a14f-8b9bbcb9c9af', 15) ON CONFLICT DO NOTHING;
INSERT INTO score_sheet_items (id, score_sheet_id, period_criterion_id, score_value) VALUES ('f56f31e1-5a04-4c4d-adb4-a3640cb0efaf', 'c08e3f9e-8589-4bad-a5ec-45956be01ca1', '770df56c-9bc9-4108-a5a9-1056b29af922', 15) ON CONFLICT DO NOTHING;
INSERT INTO score_sheet_items (id, score_sheet_id, period_criterion_id, score_value) VALUES ('f7b4335f-d92d-46ff-a4df-92d74f784d46', 'c08e3f9e-8589-4bad-a5ec-45956be01ca1', '36146a5d-35be-44c7-af15-a3d586386a27', 7) ON CONFLICT DO NOTHING;
INSERT INTO score_sheets (id, period_id, project_id, juror_id, status, comment, started_at, last_activity_at) VALUES ('f3028df2-f4e4-4b73-aa44-98e8ca79fae8', '0e963024-a53f-4722-a9e0-5db7a47b4419', '6cfbd23a-395e-4e09-aa45-437f6bcf432a', '47dcf645-bcf8-407e-a86e-f0e506495726', 'submitted', 'Some brilliant moments alongside notable gaps.', (timestamp '2025-05-14 09:00:00' + interval '9 hours 24 minutes') - interval '30 mins', (timestamp '2025-05-14 09:00:00' + interval '9 hours 24 minutes')) ON CONFLICT DO NOTHING;
INSERT INTO score_sheet_items (id, score_sheet_id, period_criterion_id, score_value) VALUES ('297e7242-471f-4d17-a5c3-2e3b2c4414fc', 'f3028df2-f4e4-4b73-aa44-98e8ca79fae8', '53700e90-0bef-4410-aa0f-3995053ad8a2', 16) ON CONFLICT DO NOTHING;
INSERT INTO score_sheet_items (id, score_sheet_id, period_criterion_id, score_value) VALUES ('17cc5d08-315f-4ab6-af6e-eed4e7c50d0f', 'f3028df2-f4e4-4b73-aa44-98e8ca79fae8', '7e8b2e8b-4a9a-4d2c-a87b-955d58d51b03', 13) ON CONFLICT DO NOTHING;
INSERT INTO score_sheet_items (id, score_sheet_id, period_criterion_id, score_value) VALUES ('c801bbb3-c611-4d7c-a2bb-40d5449ba0e6', 'f3028df2-f4e4-4b73-aa44-98e8ca79fae8', '5bab7e88-65ad-43a7-a14f-8b9bbcb9c9af', 10) ON CONFLICT DO NOTHING;
INSERT INTO score_sheet_items (id, score_sheet_id, period_criterion_id, score_value) VALUES ('fb66a9d4-e2ba-438a-a24f-95396501c8d5', 'f3028df2-f4e4-4b73-aa44-98e8ca79fae8', '770df56c-9bc9-4108-a5a9-1056b29af922', 12) ON CONFLICT DO NOTHING;
INSERT INTO score_sheet_items (id, score_sheet_id, period_criterion_id, score_value) VALUES ('f3f1cce7-9be5-44a6-a229-6b050404779e', 'f3028df2-f4e4-4b73-aa44-98e8ca79fae8', '36146a5d-35be-44c7-af15-a3d586386a27', 9) ON CONFLICT DO NOTHING;
INSERT INTO score_sheets (id, period_id, project_id, juror_id, status, comment, started_at, last_activity_at) VALUES ('282bfd8a-67ca-49f6-acb4-123177183289', '0e963024-a53f-4722-a9e0-5db7a47b4419', '8187711a-5298-493c-afe9-0fb26f12bc33', '47dcf645-bcf8-407e-a86e-f0e506495726', 'in_progress', NULL, (timestamp '2025-05-14 09:00:00' + interval '8 hours 13 minutes') - interval '30 mins', (timestamp '2025-05-14 09:00:00' + interval '8 hours 13 minutes')) ON CONFLICT DO NOTHING;
INSERT INTO score_sheet_items (id, score_sheet_id, period_criterion_id, score_value) VALUES ('3a54b3a6-b401-42ed-a048-1a51ef7a5fc8', '282bfd8a-67ca-49f6-acb4-123177183289', '53700e90-0bef-4410-aa0f-3995053ad8a2', 15) ON CONFLICT DO NOTHING;
INSERT INTO score_sheet_items (id, score_sheet_id, period_criterion_id, score_value) VALUES ('0960013c-5d8c-4db5-a75e-57807aa936aa', '282bfd8a-67ca-49f6-acb4-123177183289', '7e8b2e8b-4a9a-4d2c-a87b-955d58d51b03', 15) ON CONFLICT DO NOTHING;
INSERT INTO score_sheets (id, period_id, project_id, juror_id, status, comment, started_at, last_activity_at) VALUES ('0f711dad-5153-455c-ab96-6db55a213c7d', '0e963024-a53f-4722-a9e0-5db7a47b4419', 'd9a0ceae-93bf-462a-a366-fa53e1c3ebbf', '44e14170-d567-4ad4-a771-cd269d538a2f', 'submitted', 'Exceptional work across all dimensions.', (timestamp '2025-05-14 09:00:00' + interval '10 hours 55 minutes') - interval '30 mins', (timestamp '2025-05-14 09:00:00' + interval '10 hours 55 minutes')) ON CONFLICT DO NOTHING;
INSERT INTO score_sheet_items (id, score_sheet_id, period_criterion_id, score_value) VALUES ('e1a2a958-83ae-400d-a33b-7139df25031b', '0f711dad-5153-455c-ab96-6db55a213c7d', '53700e90-0bef-4410-aa0f-3995053ad8a2', 21) ON CONFLICT DO NOTHING;
INSERT INTO score_sheet_items (id, score_sheet_id, period_criterion_id, score_value) VALUES ('b5057083-a66e-4ede-a87f-4f466bbacb5c', '0f711dad-5153-455c-ab96-6db55a213c7d', '7e8b2e8b-4a9a-4d2c-a87b-955d58d51b03', 21) ON CONFLICT DO NOTHING;
INSERT INTO score_sheet_items (id, score_sheet_id, period_criterion_id, score_value) VALUES ('c11773c5-aba8-465b-a0a8-eb4d00c21183', '0f711dad-5153-455c-ab96-6db55a213c7d', '5bab7e88-65ad-43a7-a14f-8b9bbcb9c9af', 17) ON CONFLICT DO NOTHING;
INSERT INTO score_sheet_items (id, score_sheet_id, period_criterion_id, score_value) VALUES ('221d1f2f-43f3-4d1f-ac79-c783645e4a0d', '0f711dad-5153-455c-ab96-6db55a213c7d', '770df56c-9bc9-4108-a5a9-1056b29af922', 17) ON CONFLICT DO NOTHING;
INSERT INTO score_sheet_items (id, score_sheet_id, period_criterion_id, score_value) VALUES ('724e8fa3-a44d-48d2-abde-a98d9e5bac55', '0f711dad-5153-455c-ab96-6db55a213c7d', '36146a5d-35be-44c7-af15-a3d586386a27', 9) ON CONFLICT DO NOTHING;
INSERT INTO score_sheets (id, period_id, project_id, juror_id, status, comment, started_at, last_activity_at) VALUES ('b01fbbe5-ca79-4f31-a46b-3855c7f47616', '0e963024-a53f-4722-a9e0-5db7a47b4419', '8c80391d-28d5-46b2-acfe-a57c940443b9', '44e14170-d567-4ad4-a771-cd269d538a2f', 'submitted', NULL, (timestamp '2025-05-14 09:00:00' + interval '10 hours 19 minutes') - interval '30 mins', (timestamp '2025-05-14 09:00:00' + interval '10 hours 19 minutes')) ON CONFLICT DO NOTHING;
INSERT INTO score_sheet_items (id, score_sheet_id, period_criterion_id, score_value) VALUES ('a653d5ad-5698-4323-a36e-4f1edcdde691', 'b01fbbe5-ca79-4f31-a46b-3855c7f47616', '53700e90-0bef-4410-aa0f-3995053ad8a2', 18) ON CONFLICT DO NOTHING;
INSERT INTO score_sheet_items (id, score_sheet_id, period_criterion_id, score_value) VALUES ('f065823b-653d-493b-a958-b7d02c413715', 'b01fbbe5-ca79-4f31-a46b-3855c7f47616', '7e8b2e8b-4a9a-4d2c-a87b-955d58d51b03', 19) ON CONFLICT DO NOTHING;
INSERT INTO score_sheet_items (id, score_sheet_id, period_criterion_id, score_value) VALUES ('df4ba625-242e-4a78-aaae-edc5716f99c6', 'b01fbbe5-ca79-4f31-a46b-3855c7f47616', '5bab7e88-65ad-43a7-a14f-8b9bbcb9c9af', 15) ON CONFLICT DO NOTHING;
INSERT INTO score_sheet_items (id, score_sheet_id, period_criterion_id, score_value) VALUES ('61f706ec-c8cb-45c0-a7c7-07632e15cdeb', 'b01fbbe5-ca79-4f31-a46b-3855c7f47616', '770df56c-9bc9-4108-a5a9-1056b29af922', 16) ON CONFLICT DO NOTHING;
INSERT INTO score_sheet_items (id, score_sheet_id, period_criterion_id, score_value) VALUES ('b091d4b7-6bd6-4505-aeb7-34216fc8f63a', 'b01fbbe5-ca79-4f31-a46b-3855c7f47616', '36146a5d-35be-44c7-af15-a3d586386a27', 8) ON CONFLICT DO NOTHING;
INSERT INTO score_sheets (id, period_id, project_id, juror_id, status, comment, started_at, last_activity_at) VALUES ('9f2e8f78-faca-4631-afc4-b2ad68ab92ec', '0e963024-a53f-4722-a9e0-5db7a47b4419', '48f4e97b-1296-4486-a4f5-323d8d9a0e11', '44e14170-d567-4ad4-a771-cd269d538a2f', 'submitted', 'Strong and consistent effort throughout.', (timestamp '2025-05-14 09:00:00' + interval '5 hours 19 minutes') - interval '30 mins', (timestamp '2025-05-14 09:00:00' + interval '5 hours 19 minutes')) ON CONFLICT DO NOTHING;
INSERT INTO score_sheet_items (id, score_sheet_id, period_criterion_id, score_value) VALUES ('564e9c7a-dd69-4556-a310-ea82d8a1a3b6', '9f2e8f78-faca-4631-afc4-b2ad68ab92ec', '53700e90-0bef-4410-aa0f-3995053ad8a2', 20) ON CONFLICT DO NOTHING;
INSERT INTO score_sheet_items (id, score_sheet_id, period_criterion_id, score_value) VALUES ('79d98e8a-1e14-48f0-a1a4-e79236f26f99', '9f2e8f78-faca-4631-afc4-b2ad68ab92ec', '7e8b2e8b-4a9a-4d2c-a87b-955d58d51b03', 19) ON CONFLICT DO NOTHING;
INSERT INTO score_sheet_items (id, score_sheet_id, period_criterion_id, score_value) VALUES ('dda9a7cb-61f2-46c2-a8a7-656aee1f61c7', '9f2e8f78-faca-4631-afc4-b2ad68ab92ec', '5bab7e88-65ad-43a7-a14f-8b9bbcb9c9af', 15) ON CONFLICT DO NOTHING;
INSERT INTO score_sheet_items (id, score_sheet_id, period_criterion_id, score_value) VALUES ('a061ae2a-6339-458d-a7ed-a4f5227ebf1e', '9f2e8f78-faca-4631-afc4-b2ad68ab92ec', '770df56c-9bc9-4108-a5a9-1056b29af922', 15) ON CONFLICT DO NOTHING;
INSERT INTO score_sheet_items (id, score_sheet_id, period_criterion_id, score_value) VALUES ('c395eec2-9176-4f8e-a876-d1d8356cf25b', '9f2e8f78-faca-4631-afc4-b2ad68ab92ec', '36146a5d-35be-44c7-af15-a3d586386a27', 7) ON CONFLICT DO NOTHING;
INSERT INTO score_sheets (id, period_id, project_id, juror_id, status, comment, started_at, last_activity_at) VALUES ('f54614f6-0426-4abb-ac64-017b287a7012', '0e963024-a53f-4722-a9e0-5db7a47b4419', '6cfbd23a-395e-4e09-aa45-437f6bcf432a', '44e14170-d567-4ad4-a771-cd269d538a2f', 'submitted', 'Shows potential but needs more polish.', (timestamp '2025-05-14 09:00:00' + interval '16 hours 51 minutes') - interval '30 mins', (timestamp '2025-05-14 09:00:00' + interval '16 hours 51 minutes')) ON CONFLICT DO NOTHING;
INSERT INTO score_sheet_items (id, score_sheet_id, period_criterion_id, score_value) VALUES ('c307ef8f-6ea0-4032-a2f3-c7f2c925fdbe', 'f54614f6-0426-4abb-ac64-017b287a7012', '53700e90-0bef-4410-aa0f-3995053ad8a2', 15) ON CONFLICT DO NOTHING;
INSERT INTO score_sheet_items (id, score_sheet_id, period_criterion_id, score_value) VALUES ('d9f1fe0d-375a-430c-a35a-828159aabf3a', 'f54614f6-0426-4abb-ac64-017b287a7012', '7e8b2e8b-4a9a-4d2c-a87b-955d58d51b03', 12) ON CONFLICT DO NOTHING;
INSERT INTO score_sheet_items (id, score_sheet_id, period_criterion_id, score_value) VALUES ('99e4531a-e7ca-4881-a714-6b00fc6ea726', 'f54614f6-0426-4abb-ac64-017b287a7012', '5bab7e88-65ad-43a7-a14f-8b9bbcb9c9af', 16) ON CONFLICT DO NOTHING;
INSERT INTO score_sheet_items (id, score_sheet_id, period_criterion_id, score_value) VALUES ('1d3a2c91-9ca8-48e2-a637-6c3babf74fd0', 'f54614f6-0426-4abb-ac64-017b287a7012', '770df56c-9bc9-4108-a5a9-1056b29af922', 12) ON CONFLICT DO NOTHING;
INSERT INTO score_sheet_items (id, score_sheet_id, period_criterion_id, score_value) VALUES ('6f25ebeb-6a35-42d1-aade-c4bb568a4235', 'f54614f6-0426-4abb-ac64-017b287a7012', '36146a5d-35be-44c7-af15-a3d586386a27', 6) ON CONFLICT DO NOTHING;
INSERT INTO score_sheets (id, period_id, project_id, juror_id, status, comment, started_at, last_activity_at) VALUES ('72871554-9648-47e6-a5a5-b4cef560c496', '0e963024-a53f-4722-a9e0-5db7a47b4419', '8187711a-5298-493c-afe9-0fb26f12bc33', '44e14170-d567-4ad4-a771-cd269d538a2f', 'submitted', 'On the edge — competent but room for improvement.', (timestamp '2025-05-14 09:00:00' + interval '16 hours 44 minutes') - interval '30 mins', (timestamp '2025-05-14 09:00:00' + interval '16 hours 44 minutes')) ON CONFLICT DO NOTHING;
INSERT INTO score_sheet_items (id, score_sheet_id, period_criterion_id, score_value) VALUES ('44d59994-9342-41ba-a222-165016b65d3d', '72871554-9648-47e6-a5a5-b4cef560c496', '53700e90-0bef-4410-aa0f-3995053ad8a2', 15) ON CONFLICT DO NOTHING;
INSERT INTO score_sheet_items (id, score_sheet_id, period_criterion_id, score_value) VALUES ('2de0a312-4250-4c3b-ae80-81bd5352b179', '72871554-9648-47e6-a5a5-b4cef560c496', '7e8b2e8b-4a9a-4d2c-a87b-955d58d51b03', 16) ON CONFLICT DO NOTHING;
INSERT INTO score_sheet_items (id, score_sheet_id, period_criterion_id, score_value) VALUES ('059d907b-6552-48fa-a1fb-301c6cc409ab', '72871554-9648-47e6-a5a5-b4cef560c496', '5bab7e88-65ad-43a7-a14f-8b9bbcb9c9af', 13) ON CONFLICT DO NOTHING;
INSERT INTO score_sheet_items (id, score_sheet_id, period_criterion_id, score_value) VALUES ('624c3ddb-3583-4446-a635-f03e38f20a50', '72871554-9648-47e6-a5a5-b4cef560c496', '770df56c-9bc9-4108-a5a9-1056b29af922', 13) ON CONFLICT DO NOTHING;
INSERT INTO score_sheet_items (id, score_sheet_id, period_criterion_id, score_value) VALUES ('4cb3b533-d043-4061-a0ef-33c21c6ffc4a', '72871554-9648-47e6-a5a5-b4cef560c496', '36146a5d-35be-44c7-af15-a3d586386a27', 6) ON CONFLICT DO NOTHING;
INSERT INTO score_sheets (id, period_id, project_id, juror_id, status, comment, started_at, last_activity_at) VALUES ('97ea6165-bc1e-45df-afe0-293f6d6d05c7', '0e963024-a53f-4722-a9e0-5db7a47b4419', '7d9c4122-c17f-4084-a09f-fdea8fbef2fa', '44e14170-d567-4ad4-a771-cd269d538a2f', 'submitted', 'Standard work that meets requirements.', (timestamp '2025-05-14 09:00:00' + interval '1 hours 36 minutes') - interval '30 mins', (timestamp '2025-05-14 09:00:00' + interval '1 hours 36 minutes')) ON CONFLICT DO NOTHING;
INSERT INTO score_sheet_items (id, score_sheet_id, period_criterion_id, score_value) VALUES ('e0fe1968-97c3-484d-aead-18cc3f60713a', '97ea6165-bc1e-45df-afe0-293f6d6d05c7', '53700e90-0bef-4410-aa0f-3995053ad8a2', 16) ON CONFLICT DO NOTHING;
INSERT INTO score_sheet_items (id, score_sheet_id, period_criterion_id, score_value) VALUES ('d298fd9c-9ce9-4996-a609-9b21fcdb83aa', '97ea6165-bc1e-45df-afe0-293f6d6d05c7', '7e8b2e8b-4a9a-4d2c-a87b-955d58d51b03', 18) ON CONFLICT DO NOTHING;
INSERT INTO score_sheet_items (id, score_sheet_id, period_criterion_id, score_value) VALUES ('0a6414f8-dfd3-4c49-ac20-43a7491b27ab', '97ea6165-bc1e-45df-afe0-293f6d6d05c7', '5bab7e88-65ad-43a7-a14f-8b9bbcb9c9af', 14) ON CONFLICT DO NOTHING;
INSERT INTO score_sheet_items (id, score_sheet_id, period_criterion_id, score_value) VALUES ('45144eae-9dc3-4e75-aa65-7e000b42611f', '97ea6165-bc1e-45df-afe0-293f6d6d05c7', '770df56c-9bc9-4108-a5a9-1056b29af922', 13) ON CONFLICT DO NOTHING;
INSERT INTO score_sheet_items (id, score_sheet_id, period_criterion_id, score_value) VALUES ('31100e34-9ff5-4ef1-ac7f-f6ad109b9c98', '97ea6165-bc1e-45df-afe0-293f6d6d05c7', '36146a5d-35be-44c7-af15-a3d586386a27', 7) ON CONFLICT DO NOTHING;
INSERT INTO score_sheets (id, period_id, project_id, juror_id, status, comment, started_at, last_activity_at) VALUES ('80c7a48e-5249-4a9f-a606-768ae20c066b', '0e963024-a53f-4722-a9e0-5db7a47b4419', 'f022ace2-a3ff-42ff-a3f6-3175031bbd35', '44e14170-d567-4ad4-a771-cd269d538a2f', 'submitted', 'Well-balanced project showing strength in all areas.', (timestamp '2025-05-14 09:00:00' + interval '3 hours 26 minutes') - interval '30 mins', (timestamp '2025-05-14 09:00:00' + interval '3 hours 26 minutes')) ON CONFLICT DO NOTHING;
INSERT INTO score_sheet_items (id, score_sheet_id, period_criterion_id, score_value) VALUES ('4e51ee3b-bb5e-4767-a940-c200ed32743b', '80c7a48e-5249-4a9f-a606-768ae20c066b', '53700e90-0bef-4410-aa0f-3995053ad8a2', 20) ON CONFLICT DO NOTHING;
INSERT INTO score_sheet_items (id, score_sheet_id, period_criterion_id, score_value) VALUES ('7d8b5d26-e1e4-4d87-a437-7b43a200e275', '80c7a48e-5249-4a9f-a606-768ae20c066b', '7e8b2e8b-4a9a-4d2c-a87b-955d58d51b03', 20) ON CONFLICT DO NOTHING;
INSERT INTO score_sheet_items (id, score_sheet_id, period_criterion_id, score_value) VALUES ('aaf89786-a4a2-4640-ab42-ace3f87274bc', '80c7a48e-5249-4a9f-a606-768ae20c066b', '5bab7e88-65ad-43a7-a14f-8b9bbcb9c9af', 15) ON CONFLICT DO NOTHING;
INSERT INTO score_sheet_items (id, score_sheet_id, period_criterion_id, score_value) VALUES ('cdab087b-400f-48e4-a30b-071a1dbc568e', '80c7a48e-5249-4a9f-a606-768ae20c066b', '770df56c-9bc9-4108-a5a9-1056b29af922', 16) ON CONFLICT DO NOTHING;
INSERT INTO score_sheet_items (id, score_sheet_id, period_criterion_id, score_value) VALUES ('f49ffdb2-d2ce-408b-a425-e9aa620e9720', '80c7a48e-5249-4a9f-a606-768ae20c066b', '36146a5d-35be-44c7-af15-a3d586386a27', 8) ON CONFLICT DO NOTHING;
INSERT INTO score_sheets (id, period_id, project_id, juror_id, status, comment, started_at, last_activity_at) VALUES ('e021604d-cffc-418b-ad69-8acf90c9fe91', '0e963024-a53f-4722-a9e0-5db7a47b4419', '17b9953a-d93a-4a40-affb-a86edb61fbec', '44e14170-d567-4ad4-a771-cd269d538a2f', 'submitted', NULL, (timestamp '2025-05-14 09:00:00' + interval '19 hours 19 minutes') - interval '30 mins', (timestamp '2025-05-14 09:00:00' + interval '19 hours 19 minutes')) ON CONFLICT DO NOTHING;
INSERT INTO score_sheet_items (id, score_sheet_id, period_criterion_id, score_value) VALUES ('9840ac0b-1ab8-4ab8-a3e1-0960d8805356', 'e021604d-cffc-418b-ad69-8acf90c9fe91', '53700e90-0bef-4410-aa0f-3995053ad8a2', 16) ON CONFLICT DO NOTHING;
INSERT INTO score_sheet_items (id, score_sheet_id, period_criterion_id, score_value) VALUES ('3c7c87ce-4e55-44ac-a781-aa1ea97a2f56', 'e021604d-cffc-418b-ad69-8acf90c9fe91', '7e8b2e8b-4a9a-4d2c-a87b-955d58d51b03', 16) ON CONFLICT DO NOTHING;
INSERT INTO score_sheet_items (id, score_sheet_id, period_criterion_id, score_value) VALUES ('79ce6123-5c66-4f5e-ae90-8ac3778daa76', 'e021604d-cffc-418b-ad69-8acf90c9fe91', '5bab7e88-65ad-43a7-a14f-8b9bbcb9c9af', 14) ON CONFLICT DO NOTHING;
INSERT INTO score_sheet_items (id, score_sheet_id, period_criterion_id, score_value) VALUES ('6d50bbf6-0368-4b32-af34-88eaf865f9dc', 'e021604d-cffc-418b-ad69-8acf90c9fe91', '770df56c-9bc9-4108-a5a9-1056b29af922', 13) ON CONFLICT DO NOTHING;
INSERT INTO score_sheet_items (id, score_sheet_id, period_criterion_id, score_value) VALUES ('ad0176fb-1c0e-491e-a25f-186a372f0d81', 'e021604d-cffc-418b-ad69-8acf90c9fe91', '36146a5d-35be-44c7-af15-a3d586386a27', 5) ON CONFLICT DO NOTHING;
INSERT INTO score_sheets (id, period_id, project_id, juror_id, status, comment, started_at, last_activity_at) VALUES ('029c810a-702e-44ec-ac66-2118c3969dbd', '0e963024-a53f-4722-a9e0-5db7a47b4419', 'd9a0ceae-93bf-462a-a366-fa53e1c3ebbf', 'c8a52987-c3a6-4368-a31c-a2f6566399f1', 'submitted', 'Truly impressive innovation and mastery.', (timestamp '2025-05-14 09:00:00' + interval '1 hours 39 minutes') - interval '30 mins', (timestamp '2025-05-14 09:00:00' + interval '1 hours 39 minutes')) ON CONFLICT DO NOTHING;
INSERT INTO score_sheet_items (id, score_sheet_id, period_criterion_id, score_value) VALUES ('2ba8bd1d-b2ea-4f91-a37c-3709631bba1a', '029c810a-702e-44ec-ac66-2118c3969dbd', '53700e90-0bef-4410-aa0f-3995053ad8a2', 24) ON CONFLICT DO NOTHING;
INSERT INTO score_sheet_items (id, score_sheet_id, period_criterion_id, score_value) VALUES ('3fc36520-d071-4df1-ad0a-0b33c6927946', '029c810a-702e-44ec-ac66-2118c3969dbd', '7e8b2e8b-4a9a-4d2c-a87b-955d58d51b03', 23) ON CONFLICT DO NOTHING;
INSERT INTO score_sheet_items (id, score_sheet_id, period_criterion_id, score_value) VALUES ('d328f30c-caf0-4d34-adcf-4fc6eb79ea0a', '029c810a-702e-44ec-ac66-2118c3969dbd', '5bab7e88-65ad-43a7-a14f-8b9bbcb9c9af', 18) ON CONFLICT DO NOTHING;
INSERT INTO score_sheet_items (id, score_sheet_id, period_criterion_id, score_value) VALUES ('1bab6137-0537-45f3-ae6c-d20454d6713a', '029c810a-702e-44ec-ac66-2118c3969dbd', '770df56c-9bc9-4108-a5a9-1056b29af922', 20) ON CONFLICT DO NOTHING;
INSERT INTO score_sheet_items (id, score_sheet_id, period_criterion_id, score_value) VALUES ('a674757a-7963-44ea-afd8-bd1ec01c809c', '029c810a-702e-44ec-ac66-2118c3969dbd', '36146a5d-35be-44c7-af15-a3d586386a27', 8) ON CONFLICT DO NOTHING;
INSERT INTO score_sheets (id, period_id, project_id, juror_id, status, comment, started_at, last_activity_at) VALUES ('f8c751f4-21ec-41b3-ae99-c12f51ea52e3', '0e963024-a53f-4722-a9e0-5db7a47b4419', '8c80391d-28d5-46b2-acfe-a57c940443b9', 'c8a52987-c3a6-4368-a31c-a2f6566399f1', 'submitted', NULL, (timestamp '2025-05-14 09:00:00' + interval '4 hours 12 minutes') - interval '30 mins', (timestamp '2025-05-14 09:00:00' + interval '4 hours 12 minutes')) ON CONFLICT DO NOTHING;
INSERT INTO score_sheet_items (id, score_sheet_id, period_criterion_id, score_value) VALUES ('160c946f-80d4-4fbb-a455-c92c7f9cfef3', 'f8c751f4-21ec-41b3-ae99-c12f51ea52e3', '53700e90-0bef-4410-aa0f-3995053ad8a2', 19) ON CONFLICT DO NOTHING;
INSERT INTO score_sheet_items (id, score_sheet_id, period_criterion_id, score_value) VALUES ('f3342ed4-343d-4545-a81d-9ddb654527c1', 'f8c751f4-21ec-41b3-ae99-c12f51ea52e3', '7e8b2e8b-4a9a-4d2c-a87b-955d58d51b03', 20) ON CONFLICT DO NOTHING;
INSERT INTO score_sheet_items (id, score_sheet_id, period_criterion_id, score_value) VALUES ('6898282d-1311-4407-abff-94fdc2186d25', 'f8c751f4-21ec-41b3-ae99-c12f51ea52e3', '5bab7e88-65ad-43a7-a14f-8b9bbcb9c9af', 16) ON CONFLICT DO NOTHING;
INSERT INTO score_sheet_items (id, score_sheet_id, period_criterion_id, score_value) VALUES ('33a0b31b-3458-4f4e-a9e8-777f5d934567', 'f8c751f4-21ec-41b3-ae99-c12f51ea52e3', '770df56c-9bc9-4108-a5a9-1056b29af922', 16) ON CONFLICT DO NOTHING;
INSERT INTO score_sheet_items (id, score_sheet_id, period_criterion_id, score_value) VALUES ('696e3dd2-f02a-4875-a89f-1218384c4a12', 'f8c751f4-21ec-41b3-ae99-c12f51ea52e3', '36146a5d-35be-44c7-af15-a3d586386a27', 8) ON CONFLICT DO NOTHING;
INSERT INTO score_sheets (id, period_id, project_id, juror_id, status, comment, started_at, last_activity_at) VALUES ('a78e188a-6708-4ce4-ac11-8a82942317a6', '0e963024-a53f-4722-a9e0-5db7a47b4419', '48f4e97b-1296-4486-a4f5-323d8d9a0e11', 'c8a52987-c3a6-4368-a31c-a2f6566399f1', 'submitted', 'Strong and consistent effort throughout.', (timestamp '2025-05-14 09:00:00' + interval '19 hours 7 minutes') - interval '30 mins', (timestamp '2025-05-14 09:00:00' + interval '19 hours 7 minutes')) ON CONFLICT DO NOTHING;
INSERT INTO score_sheet_items (id, score_sheet_id, period_criterion_id, score_value) VALUES ('aa392486-e920-41cb-a399-4047eb85f81a', 'a78e188a-6708-4ce4-ac11-8a82942317a6', '53700e90-0bef-4410-aa0f-3995053ad8a2', 21) ON CONFLICT DO NOTHING;
INSERT INTO score_sheet_items (id, score_sheet_id, period_criterion_id, score_value) VALUES ('c4d44d71-1e48-4263-a231-1a0a26581fee', 'a78e188a-6708-4ce4-ac11-8a82942317a6', '7e8b2e8b-4a9a-4d2c-a87b-955d58d51b03', 21) ON CONFLICT DO NOTHING;
INSERT INTO score_sheet_items (id, score_sheet_id, period_criterion_id, score_value) VALUES ('7976817b-97a5-4269-a22a-64b4a9555f2d', 'a78e188a-6708-4ce4-ac11-8a82942317a6', '5bab7e88-65ad-43a7-a14f-8b9bbcb9c9af', 17) ON CONFLICT DO NOTHING;
INSERT INTO score_sheet_items (id, score_sheet_id, period_criterion_id, score_value) VALUES ('aa0adfe0-f635-4ca9-a63b-8c5ba150e750', 'a78e188a-6708-4ce4-ac11-8a82942317a6', '770df56c-9bc9-4108-a5a9-1056b29af922', 16) ON CONFLICT DO NOTHING;
INSERT INTO score_sheet_items (id, score_sheet_id, period_criterion_id, score_value) VALUES ('3d4e3a77-3efd-4337-a10a-d08ab6d2dc6d', 'a78e188a-6708-4ce4-ac11-8a82942317a6', '36146a5d-35be-44c7-af15-a3d586386a27', 7) ON CONFLICT DO NOTHING;
INSERT INTO score_sheets (id, period_id, project_id, juror_id, status, comment, started_at, last_activity_at) VALUES ('fffc465c-09fd-4b07-ad96-680dcac64ace', '0e963024-a53f-4722-a9e0-5db7a47b4419', '6cfbd23a-395e-4e09-aa45-437f6bcf432a', 'c8a52987-c3a6-4368-a31c-a2f6566399f1', 'submitted', 'Uneven — strong in certain areas but inconsistent.', (timestamp '2025-05-14 09:00:00' + interval '10 hours 16 minutes') - interval '30 mins', (timestamp '2025-05-14 09:00:00' + interval '10 hours 16 minutes')) ON CONFLICT DO NOTHING;
INSERT INTO score_sheet_items (id, score_sheet_id, period_criterion_id, score_value) VALUES ('473c933c-114a-4d89-a6ff-8133bf91a321', 'fffc465c-09fd-4b07-ad96-680dcac64ace', '53700e90-0bef-4410-aa0f-3995053ad8a2', 14) ON CONFLICT DO NOTHING;
INSERT INTO score_sheet_items (id, score_sheet_id, period_criterion_id, score_value) VALUES ('7e104ae1-1c6d-418a-adff-eaaf69341696', 'fffc465c-09fd-4b07-ad96-680dcac64ace', '7e8b2e8b-4a9a-4d2c-a87b-955d58d51b03', 23) ON CONFLICT DO NOTHING;
INSERT INTO score_sheet_items (id, score_sheet_id, period_criterion_id, score_value) VALUES ('27f4eabe-5dc8-422d-affc-ca44ad619671', 'fffc465c-09fd-4b07-ad96-680dcac64ace', '5bab7e88-65ad-43a7-a14f-8b9bbcb9c9af', 14) ON CONFLICT DO NOTHING;
INSERT INTO score_sheet_items (id, score_sheet_id, period_criterion_id, score_value) VALUES ('25af2625-6677-4b39-aabf-4ef3b2d40f5e', 'fffc465c-09fd-4b07-ad96-680dcac64ace', '770df56c-9bc9-4108-a5a9-1056b29af922', 20) ON CONFLICT DO NOTHING;
INSERT INTO score_sheet_items (id, score_sheet_id, period_criterion_id, score_value) VALUES ('d307b697-79b0-4a0d-aa24-22d03db6cbc5', 'fffc465c-09fd-4b07-ad96-680dcac64ace', '36146a5d-35be-44c7-af15-a3d586386a27', 5) ON CONFLICT DO NOTHING;
INSERT INTO score_sheets (id, period_id, project_id, juror_id, status, comment, started_at, last_activity_at) VALUES ('fdceb987-f5db-47f3-a017-ec7ca5ad6430', '0e963024-a53f-4722-a9e0-5db7a47b4419', '8187711a-5298-493c-afe9-0fb26f12bc33', 'c8a52987-c3a6-4368-a31c-a2f6566399f1', 'submitted', 'Adequate but uninspired. More depth needed.', (timestamp '2025-05-14 09:00:00' + interval '7 hours 47 minutes') - interval '30 mins', (timestamp '2025-05-14 09:00:00' + interval '7 hours 47 minutes')) ON CONFLICT DO NOTHING;
INSERT INTO score_sheet_items (id, score_sheet_id, period_criterion_id, score_value) VALUES ('c097fb37-d069-488f-a043-e64d5eb25e0c', 'fdceb987-f5db-47f3-a017-ec7ca5ad6430', '53700e90-0bef-4410-aa0f-3995053ad8a2', 17) ON CONFLICT DO NOTHING;
INSERT INTO score_sheet_items (id, score_sheet_id, period_criterion_id, score_value) VALUES ('fab61f27-4c67-48c6-a06a-49b0093051ac', 'fdceb987-f5db-47f3-a017-ec7ca5ad6430', '7e8b2e8b-4a9a-4d2c-a87b-955d58d51b03', 16) ON CONFLICT DO NOTHING;
INSERT INTO score_sheet_items (id, score_sheet_id, period_criterion_id, score_value) VALUES ('8f784db1-a4c4-4fd5-a10b-251d5c141656', 'fdceb987-f5db-47f3-a017-ec7ca5ad6430', '5bab7e88-65ad-43a7-a14f-8b9bbcb9c9af', 15) ON CONFLICT DO NOTHING;
INSERT INTO score_sheet_items (id, score_sheet_id, period_criterion_id, score_value) VALUES ('d2c0f2f6-d5e8-47c6-ab76-245550febc93', 'fdceb987-f5db-47f3-a017-ec7ca5ad6430', '770df56c-9bc9-4108-a5a9-1056b29af922', 14) ON CONFLICT DO NOTHING;
INSERT INTO score_sheet_items (id, score_sheet_id, period_criterion_id, score_value) VALUES ('251c63a0-782b-4020-af79-2cfb1bec8b92', 'fdceb987-f5db-47f3-a017-ec7ca5ad6430', '36146a5d-35be-44c7-af15-a3d586386a27', 7) ON CONFLICT DO NOTHING;
INSERT INTO score_sheets (id, period_id, project_id, juror_id, status, comment, started_at, last_activity_at) VALUES ('25c76b20-d1b3-4029-af58-2c1c578ff621', '0e963024-a53f-4722-a9e0-5db7a47b4419', '7d9c4122-c17f-4084-a09f-fdea8fbef2fa', 'c8a52987-c3a6-4368-a31c-a2f6566399f1', 'submitted', 'Competent execution across the board.', (timestamp '2025-05-14 09:00:00' + interval '6 hours 28 minutes') - interval '30 mins', (timestamp '2025-05-14 09:00:00' + interval '6 hours 28 minutes')) ON CONFLICT DO NOTHING;
INSERT INTO score_sheet_items (id, score_sheet_id, period_criterion_id, score_value) VALUES ('bfcca878-b714-4666-abb4-d495c51535f8', '25c76b20-d1b3-4029-af58-2c1c578ff621', '53700e90-0bef-4410-aa0f-3995053ad8a2', 18) ON CONFLICT DO NOTHING;
INSERT INTO score_sheet_items (id, score_sheet_id, period_criterion_id, score_value) VALUES ('a68a1617-304f-4bf7-abf0-c7ff529561f9', '25c76b20-d1b3-4029-af58-2c1c578ff621', '7e8b2e8b-4a9a-4d2c-a87b-955d58d51b03', 19) ON CONFLICT DO NOTHING;
INSERT INTO score_sheet_items (id, score_sheet_id, period_criterion_id, score_value) VALUES ('1a4fcf0f-2cf4-42a5-a859-3c868f9e4c04', '25c76b20-d1b3-4029-af58-2c1c578ff621', '5bab7e88-65ad-43a7-a14f-8b9bbcb9c9af', 16) ON CONFLICT DO NOTHING;
INSERT INTO score_sheet_items (id, score_sheet_id, period_criterion_id, score_value) VALUES ('5baeb2c0-0965-4850-a0fb-4087bc708cf2', '25c76b20-d1b3-4029-af58-2c1c578ff621', '770df56c-9bc9-4108-a5a9-1056b29af922', 14) ON CONFLICT DO NOTHING;
INSERT INTO score_sheet_items (id, score_sheet_id, period_criterion_id, score_value) VALUES ('3ed2c2bb-577d-4610-a8d8-e1b156dcaea6', '25c76b20-d1b3-4029-af58-2c1c578ff621', '36146a5d-35be-44c7-af15-a3d586386a27', 7) ON CONFLICT DO NOTHING;
INSERT INTO score_sheets (id, period_id, project_id, juror_id, status, comment, started_at, last_activity_at) VALUES ('11daea20-2085-4a61-a66d-e8e591b7db92', '0e963024-a53f-4722-a9e0-5db7a47b4419', 'f022ace2-a3ff-42ff-a3f6-3175031bbd35', 'c8a52987-c3a6-4368-a31c-a2f6566399f1', 'submitted', 'Consistently good — no weak spots.', (timestamp '2025-05-14 09:00:00' + interval '11 hours 30 minutes') - interval '30 mins', (timestamp '2025-05-14 09:00:00' + interval '11 hours 30 minutes')) ON CONFLICT DO NOTHING;
INSERT INTO score_sheet_items (id, score_sheet_id, period_criterion_id, score_value) VALUES ('bce93a50-3fe9-420c-a468-886ec84d89ab', '11daea20-2085-4a61-a66d-e8e591b7db92', '53700e90-0bef-4410-aa0f-3995053ad8a2', 22) ON CONFLICT DO NOTHING;
INSERT INTO score_sheet_items (id, score_sheet_id, period_criterion_id, score_value) VALUES ('6a2627c8-8862-414c-a3a5-b1c3244cd271', '11daea20-2085-4a61-a66d-e8e591b7db92', '7e8b2e8b-4a9a-4d2c-a87b-955d58d51b03', 20) ON CONFLICT DO NOTHING;
INSERT INTO score_sheet_items (id, score_sheet_id, period_criterion_id, score_value) VALUES ('916d4541-f34f-4aba-a963-a79a4db5485f', '11daea20-2085-4a61-a66d-e8e591b7db92', '5bab7e88-65ad-43a7-a14f-8b9bbcb9c9af', 18) ON CONFLICT DO NOTHING;
INSERT INTO score_sheet_items (id, score_sheet_id, period_criterion_id, score_value) VALUES ('cf19d9a0-9c34-43b5-aa85-caa05763c6b6', '11daea20-2085-4a61-a66d-e8e591b7db92', '770df56c-9bc9-4108-a5a9-1056b29af922', 18) ON CONFLICT DO NOTHING;
INSERT INTO score_sheet_items (id, score_sheet_id, period_criterion_id, score_value) VALUES ('98b53de5-978a-4625-a216-51bece7e76e9', '11daea20-2085-4a61-a66d-e8e591b7db92', '36146a5d-35be-44c7-af15-a3d586386a27', 8) ON CONFLICT DO NOTHING;
INSERT INTO score_sheets (id, period_id, project_id, juror_id, status, comment, started_at, last_activity_at) VALUES ('ec7a1cee-66ce-4b03-a011-e766d60cbc64', '0e963024-a53f-4722-a9e0-5db7a47b4419', '17b9953a-d93a-4a40-affb-a86edb61fbec', 'c8a52987-c3a6-4368-a31c-a2f6566399f1', 'submitted', 'Shows initial effort but execution very limited.', (timestamp '2025-05-14 09:00:00' + interval '16 hours 43 minutes') - interval '30 mins', (timestamp '2025-05-14 09:00:00' + interval '16 hours 43 minutes')) ON CONFLICT DO NOTHING;
INSERT INTO score_sheet_items (id, score_sheet_id, period_criterion_id, score_value) VALUES ('23ed8b03-89cb-4a95-a11a-077b55fdff4e', 'ec7a1cee-66ce-4b03-a011-e766d60cbc64', '53700e90-0bef-4410-aa0f-3995053ad8a2', 18) ON CONFLICT DO NOTHING;
INSERT INTO score_sheet_items (id, score_sheet_id, period_criterion_id, score_value) VALUES ('e1adcb2c-4586-4db4-a3e4-88cbb8683054', 'ec7a1cee-66ce-4b03-a011-e766d60cbc64', '7e8b2e8b-4a9a-4d2c-a87b-955d58d51b03', 15) ON CONFLICT DO NOTHING;
INSERT INTO score_sheet_items (id, score_sheet_id, period_criterion_id, score_value) VALUES ('ed063862-aa9c-4a79-a944-f9bee5d62191', 'ec7a1cee-66ce-4b03-a011-e766d60cbc64', '5bab7e88-65ad-43a7-a14f-8b9bbcb9c9af', 11) ON CONFLICT DO NOTHING;
INSERT INTO score_sheet_items (id, score_sheet_id, period_criterion_id, score_value) VALUES ('8c88ce3d-7e42-418b-a0b4-e7b712d49e69', 'ec7a1cee-66ce-4b03-a011-e766d60cbc64', '770df56c-9bc9-4108-a5a9-1056b29af922', 12) ON CONFLICT DO NOTHING;
INSERT INTO score_sheet_items (id, score_sheet_id, period_criterion_id, score_value) VALUES ('c41786d9-1066-4791-a489-7465a39a4b72', 'ec7a1cee-66ce-4b03-a011-e766d60cbc64', '36146a5d-35be-44c7-af15-a3d586386a27', 6) ON CONFLICT DO NOTHING;
INSERT INTO score_sheets (id, period_id, project_id, juror_id, status, comment, started_at, last_activity_at) VALUES ('58757bd3-042d-44e9-ae6a-0f0b7936e7d4', 'f8c01197-da4a-4646-a42d-8dc74715e3bc', 'd716c53c-18e0-4a50-a4b5-37770e2326a3', '47dcf645-bcf8-407e-a86e-f0e506495726', 'submitted', 'Remarkable quality — set the bar for the session.', (timestamp '2024-12-12 09:00:00' + interval '6 hours 22 minutes') - interval '30 mins', (timestamp '2024-12-12 09:00:00' + interval '6 hours 22 minutes')) ON CONFLICT DO NOTHING;
INSERT INTO score_sheet_items (id, score_sheet_id, period_criterion_id, score_value) VALUES ('eb7a6e6f-766f-417b-acd2-e61e8bf1dbd5', '58757bd3-042d-44e9-ae6a-0f0b7936e7d4', '9ec0420a-7f95-4e3f-ad37-b95948485c65', 22) ON CONFLICT DO NOTHING;
INSERT INTO score_sheet_items (id, score_sheet_id, period_criterion_id, score_value) VALUES ('4d8791ad-0e31-4085-a532-f7b7a7e0b61f', '58757bd3-042d-44e9-ae6a-0f0b7936e7d4', '52f96a98-1ac8-4b6e-aa3c-02ab77905c16', 22) ON CONFLICT DO NOTHING;
INSERT INTO score_sheet_items (id, score_sheet_id, period_criterion_id, score_value) VALUES ('de2b6953-8ecf-438c-a8a9-67b034e41e54', '58757bd3-042d-44e9-ae6a-0f0b7936e7d4', 'e242e868-2bb7-4869-af4b-7ad480080c56', 17) ON CONFLICT DO NOTHING;
INSERT INTO score_sheet_items (id, score_sheet_id, period_criterion_id, score_value) VALUES ('24e19962-a910-43b3-ae28-b7a8570d1e15', '58757bd3-042d-44e9-ae6a-0f0b7936e7d4', 'e6928c81-092d-4b96-ada3-5dcf9bab3962', 19) ON CONFLICT DO NOTHING;
INSERT INTO score_sheets (id, period_id, project_id, juror_id, status, comment, started_at, last_activity_at) VALUES ('e37eac8b-e765-4295-a1ae-3bb1e31688ef', 'f8c01197-da4a-4646-a42d-8dc74715e3bc', '20e1dea2-c044-4eca-a288-e444a3d21226', '47dcf645-bcf8-407e-a86e-f0e506495726', 'submitted', NULL, (timestamp '2024-12-12 09:00:00' + interval '1 hours 48 minutes') - interval '30 mins', (timestamp '2024-12-12 09:00:00' + interval '1 hours 48 minutes')) ON CONFLICT DO NOTHING;
INSERT INTO score_sheet_items (id, score_sheet_id, period_criterion_id, score_value) VALUES ('c4bfffc7-331f-4ac9-a9f5-167d9f626852', 'e37eac8b-e765-4295-a1ae-3bb1e31688ef', '9ec0420a-7f95-4e3f-ad37-b95948485c65', 20) ON CONFLICT DO NOTHING;
INSERT INTO score_sheet_items (id, score_sheet_id, period_criterion_id, score_value) VALUES ('684ea0ab-3b5c-4fbb-ae6e-aca0fef3e635', 'e37eac8b-e765-4295-a1ae-3bb1e31688ef', '52f96a98-1ac8-4b6e-aa3c-02ab77905c16', 19) ON CONFLICT DO NOTHING;
INSERT INTO score_sheet_items (id, score_sheet_id, period_criterion_id, score_value) VALUES ('c2f3f1f0-f2f7-46d4-a00e-df57a7016688', 'e37eac8b-e765-4295-a1ae-3bb1e31688ef', 'e242e868-2bb7-4869-af4b-7ad480080c56', 17) ON CONFLICT DO NOTHING;
INSERT INTO score_sheet_items (id, score_sheet_id, period_criterion_id, score_value) VALUES ('4b57281d-8e64-405a-a5b2-7171338d5a35', 'e37eac8b-e765-4295-a1ae-3bb1e31688ef', 'e6928c81-092d-4b96-ada3-5dcf9bab3962', 15) ON CONFLICT DO NOTHING;
INSERT INTO score_sheets (id, period_id, project_id, juror_id, status, comment, started_at, last_activity_at) VALUES ('982dce41-b768-45a8-a746-36a32e0f6f6c', 'f8c01197-da4a-4646-a42d-8dc74715e3bc', 'fb438ec2-70bc-4426-a617-218fa7d32ee5', '47dcf645-bcf8-407e-a86e-f0e506495726', 'submitted', 'Uneven — strong in certain areas but inconsistent.', (timestamp '2024-12-12 09:00:00' + interval '5 hours 34 minutes') - interval '30 mins', (timestamp '2024-12-12 09:00:00' + interval '5 hours 34 minutes')) ON CONFLICT DO NOTHING;
INSERT INTO score_sheet_items (id, score_sheet_id, period_criterion_id, score_value) VALUES ('1def7be0-6f41-4f6d-a22c-03d2c3985f4f', '982dce41-b768-45a8-a746-36a32e0f6f6c', '9ec0420a-7f95-4e3f-ad37-b95948485c65', 14) ON CONFLICT DO NOTHING;
INSERT INTO score_sheet_items (id, score_sheet_id, period_criterion_id, score_value) VALUES ('ed56b984-1d5a-4177-ad81-6f0ddf807e50', '982dce41-b768-45a8-a746-36a32e0f6f6c', '52f96a98-1ac8-4b6e-aa3c-02ab77905c16', 21) ON CONFLICT DO NOTHING;
INSERT INTO score_sheet_items (id, score_sheet_id, period_criterion_id, score_value) VALUES ('93d10951-c2ea-4de1-ad9b-73832afd6386', '982dce41-b768-45a8-a746-36a32e0f6f6c', 'e242e868-2bb7-4869-af4b-7ad480080c56', 10) ON CONFLICT DO NOTHING;
INSERT INTO score_sheet_items (id, score_sheet_id, period_criterion_id, score_value) VALUES ('599ae5e3-c1b5-41d0-a4c0-4428a195ad92', '982dce41-b768-45a8-a746-36a32e0f6f6c', 'e6928c81-092d-4b96-ada3-5dcf9bab3962', 14) ON CONFLICT DO NOTHING;
INSERT INTO score_sheets (id, period_id, project_id, juror_id, status, comment, started_at, last_activity_at) VALUES ('a1728e86-4645-4935-a688-126fd69df6d6', 'f8c01197-da4a-4646-a42d-8dc74715e3bc', '80de3e2f-b76b-44f8-a77b-14a43979c15c', '47dcf645-bcf8-407e-a86e-f0e506495726', 'in_progress', NULL, (timestamp '2024-12-12 09:00:00' + interval '9 hours 51 minutes') - interval '30 mins', (timestamp '2024-12-12 09:00:00' + interval '9 hours 51 minutes')) ON CONFLICT DO NOTHING;
INSERT INTO score_sheet_items (id, score_sheet_id, period_criterion_id, score_value) VALUES ('52d40669-3995-4e10-a74b-11a4d3280476', 'a1728e86-4645-4935-a688-126fd69df6d6', '9ec0420a-7f95-4e3f-ad37-b95948485c65', 17) ON CONFLICT DO NOTHING;
INSERT INTO score_sheet_items (id, score_sheet_id, period_criterion_id, score_value) VALUES ('bd4c747e-246e-4f07-a0dd-d302c1c145cc', 'a1728e86-4645-4935-a688-126fd69df6d6', '52f96a98-1ac8-4b6e-aa3c-02ab77905c16', 17) ON CONFLICT DO NOTHING;
INSERT INTO score_sheets (id, period_id, project_id, juror_id, status, comment, started_at, last_activity_at) VALUES ('e0d757c9-29d4-4419-ac6d-0200e73b09c1', 'f8c01197-da4a-4646-a42d-8dc74715e3bc', 'd716c53c-18e0-4a50-a4b5-37770e2326a3', '44e14170-d567-4ad4-a771-cd269d538a2f', 'submitted', 'Top-tier project. Clear problem definition, excellent execution.', (timestamp '2024-12-12 09:00:00' + interval '15 hours 55 minutes') - interval '30 mins', (timestamp '2024-12-12 09:00:00' + interval '15 hours 55 minutes')) ON CONFLICT DO NOTHING;
INSERT INTO score_sheet_items (id, score_sheet_id, period_criterion_id, score_value) VALUES ('da42403d-1f2a-49bc-ab71-ac13630179f8', 'e0d757c9-29d4-4419-ac6d-0200e73b09c1', '9ec0420a-7f95-4e3f-ad37-b95948485c65', 23) ON CONFLICT DO NOTHING;
INSERT INTO score_sheet_items (id, score_sheet_id, period_criterion_id, score_value) VALUES ('64bc6519-5265-4261-a680-229716b75d19', 'e0d757c9-29d4-4419-ac6d-0200e73b09c1', '52f96a98-1ac8-4b6e-aa3c-02ab77905c16', 21) ON CONFLICT DO NOTHING;
INSERT INTO score_sheet_items (id, score_sheet_id, period_criterion_id, score_value) VALUES ('9505b5cd-3d5d-483f-a34f-90186e049cdc', 'e0d757c9-29d4-4419-ac6d-0200e73b09c1', 'e242e868-2bb7-4869-af4b-7ad480080c56', 18) ON CONFLICT DO NOTHING;
INSERT INTO score_sheet_items (id, score_sheet_id, period_criterion_id, score_value) VALUES ('dae117ba-6e5b-40c0-a60a-ddb3db43388e', 'e0d757c9-29d4-4419-ac6d-0200e73b09c1', 'e6928c81-092d-4b96-ada3-5dcf9bab3962', 16) ON CONFLICT DO NOTHING;
INSERT INTO score_sheets (id, period_id, project_id, juror_id, status, comment, started_at, last_activity_at) VALUES ('7e5716bd-8b70-47f8-a9be-eeb78e496990', 'f8c01197-da4a-4646-a42d-8dc74715e3bc', '20e1dea2-c044-4eca-a288-e444a3d21226', '44e14170-d567-4ad4-a771-cd269d538a2f', 'submitted', 'Strong and consistent effort throughout.', (timestamp '2024-12-12 09:00:00' + interval '3 hours 22 minutes') - interval '30 mins', (timestamp '2024-12-12 09:00:00' + interval '3 hours 22 minutes')) ON CONFLICT DO NOTHING;
INSERT INTO score_sheet_items (id, score_sheet_id, period_criterion_id, score_value) VALUES ('f3525b23-bdc7-4a3b-a660-3f89fbb355b3', '7e5716bd-8b70-47f8-a9be-eeb78e496990', '9ec0420a-7f95-4e3f-ad37-b95948485c65', 20) ON CONFLICT DO NOTHING;
INSERT INTO score_sheet_items (id, score_sheet_id, period_criterion_id, score_value) VALUES ('6f4f3d5b-203c-4223-ad58-d92c7bee4145', '7e5716bd-8b70-47f8-a9be-eeb78e496990', '52f96a98-1ac8-4b6e-aa3c-02ab77905c16', 17) ON CONFLICT DO NOTHING;
INSERT INTO score_sheet_items (id, score_sheet_id, period_criterion_id, score_value) VALUES ('34cea9dc-842a-4d63-ab01-167a93e5e18a', '7e5716bd-8b70-47f8-a9be-eeb78e496990', 'e242e868-2bb7-4869-af4b-7ad480080c56', 16) ON CONFLICT DO NOTHING;
INSERT INTO score_sheet_items (id, score_sheet_id, period_criterion_id, score_value) VALUES ('f4e4122e-d0c3-49e2-ad98-be8717341464', '7e5716bd-8b70-47f8-a9be-eeb78e496990', 'e6928c81-092d-4b96-ada3-5dcf9bab3962', 16) ON CONFLICT DO NOTHING;
INSERT INTO score_sheets (id, period_id, project_id, juror_id, status, comment, started_at, last_activity_at) VALUES ('82cc9ac3-69e9-4d75-a0ad-a5ffb470e928', 'f8c01197-da4a-4646-a42d-8dc74715e3bc', 'fb438ec2-70bc-4426-a617-218fa7d32ee5', '44e14170-d567-4ad4-a771-cd269d538a2f', 'submitted', 'Some brilliant moments alongside notable gaps.', (timestamp '2024-12-12 09:00:00' + interval '14 hours 59 minutes') - interval '30 mins', (timestamp '2024-12-12 09:00:00' + interval '14 hours 59 minutes')) ON CONFLICT DO NOTHING;
INSERT INTO score_sheet_items (id, score_sheet_id, period_criterion_id, score_value) VALUES ('6ca29983-5f9f-4be3-ac93-1cec1b302ae9', '82cc9ac3-69e9-4d75-a0ad-a5ffb470e928', '9ec0420a-7f95-4e3f-ad37-b95948485c65', 16) ON CONFLICT DO NOTHING;
INSERT INTO score_sheet_items (id, score_sheet_id, period_criterion_id, score_value) VALUES ('b5881f44-6687-47c5-a087-d24af9e03fd2', '82cc9ac3-69e9-4d75-a0ad-a5ffb470e928', '52f96a98-1ac8-4b6e-aa3c-02ab77905c16', 23) ON CONFLICT DO NOTHING;
INSERT INTO score_sheet_items (id, score_sheet_id, period_criterion_id, score_value) VALUES ('5a58670e-a5c6-43f4-a15f-c7540c3ca04d', '82cc9ac3-69e9-4d75-a0ad-a5ffb470e928', 'e242e868-2bb7-4869-af4b-7ad480080c56', 12) ON CONFLICT DO NOTHING;
INSERT INTO score_sheet_items (id, score_sheet_id, period_criterion_id, score_value) VALUES ('fc71ac16-6e46-4508-a17a-c74c1fab958b', '82cc9ac3-69e9-4d75-a0ad-a5ffb470e928', 'e6928c81-092d-4b96-ada3-5dcf9bab3962', 12) ON CONFLICT DO NOTHING;
INSERT INTO score_sheets (id, period_id, project_id, juror_id, status, comment, started_at, last_activity_at) VALUES ('eef13a6b-c9ce-4ad8-ad09-941b78c76665', 'f8c01197-da4a-4646-a42d-8dc74715e3bc', '80de3e2f-b76b-44f8-a77b-14a43979c15c', '44e14170-d567-4ad4-a771-cd269d538a2f', 'submitted', 'Adequate but uninspired. More depth needed.', (timestamp '2024-12-12 09:00:00' + interval '15 hours 37 minutes') - interval '30 mins', (timestamp '2024-12-12 09:00:00' + interval '15 hours 37 minutes')) ON CONFLICT DO NOTHING;
INSERT INTO score_sheet_items (id, score_sheet_id, period_criterion_id, score_value) VALUES ('8d22ac65-6a46-4679-a9b8-de44c850f02c', 'eef13a6b-c9ce-4ad8-ad09-941b78c76665', '9ec0420a-7f95-4e3f-ad37-b95948485c65', 16) ON CONFLICT DO NOTHING;
INSERT INTO score_sheet_items (id, score_sheet_id, period_criterion_id, score_value) VALUES ('577e2e9d-d5f2-400f-a0dc-5ff35a472ec3', 'eef13a6b-c9ce-4ad8-ad09-941b78c76665', '52f96a98-1ac8-4b6e-aa3c-02ab77905c16', 16) ON CONFLICT DO NOTHING;
INSERT INTO score_sheet_items (id, score_sheet_id, period_criterion_id, score_value) VALUES ('7f696930-4bfa-4dc6-ac63-8746390aa652', 'eef13a6b-c9ce-4ad8-ad09-941b78c76665', 'e242e868-2bb7-4869-af4b-7ad480080c56', 11) ON CONFLICT DO NOTHING;
INSERT INTO score_sheet_items (id, score_sheet_id, period_criterion_id, score_value) VALUES ('6f25b45f-9f34-4610-aa98-1f80e7045e38', 'eef13a6b-c9ce-4ad8-ad09-941b78c76665', 'e6928c81-092d-4b96-ada3-5dcf9bab3962', 11) ON CONFLICT DO NOTHING;
INSERT INTO score_sheets (id, period_id, project_id, juror_id, status, comment, started_at, last_activity_at) VALUES ('1782595a-b669-4ae3-afe7-77c78fda2604', 'f8c01197-da4a-4646-a42d-8dc74715e3bc', '9a30037c-a13c-43b2-a1d1-f5d936a90409', '44e14170-d567-4ad4-a771-cd269d538a2f', 'submitted', NULL, (timestamp '2024-12-12 09:00:00' + interval '16 hours 53 minutes') - interval '30 mins', (timestamp '2024-12-12 09:00:00' + interval '16 hours 53 minutes')) ON CONFLICT DO NOTHING;
INSERT INTO score_sheet_items (id, score_sheet_id, period_criterion_id, score_value) VALUES ('96ef680e-f9aa-43f8-a24f-4ee8b1c3ccb6', '1782595a-b669-4ae3-afe7-77c78fda2604', '9ec0420a-7f95-4e3f-ad37-b95948485c65', 17) ON CONFLICT DO NOTHING;
INSERT INTO score_sheet_items (id, score_sheet_id, period_criterion_id, score_value) VALUES ('83828780-b3ab-445d-a7c7-d00940481900', '1782595a-b669-4ae3-afe7-77c78fda2604', '52f96a98-1ac8-4b6e-aa3c-02ab77905c16', 16) ON CONFLICT DO NOTHING;
INSERT INTO score_sheet_items (id, score_sheet_id, period_criterion_id, score_value) VALUES ('c206e597-4f31-42ed-a924-c57fc6d23590', '1782595a-b669-4ae3-afe7-77c78fda2604', 'e242e868-2bb7-4869-af4b-7ad480080c56', 15) ON CONFLICT DO NOTHING;
INSERT INTO score_sheet_items (id, score_sheet_id, period_criterion_id, score_value) VALUES ('148da131-82c9-42ee-ac6c-c2e24ba47aeb', '1782595a-b669-4ae3-afe7-77c78fda2604', 'e6928c81-092d-4b96-ada3-5dcf9bab3962', 13) ON CONFLICT DO NOTHING;
INSERT INTO score_sheets (id, period_id, project_id, juror_id, status, comment, started_at, last_activity_at) VALUES ('4ca4d5d6-3195-42b2-acbf-ee39dbfaf8b0', 'f8c01197-da4a-4646-a42d-8dc74715e3bc', 'd50def54-dadb-4116-a17c-0f309bbb2e5a', '44e14170-d567-4ad4-a771-cd269d538a2f', 'submitted', NULL, (timestamp '2024-12-12 09:00:00' + interval '7 hours 17 minutes') - interval '30 mins', (timestamp '2024-12-12 09:00:00' + interval '7 hours 17 minutes')) ON CONFLICT DO NOTHING;
INSERT INTO score_sheet_items (id, score_sheet_id, period_criterion_id, score_value) VALUES ('c7568539-26b0-4802-a7c9-e6be183f4d1b', '4ca4d5d6-3195-42b2-acbf-ee39dbfaf8b0', '9ec0420a-7f95-4e3f-ad37-b95948485c65', 16) ON CONFLICT DO NOTHING;
INSERT INTO score_sheet_items (id, score_sheet_id, period_criterion_id, score_value) VALUES ('17f597be-63e4-4bca-ac7f-9f85715d678c', '4ca4d5d6-3195-42b2-acbf-ee39dbfaf8b0', '52f96a98-1ac8-4b6e-aa3c-02ab77905c16', 16) ON CONFLICT DO NOTHING;
INSERT INTO score_sheet_items (id, score_sheet_id, period_criterion_id, score_value) VALUES ('ee82066b-6bad-49f5-a2ca-a04dd576c4e0', '4ca4d5d6-3195-42b2-acbf-ee39dbfaf8b0', 'e242e868-2bb7-4869-af4b-7ad480080c56', 14) ON CONFLICT DO NOTHING;
INSERT INTO score_sheet_items (id, score_sheet_id, period_criterion_id, score_value) VALUES ('f2e27e0b-16e0-48c7-a0c2-8fddf6ec03b7', '4ca4d5d6-3195-42b2-acbf-ee39dbfaf8b0', 'e6928c81-092d-4b96-ada3-5dcf9bab3962', 11) ON CONFLICT DO NOTHING;
INSERT INTO score_sheets (id, period_id, project_id, juror_id, status, comment, started_at, last_activity_at) VALUES ('8acff2a7-ce30-4a0e-a548-eb472c7b5b31', 'f8c01197-da4a-4646-a42d-8dc74715e3bc', 'd716c53c-18e0-4a50-a4b5-37770e2326a3', 'c8a52987-c3a6-4368-a31c-a2f6566399f1', 'submitted', NULL, (timestamp '2024-12-12 09:00:00' + interval '13 hours 54 minutes') - interval '30 mins', (timestamp '2024-12-12 09:00:00' + interval '13 hours 54 minutes')) ON CONFLICT DO NOTHING;
INSERT INTO score_sheet_items (id, score_sheet_id, period_criterion_id, score_value) VALUES ('032cd004-93ce-4f6b-a96b-625d7ebbd609', '8acff2a7-ce30-4a0e-a548-eb472c7b5b31', '9ec0420a-7f95-4e3f-ad37-b95948485c65', 23) ON CONFLICT DO NOTHING;
INSERT INTO score_sheet_items (id, score_sheet_id, period_criterion_id, score_value) VALUES ('152cde46-b4a0-4d9c-a516-45c9bc3dee8e', '8acff2a7-ce30-4a0e-a548-eb472c7b5b31', '52f96a98-1ac8-4b6e-aa3c-02ab77905c16', 25) ON CONFLICT DO NOTHING;
INSERT INTO score_sheet_items (id, score_sheet_id, period_criterion_id, score_value) VALUES ('4398020e-6cd5-4b57-a649-aca3bf4f8ab7', '8acff2a7-ce30-4a0e-a548-eb472c7b5b31', 'e242e868-2bb7-4869-af4b-7ad480080c56', 20) ON CONFLICT DO NOTHING;
INSERT INTO score_sheet_items (id, score_sheet_id, period_criterion_id, score_value) VALUES ('2f412bb8-578d-4e6d-a2b9-1b431e613883', '8acff2a7-ce30-4a0e-a548-eb472c7b5b31', 'e6928c81-092d-4b96-ada3-5dcf9bab3962', 19) ON CONFLICT DO NOTHING;
INSERT INTO score_sheets (id, period_id, project_id, juror_id, status, comment, started_at, last_activity_at) VALUES ('1274d864-5dce-4f3e-a2e4-f10e709315c0', 'f8c01197-da4a-4646-a42d-8dc74715e3bc', '20e1dea2-c044-4eca-a288-e444a3d21226', 'c8a52987-c3a6-4368-a31c-a2f6566399f1', 'submitted', 'Reliable execution and thorough documentation.', (timestamp '2024-12-12 09:00:00' + interval '15 hours 31 minutes') - interval '30 mins', (timestamp '2024-12-12 09:00:00' + interval '15 hours 31 minutes')) ON CONFLICT DO NOTHING;
INSERT INTO score_sheet_items (id, score_sheet_id, period_criterion_id, score_value) VALUES ('38f0ad74-a6c5-4f00-a7dc-6124ef46e3ef', '1274d864-5dce-4f3e-a2e4-f10e709315c0', '9ec0420a-7f95-4e3f-ad37-b95948485c65', 19) ON CONFLICT DO NOTHING;
INSERT INTO score_sheet_items (id, score_sheet_id, period_criterion_id, score_value) VALUES ('73d9cb98-bc26-428a-ab98-605df9e7d64c', '1274d864-5dce-4f3e-a2e4-f10e709315c0', '52f96a98-1ac8-4b6e-aa3c-02ab77905c16', 20) ON CONFLICT DO NOTHING;
INSERT INTO score_sheet_items (id, score_sheet_id, period_criterion_id, score_value) VALUES ('71b18a89-f8d9-4018-a403-798b598d0994', '1274d864-5dce-4f3e-a2e4-f10e709315c0', 'e242e868-2bb7-4869-af4b-7ad480080c56', 16) ON CONFLICT DO NOTHING;
INSERT INTO score_sheet_items (id, score_sheet_id, period_criterion_id, score_value) VALUES ('39c29c89-ce15-4508-a65d-ab9658ef1fae', '1274d864-5dce-4f3e-a2e4-f10e709315c0', 'e6928c81-092d-4b96-ada3-5dcf9bab3962', 17) ON CONFLICT DO NOTHING;
INSERT INTO score_sheets (id, period_id, project_id, juror_id, status, comment, started_at, last_activity_at) VALUES ('f1d4aa6c-0c9a-445c-a6d5-42d30d659703', 'f8c01197-da4a-4646-a42d-8dc74715e3bc', 'fb438ec2-70bc-4426-a617-218fa7d32ee5', 'c8a52987-c3a6-4368-a31c-a2f6566399f1', 'submitted', 'Uneven — strong in certain areas but inconsistent.', (timestamp '2024-12-12 09:00:00' + interval '12 hours 38 minutes') - interval '30 mins', (timestamp '2024-12-12 09:00:00' + interval '12 hours 38 minutes')) ON CONFLICT DO NOTHING;
INSERT INTO score_sheet_items (id, score_sheet_id, period_criterion_id, score_value) VALUES ('75266c90-163f-4c45-a32e-2e0c5b8b3abd', 'f1d4aa6c-0c9a-445c-a6d5-42d30d659703', '9ec0420a-7f95-4e3f-ad37-b95948485c65', 24) ON CONFLICT DO NOTHING;
INSERT INTO score_sheet_items (id, score_sheet_id, period_criterion_id, score_value) VALUES ('97f8ce2a-fc0a-469a-a8a4-e60a2a9be7c5', 'f1d4aa6c-0c9a-445c-a6d5-42d30d659703', '52f96a98-1ac8-4b6e-aa3c-02ab77905c16', 21) ON CONFLICT DO NOTHING;
INSERT INTO score_sheet_items (id, score_sheet_id, period_criterion_id, score_value) VALUES ('d320d096-7781-4235-aea6-4d4c9984463b', 'f1d4aa6c-0c9a-445c-a6d5-42d30d659703', 'e242e868-2bb7-4869-af4b-7ad480080c56', 14) ON CONFLICT DO NOTHING;
INSERT INTO score_sheet_items (id, score_sheet_id, period_criterion_id, score_value) VALUES ('ae515c18-65f9-4b40-aebe-8279d8c09833', 'f1d4aa6c-0c9a-445c-a6d5-42d30d659703', 'e6928c81-092d-4b96-ada3-5dcf9bab3962', 14) ON CONFLICT DO NOTHING;
INSERT INTO score_sheets (id, period_id, project_id, juror_id, status, comment, started_at, last_activity_at) VALUES ('8f3809e0-32b4-404b-adef-6424ddc82434', 'f8c01197-da4a-4646-a42d-8dc74715e3bc', '80de3e2f-b76b-44f8-a77b-14a43979c15c', 'c8a52987-c3a6-4368-a31c-a2f6566399f1', 'submitted', 'Adequate but uninspired. More depth needed.', (timestamp '2024-12-12 09:00:00' + interval '14 hours 37 minutes') - interval '30 mins', (timestamp '2024-12-12 09:00:00' + interval '14 hours 37 minutes')) ON CONFLICT DO NOTHING;
INSERT INTO score_sheet_items (id, score_sheet_id, period_criterion_id, score_value) VALUES ('5aa54f66-1c10-4042-a66a-3d3bca905874', '8f3809e0-32b4-404b-adef-6424ddc82434', '9ec0420a-7f95-4e3f-ad37-b95948485c65', 17) ON CONFLICT DO NOTHING;
INSERT INTO score_sheet_items (id, score_sheet_id, period_criterion_id, score_value) VALUES ('198e453a-ad89-480a-aefd-2b526a2bd514', '8f3809e0-32b4-404b-adef-6424ddc82434', '52f96a98-1ac8-4b6e-aa3c-02ab77905c16', 17) ON CONFLICT DO NOTHING;
INSERT INTO score_sheet_items (id, score_sheet_id, period_criterion_id, score_value) VALUES ('0de66934-c8b9-4e71-a850-596371501bf9', '8f3809e0-32b4-404b-adef-6424ddc82434', 'e242e868-2bb7-4869-af4b-7ad480080c56', 12) ON CONFLICT DO NOTHING;
INSERT INTO score_sheet_items (id, score_sheet_id, period_criterion_id, score_value) VALUES ('5fe3552b-cdcf-469b-a494-05a4bd2da5d0', '8f3809e0-32b4-404b-adef-6424ddc82434', 'e6928c81-092d-4b96-ada3-5dcf9bab3962', 14) ON CONFLICT DO NOTHING;
INSERT INTO score_sheets (id, period_id, project_id, juror_id, status, comment, started_at, last_activity_at) VALUES ('12bfa110-226a-438f-aa8e-a3dca20abe71', 'f8c01197-da4a-4646-a42d-8dc74715e3bc', '9a30037c-a13c-43b2-a1d1-f5d936a90409', 'c8a52987-c3a6-4368-a31c-a2f6566399f1', 'submitted', NULL, (timestamp '2024-12-12 09:00:00' + interval '5 hours 33 minutes') - interval '30 mins', (timestamp '2024-12-12 09:00:00' + interval '5 hours 33 minutes')) ON CONFLICT DO NOTHING;
INSERT INTO score_sheet_items (id, score_sheet_id, period_criterion_id, score_value) VALUES ('3b4a3ec6-c3d0-4e01-aa11-9e58e261d105', '12bfa110-226a-438f-aa8e-a3dca20abe71', '9ec0420a-7f95-4e3f-ad37-b95948485c65', 18) ON CONFLICT DO NOTHING;
INSERT INTO score_sheet_items (id, score_sheet_id, period_criterion_id, score_value) VALUES ('1efc1b70-b85c-4e25-acdb-efa0ab96c3a0', '12bfa110-226a-438f-aa8e-a3dca20abe71', '52f96a98-1ac8-4b6e-aa3c-02ab77905c16', 19) ON CONFLICT DO NOTHING;
INSERT INTO score_sheet_items (id, score_sheet_id, period_criterion_id, score_value) VALUES ('f528ae85-ddef-4ca2-a310-ca06882fe1ff', '12bfa110-226a-438f-aa8e-a3dca20abe71', 'e242e868-2bb7-4869-af4b-7ad480080c56', 15) ON CONFLICT DO NOTHING;
INSERT INTO score_sheet_items (id, score_sheet_id, period_criterion_id, score_value) VALUES ('0ff749eb-20ff-4467-ab1a-486fdeb69414', '12bfa110-226a-438f-aa8e-a3dca20abe71', 'e6928c81-092d-4b96-ada3-5dcf9bab3962', 14) ON CONFLICT DO NOTHING;
INSERT INTO score_sheets (id, period_id, project_id, juror_id, status, comment, started_at, last_activity_at) VALUES ('9e14e0c9-4593-4977-aeba-ab6e8f84e8bb', 'f8c01197-da4a-4646-a42d-8dc74715e3bc', 'd50def54-dadb-4116-a17c-0f309bbb2e5a', 'c8a52987-c3a6-4368-a31c-a2f6566399f1', 'submitted', NULL, (timestamp '2024-12-12 09:00:00' + interval '17 hours 36 minutes') - interval '30 mins', (timestamp '2024-12-12 09:00:00' + interval '17 hours 36 minutes')) ON CONFLICT DO NOTHING;
INSERT INTO score_sheet_items (id, score_sheet_id, period_criterion_id, score_value) VALUES ('bc36b747-8efa-4b9a-a26c-81e988f1fb53', '9e14e0c9-4593-4977-aeba-ab6e8f84e8bb', '9ec0420a-7f95-4e3f-ad37-b95948485c65', 18) ON CONFLICT DO NOTHING;
INSERT INTO score_sheet_items (id, score_sheet_id, period_criterion_id, score_value) VALUES ('46bfccba-bb46-4a3b-a633-3b7b0202e09d', '9e14e0c9-4593-4977-aeba-ab6e8f84e8bb', '52f96a98-1ac8-4b6e-aa3c-02ab77905c16', 15) ON CONFLICT DO NOTHING;
INSERT INTO score_sheet_items (id, score_sheet_id, period_criterion_id, score_value) VALUES ('6100d68b-cf1b-43e9-a2b1-ad23009e51db', '9e14e0c9-4593-4977-aeba-ab6e8f84e8bb', 'e242e868-2bb7-4869-af4b-7ad480080c56', 14) ON CONFLICT DO NOTHING;
INSERT INTO score_sheet_items (id, score_sheet_id, period_criterion_id, score_value) VALUES ('d7f09d42-6aeb-4b80-a4c7-97835cb1474b', '9e14e0c9-4593-4977-aeba-ab6e8f84e8bb', 'e6928c81-092d-4b96-ada3-5dcf9bab3962', 11) ON CONFLICT DO NOTHING;
INSERT INTO score_sheets (id, period_id, project_id, juror_id, status, comment, started_at, last_activity_at) VALUES ('4880f8c1-c349-45d0-a488-9a687a14c66a', 'e77bf882-fc32-461c-acab-6ee1696df0c7', '3b8b2e62-bc66-4c8c-ad14-371049c8204e', 'cec22180-51e9-4924-a2d0-6bca4aeb0028', 'submitted', NULL, (timestamp '2026-07-10 09:00:00' + interval '8 hours 14 minutes') - interval '30 mins', (timestamp '2026-07-10 09:00:00' + interval '8 hours 14 minutes')) ON CONFLICT DO NOTHING;
INSERT INTO score_sheet_items (id, score_sheet_id, period_criterion_id, score_value) VALUES ('4044f792-0217-4ffa-a23a-50472564c1d1', '4880f8c1-c349-45d0-a488-9a687a14c66a', '3827321e-25d3-4ec5-ab6a-d8fb8d5f65fd', 23) ON CONFLICT DO NOTHING;
INSERT INTO score_sheet_items (id, score_sheet_id, period_criterion_id, score_value) VALUES ('66f17291-381d-4995-af01-9b26bbd4e244', '4880f8c1-c349-45d0-a488-9a687a14c66a', 'c561d84a-3cda-4605-a33c-1ceb37ebed21', 26) ON CONFLICT DO NOTHING;
INSERT INTO score_sheet_items (id, score_sheet_id, period_criterion_id, score_value) VALUES ('0e4981e1-e38f-4f70-a34c-6b7470de6159', '4880f8c1-c349-45d0-a488-9a687a14c66a', 'e10f1abe-f5f6-4530-ac12-708e65ef8c8f', 26) ON CONFLICT DO NOTHING;
INSERT INTO score_sheet_items (id, score_sheet_id, period_criterion_id, score_value) VALUES ('436eb997-8ca1-4eea-a0b1-a5a782731f8b', '4880f8c1-c349-45d0-a488-9a687a14c66a', 'cf788ee1-eb7f-4aad-a0f7-4b6a6fcb8164', 13) ON CONFLICT DO NOTHING;
INSERT INTO score_sheets (id, period_id, project_id, juror_id, status, comment, started_at, last_activity_at) VALUES ('4ef8ee68-4295-4f40-a988-da4fa86dfaf6', 'e77bf882-fc32-461c-acab-6ee1696df0c7', 'c23aa93d-d7c4-4b82-aee5-2d857b47638c', 'cec22180-51e9-4924-a2d0-6bca4aeb0028', 'submitted', 'Gerçek anlamda yenilikçi. Büyük ustalık sergilendi.', (timestamp '2026-07-10 09:00:00' + interval '31 hours 50 minutes') - interval '30 mins', (timestamp '2026-07-10 09:00:00' + interval '31 hours 50 minutes')) ON CONFLICT DO NOTHING;
INSERT INTO score_sheet_items (id, score_sheet_id, period_criterion_id, score_value) VALUES ('4f2304b9-778d-46f9-a2e3-a911493d3ec1', '4ef8ee68-4295-4f40-a988-da4fa86dfaf6', '3827321e-25d3-4ec5-ab6a-d8fb8d5f65fd', 24) ON CONFLICT DO NOTHING;
INSERT INTO score_sheet_items (id, score_sheet_id, period_criterion_id, score_value) VALUES ('39ea118f-80f3-4870-aabc-fa0371936b00', '4ef8ee68-4295-4f40-a988-da4fa86dfaf6', 'c561d84a-3cda-4605-a33c-1ceb37ebed21', 26) ON CONFLICT DO NOTHING;
INSERT INTO score_sheet_items (id, score_sheet_id, period_criterion_id, score_value) VALUES ('a05116ee-6cdb-4120-a082-c7bb53d9e3f4', '4ef8ee68-4295-4f40-a988-da4fa86dfaf6', 'e10f1abe-f5f6-4530-ac12-708e65ef8c8f', 25) ON CONFLICT DO NOTHING;
INSERT INTO score_sheet_items (id, score_sheet_id, period_criterion_id, score_value) VALUES ('078f5f01-3be6-4399-a802-bed37921d711', '4ef8ee68-4295-4f40-a988-da4fa86dfaf6', 'cf788ee1-eb7f-4aad-a0f7-4b6a6fcb8164', 13) ON CONFLICT DO NOTHING;
INSERT INTO score_sheets (id, period_id, project_id, juror_id, status, comment, started_at, last_activity_at) VALUES ('20c02fd1-af14-41ad-ac9d-be4aa685924e', 'e77bf882-fc32-461c-acab-6ee1696df0c7', '1b122688-dc8e-467d-aa9d-16a7c8dbd1a8', 'cec22180-51e9-4924-a2d0-6bca4aeb0028', 'submitted', NULL, (timestamp '2026-07-10 09:00:00' + interval '4 hours 15 minutes') - interval '30 mins', (timestamp '2026-07-10 09:00:00' + interval '4 hours 15 minutes')) ON CONFLICT DO NOTHING;
INSERT INTO score_sheet_items (id, score_sheet_id, period_criterion_id, score_value) VALUES ('729d3d12-313b-41a6-ac58-1550ce4bf8fd', '20c02fd1-af14-41ad-ac9d-be4aa685924e', '3827321e-25d3-4ec5-ab6a-d8fb8d5f65fd', 18) ON CONFLICT DO NOTHING;
INSERT INTO score_sheet_items (id, score_sheet_id, period_criterion_id, score_value) VALUES ('e2d95a82-8e39-40bf-abe8-48a91222dcd5', '20c02fd1-af14-41ad-ac9d-be4aa685924e', 'c561d84a-3cda-4605-a33c-1ceb37ebed21', 23) ON CONFLICT DO NOTHING;
INSERT INTO score_sheet_items (id, score_sheet_id, period_criterion_id, score_value) VALUES ('7d800fb8-bc78-46f3-ab1f-46f7a346a78f', '20c02fd1-af14-41ad-ac9d-be4aa685924e', 'e10f1abe-f5f6-4530-ac12-708e65ef8c8f', 24) ON CONFLICT DO NOTHING;
INSERT INTO score_sheet_items (id, score_sheet_id, period_criterion_id, score_value) VALUES ('b5d98ce8-b8b7-431a-a977-69339ac7af73', '20c02fd1-af14-41ad-ac9d-be4aa685924e', 'cf788ee1-eb7f-4aad-a0f7-4b6a6fcb8164', 11) ON CONFLICT DO NOTHING;
INSERT INTO score_sheets (id, period_id, project_id, juror_id, status, comment, started_at, last_activity_at) VALUES ('9b97bb24-e680-496d-af85-df0c55115335', 'e77bf882-fc32-461c-acab-6ee1696df0c7', 'c900eb14-5b94-461b-ac3d-f2a9075269b6', 'cec22180-51e9-4924-a2d0-6bca4aeb0028', 'submitted', 'İyi düzeyde teknik çalışma ve dokümantasyon.', (timestamp '2026-07-10 09:00:00' + interval '51 hours 7 minutes') - interval '30 mins', (timestamp '2026-07-10 09:00:00' + interval '51 hours 7 minutes')) ON CONFLICT DO NOTHING;
INSERT INTO score_sheet_items (id, score_sheet_id, period_criterion_id, score_value) VALUES ('cc9def6c-a848-4014-aecd-5060ee797be5', '9b97bb24-e680-496d-af85-df0c55115335', '3827321e-25d3-4ec5-ab6a-d8fb8d5f65fd', 21) ON CONFLICT DO NOTHING;
INSERT INTO score_sheet_items (id, score_sheet_id, period_criterion_id, score_value) VALUES ('0bbb63a0-34c9-460d-aff6-597fb6af0f2c', '9b97bb24-e680-496d-af85-df0c55115335', 'c561d84a-3cda-4605-a33c-1ceb37ebed21', 24) ON CONFLICT DO NOTHING;
INSERT INTO score_sheet_items (id, score_sheet_id, period_criterion_id, score_value) VALUES ('ce415e9a-fcb6-4014-a94d-04cf24957785', '9b97bb24-e680-496d-af85-df0c55115335', 'e10f1abe-f5f6-4530-ac12-708e65ef8c8f', 22) ON CONFLICT DO NOTHING;
INSERT INTO score_sheet_items (id, score_sheet_id, period_criterion_id, score_value) VALUES ('85701c80-783c-4bac-aba1-a303b6cdb320', '9b97bb24-e680-496d-af85-df0c55115335', 'cf788ee1-eb7f-4aad-a0f7-4b6a6fcb8164', 12) ON CONFLICT DO NOTHING;
INSERT INTO score_sheets (id, period_id, project_id, juror_id, status, comment, started_at, last_activity_at) VALUES ('6382882e-e820-431c-a478-ffeb31bb2ea9', 'e77bf882-fc32-461c-acab-6ee1696df0c7', 'ba5787ab-8196-4453-afd3-2e47c5185fb8', 'cec22180-51e9-4924-a2d0-6bca4aeb0028', 'submitted', 'Dengeli ve tutarlı bir proje. Zayıf nokta yok.', (timestamp '2026-07-10 09:00:00' + interval '57 hours 31 minutes') - interval '30 mins', (timestamp '2026-07-10 09:00:00' + interval '57 hours 31 minutes')) ON CONFLICT DO NOTHING;
INSERT INTO score_sheet_items (id, score_sheet_id, period_criterion_id, score_value) VALUES ('40e19a93-2c08-4987-ae82-857edc6979e1', '6382882e-e820-431c-a478-ffeb31bb2ea9', '3827321e-25d3-4ec5-ab6a-d8fb8d5f65fd', 19) ON CONFLICT DO NOTHING;
INSERT INTO score_sheet_items (id, score_sheet_id, period_criterion_id, score_value) VALUES ('50a00e85-7eb4-4f28-a25a-23fbc29aef86', '6382882e-e820-431c-a478-ffeb31bb2ea9', 'c561d84a-3cda-4605-a33c-1ceb37ebed21', 24) ON CONFLICT DO NOTHING;
INSERT INTO score_sheet_items (id, score_sheet_id, period_criterion_id, score_value) VALUES ('bba340fe-c444-433e-af85-e99412e55f9c', '6382882e-e820-431c-a478-ffeb31bb2ea9', 'e10f1abe-f5f6-4530-ac12-708e65ef8c8f', 23) ON CONFLICT DO NOTHING;
INSERT INTO score_sheet_items (id, score_sheet_id, period_criterion_id, score_value) VALUES ('ea8b2f7b-31f7-4543-a73c-5ad89344d46a', '6382882e-e820-431c-a478-ffeb31bb2ea9', 'cf788ee1-eb7f-4aad-a0f7-4b6a6fcb8164', 13) ON CONFLICT DO NOTHING;
INSERT INTO score_sheets (id, period_id, project_id, juror_id, status, comment, started_at, last_activity_at) VALUES ('361eed47-d850-4009-a31c-2c9a3158b009', 'e77bf882-fc32-461c-acab-6ee1696df0c7', 'f4598c38-54f6-4ba5-a63e-aa6efde3bd7f', 'cec22180-51e9-4924-a2d0-6bca4aeb0028', 'submitted', 'Bazı parlak anlar var ama tutarsız performans.', (timestamp '2026-07-10 09:00:00' + interval '49 hours 2 minutes') - interval '30 mins', (timestamp '2026-07-10 09:00:00' + interval '49 hours 2 minutes')) ON CONFLICT DO NOTHING;
INSERT INTO score_sheet_items (id, score_sheet_id, period_criterion_id, score_value) VALUES ('78bfbc74-407e-43b6-ae80-7f15eb017a0d', '361eed47-d850-4009-a31c-2c9a3158b009', '3827321e-25d3-4ec5-ab6a-d8fb8d5f65fd', 12) ON CONFLICT DO NOTHING;
INSERT INTO score_sheet_items (id, score_sheet_id, period_criterion_id, score_value) VALUES ('3cf273b4-b3f2-4b7f-a59e-357addee72a7', '361eed47-d850-4009-a31c-2c9a3158b009', 'c561d84a-3cda-4605-a33c-1ceb37ebed21', 25) ON CONFLICT DO NOTHING;
INSERT INTO score_sheet_items (id, score_sheet_id, period_criterion_id, score_value) VALUES ('2d159ba9-4c59-40cb-aedf-75a67254c2ad', '361eed47-d850-4009-a31c-2c9a3158b009', 'e10f1abe-f5f6-4530-ac12-708e65ef8c8f', 22) ON CONFLICT DO NOTHING;
INSERT INTO score_sheet_items (id, score_sheet_id, period_criterion_id, score_value) VALUES ('5f5b3f0c-e6d6-4adb-ad67-bbf009e39ade', '361eed47-d850-4009-a31c-2c9a3158b009', 'cf788ee1-eb7f-4aad-a0f7-4b6a6fcb8164', 14) ON CONFLICT DO NOTHING;
INSERT INTO score_sheets (id, period_id, project_id, juror_id, status, comment, started_at, last_activity_at) VALUES ('34d6fe1b-c7f4-4aa4-a915-8cc02d828134', 'e77bf882-fc32-461c-acab-6ee1696df0c7', 'f070dfb9-ff90-4539-afcd-c4d7c6106e95', 'cec22180-51e9-4924-a2d0-6bca4aeb0028', 'submitted', 'Mühendislik derinliği iyi ancak iletişim geliştirilmeli.', (timestamp '2026-07-10 09:00:00' + interval '5 hours 40 minutes') - interval '30 mins', (timestamp '2026-07-10 09:00:00' + interval '5 hours 40 minutes')) ON CONFLICT DO NOTHING;
INSERT INTO score_sheet_items (id, score_sheet_id, period_criterion_id, score_value) VALUES ('b020e76a-efec-4098-a937-7704d09378f4', '34d6fe1b-c7f4-4aa4-a915-8cc02d828134', '3827321e-25d3-4ec5-ab6a-d8fb8d5f65fd', 22) ON CONFLICT DO NOTHING;
INSERT INTO score_sheet_items (id, score_sheet_id, period_criterion_id, score_value) VALUES ('ea98f4f9-d108-4e4d-a657-c4e8213b0c6d', '34d6fe1b-c7f4-4aa4-a915-8cc02d828134', 'c561d84a-3cda-4605-a33c-1ceb37ebed21', 26) ON CONFLICT DO NOTHING;
INSERT INTO score_sheet_items (id, score_sheet_id, period_criterion_id, score_value) VALUES ('7664c851-2641-45f0-ac2d-3648259b9b9e', '34d6fe1b-c7f4-4aa4-a915-8cc02d828134', 'e10f1abe-f5f6-4530-ac12-708e65ef8c8f', 26) ON CONFLICT DO NOTHING;
INSERT INTO score_sheet_items (id, score_sheet_id, period_criterion_id, score_value) VALUES ('355d180e-c47d-4367-a3d9-e818f98c83d4', '34d6fe1b-c7f4-4aa4-a915-8cc02d828134', 'cf788ee1-eb7f-4aad-a0f7-4b6a6fcb8164', 13) ON CONFLICT DO NOTHING;
INSERT INTO score_sheets (id, period_id, project_id, juror_id, status, comment, started_at, last_activity_at) VALUES ('8afb9d1d-0164-499b-a196-39f3fd22e234', 'e77bf882-fc32-461c-acab-6ee1696df0c7', 'd32ea345-fbd3-4767-aacd-31c6b37a6a22', 'cec22180-51e9-4924-a2d0-6bca4aeb0028', 'in_progress', NULL, (timestamp '2026-07-10 09:00:00' + interval '47 hours 42 minutes') - interval '30 mins', (timestamp '2026-07-10 09:00:00' + interval '47 hours 42 minutes')) ON CONFLICT DO NOTHING;
INSERT INTO score_sheet_items (id, score_sheet_id, period_criterion_id, score_value) VALUES ('697f9c48-67bc-4706-aa4a-c10619ea40e2', '8afb9d1d-0164-499b-a196-39f3fd22e234', '3827321e-25d3-4ec5-ab6a-d8fb8d5f65fd', 21) ON CONFLICT DO NOTHING;
INSERT INTO score_sheet_items (id, score_sheet_id, period_criterion_id, score_value) VALUES ('1ebfc594-1562-4b36-a160-c45249a24a85', '8afb9d1d-0164-499b-a196-39f3fd22e234', 'c561d84a-3cda-4605-a33c-1ceb37ebed21', 25) ON CONFLICT DO NOTHING;
INSERT INTO score_sheets (id, period_id, project_id, juror_id, status, comment, started_at, last_activity_at) VALUES ('0a4c3f63-e74b-4be6-a505-2ef3533441a5', 'e77bf882-fc32-461c-acab-6ee1696df0c7', '3b8b2e62-bc66-4c8c-ad14-371049c8204e', '27eea0b5-10e7-42eb-a739-4082ace54aa0', 'submitted', 'Gerçek anlamda yenilikçi. Büyük ustalık sergilendi.', (timestamp '2026-07-10 09:00:00' + interval '5 hours 19 minutes') - interval '30 mins', (timestamp '2026-07-10 09:00:00' + interval '5 hours 19 minutes')) ON CONFLICT DO NOTHING;
INSERT INTO score_sheet_items (id, score_sheet_id, period_criterion_id, score_value) VALUES ('acc60c95-09da-4667-a01c-fbf0763ba0d9', '0a4c3f63-e74b-4be6-a505-2ef3533441a5', '3827321e-25d3-4ec5-ab6a-d8fb8d5f65fd', 22) ON CONFLICT DO NOTHING;
INSERT INTO score_sheet_items (id, score_sheet_id, period_criterion_id, score_value) VALUES ('efd0821e-9794-42a6-a56e-5374be9f3a19', '0a4c3f63-e74b-4be6-a505-2ef3533441a5', 'c561d84a-3cda-4605-a33c-1ceb37ebed21', 28) ON CONFLICT DO NOTHING;
INSERT INTO score_sheet_items (id, score_sheet_id, period_criterion_id, score_value) VALUES ('a20b49ae-5f01-431f-a892-b6b154969639', '0a4c3f63-e74b-4be6-a505-2ef3533441a5', 'e10f1abe-f5f6-4530-ac12-708e65ef8c8f', 28) ON CONFLICT DO NOTHING;
INSERT INTO score_sheet_items (id, score_sheet_id, period_criterion_id, score_value) VALUES ('cf1389f1-6e76-4464-a791-81cc550e7c7d', '0a4c3f63-e74b-4be6-a505-2ef3533441a5', 'cf788ee1-eb7f-4aad-a0f7-4b6a6fcb8164', 13) ON CONFLICT DO NOTHING;
INSERT INTO score_sheets (id, period_id, project_id, juror_id, status, comment, started_at, last_activity_at) VALUES ('c3232e15-4f1b-4491-abee-c218eb2ff50b', 'e77bf882-fc32-461c-acab-6ee1696df0c7', 'c23aa93d-d7c4-4b82-aee5-2d857b47638c', '27eea0b5-10e7-42eb-a739-4082ace54aa0', 'submitted', 'Teknik derinlik ve profesyonel sunum açısından çok başarılı.', (timestamp '2026-07-10 09:00:00' + interval '54 hours 37 minutes') - interval '30 mins', (timestamp '2026-07-10 09:00:00' + interval '54 hours 37 minutes')) ON CONFLICT DO NOTHING;
INSERT INTO score_sheet_items (id, score_sheet_id, period_criterion_id, score_value) VALUES ('a030b131-1257-4cee-ab3f-ef98775b3791', 'c3232e15-4f1b-4491-abee-c218eb2ff50b', '3827321e-25d3-4ec5-ab6a-d8fb8d5f65fd', 23) ON CONFLICT DO NOTHING;
INSERT INTO score_sheet_items (id, score_sheet_id, period_criterion_id, score_value) VALUES ('371f7d0a-14e6-4103-a33e-483ca5b6c516', 'c3232e15-4f1b-4491-abee-c218eb2ff50b', 'c561d84a-3cda-4605-a33c-1ceb37ebed21', 28) ON CONFLICT DO NOTHING;
INSERT INTO score_sheet_items (id, score_sheet_id, period_criterion_id, score_value) VALUES ('4c0083c8-8cb9-4955-aa8c-fdc41f09a454', 'c3232e15-4f1b-4491-abee-c218eb2ff50b', 'e10f1abe-f5f6-4530-ac12-708e65ef8c8f', 30) ON CONFLICT DO NOTHING;
INSERT INTO score_sheet_items (id, score_sheet_id, period_criterion_id, score_value) VALUES ('d56e79f2-d6a1-4ddb-af64-805c075b4e1e', 'c3232e15-4f1b-4491-abee-c218eb2ff50b', 'cf788ee1-eb7f-4aad-a0f7-4b6a6fcb8164', 14) ON CONFLICT DO NOTHING;
INSERT INTO score_sheets (id, period_id, project_id, juror_id, status, comment, started_at, last_activity_at) VALUES ('b983d43f-15a3-4b06-af01-16b4c9c67274', 'e77bf882-fc32-461c-acab-6ee1696df0c7', '1b122688-dc8e-467d-aa9d-16a7c8dbd1a8', '27eea0b5-10e7-42eb-a739-4082ace54aa0', 'submitted', NULL, (timestamp '2026-07-10 09:00:00' + interval '20 hours 11 minutes') - interval '30 mins', (timestamp '2026-07-10 09:00:00' + interval '20 hours 11 minutes')) ON CONFLICT DO NOTHING;
INSERT INTO score_sheet_items (id, score_sheet_id, period_criterion_id, score_value) VALUES ('909fbd59-03d2-4901-a52d-85b4666c965c', 'b983d43f-15a3-4b06-af01-16b4c9c67274', '3827321e-25d3-4ec5-ab6a-d8fb8d5f65fd', 19) ON CONFLICT DO NOTHING;
INSERT INTO score_sheet_items (id, score_sheet_id, period_criterion_id, score_value) VALUES ('b608d690-86ff-42d8-a948-e0d03b5ca4ed', 'b983d43f-15a3-4b06-af01-16b4c9c67274', 'c561d84a-3cda-4605-a33c-1ceb37ebed21', 26) ON CONFLICT DO NOTHING;
INSERT INTO score_sheet_items (id, score_sheet_id, period_criterion_id, score_value) VALUES ('235cef3e-0924-4b43-aefd-eadddd84052e', 'b983d43f-15a3-4b06-af01-16b4c9c67274', 'e10f1abe-f5f6-4530-ac12-708e65ef8c8f', 24) ON CONFLICT DO NOTHING;
INSERT INTO score_sheet_items (id, score_sheet_id, period_criterion_id, score_value) VALUES ('ffb19826-618d-4963-ad8c-503b5e6651a2', 'b983d43f-15a3-4b06-af01-16b4c9c67274', 'cf788ee1-eb7f-4aad-a0f7-4b6a6fcb8164', 11) ON CONFLICT DO NOTHING;
INSERT INTO score_sheets (id, period_id, project_id, juror_id, status, comment, started_at, last_activity_at) VALUES ('12df9bfc-c5c5-4e0a-a144-5409911027d8', 'e77bf882-fc32-461c-acab-6ee1696df0c7', 'c900eb14-5b94-461b-ac3d-f2a9075269b6', '27eea0b5-10e7-42eb-a739-4082ace54aa0', 'submitted', NULL, (timestamp '2026-07-10 09:00:00' + interval '17 hours 18 minutes') - interval '30 mins', (timestamp '2026-07-10 09:00:00' + interval '17 hours 18 minutes')) ON CONFLICT DO NOTHING;
INSERT INTO score_sheet_items (id, score_sheet_id, period_criterion_id, score_value) VALUES ('6357a8fa-ba12-4658-a89e-46f81afea5f8', '12df9bfc-c5c5-4e0a-a144-5409911027d8', '3827321e-25d3-4ec5-ab6a-d8fb8d5f65fd', 19) ON CONFLICT DO NOTHING;
INSERT INTO score_sheet_items (id, score_sheet_id, period_criterion_id, score_value) VALUES ('801abc8e-f1b2-43e9-ae0c-73fbcbfad5c7', '12df9bfc-c5c5-4e0a-a144-5409911027d8', 'c561d84a-3cda-4605-a33c-1ceb37ebed21', 24) ON CONFLICT DO NOTHING;
INSERT INTO score_sheet_items (id, score_sheet_id, period_criterion_id, score_value) VALUES ('d2ca04ee-cf46-4599-a943-c40e1c403634', '12df9bfc-c5c5-4e0a-a144-5409911027d8', 'e10f1abe-f5f6-4530-ac12-708e65ef8c8f', 24) ON CONFLICT DO NOTHING;
INSERT INTO score_sheet_items (id, score_sheet_id, period_criterion_id, score_value) VALUES ('92ebffaf-89e5-48d7-aecc-30fd25a47b31', '12df9bfc-c5c5-4e0a-a144-5409911027d8', 'cf788ee1-eb7f-4aad-a0f7-4b6a6fcb8164', 12) ON CONFLICT DO NOTHING;
INSERT INTO score_sheets (id, period_id, project_id, juror_id, status, comment, started_at, last_activity_at) VALUES ('1350d312-6347-4385-a691-213d5b7f7bd3', 'e77bf882-fc32-461c-acab-6ee1696df0c7', 'ba5787ab-8196-4453-afd3-2e47c5185fb8', '27eea0b5-10e7-42eb-a739-4082ace54aa0', 'submitted', 'Dengeli ve tutarlı bir proje. Zayıf nokta yok.', (timestamp '2026-07-10 09:00:00' + interval '37 hours 12 minutes') - interval '30 mins', (timestamp '2026-07-10 09:00:00' + interval '37 hours 12 minutes')) ON CONFLICT DO NOTHING;
INSERT INTO score_sheet_items (id, score_sheet_id, period_criterion_id, score_value) VALUES ('644a4489-72f7-45fd-a754-abd0a89425be', '1350d312-6347-4385-a691-213d5b7f7bd3', '3827321e-25d3-4ec5-ab6a-d8fb8d5f65fd', 19) ON CONFLICT DO NOTHING;
INSERT INTO score_sheet_items (id, score_sheet_id, period_criterion_id, score_value) VALUES ('a1b44ab4-4f42-4c06-accf-06494d4eda43', '1350d312-6347-4385-a691-213d5b7f7bd3', 'c561d84a-3cda-4605-a33c-1ceb37ebed21', 24) ON CONFLICT DO NOTHING;
INSERT INTO score_sheet_items (id, score_sheet_id, period_criterion_id, score_value) VALUES ('aec889e2-d275-4976-afbf-391428b34b3f', '1350d312-6347-4385-a691-213d5b7f7bd3', 'e10f1abe-f5f6-4530-ac12-708e65ef8c8f', 27) ON CONFLICT DO NOTHING;
INSERT INTO score_sheet_items (id, score_sheet_id, period_criterion_id, score_value) VALUES ('47948d48-9090-474a-a909-3b053df55e7b', '1350d312-6347-4385-a691-213d5b7f7bd3', 'cf788ee1-eb7f-4aad-a0f7-4b6a6fcb8164', 13) ON CONFLICT DO NOTHING;
INSERT INTO score_sheets (id, period_id, project_id, juror_id, status, comment, started_at, last_activity_at) VALUES ('f54fad1b-34ba-45d1-a743-ec754fcc31fc', 'e77bf882-fc32-461c-acab-6ee1696df0c7', 'f4598c38-54f6-4ba5-a63e-aa6efde3bd7f', '27eea0b5-10e7-42eb-a739-4082ace54aa0', 'submitted', NULL, (timestamp '2026-07-10 09:00:00' + interval '20 hours 37 minutes') - interval '30 mins', (timestamp '2026-07-10 09:00:00' + interval '20 hours 37 minutes')) ON CONFLICT DO NOTHING;
INSERT INTO score_sheet_items (id, score_sheet_id, period_criterion_id, score_value) VALUES ('4d08b950-4f1a-448e-a860-fef3d3d63afc', 'f54fad1b-34ba-45d1-a743-ec754fcc31fc', '3827321e-25d3-4ec5-ab6a-d8fb8d5f65fd', 24) ON CONFLICT DO NOTHING;
INSERT INTO score_sheet_items (id, score_sheet_id, period_criterion_id, score_value) VALUES ('6dc5e66b-c48d-4369-a5fb-0859e6642cea', 'f54fad1b-34ba-45d1-a743-ec754fcc31fc', 'c561d84a-3cda-4605-a33c-1ceb37ebed21', 26) ON CONFLICT DO NOTHING;
INSERT INTO score_sheet_items (id, score_sheet_id, period_criterion_id, score_value) VALUES ('27524beb-a26e-46d1-ac0e-3fc4df35b61e', 'f54fad1b-34ba-45d1-a743-ec754fcc31fc', 'e10f1abe-f5f6-4530-ac12-708e65ef8c8f', 30) ON CONFLICT DO NOTHING;
INSERT INTO score_sheet_items (id, score_sheet_id, period_criterion_id, score_value) VALUES ('da46e58a-3125-423a-a1af-06a3a406847f', 'f54fad1b-34ba-45d1-a743-ec754fcc31fc', 'cf788ee1-eb7f-4aad-a0f7-4b6a6fcb8164', 11) ON CONFLICT DO NOTHING;
INSERT INTO score_sheets (id, period_id, project_id, juror_id, status, comment, started_at, last_activity_at) VALUES ('1855a8d3-3a31-4904-a7b5-5b832ff73e3b', 'e77bf882-fc32-461c-acab-6ee1696df0c7', 'f070dfb9-ff90-4539-afcd-c4d7c6106e95', '27eea0b5-10e7-42eb-a739-4082ace54aa0', 'submitted', 'Mühendislik derinliği iyi ancak iletişim geliştirilmeli.', (timestamp '2026-07-10 09:00:00' + interval '41 hours 53 minutes') - interval '30 mins', (timestamp '2026-07-10 09:00:00' + interval '41 hours 53 minutes')) ON CONFLICT DO NOTHING;
INSERT INTO score_sheet_items (id, score_sheet_id, period_criterion_id, score_value) VALUES ('acd6ddb6-8da5-420f-ab74-7b5769819601', '1855a8d3-3a31-4904-a7b5-5b832ff73e3b', '3827321e-25d3-4ec5-ab6a-d8fb8d5f65fd', 22) ON CONFLICT DO NOTHING;
INSERT INTO score_sheet_items (id, score_sheet_id, period_criterion_id, score_value) VALUES ('e2a4d3bb-d3fa-4ba8-a027-aa1bedebffa5', '1855a8d3-3a31-4904-a7b5-5b832ff73e3b', 'c561d84a-3cda-4605-a33c-1ceb37ebed21', 28) ON CONFLICT DO NOTHING;
INSERT INTO score_sheet_items (id, score_sheet_id, period_criterion_id, score_value) VALUES ('e0f0c82a-caa9-453e-aeb4-c448a9c79e5f', '1855a8d3-3a31-4904-a7b5-5b832ff73e3b', 'e10f1abe-f5f6-4530-ac12-708e65ef8c8f', 28) ON CONFLICT DO NOTHING;
INSERT INTO score_sheet_items (id, score_sheet_id, period_criterion_id, score_value) VALUES ('11481d7a-ff6a-4ca8-ae77-6920daecf9c7', '1855a8d3-3a31-4904-a7b5-5b832ff73e3b', 'cf788ee1-eb7f-4aad-a0f7-4b6a6fcb8164', 13) ON CONFLICT DO NOTHING;
INSERT INTO score_sheets (id, period_id, project_id, juror_id, status, comment, started_at, last_activity_at) VALUES ('18fe6d6a-39b7-4ed8-ae2e-6498880839f1', 'e77bf882-fc32-461c-acab-6ee1696df0c7', 'd32ea345-fbd3-4767-aacd-31c6b37a6a22', '27eea0b5-10e7-42eb-a739-4082ace54aa0', 'submitted', 'Takım dinamikleri çok iyi ama teknik yürütme yetersiz.', (timestamp '2026-07-10 09:00:00' + interval '34 hours 46 minutes') - interval '30 mins', (timestamp '2026-07-10 09:00:00' + interval '34 hours 46 minutes')) ON CONFLICT DO NOTHING;
INSERT INTO score_sheet_items (id, score_sheet_id, period_criterion_id, score_value) VALUES ('10081c98-303f-4c38-ab6a-300badbc8f34', '18fe6d6a-39b7-4ed8-ae2e-6498880839f1', '3827321e-25d3-4ec5-ab6a-d8fb8d5f65fd', 21) ON CONFLICT DO NOTHING;
INSERT INTO score_sheet_items (id, score_sheet_id, period_criterion_id, score_value) VALUES ('36287252-a650-4d14-af3b-70fea40d93f2', '18fe6d6a-39b7-4ed8-ae2e-6498880839f1', 'c561d84a-3cda-4605-a33c-1ceb37ebed21', 26) ON CONFLICT DO NOTHING;
INSERT INTO score_sheet_items (id, score_sheet_id, period_criterion_id, score_value) VALUES ('2483c4c5-7953-47ab-ad2d-05f6abf41668', '18fe6d6a-39b7-4ed8-ae2e-6498880839f1', 'e10f1abe-f5f6-4530-ac12-708e65ef8c8f', 16) ON CONFLICT DO NOTHING;
INSERT INTO score_sheet_items (id, score_sheet_id, period_criterion_id, score_value) VALUES ('9dcc23c5-8bdb-46c9-afe4-aebee409e28c', '18fe6d6a-39b7-4ed8-ae2e-6498880839f1', 'cf788ee1-eb7f-4aad-a0f7-4b6a6fcb8164', 12) ON CONFLICT DO NOTHING;
INSERT INTO score_sheets (id, period_id, project_id, juror_id, status, comment, started_at, last_activity_at) VALUES ('b0878ca3-aeb6-4173-ac26-e9236d7d91af', 'e77bf882-fc32-461c-acab-6ee1696df0c7', 'c9c5a8d2-eda9-48e3-a011-73670f79ab2f', '27eea0b5-10e7-42eb-a739-4082ace54aa0', 'submitted', 'Yavaş başladı ama çok güçlü bitirdi.', (timestamp '2026-07-10 09:00:00' + interval '26 hours 48 minutes') - interval '30 mins', (timestamp '2026-07-10 09:00:00' + interval '26 hours 48 minutes')) ON CONFLICT DO NOTHING;
INSERT INTO score_sheet_items (id, score_sheet_id, period_criterion_id, score_value) VALUES ('31d2cec0-09d3-4c19-af77-c8c52c918284', 'b0878ca3-aeb6-4173-ac26-e9236d7d91af', '3827321e-25d3-4ec5-ab6a-d8fb8d5f65fd', 20) ON CONFLICT DO NOTHING;
INSERT INTO score_sheet_items (id, score_sheet_id, period_criterion_id, score_value) VALUES ('c52c74d7-b6f8-4a8b-a0d5-28362b58d497', 'b0878ca3-aeb6-4173-ac26-e9236d7d91af', 'c561d84a-3cda-4605-a33c-1ceb37ebed21', 28) ON CONFLICT DO NOTHING;
INSERT INTO score_sheet_items (id, score_sheet_id, period_criterion_id, score_value) VALUES ('b18470a0-4eca-4527-a72b-eb9f504f3392', 'b0878ca3-aeb6-4173-ac26-e9236d7d91af', 'e10f1abe-f5f6-4530-ac12-708e65ef8c8f', 28) ON CONFLICT DO NOTHING;
INSERT INTO score_sheet_items (id, score_sheet_id, period_criterion_id, score_value) VALUES ('6744121b-e672-46d9-a85d-7bde7ee446a4', 'b0878ca3-aeb6-4173-ac26-e9236d7d91af', 'cf788ee1-eb7f-4aad-a0f7-4b6a6fcb8164', 13) ON CONFLICT DO NOTHING;
INSERT INTO score_sheets (id, period_id, project_id, juror_id, status, comment, started_at, last_activity_at) VALUES ('c490ee25-1ec4-41e7-abe9-eff327b98622', 'e77bf882-fc32-461c-acab-6ee1696df0c7', 'f134d9c5-4dbc-4e92-aa48-62f3c244de6e', '27eea0b5-10e7-42eb-a739-4082ace54aa0', 'submitted', NULL, (timestamp '2026-07-10 09:00:00' + interval '53 hours 39 minutes') - interval '30 mins', (timestamp '2026-07-10 09:00:00' + interval '53 hours 39 minutes')) ON CONFLICT DO NOTHING;
INSERT INTO score_sheet_items (id, score_sheet_id, period_criterion_id, score_value) VALUES ('5713291d-d557-401b-a6b9-059bac1617df', 'c490ee25-1ec4-41e7-abe9-eff327b98622', '3827321e-25d3-4ec5-ab6a-d8fb8d5f65fd', 15) ON CONFLICT DO NOTHING;
INSERT INTO score_sheet_items (id, score_sheet_id, period_criterion_id, score_value) VALUES ('a2bee37b-9193-444c-acde-00238304678b', 'c490ee25-1ec4-41e7-abe9-eff327b98622', 'c561d84a-3cda-4605-a33c-1ceb37ebed21', 17) ON CONFLICT DO NOTHING;
INSERT INTO score_sheet_items (id, score_sheet_id, period_criterion_id, score_value) VALUES ('ed305980-844c-4bae-a131-c3055ac93d82', 'c490ee25-1ec4-41e7-abe9-eff327b98622', 'e10f1abe-f5f6-4530-ac12-708e65ef8c8f', 21) ON CONFLICT DO NOTHING;
INSERT INTO score_sheet_items (id, score_sheet_id, period_criterion_id, score_value) VALUES ('b183a1c5-74f9-4ee4-ad2d-21e7059eae97', 'c490ee25-1ec4-41e7-abe9-eff327b98622', 'cf788ee1-eb7f-4aad-a0f7-4b6a6fcb8164', 10) ON CONFLICT DO NOTHING;
INSERT INTO score_sheets (id, period_id, project_id, juror_id, status, comment, started_at, last_activity_at) VALUES ('dd061271-3cfc-490c-ad10-6ebdbd1b7cd8', 'e77bf882-fc32-461c-acab-6ee1696df0c7', '238b97fd-2d7a-43c5-a1a3-8fb3735867b1', '27eea0b5-10e7-42eb-a739-4082ace54aa0', 'submitted', 'Makul bir çalışma, beklenen sonuçlar.', (timestamp '2026-07-10 09:00:00' + interval '9 hours 51 minutes') - interval '30 mins', (timestamp '2026-07-10 09:00:00' + interval '9 hours 51 minutes')) ON CONFLICT DO NOTHING;
INSERT INTO score_sheet_items (id, score_sheet_id, period_criterion_id, score_value) VALUES ('c5bda487-bc43-465a-a15f-328966749f33', 'dd061271-3cfc-490c-ad10-6ebdbd1b7cd8', '3827321e-25d3-4ec5-ab6a-d8fb8d5f65fd', 16) ON CONFLICT DO NOTHING;
INSERT INTO score_sheet_items (id, score_sheet_id, period_criterion_id, score_value) VALUES ('df207044-595a-4315-acbc-535b5d4a8ee6', 'dd061271-3cfc-490c-ad10-6ebdbd1b7cd8', 'c561d84a-3cda-4605-a33c-1ceb37ebed21', 20) ON CONFLICT DO NOTHING;
INSERT INTO score_sheet_items (id, score_sheet_id, period_criterion_id, score_value) VALUES ('e4e7b86c-5e8c-421d-add9-c82935d31b8b', 'dd061271-3cfc-490c-ad10-6ebdbd1b7cd8', 'e10f1abe-f5f6-4530-ac12-708e65ef8c8f', 20) ON CONFLICT DO NOTHING;
INSERT INTO score_sheet_items (id, score_sheet_id, period_criterion_id, score_value) VALUES ('3313b057-587c-4b80-ac52-f7b92438a528', 'dd061271-3cfc-490c-ad10-6ebdbd1b7cd8', 'cf788ee1-eb7f-4aad-a0f7-4b6a6fcb8164', 10) ON CONFLICT DO NOTHING;
INSERT INTO score_sheets (id, period_id, project_id, juror_id, status, comment, started_at, last_activity_at) VALUES ('e0665e62-4717-464a-a7cd-d1b3c9511967', 'e77bf882-fc32-461c-acab-6ee1696df0c7', '5f932d7d-ad04-44c9-ac09-459f594c1ec2', '27eea0b5-10e7-42eb-a739-4082ace54aa0', 'submitted', 'Eksik bir çalışma — önemli bölümler tamamlanmamış.', (timestamp '2026-07-10 09:00:00' + interval '25 hours 9 minutes') - interval '30 mins', (timestamp '2026-07-10 09:00:00' + interval '25 hours 9 minutes')) ON CONFLICT DO NOTHING;
INSERT INTO score_sheet_items (id, score_sheet_id, period_criterion_id, score_value) VALUES ('56c5e1fe-3494-471d-a5af-63f2f4d385cc', 'e0665e62-4717-464a-a7cd-d1b3c9511967', '3827321e-25d3-4ec5-ab6a-d8fb8d5f65fd', 15) ON CONFLICT DO NOTHING;
INSERT INTO score_sheet_items (id, score_sheet_id, period_criterion_id, score_value) VALUES ('0208d43c-d7f2-461e-a524-c072b700600c', 'e0665e62-4717-464a-a7cd-d1b3c9511967', 'c561d84a-3cda-4605-a33c-1ceb37ebed21', 18) ON CONFLICT DO NOTHING;
INSERT INTO score_sheet_items (id, score_sheet_id, period_criterion_id, score_value) VALUES ('951443e6-4591-41d3-a3c8-295a95faafbe', 'e0665e62-4717-464a-a7cd-d1b3c9511967', 'e10f1abe-f5f6-4530-ac12-708e65ef8c8f', 20) ON CONFLICT DO NOTHING;
INSERT INTO score_sheet_items (id, score_sheet_id, period_criterion_id, score_value) VALUES ('d2bcc6ca-3a4b-42fb-a010-a485e435f244', 'e0665e62-4717-464a-a7cd-d1b3c9511967', 'cf788ee1-eb7f-4aad-a0f7-4b6a6fcb8164', 8) ON CONFLICT DO NOTHING;
INSERT INTO score_sheets (id, period_id, project_id, juror_id, status, comment, started_at, last_activity_at) VALUES ('2d998d81-32db-4f68-a179-215a4aa6afa7', 'e77bf882-fc32-461c-acab-6ee1696df0c7', '3b8b2e62-bc66-4c8c-ad14-371049c8204e', '618aec67-dbed-41bf-ac48-c600f70c9fa5', 'submitted', 'Tüm kriterlerde olağanüstü bir çalışma.', (timestamp '2026-07-10 09:00:00' + interval '24 hours 34 minutes') - interval '30 mins', (timestamp '2026-07-10 09:00:00' + interval '24 hours 34 minutes')) ON CONFLICT DO NOTHING;
INSERT INTO score_sheet_items (id, score_sheet_id, period_criterion_id, score_value) VALUES ('a8ffb596-ff89-4140-ab45-172c79ce624e', '2d998d81-32db-4f68-a179-215a4aa6afa7', '3827321e-25d3-4ec5-ab6a-d8fb8d5f65fd', 23) ON CONFLICT DO NOTHING;
INSERT INTO score_sheet_items (id, score_sheet_id, period_criterion_id, score_value) VALUES ('9c3ef12b-092b-4066-a9c3-b149cc7b03d7', '2d998d81-32db-4f68-a179-215a4aa6afa7', 'c561d84a-3cda-4605-a33c-1ceb37ebed21', 28) ON CONFLICT DO NOTHING;
INSERT INTO score_sheet_items (id, score_sheet_id, period_criterion_id, score_value) VALUES ('587cb514-9310-429c-a9fa-1679148f48e7', '2d998d81-32db-4f68-a179-215a4aa6afa7', 'e10f1abe-f5f6-4530-ac12-708e65ef8c8f', 29) ON CONFLICT DO NOTHING;
INSERT INTO score_sheet_items (id, score_sheet_id, period_criterion_id, score_value) VALUES ('29d53250-d8a5-49a6-a424-90c5f819e4fb', '2d998d81-32db-4f68-a179-215a4aa6afa7', 'cf788ee1-eb7f-4aad-a0f7-4b6a6fcb8164', 13) ON CONFLICT DO NOTHING;
INSERT INTO score_sheets (id, period_id, project_id, juror_id, status, comment, started_at, last_activity_at) VALUES ('91ca5408-a945-4876-ab1a-f84606ab19bb', 'e77bf882-fc32-461c-acab-6ee1696df0c7', 'c23aa93d-d7c4-4b82-aee5-2d857b47638c', '618aec67-dbed-41bf-ac48-c600f70c9fa5', 'submitted', NULL, (timestamp '2026-07-10 09:00:00' + interval '50 hours 37 minutes') - interval '30 mins', (timestamp '2026-07-10 09:00:00' + interval '50 hours 37 minutes')) ON CONFLICT DO NOTHING;
INSERT INTO score_sheet_items (id, score_sheet_id, period_criterion_id, score_value) VALUES ('ad526674-fa62-4763-abb4-769dcf1f3d97', '91ca5408-a945-4876-ab1a-f84606ab19bb', '3827321e-25d3-4ec5-ab6a-d8fb8d5f65fd', 23) ON CONFLICT DO NOTHING;
INSERT INTO score_sheet_items (id, score_sheet_id, period_criterion_id, score_value) VALUES ('32fc5334-e716-4d47-a33b-54e54736db3f', '91ca5408-a945-4876-ab1a-f84606ab19bb', 'c561d84a-3cda-4605-a33c-1ceb37ebed21', 29) ON CONFLICT DO NOTHING;
INSERT INTO score_sheet_items (id, score_sheet_id, period_criterion_id, score_value) VALUES ('778facc6-a960-43b6-aa92-ed9a53a9b455', '91ca5408-a945-4876-ab1a-f84606ab19bb', 'e10f1abe-f5f6-4530-ac12-708e65ef8c8f', 27) ON CONFLICT DO NOTHING;
INSERT INTO score_sheet_items (id, score_sheet_id, period_criterion_id, score_value) VALUES ('73665780-c1da-4d1c-aa6d-580b95c897f3', '91ca5408-a945-4876-ab1a-f84606ab19bb', 'cf788ee1-eb7f-4aad-a0f7-4b6a6fcb8164', 13) ON CONFLICT DO NOTHING;
INSERT INTO score_sheets (id, period_id, project_id, juror_id, status, comment, started_at, last_activity_at) VALUES ('87576a7d-3f43-467c-a4a2-028419e524c7', 'e77bf882-fc32-461c-acab-6ee1696df0c7', '1b122688-dc8e-467d-aa9d-16a7c8dbd1a8', '618aec67-dbed-41bf-ac48-c600f70c9fa5', 'submitted', NULL, (timestamp '2026-07-10 09:00:00' + interval '26 hours 1 minutes') - interval '30 mins', (timestamp '2026-07-10 09:00:00' + interval '26 hours 1 minutes')) ON CONFLICT DO NOTHING;
INSERT INTO score_sheet_items (id, score_sheet_id, period_criterion_id, score_value) VALUES ('54d28608-2ca5-4401-aa45-216452e233f6', '87576a7d-3f43-467c-a4a2-028419e524c7', '3827321e-25d3-4ec5-ab6a-d8fb8d5f65fd', 21) ON CONFLICT DO NOTHING;
INSERT INTO score_sheet_items (id, score_sheet_id, period_criterion_id, score_value) VALUES ('5de7bc60-624a-4329-a469-006ac7590377', '87576a7d-3f43-467c-a4a2-028419e524c7', 'c561d84a-3cda-4605-a33c-1ceb37ebed21', 24) ON CONFLICT DO NOTHING;
INSERT INTO score_sheet_items (id, score_sheet_id, period_criterion_id, score_value) VALUES ('448a5f5d-8757-4d10-ae68-e6cbefbea8b8', '87576a7d-3f43-467c-a4a2-028419e524c7', 'e10f1abe-f5f6-4530-ac12-708e65ef8c8f', 23) ON CONFLICT DO NOTHING;
INSERT INTO score_sheet_items (id, score_sheet_id, period_criterion_id, score_value) VALUES ('657664ef-3b18-422b-a165-ce77aa44f68c', '87576a7d-3f43-467c-a4a2-028419e524c7', 'cf788ee1-eb7f-4aad-a0f7-4b6a6fcb8164', 12) ON CONFLICT DO NOTHING;
INSERT INTO score_sheets (id, period_id, project_id, juror_id, status, comment, started_at, last_activity_at) VALUES ('9abc683c-0bf3-413c-a1c1-1c429e6d01e6', 'e77bf882-fc32-461c-acab-6ee1696df0c7', 'c900eb14-5b94-461b-ac3d-f2a9075269b6', '618aec67-dbed-41bf-ac48-c600f70c9fa5', 'submitted', 'Tutarlı ve güçlü bir mühendislik çalışması.', (timestamp '2026-07-10 09:00:00' + interval '52 hours 2 minutes') - interval '30 mins', (timestamp '2026-07-10 09:00:00' + interval '52 hours 2 minutes')) ON CONFLICT DO NOTHING;
INSERT INTO score_sheet_items (id, score_sheet_id, period_criterion_id, score_value) VALUES ('f932a512-efb4-4e17-a5eb-e484fed865d1', '9abc683c-0bf3-413c-a1c1-1c429e6d01e6', '3827321e-25d3-4ec5-ab6a-d8fb8d5f65fd', 19) ON CONFLICT DO NOTHING;
INSERT INTO score_sheet_items (id, score_sheet_id, period_criterion_id, score_value) VALUES ('b152913e-9316-4c9c-aa36-c93121473933', '9abc683c-0bf3-413c-a1c1-1c429e6d01e6', 'c561d84a-3cda-4605-a33c-1ceb37ebed21', 22) ON CONFLICT DO NOTHING;
INSERT INTO score_sheet_items (id, score_sheet_id, period_criterion_id, score_value) VALUES ('bacedfdf-3015-4689-adcb-c2d39749073a', '9abc683c-0bf3-413c-a1c1-1c429e6d01e6', 'e10f1abe-f5f6-4530-ac12-708e65ef8c8f', 26) ON CONFLICT DO NOTHING;
INSERT INTO score_sheet_items (id, score_sheet_id, period_criterion_id, score_value) VALUES ('ab436989-d15c-4628-ad5f-903714db13d2', '9abc683c-0bf3-413c-a1c1-1c429e6d01e6', 'cf788ee1-eb7f-4aad-a0f7-4b6a6fcb8164', 11) ON CONFLICT DO NOTHING;
INSERT INTO score_sheets (id, period_id, project_id, juror_id, status, comment, started_at, last_activity_at) VALUES ('4308c66e-a29b-427d-a9e8-a551b002137e', 'e77bf882-fc32-461c-acab-6ee1696df0c7', 'ba5787ab-8196-4453-afd3-2e47c5185fb8', '618aec67-dbed-41bf-ac48-c600f70c9fa5', 'submitted', NULL, (timestamp '2026-07-10 09:00:00' + interval '25 hours 31 minutes') - interval '30 mins', (timestamp '2026-07-10 09:00:00' + interval '25 hours 31 minutes')) ON CONFLICT DO NOTHING;
INSERT INTO score_sheet_items (id, score_sheet_id, period_criterion_id, score_value) VALUES ('b7025c41-0d75-4570-a51a-9cb5bf7ba243', '4308c66e-a29b-427d-a9e8-a551b002137e', '3827321e-25d3-4ec5-ab6a-d8fb8d5f65fd', 19) ON CONFLICT DO NOTHING;
INSERT INTO score_sheet_items (id, score_sheet_id, period_criterion_id, score_value) VALUES ('4f07389b-0f1f-40d9-a745-d87bc95ad93d', '4308c66e-a29b-427d-a9e8-a551b002137e', 'c561d84a-3cda-4605-a33c-1ceb37ebed21', 27) ON CONFLICT DO NOTHING;
INSERT INTO score_sheet_items (id, score_sheet_id, period_criterion_id, score_value) VALUES ('862701ee-3a4c-4772-a48b-e302bcc1c6ed', '4308c66e-a29b-427d-a9e8-a551b002137e', 'e10f1abe-f5f6-4530-ac12-708e65ef8c8f', 27) ON CONFLICT DO NOTHING;
INSERT INTO score_sheet_items (id, score_sheet_id, period_criterion_id, score_value) VALUES ('357c20be-30b9-413f-a3ec-497de01fb2e7', '4308c66e-a29b-427d-a9e8-a551b002137e', 'cf788ee1-eb7f-4aad-a0f7-4b6a6fcb8164', 12) ON CONFLICT DO NOTHING;
INSERT INTO score_sheets (id, period_id, project_id, juror_id, status, comment, started_at, last_activity_at) VALUES ('67f87678-736f-4917-a0d4-f13a1c3f727e', 'e77bf882-fc32-461c-acab-6ee1696df0c7', 'f4598c38-54f6-4ba5-a63e-aa6efde3bd7f', '618aec67-dbed-41bf-ac48-c600f70c9fa5', 'submitted', 'İddialı kapsam, karışık sonuçlar.', (timestamp '2026-07-10 09:00:00' + interval '46 hours 1 minutes') - interval '30 mins', (timestamp '2026-07-10 09:00:00' + interval '46 hours 1 minutes')) ON CONFLICT DO NOTHING;
INSERT INTO score_sheet_items (id, score_sheet_id, period_criterion_id, score_value) VALUES ('c9236878-2c51-4d7e-aa40-99e391daa260', '67f87678-736f-4917-a0d4-f13a1c3f727e', '3827321e-25d3-4ec5-ab6a-d8fb8d5f65fd', 19) ON CONFLICT DO NOTHING;
INSERT INTO score_sheet_items (id, score_sheet_id, period_criterion_id, score_value) VALUES ('8a40d301-06b5-4bba-a3ee-6ec366c06f98', '67f87678-736f-4917-a0d4-f13a1c3f727e', 'c561d84a-3cda-4605-a33c-1ceb37ebed21', 22) ON CONFLICT DO NOTHING;
INSERT INTO score_sheet_items (id, score_sheet_id, period_criterion_id, score_value) VALUES ('544f013a-d596-4f0e-a479-f0a90ff14ef4', '67f87678-736f-4917-a0d4-f13a1c3f727e', 'e10f1abe-f5f6-4530-ac12-708e65ef8c8f', 27) ON CONFLICT DO NOTHING;
INSERT INTO score_sheet_items (id, score_sheet_id, period_criterion_id, score_value) VALUES ('f055cba9-912c-4f55-aa91-851b68b1f45f', '67f87678-736f-4917-a0d4-f13a1c3f727e', 'cf788ee1-eb7f-4aad-a0f7-4b6a6fcb8164', 11) ON CONFLICT DO NOTHING;
INSERT INTO score_sheets (id, period_id, project_id, juror_id, status, comment, started_at, last_activity_at) VALUES ('e83d950a-4388-4841-a7db-6c63c9af1a10', 'e77bf882-fc32-461c-acab-6ee1696df0c7', 'f070dfb9-ff90-4539-afcd-c4d7c6106e95', '618aec67-dbed-41bf-ac48-c600f70c9fa5', 'submitted', NULL, (timestamp '2026-07-10 09:00:00' + interval '23 hours 3 minutes') - interval '30 mins', (timestamp '2026-07-10 09:00:00' + interval '23 hours 3 minutes')) ON CONFLICT DO NOTHING;
INSERT INTO score_sheet_items (id, score_sheet_id, period_criterion_id, score_value) VALUES ('3c03caee-735c-4f66-a322-fe5fe1ac4ef0', 'e83d950a-4388-4841-a7db-6c63c9af1a10', '3827321e-25d3-4ec5-ab6a-d8fb8d5f65fd', 22) ON CONFLICT DO NOTHING;
INSERT INTO score_sheet_items (id, score_sheet_id, period_criterion_id, score_value) VALUES ('ac98c96f-fe3e-4987-a338-bf8c583ea302', 'e83d950a-4388-4841-a7db-6c63c9af1a10', 'c561d84a-3cda-4605-a33c-1ceb37ebed21', 28) ON CONFLICT DO NOTHING;
INSERT INTO score_sheet_items (id, score_sheet_id, period_criterion_id, score_value) VALUES ('cb73c696-598d-403f-aa8a-a6396d58b25f', 'e83d950a-4388-4841-a7db-6c63c9af1a10', 'e10f1abe-f5f6-4530-ac12-708e65ef8c8f', 28) ON CONFLICT DO NOTHING;
INSERT INTO score_sheet_items (id, score_sheet_id, period_criterion_id, score_value) VALUES ('98a61dd0-6c7f-44d6-a762-3ecccf2891d5', 'e83d950a-4388-4841-a7db-6c63c9af1a10', 'cf788ee1-eb7f-4aad-a0f7-4b6a6fcb8164', 13) ON CONFLICT DO NOTHING;
INSERT INTO score_sheets (id, period_id, project_id, juror_id, status, comment, started_at, last_activity_at) VALUES ('eb53b819-74f9-42f0-adfd-d05e8bdfe7b9', 'e77bf882-fc32-461c-acab-6ee1696df0c7', 'd32ea345-fbd3-4767-aacd-31c6b37a6a22', '618aec67-dbed-41bf-ac48-c600f70c9fa5', 'submitted', 'Takım dinamikleri çok iyi ama teknik yürütme yetersiz.', (timestamp '2026-07-10 09:00:00' + interval '35 hours 1 minutes') - interval '30 mins', (timestamp '2026-07-10 09:00:00' + interval '35 hours 1 minutes')) ON CONFLICT DO NOTHING;
INSERT INTO score_sheet_items (id, score_sheet_id, period_criterion_id, score_value) VALUES ('70f4ed36-e033-41ab-aa9a-1eac995cf4ef', 'eb53b819-74f9-42f0-adfd-d05e8bdfe7b9', '3827321e-25d3-4ec5-ab6a-d8fb8d5f65fd', 21) ON CONFLICT DO NOTHING;
INSERT INTO score_sheet_items (id, score_sheet_id, period_criterion_id, score_value) VALUES ('c3885b84-948c-4e4a-a8dc-94f2e75f0795', 'eb53b819-74f9-42f0-adfd-d05e8bdfe7b9', 'c561d84a-3cda-4605-a33c-1ceb37ebed21', 26) ON CONFLICT DO NOTHING;
INSERT INTO score_sheet_items (id, score_sheet_id, period_criterion_id, score_value) VALUES ('0fa3694e-9081-41e4-a6f8-1c6b0fb5a593', 'eb53b819-74f9-42f0-adfd-d05e8bdfe7b9', 'e10f1abe-f5f6-4530-ac12-708e65ef8c8f', 16) ON CONFLICT DO NOTHING;
INSERT INTO score_sheet_items (id, score_sheet_id, period_criterion_id, score_value) VALUES ('b872f69d-4dc0-4cf0-aa5a-245a0b749215', 'eb53b819-74f9-42f0-adfd-d05e8bdfe7b9', 'cf788ee1-eb7f-4aad-a0f7-4b6a6fcb8164', 12) ON CONFLICT DO NOTHING;
INSERT INTO score_sheets (id, period_id, project_id, juror_id, status, comment, started_at, last_activity_at) VALUES ('ea6426cd-0207-433f-a70d-c62da627f977', 'e77bf882-fc32-461c-acab-6ee1696df0c7', 'c9c5a8d2-eda9-48e3-a011-73670f79ab2f', '618aec67-dbed-41bf-ac48-c600f70c9fa5', 'submitted', 'Yavaş başladı ama çok güçlü bitirdi.', (timestamp '2026-07-10 09:00:00' + interval '53 hours 33 minutes') - interval '30 mins', (timestamp '2026-07-10 09:00:00' + interval '53 hours 33 minutes')) ON CONFLICT DO NOTHING;
INSERT INTO score_sheet_items (id, score_sheet_id, period_criterion_id, score_value) VALUES ('afe29547-0f7d-4918-a06b-97001aca604a', 'ea6426cd-0207-433f-a70d-c62da627f977', '3827321e-25d3-4ec5-ab6a-d8fb8d5f65fd', 22) ON CONFLICT DO NOTHING;
INSERT INTO score_sheet_items (id, score_sheet_id, period_criterion_id, score_value) VALUES ('dde3f177-dffe-4944-acf7-eb062c5ea43d', 'ea6426cd-0207-433f-a70d-c62da627f977', 'c561d84a-3cda-4605-a33c-1ceb37ebed21', 27) ON CONFLICT DO NOTHING;
INSERT INTO score_sheet_items (id, score_sheet_id, period_criterion_id, score_value) VALUES ('442b9a42-10ef-46e4-a84d-42fa07814f86', 'ea6426cd-0207-433f-a70d-c62da627f977', 'e10f1abe-f5f6-4530-ac12-708e65ef8c8f', 26) ON CONFLICT DO NOTHING;
INSERT INTO score_sheet_items (id, score_sheet_id, period_criterion_id, score_value) VALUES ('0f5e8118-5c46-43bb-a2f2-288f8f702981', 'ea6426cd-0207-433f-a70d-c62da627f977', 'cf788ee1-eb7f-4aad-a0f7-4b6a6fcb8164', 12) ON CONFLICT DO NOTHING;
INSERT INTO score_sheets (id, period_id, project_id, juror_id, status, comment, started_at, last_activity_at) VALUES ('9bdc0f34-5771-4e2f-a070-ce9deb633241', 'e77bf882-fc32-461c-acab-6ee1696df0c7', 'f134d9c5-4dbc-4e92-aa48-62f3c244de6e', '618aec67-dbed-41bf-ac48-c600f70c9fa5', 'submitted', NULL, (timestamp '2026-07-10 09:00:00' + interval '25 hours 44 minutes') - interval '30 mins', (timestamp '2026-07-10 09:00:00' + interval '25 hours 44 minutes')) ON CONFLICT DO NOTHING;
INSERT INTO score_sheet_items (id, score_sheet_id, period_criterion_id, score_value) VALUES ('cbabd496-60ff-46b3-a41e-f81ffcbfc7cd', '9bdc0f34-5771-4e2f-a070-ce9deb633241', '3827321e-25d3-4ec5-ab6a-d8fb8d5f65fd', 17) ON CONFLICT DO NOTHING;
INSERT INTO score_sheet_items (id, score_sheet_id, period_criterion_id, score_value) VALUES ('e64a1456-a2da-4120-aa00-b7a0796eb317', '9bdc0f34-5771-4e2f-a070-ce9deb633241', 'c561d84a-3cda-4605-a33c-1ceb37ebed21', 19) ON CONFLICT DO NOTHING;
INSERT INTO score_sheet_items (id, score_sheet_id, period_criterion_id, score_value) VALUES ('9a56e939-22c5-4663-aeec-7a430c0de815', '9bdc0f34-5771-4e2f-a070-ce9deb633241', 'e10f1abe-f5f6-4530-ac12-708e65ef8c8f', 21) ON CONFLICT DO NOTHING;
INSERT INTO score_sheet_items (id, score_sheet_id, period_criterion_id, score_value) VALUES ('15bd3ea4-4d6f-48d1-a68c-5cb70eeacde0', '9bdc0f34-5771-4e2f-a070-ce9deb633241', 'cf788ee1-eb7f-4aad-a0f7-4b6a6fcb8164', 9) ON CONFLICT DO NOTHING;
INSERT INTO score_sheets (id, period_id, project_id, juror_id, status, comment, started_at, last_activity_at) VALUES ('520ef26e-322a-4041-a433-0893cf5b51dd', 'e77bf882-fc32-461c-acab-6ee1696df0c7', '238b97fd-2d7a-43c5-a1a3-8fb3735867b1', '618aec67-dbed-41bf-ac48-c600f70c9fa5', 'submitted', 'Standart düzeyde, gereksinimleri karşılıyor.', (timestamp '2026-07-10 09:00:00' + interval '10 hours 27 minutes') - interval '30 mins', (timestamp '2026-07-10 09:00:00' + interval '10 hours 27 minutes')) ON CONFLICT DO NOTHING;
INSERT INTO score_sheet_items (id, score_sheet_id, period_criterion_id, score_value) VALUES ('00d71089-8393-4124-a1e1-79a041e263c2', '520ef26e-322a-4041-a433-0893cf5b51dd', '3827321e-25d3-4ec5-ab6a-d8fb8d5f65fd', 17) ON CONFLICT DO NOTHING;
INSERT INTO score_sheet_items (id, score_sheet_id, period_criterion_id, score_value) VALUES ('95fdc54b-537f-4ea4-a646-5372000c9e8f', '520ef26e-322a-4041-a433-0893cf5b51dd', 'c561d84a-3cda-4605-a33c-1ceb37ebed21', 21) ON CONFLICT DO NOTHING;
INSERT INTO score_sheet_items (id, score_sheet_id, period_criterion_id, score_value) VALUES ('0277f6fb-88af-45c3-a2b9-cb2084fdb371', '520ef26e-322a-4041-a433-0893cf5b51dd', 'e10f1abe-f5f6-4530-ac12-708e65ef8c8f', 20) ON CONFLICT DO NOTHING;
INSERT INTO score_sheet_items (id, score_sheet_id, period_criterion_id, score_value) VALUES ('03dccb40-8b61-4866-a756-e8d36e1edd66', '520ef26e-322a-4041-a433-0893cf5b51dd', 'cf788ee1-eb7f-4aad-a0f7-4b6a6fcb8164', 10) ON CONFLICT DO NOTHING;
INSERT INTO score_sheets (id, period_id, project_id, juror_id, status, comment, started_at, last_activity_at) VALUES ('8d7f7ca0-4cc3-432c-a5d8-e25f092546b1', 'e77bf882-fc32-461c-acab-6ee1696df0c7', '5f932d7d-ad04-44c9-ac09-459f594c1ec2', '618aec67-dbed-41bf-ac48-c600f70c9fa5', 'submitted', 'Eksik bir çalışma — önemli bölümler tamamlanmamış.', (timestamp '2026-07-10 09:00:00' + interval '9 hours 0 minutes') - interval '30 mins', (timestamp '2026-07-10 09:00:00' + interval '9 hours 0 minutes')) ON CONFLICT DO NOTHING;
INSERT INTO score_sheet_items (id, score_sheet_id, period_criterion_id, score_value) VALUES ('60266f16-225d-4635-af83-3a45a3836452', '8d7f7ca0-4cc3-432c-a5d8-e25f092546b1', '3827321e-25d3-4ec5-ab6a-d8fb8d5f65fd', 15) ON CONFLICT DO NOTHING;
INSERT INTO score_sheet_items (id, score_sheet_id, period_criterion_id, score_value) VALUES ('3d85722a-525f-468d-a767-7ece2030e611', '8d7f7ca0-4cc3-432c-a5d8-e25f092546b1', 'c561d84a-3cda-4605-a33c-1ceb37ebed21', 17) ON CONFLICT DO NOTHING;
INSERT INTO score_sheet_items (id, score_sheet_id, period_criterion_id, score_value) VALUES ('73309b34-dd47-449d-a70a-bf45f8405fef', '8d7f7ca0-4cc3-432c-a5d8-e25f092546b1', 'e10f1abe-f5f6-4530-ac12-708e65ef8c8f', 18) ON CONFLICT DO NOTHING;
INSERT INTO score_sheet_items (id, score_sheet_id, period_criterion_id, score_value) VALUES ('a7126668-b0af-4d54-af39-e80b2981214e', '8d7f7ca0-4cc3-432c-a5d8-e25f092546b1', 'cf788ee1-eb7f-4aad-a0f7-4b6a6fcb8164', 9) ON CONFLICT DO NOTHING;
INSERT INTO score_sheets (id, period_id, project_id, juror_id, status, comment, started_at, last_activity_at) VALUES ('d7d25395-e2fb-46bb-a2a0-af0568f1c856', 'e77bf882-fc32-461c-acab-6ee1696df0c7', '3b8b2e62-bc66-4c8c-ad14-371049c8204e', '30d22b2f-a7a9-49d3-a326-758137e61b40', 'submitted', 'Teknik derinlik ve profesyonel sunum açısından çok başarılı.', (timestamp '2026-07-10 09:00:00' + interval '54 hours 33 minutes') - interval '30 mins', (timestamp '2026-07-10 09:00:00' + interval '54 hours 33 minutes')) ON CONFLICT DO NOTHING;
INSERT INTO score_sheet_items (id, score_sheet_id, period_criterion_id, score_value) VALUES ('1a953fb8-2823-4927-a7f7-30409fa8c3a7', 'd7d25395-e2fb-46bb-a2a0-af0568f1c856', '3827321e-25d3-4ec5-ab6a-d8fb8d5f65fd', 21) ON CONFLICT DO NOTHING;
INSERT INTO score_sheet_items (id, score_sheet_id, period_criterion_id, score_value) VALUES ('b59451bf-bfbd-442f-a6e6-0b0905731d29', 'd7d25395-e2fb-46bb-a2a0-af0568f1c856', 'c561d84a-3cda-4605-a33c-1ceb37ebed21', 26) ON CONFLICT DO NOTHING;
INSERT INTO score_sheet_items (id, score_sheet_id, period_criterion_id, score_value) VALUES ('408d34cf-2ad3-4056-aadb-150e4d06abb8', 'd7d25395-e2fb-46bb-a2a0-af0568f1c856', 'e10f1abe-f5f6-4530-ac12-708e65ef8c8f', 26) ON CONFLICT DO NOTHING;
INSERT INTO score_sheet_items (id, score_sheet_id, period_criterion_id, score_value) VALUES ('2d178370-e25d-4520-a65e-aba956fd4046', 'd7d25395-e2fb-46bb-a2a0-af0568f1c856', 'cf788ee1-eb7f-4aad-a0f7-4b6a6fcb8164', 12) ON CONFLICT DO NOTHING;
INSERT INTO score_sheets (id, period_id, project_id, juror_id, status, comment, started_at, last_activity_at) VALUES ('b811f148-2740-4036-a050-08a21b3d64cd', 'e77bf882-fc32-461c-acab-6ee1696df0c7', 'c23aa93d-d7c4-4b82-aee5-2d857b47638c', '30d22b2f-a7a9-49d3-a326-758137e61b40', 'submitted', 'Tüm kriterlerde olağanüstü bir çalışma.', (timestamp '2026-07-10 09:00:00' + interval '10 hours 12 minutes') - interval '30 mins', (timestamp '2026-07-10 09:00:00' + interval '10 hours 12 minutes')) ON CONFLICT DO NOTHING;
INSERT INTO score_sheet_items (id, score_sheet_id, period_criterion_id, score_value) VALUES ('64baa8f2-da35-411d-a840-19c71b65ee14', 'b811f148-2740-4036-a050-08a21b3d64cd', '3827321e-25d3-4ec5-ab6a-d8fb8d5f65fd', 21) ON CONFLICT DO NOTHING;
INSERT INTO score_sheet_items (id, score_sheet_id, period_criterion_id, score_value) VALUES ('804d90bd-519a-49e7-a866-2fc0e61b9d1c', 'b811f148-2740-4036-a050-08a21b3d64cd', 'c561d84a-3cda-4605-a33c-1ceb37ebed21', 28) ON CONFLICT DO NOTHING;
INSERT INTO score_sheet_items (id, score_sheet_id, period_criterion_id, score_value) VALUES ('690cfdaf-e9fe-434f-adf8-8d31a15f9b6d', 'b811f148-2740-4036-a050-08a21b3d64cd', 'e10f1abe-f5f6-4530-ac12-708e65ef8c8f', 26) ON CONFLICT DO NOTHING;
INSERT INTO score_sheet_items (id, score_sheet_id, period_criterion_id, score_value) VALUES ('f71b9fb2-a2bc-4189-a2f0-c89809a2797d', 'b811f148-2740-4036-a050-08a21b3d64cd', 'cf788ee1-eb7f-4aad-a0f7-4b6a6fcb8164', 12) ON CONFLICT DO NOTHING;
INSERT INTO score_sheets (id, period_id, project_id, juror_id, status, comment, started_at, last_activity_at) VALUES ('a56d4d58-5f04-405e-a475-8e10f27366ad', 'e77bf882-fc32-461c-acab-6ee1696df0c7', '1b122688-dc8e-467d-aa9d-16a7c8dbd1a8', '30d22b2f-a7a9-49d3-a326-758137e61b40', 'submitted', NULL, (timestamp '2026-07-10 09:00:00' + interval '57 hours 43 minutes') - interval '30 mins', (timestamp '2026-07-10 09:00:00' + interval '57 hours 43 minutes')) ON CONFLICT DO NOTHING;
INSERT INTO score_sheet_items (id, score_sheet_id, period_criterion_id, score_value) VALUES ('ea79d4ca-17d3-490c-a16f-b9a329ea2b4c', 'a56d4d58-5f04-405e-a475-8e10f27366ad', '3827321e-25d3-4ec5-ab6a-d8fb8d5f65fd', 17) ON CONFLICT DO NOTHING;
INSERT INTO score_sheet_items (id, score_sheet_id, period_criterion_id, score_value) VALUES ('12015a67-5d8c-47c8-a176-4877d7b23095', 'a56d4d58-5f04-405e-a475-8e10f27366ad', 'c561d84a-3cda-4605-a33c-1ceb37ebed21', 21) ON CONFLICT DO NOTHING;
INSERT INTO score_sheet_items (id, score_sheet_id, period_criterion_id, score_value) VALUES ('8504f7b4-bbce-4c05-a206-dcc98a3d15cf', 'a56d4d58-5f04-405e-a475-8e10f27366ad', 'e10f1abe-f5f6-4530-ac12-708e65ef8c8f', 23) ON CONFLICT DO NOTHING;
INSERT INTO score_sheet_items (id, score_sheet_id, period_criterion_id, score_value) VALUES ('776b52bf-b714-4ec9-a98f-db7561632635', 'a56d4d58-5f04-405e-a475-8e10f27366ad', 'cf788ee1-eb7f-4aad-a0f7-4b6a6fcb8164', 12) ON CONFLICT DO NOTHING;
INSERT INTO score_sheets (id, period_id, project_id, juror_id, status, comment, started_at, last_activity_at) VALUES ('65117dab-3628-4959-ac9d-6ce97d4c3837', 'e77bf882-fc32-461c-acab-6ee1696df0c7', 'c900eb14-5b94-461b-ac3d-f2a9075269b6', '30d22b2f-a7a9-49d3-a326-758137e61b40', 'submitted', 'Tutarlı ve güçlü bir mühendislik çalışması.', (timestamp '2026-07-10 09:00:00' + interval '46 hours 26 minutes') - interval '30 mins', (timestamp '2026-07-10 09:00:00' + interval '46 hours 26 minutes')) ON CONFLICT DO NOTHING;
INSERT INTO score_sheet_items (id, score_sheet_id, period_criterion_id, score_value) VALUES ('bc6aba5b-71a3-4684-aefc-26a7e583d3d0', '65117dab-3628-4959-ac9d-6ce97d4c3837', '3827321e-25d3-4ec5-ab6a-d8fb8d5f65fd', 17) ON CONFLICT DO NOTHING;
INSERT INTO score_sheet_items (id, score_sheet_id, period_criterion_id, score_value) VALUES ('39e598f2-cbe6-4cc3-a2c0-31cd538516b3', '65117dab-3628-4959-ac9d-6ce97d4c3837', 'c561d84a-3cda-4605-a33c-1ceb37ebed21', 21) ON CONFLICT DO NOTHING;
INSERT INTO score_sheet_items (id, score_sheet_id, period_criterion_id, score_value) VALUES ('5f771c88-3d67-4e6e-a5ec-d922bfd32477', '65117dab-3628-4959-ac9d-6ce97d4c3837', 'e10f1abe-f5f6-4530-ac12-708e65ef8c8f', 22) ON CONFLICT DO NOTHING;
INSERT INTO score_sheet_items (id, score_sheet_id, period_criterion_id, score_value) VALUES ('04481883-68db-47ca-afc0-359a7a1ecaec', '65117dab-3628-4959-ac9d-6ce97d4c3837', 'cf788ee1-eb7f-4aad-a0f7-4b6a6fcb8164', 11) ON CONFLICT DO NOTHING;
INSERT INTO score_sheets (id, period_id, project_id, juror_id, status, comment, started_at, last_activity_at) VALUES ('a91ff228-db1e-4539-a984-4e64c130a2da', 'e77bf882-fc32-461c-acab-6ee1696df0c7', 'ba5787ab-8196-4453-afd3-2e47c5185fb8', '30d22b2f-a7a9-49d3-a326-758137e61b40', 'submitted', 'Dengeli ve tutarlı bir proje. Zayıf nokta yok.', (timestamp '2026-07-10 09:00:00' + interval '11 hours 59 minutes') - interval '30 mins', (timestamp '2026-07-10 09:00:00' + interval '11 hours 59 minutes')) ON CONFLICT DO NOTHING;
INSERT INTO score_sheet_items (id, score_sheet_id, period_criterion_id, score_value) VALUES ('51a2be0a-0e4b-477e-acf4-17c4e0f8ff0a', 'a91ff228-db1e-4539-a984-4e64c130a2da', '3827321e-25d3-4ec5-ab6a-d8fb8d5f65fd', 19) ON CONFLICT DO NOTHING;
INSERT INTO score_sheet_items (id, score_sheet_id, period_criterion_id, score_value) VALUES ('8b4641ba-9298-4b0b-a7d8-591c64cea1e1', 'a91ff228-db1e-4539-a984-4e64c130a2da', 'c561d84a-3cda-4605-a33c-1ceb37ebed21', 25) ON CONFLICT DO NOTHING;
INSERT INTO score_sheet_items (id, score_sheet_id, period_criterion_id, score_value) VALUES ('63c2fee3-43fa-412e-a12e-54568f61603b', 'a91ff228-db1e-4539-a984-4e64c130a2da', 'e10f1abe-f5f6-4530-ac12-708e65ef8c8f', 24) ON CONFLICT DO NOTHING;
INSERT INTO score_sheet_items (id, score_sheet_id, period_criterion_id, score_value) VALUES ('cba96349-56f6-49af-a4d6-ad49e3b724d1', 'a91ff228-db1e-4539-a984-4e64c130a2da', 'cf788ee1-eb7f-4aad-a0f7-4b6a6fcb8164', 12) ON CONFLICT DO NOTHING;
INSERT INTO score_sheets (id, period_id, project_id, juror_id, status, comment, started_at, last_activity_at) VALUES ('0c5a77f6-972f-4cdb-aa13-31341f39b548', 'e77bf882-fc32-461c-acab-6ee1696df0c7', 'f4598c38-54f6-4ba5-a63e-aa6efde3bd7f', '30d22b2f-a7a9-49d3-a326-758137e61b40', 'submitted', NULL, (timestamp '2026-07-10 09:00:00' + interval '32 hours 19 minutes') - interval '30 mins', (timestamp '2026-07-10 09:00:00' + interval '32 hours 19 minutes')) ON CONFLICT DO NOTHING;
INSERT INTO score_sheet_items (id, score_sheet_id, period_criterion_id, score_value) VALUES ('a7486888-8ed8-4635-aa76-8831dbeb571b', '0c5a77f6-972f-4cdb-aa13-31341f39b548', '3827321e-25d3-4ec5-ab6a-d8fb8d5f65fd', 14) ON CONFLICT DO NOTHING;
INSERT INTO score_sheet_items (id, score_sheet_id, period_criterion_id, score_value) VALUES ('6ed749f5-ce08-4de7-a58d-7d32db63e236', '0c5a77f6-972f-4cdb-aa13-31341f39b548', 'c561d84a-3cda-4605-a33c-1ceb37ebed21', 21) ON CONFLICT DO NOTHING;
INSERT INTO score_sheet_items (id, score_sheet_id, period_criterion_id, score_value) VALUES ('cc309f2b-fc6e-4a2a-a9b9-820ee8184657', '0c5a77f6-972f-4cdb-aa13-31341f39b548', 'e10f1abe-f5f6-4530-ac12-708e65ef8c8f', 22) ON CONFLICT DO NOTHING;
INSERT INTO score_sheet_items (id, score_sheet_id, period_criterion_id, score_value) VALUES ('cb05cb05-1a3b-441f-a79a-c99e46c309dd', '0c5a77f6-972f-4cdb-aa13-31341f39b548', 'cf788ee1-eb7f-4aad-a0f7-4b6a6fcb8164', 8) ON CONFLICT DO NOTHING;
INSERT INTO score_sheets (id, period_id, project_id, juror_id, status, comment, started_at, last_activity_at) VALUES ('e88fe3f5-ea19-4a93-a8e3-ebfc555a24e2', 'e77bf882-fc32-461c-acab-6ee1696df0c7', 'f070dfb9-ff90-4539-afcd-c4d7c6106e95', '30d22b2f-a7a9-49d3-a326-758137e61b40', 'submitted', 'Mühendislik derinliği iyi ancak iletişim geliştirilmeli.', (timestamp '2026-07-10 09:00:00' + interval '21 hours 57 minutes') - interval '30 mins', (timestamp '2026-07-10 09:00:00' + interval '21 hours 57 minutes')) ON CONFLICT DO NOTHING;
INSERT INTO score_sheet_items (id, score_sheet_id, period_criterion_id, score_value) VALUES ('4c0bd8fa-6a3b-4627-af6a-54057741224c', 'e88fe3f5-ea19-4a93-a8e3-ebfc555a24e2', '3827321e-25d3-4ec5-ab6a-d8fb8d5f65fd', 21) ON CONFLICT DO NOTHING;
INSERT INTO score_sheet_items (id, score_sheet_id, period_criterion_id, score_value) VALUES ('626f962f-965f-4e6f-a7fc-d8f21f5207f2', 'e88fe3f5-ea19-4a93-a8e3-ebfc555a24e2', 'c561d84a-3cda-4605-a33c-1ceb37ebed21', 26) ON CONFLICT DO NOTHING;
INSERT INTO score_sheet_items (id, score_sheet_id, period_criterion_id, score_value) VALUES ('4f9d6f2b-5bcf-441b-a27d-5e7b2331429f', 'e88fe3f5-ea19-4a93-a8e3-ebfc555a24e2', 'e10f1abe-f5f6-4530-ac12-708e65ef8c8f', 26) ON CONFLICT DO NOTHING;
INSERT INTO score_sheet_items (id, score_sheet_id, period_criterion_id, score_value) VALUES ('73a39ec3-d5b1-4f44-a9ee-c1f31e94fb7a', 'e88fe3f5-ea19-4a93-a8e3-ebfc555a24e2', 'cf788ee1-eb7f-4aad-a0f7-4b6a6fcb8164', 12) ON CONFLICT DO NOTHING;
INSERT INTO score_sheets (id, period_id, project_id, juror_id, status, comment, started_at, last_activity_at) VALUES ('9f8dc9c9-c56b-4603-addb-fe8787363076', 'e77bf882-fc32-461c-acab-6ee1696df0c7', 'd32ea345-fbd3-4767-aacd-31c6b37a6a22', '30d22b2f-a7a9-49d3-a326-758137e61b40', 'submitted', NULL, (timestamp '2026-07-10 09:00:00' + interval '20 hours 8 minutes') - interval '30 mins', (timestamp '2026-07-10 09:00:00' + interval '20 hours 8 minutes')) ON CONFLICT DO NOTHING;
INSERT INTO score_sheet_items (id, score_sheet_id, period_criterion_id, score_value) VALUES ('9ce15220-8b0f-4047-a6ad-58b5b9cd330a', '9f8dc9c9-c56b-4603-addb-fe8787363076', '3827321e-25d3-4ec5-ab6a-d8fb8d5f65fd', 20) ON CONFLICT DO NOTHING;
INSERT INTO score_sheet_items (id, score_sheet_id, period_criterion_id, score_value) VALUES ('44319970-c6a0-4d94-a852-2d7028b612b9', '9f8dc9c9-c56b-4603-addb-fe8787363076', 'c561d84a-3cda-4605-a33c-1ceb37ebed21', 24) ON CONFLICT DO NOTHING;
INSERT INTO score_sheet_items (id, score_sheet_id, period_criterion_id, score_value) VALUES ('7be61a07-6a9b-4e46-a4da-329d18a3e13f', '9f8dc9c9-c56b-4603-addb-fe8787363076', 'e10f1abe-f5f6-4530-ac12-708e65ef8c8f', 15) ON CONFLICT DO NOTHING;
INSERT INTO score_sheet_items (id, score_sheet_id, period_criterion_id, score_value) VALUES ('0144d194-9404-4696-a904-34fc79ef5fd0', '9f8dc9c9-c56b-4603-addb-fe8787363076', 'cf788ee1-eb7f-4aad-a0f7-4b6a6fcb8164', 12) ON CONFLICT DO NOTHING;
INSERT INTO score_sheets (id, period_id, project_id, juror_id, status, comment, started_at, last_activity_at) VALUES ('fdffc8c2-43b4-4bbc-a43d-7baf7115d955', 'e77bf882-fc32-461c-acab-6ee1696df0c7', 'c9c5a8d2-eda9-48e3-a011-73670f79ab2f', '30d22b2f-a7a9-49d3-a326-758137e61b40', 'submitted', NULL, (timestamp '2026-07-10 09:00:00' + interval '20 hours 30 minutes') - interval '30 mins', (timestamp '2026-07-10 09:00:00' + interval '20 hours 30 minutes')) ON CONFLICT DO NOTHING;
INSERT INTO score_sheet_items (id, score_sheet_id, period_criterion_id, score_value) VALUES ('13dc344a-c119-4b82-a53e-fbf9fac89589', 'fdffc8c2-43b4-4bbc-a43d-7baf7115d955', '3827321e-25d3-4ec5-ab6a-d8fb8d5f65fd', 20) ON CONFLICT DO NOTHING;
INSERT INTO score_sheet_items (id, score_sheet_id, period_criterion_id, score_value) VALUES ('036c5ebe-f5fd-450b-a6be-484976c8bae6', 'fdffc8c2-43b4-4bbc-a43d-7baf7115d955', 'c561d84a-3cda-4605-a33c-1ceb37ebed21', 23) ON CONFLICT DO NOTHING;
INSERT INTO score_sheet_items (id, score_sheet_id, period_criterion_id, score_value) VALUES ('9a798d00-96d5-4b88-a784-8b643c0d4bfb', 'fdffc8c2-43b4-4bbc-a43d-7baf7115d955', 'e10f1abe-f5f6-4530-ac12-708e65ef8c8f', 23) ON CONFLICT DO NOTHING;
INSERT INTO score_sheet_items (id, score_sheet_id, period_criterion_id, score_value) VALUES ('9a0cdcb3-cc1d-4b7a-a8b4-1273a8b08fcd', 'fdffc8c2-43b4-4bbc-a43d-7baf7115d955', 'cf788ee1-eb7f-4aad-a0f7-4b6a6fcb8164', 12) ON CONFLICT DO NOTHING;
INSERT INTO score_sheets (id, period_id, project_id, juror_id, status, comment, started_at, last_activity_at) VALUES ('6153bb1a-61f6-42d0-a63e-3f1378fdcdbb', 'e77bf882-fc32-461c-acab-6ee1696df0c7', 'f134d9c5-4dbc-4e92-aa48-62f3c244de6e', '30d22b2f-a7a9-49d3-a326-758137e61b40', 'submitted', NULL, (timestamp '2026-07-10 09:00:00' + interval '4 hours 0 minutes') - interval '30 mins', (timestamp '2026-07-10 09:00:00' + interval '4 hours 0 minutes')) ON CONFLICT DO NOTHING;
INSERT INTO score_sheet_items (id, score_sheet_id, period_criterion_id, score_value) VALUES ('ef606d06-6c74-41c7-a6af-0d59f3ab5dff', '6153bb1a-61f6-42d0-a63e-3f1378fdcdbb', '3827321e-25d3-4ec5-ab6a-d8fb8d5f65fd', 16) ON CONFLICT DO NOTHING;
INSERT INTO score_sheet_items (id, score_sheet_id, period_criterion_id, score_value) VALUES ('56017e42-1c68-4667-aac8-b2dc7d929576', '6153bb1a-61f6-42d0-a63e-3f1378fdcdbb', 'c561d84a-3cda-4605-a33c-1ceb37ebed21', 19) ON CONFLICT DO NOTHING;
INSERT INTO score_sheet_items (id, score_sheet_id, period_criterion_id, score_value) VALUES ('157ad7c2-9c2e-45e5-a595-14036d0e8909', '6153bb1a-61f6-42d0-a63e-3f1378fdcdbb', 'e10f1abe-f5f6-4530-ac12-708e65ef8c8f', 20) ON CONFLICT DO NOTHING;
INSERT INTO score_sheet_items (id, score_sheet_id, period_criterion_id, score_value) VALUES ('886f0057-7f54-4cb8-a9f5-3f293639f4da', '6153bb1a-61f6-42d0-a63e-3f1378fdcdbb', 'cf788ee1-eb7f-4aad-a0f7-4b6a6fcb8164', 9) ON CONFLICT DO NOTHING;
INSERT INTO score_sheets (id, period_id, project_id, juror_id, status, comment, started_at, last_activity_at) VALUES ('449ff31e-04a2-479e-a09d-56dee215dfa7', 'e77bf882-fc32-461c-acab-6ee1696df0c7', '238b97fd-2d7a-43c5-a1a3-8fb3735867b1', '30d22b2f-a7a9-49d3-a326-758137e61b40', 'submitted', NULL, (timestamp '2026-07-10 09:00:00' + interval '40 hours 27 minutes') - interval '30 mins', (timestamp '2026-07-10 09:00:00' + interval '40 hours 27 minutes')) ON CONFLICT DO NOTHING;
INSERT INTO score_sheet_items (id, score_sheet_id, period_criterion_id, score_value) VALUES ('3efa8bc9-d74c-490c-acd9-897af60fe9f9', '449ff31e-04a2-479e-a09d-56dee215dfa7', '3827321e-25d3-4ec5-ab6a-d8fb8d5f65fd', 18) ON CONFLICT DO NOTHING;
INSERT INTO score_sheet_items (id, score_sheet_id, period_criterion_id, score_value) VALUES ('2d8a5c41-15af-48c4-ae1f-da7ba360481a', '449ff31e-04a2-479e-a09d-56dee215dfa7', 'c561d84a-3cda-4605-a33c-1ceb37ebed21', 19) ON CONFLICT DO NOTHING;
INSERT INTO score_sheet_items (id, score_sheet_id, period_criterion_id, score_value) VALUES ('f578bf9e-ce7c-4fdd-a02f-e43c0c166c90', '449ff31e-04a2-479e-a09d-56dee215dfa7', 'e10f1abe-f5f6-4530-ac12-708e65ef8c8f', 19) ON CONFLICT DO NOTHING;
INSERT INTO score_sheet_items (id, score_sheet_id, period_criterion_id, score_value) VALUES ('42987ef4-f886-414e-a8f7-f50bd69ee424', '449ff31e-04a2-479e-a09d-56dee215dfa7', 'cf788ee1-eb7f-4aad-a0f7-4b6a6fcb8164', 11) ON CONFLICT DO NOTHING;
INSERT INTO score_sheets (id, period_id, project_id, juror_id, status, comment, started_at, last_activity_at) VALUES ('1f151fcf-ebb2-45a8-a8af-028be4605db6', 'e77bf882-fc32-461c-acab-6ee1696df0c7', '5f932d7d-ad04-44c9-ac09-459f594c1ec2', '30d22b2f-a7a9-49d3-a326-758137e61b40', 'submitted', 'Eksik bir çalışma — önemli bölümler tamamlanmamış.', (timestamp '2026-07-10 09:00:00' + interval '60 hours 17 minutes') - interval '30 mins', (timestamp '2026-07-10 09:00:00' + interval '60 hours 17 minutes')) ON CONFLICT DO NOTHING;
INSERT INTO score_sheet_items (id, score_sheet_id, period_criterion_id, score_value) VALUES ('68751e13-556f-41a8-a3b2-eb5906ae03f2', '1f151fcf-ebb2-45a8-a8af-028be4605db6', '3827321e-25d3-4ec5-ab6a-d8fb8d5f65fd', 15) ON CONFLICT DO NOTHING;
INSERT INTO score_sheet_items (id, score_sheet_id, period_criterion_id, score_value) VALUES ('9a7dc123-1438-419a-aa8e-034e0f3abf9a', '1f151fcf-ebb2-45a8-a8af-028be4605db6', 'c561d84a-3cda-4605-a33c-1ceb37ebed21', 16) ON CONFLICT DO NOTHING;
INSERT INTO score_sheet_items (id, score_sheet_id, period_criterion_id, score_value) VALUES ('6435abe2-c6c5-4a95-abcf-75fbd0875ec3', '1f151fcf-ebb2-45a8-a8af-028be4605db6', 'e10f1abe-f5f6-4530-ac12-708e65ef8c8f', 18) ON CONFLICT DO NOTHING;
INSERT INTO score_sheet_items (id, score_sheet_id, period_criterion_id, score_value) VALUES ('0bc78455-5db8-4177-a1a7-460480103f2d', '1f151fcf-ebb2-45a8-a8af-028be4605db6', 'cf788ee1-eb7f-4aad-a0f7-4b6a6fcb8164', 9) ON CONFLICT DO NOTHING;
INSERT INTO score_sheets (id, period_id, project_id, juror_id, status, comment, started_at, last_activity_at) VALUES ('7448f934-3f21-438d-a1d7-2cae8412438f', 'e77bf882-fc32-461c-acab-6ee1696df0c7', '3b8b2e62-bc66-4c8c-ad14-371049c8204e', '1f96eb69-6e00-48d8-aadd-721d2884e69c', 'submitted', 'Gerçek anlamda yenilikçi. Büyük ustalık sergilendi.', (timestamp '2026-07-10 09:00:00' + interval '15 hours 40 minutes') - interval '30 mins', (timestamp '2026-07-10 09:00:00' + interval '15 hours 40 minutes')) ON CONFLICT DO NOTHING;
INSERT INTO score_sheet_items (id, score_sheet_id, period_criterion_id, score_value) VALUES ('f1f9e0ba-95da-4555-a6cd-89aa12356276', '7448f934-3f21-438d-a1d7-2cae8412438f', '3827321e-25d3-4ec5-ab6a-d8fb8d5f65fd', 23) ON CONFLICT DO NOTHING;
INSERT INTO score_sheet_items (id, score_sheet_id, period_criterion_id, score_value) VALUES ('bc251474-3faa-46a4-aa0d-8c27268b8b9e', '7448f934-3f21-438d-a1d7-2cae8412438f', 'c561d84a-3cda-4605-a33c-1ceb37ebed21', 28) ON CONFLICT DO NOTHING;
INSERT INTO score_sheet_items (id, score_sheet_id, period_criterion_id, score_value) VALUES ('27f7c80b-bab2-4335-ae3b-6b2af69cc6b7', '7448f934-3f21-438d-a1d7-2cae8412438f', 'e10f1abe-f5f6-4530-ac12-708e65ef8c8f', 28) ON CONFLICT DO NOTHING;
INSERT INTO score_sheet_items (id, score_sheet_id, period_criterion_id, score_value) VALUES ('d46199fd-ba32-42c8-a36a-c26286a16c25', '7448f934-3f21-438d-a1d7-2cae8412438f', 'cf788ee1-eb7f-4aad-a0f7-4b6a6fcb8164', 14) ON CONFLICT DO NOTHING;
INSERT INTO score_sheets (id, period_id, project_id, juror_id, status, comment, started_at, last_activity_at) VALUES ('9794d356-0a41-494b-a532-6735ba8eb0d9', 'e77bf882-fc32-461c-acab-6ee1696df0c7', 'c23aa93d-d7c4-4b82-aee5-2d857b47638c', '1f96eb69-6e00-48d8-aadd-721d2884e69c', 'submitted', NULL, (timestamp '2026-07-10 09:00:00' + interval '10 hours 48 minutes') - interval '30 mins', (timestamp '2026-07-10 09:00:00' + interval '10 hours 48 minutes')) ON CONFLICT DO NOTHING;
INSERT INTO score_sheet_items (id, score_sheet_id, period_criterion_id, score_value) VALUES ('3599a3a0-1960-41b5-a401-8fa190a7c4d7', '9794d356-0a41-494b-a532-6735ba8eb0d9', '3827321e-25d3-4ec5-ab6a-d8fb8d5f65fd', 23) ON CONFLICT DO NOTHING;
INSERT INTO score_sheet_items (id, score_sheet_id, period_criterion_id, score_value) VALUES ('e4045f4b-0df4-49f1-acbe-71706e9f988e', '9794d356-0a41-494b-a532-6735ba8eb0d9', 'c561d84a-3cda-4605-a33c-1ceb37ebed21', 28) ON CONFLICT DO NOTHING;
INSERT INTO score_sheet_items (id, score_sheet_id, period_criterion_id, score_value) VALUES ('0ef5be51-e636-4477-aabb-2493555f787a', '9794d356-0a41-494b-a532-6735ba8eb0d9', 'e10f1abe-f5f6-4530-ac12-708e65ef8c8f', 28) ON CONFLICT DO NOTHING;
INSERT INTO score_sheet_items (id, score_sheet_id, period_criterion_id, score_value) VALUES ('a4f2f550-a298-4928-a29e-c177910316f4', '9794d356-0a41-494b-a532-6735ba8eb0d9', 'cf788ee1-eb7f-4aad-a0f7-4b6a6fcb8164', 13) ON CONFLICT DO NOTHING;
INSERT INTO score_sheets (id, period_id, project_id, juror_id, status, comment, started_at, last_activity_at) VALUES ('4f108940-4719-4ca5-a25e-1d98f7d63874', 'e77bf882-fc32-461c-acab-6ee1696df0c7', '1b122688-dc8e-467d-aa9d-16a7c8dbd1a8', '1f96eb69-6e00-48d8-aadd-721d2884e69c', 'submitted', NULL, (timestamp '2026-07-10 09:00:00' + interval '60 hours 16 minutes') - interval '30 mins', (timestamp '2026-07-10 09:00:00' + interval '60 hours 16 minutes')) ON CONFLICT DO NOTHING;
INSERT INTO score_sheet_items (id, score_sheet_id, period_criterion_id, score_value) VALUES ('51aef1cb-8898-4072-a143-0cf08c8d8157', '4f108940-4719-4ca5-a25e-1d98f7d63874', '3827321e-25d3-4ec5-ab6a-d8fb8d5f65fd', 20) ON CONFLICT DO NOTHING;
INSERT INTO score_sheet_items (id, score_sheet_id, period_criterion_id, score_value) VALUES ('d3ce8fe4-c062-458f-aa72-c0c84b7789b2', '4f108940-4719-4ca5-a25e-1d98f7d63874', 'c561d84a-3cda-4605-a33c-1ceb37ebed21', 23) ON CONFLICT DO NOTHING;
INSERT INTO score_sheet_items (id, score_sheet_id, period_criterion_id, score_value) VALUES ('7334155f-6410-4c1b-a52a-1e5f54f9cc1c', '4f108940-4719-4ca5-a25e-1d98f7d63874', 'e10f1abe-f5f6-4530-ac12-708e65ef8c8f', 25) ON CONFLICT DO NOTHING;
INSERT INTO score_sheet_items (id, score_sheet_id, period_criterion_id, score_value) VALUES ('7e9373db-6332-467c-a0b6-31b960073e85', '4f108940-4719-4ca5-a25e-1d98f7d63874', 'cf788ee1-eb7f-4aad-a0f7-4b6a6fcb8164', 12) ON CONFLICT DO NOTHING;
INSERT INTO score_sheets (id, period_id, project_id, juror_id, status, comment, started_at, last_activity_at) VALUES ('6c5d1bab-5009-4e53-ac50-26e4b6a7d147', 'e77bf882-fc32-461c-acab-6ee1696df0c7', 'c900eb14-5b94-461b-ac3d-f2a9075269b6', '1f96eb69-6e00-48d8-aadd-721d2884e69c', 'submitted', NULL, (timestamp '2026-07-10 09:00:00' + interval '53 hours 25 minutes') - interval '30 mins', (timestamp '2026-07-10 09:00:00' + interval '53 hours 25 minutes')) ON CONFLICT DO NOTHING;
INSERT INTO score_sheet_items (id, score_sheet_id, period_criterion_id, score_value) VALUES ('54e9168e-2d79-4a9c-a0a6-29adeaf95abd', '6c5d1bab-5009-4e53-ac50-26e4b6a7d147', '3827321e-25d3-4ec5-ab6a-d8fb8d5f65fd', 20) ON CONFLICT DO NOTHING;
INSERT INTO score_sheet_items (id, score_sheet_id, period_criterion_id, score_value) VALUES ('db214f72-856d-4e1d-a77c-51d0e74ef339', '6c5d1bab-5009-4e53-ac50-26e4b6a7d147', 'c561d84a-3cda-4605-a33c-1ceb37ebed21', 24) ON CONFLICT DO NOTHING;
INSERT INTO score_sheet_items (id, score_sheet_id, period_criterion_id, score_value) VALUES ('ab9e6fca-8e26-4567-a553-d2b8275ed3c4', '6c5d1bab-5009-4e53-ac50-26e4b6a7d147', 'e10f1abe-f5f6-4530-ac12-708e65ef8c8f', 26) ON CONFLICT DO NOTHING;
INSERT INTO score_sheet_items (id, score_sheet_id, period_criterion_id, score_value) VALUES ('00d24fba-8629-4022-a569-b654122305a1', '6c5d1bab-5009-4e53-ac50-26e4b6a7d147', 'cf788ee1-eb7f-4aad-a0f7-4b6a6fcb8164', 11) ON CONFLICT DO NOTHING;
INSERT INTO score_sheets (id, period_id, project_id, juror_id, status, comment, started_at, last_activity_at) VALUES ('a1345d7c-3a1f-49b0-aacf-485efd9de4a0', 'e77bf882-fc32-461c-acab-6ee1696df0c7', 'ba5787ab-8196-4453-afd3-2e47c5185fb8', '1f96eb69-6e00-48d8-aadd-721d2884e69c', 'submitted', NULL, (timestamp '2026-07-10 09:00:00' + interval '34 hours 49 minutes') - interval '30 mins', (timestamp '2026-07-10 09:00:00' + interval '34 hours 49 minutes')) ON CONFLICT DO NOTHING;
INSERT INTO score_sheet_items (id, score_sheet_id, period_criterion_id, score_value) VALUES ('26ad05d2-8a94-427d-a59d-2b4053fda183', 'a1345d7c-3a1f-49b0-aacf-485efd9de4a0', '3827321e-25d3-4ec5-ab6a-d8fb8d5f65fd', 21) ON CONFLICT DO NOTHING;
INSERT INTO score_sheet_items (id, score_sheet_id, period_criterion_id, score_value) VALUES ('462ba1f8-3919-4056-a0ae-e7bf01d4dbdc', 'a1345d7c-3a1f-49b0-aacf-485efd9de4a0', 'c561d84a-3cda-4605-a33c-1ceb37ebed21', 26) ON CONFLICT DO NOTHING;
INSERT INTO score_sheet_items (id, score_sheet_id, period_criterion_id, score_value) VALUES ('3c3d747d-ceeb-4e08-afab-1abdb68d40e5', 'a1345d7c-3a1f-49b0-aacf-485efd9de4a0', 'e10f1abe-f5f6-4530-ac12-708e65ef8c8f', 24) ON CONFLICT DO NOTHING;
INSERT INTO score_sheet_items (id, score_sheet_id, period_criterion_id, score_value) VALUES ('1c96af90-86a6-406b-a84f-a04fcf20eb09', 'a1345d7c-3a1f-49b0-aacf-485efd9de4a0', 'cf788ee1-eb7f-4aad-a0f7-4b6a6fcb8164', 12) ON CONFLICT DO NOTHING;
INSERT INTO score_sheets (id, period_id, project_id, juror_id, status, comment, started_at, last_activity_at) VALUES ('a2b04236-f71d-4594-af8e-fb44793ae96d', 'e77bf882-fc32-461c-acab-6ee1696df0c7', 'f4598c38-54f6-4ba5-a63e-aa6efde3bd7f', '1f96eb69-6e00-48d8-aadd-721d2884e69c', 'submitted', 'İddialı kapsam, karışık sonuçlar.', (timestamp '2026-07-10 09:00:00' + interval '40 hours 50 minutes') - interval '30 mins', (timestamp '2026-07-10 09:00:00' + interval '40 hours 50 minutes')) ON CONFLICT DO NOTHING;
INSERT INTO score_sheet_items (id, score_sheet_id, period_criterion_id, score_value) VALUES ('89ed2cad-1f88-4e96-abab-91acfef128dd', 'a2b04236-f71d-4594-af8e-fb44793ae96d', '3827321e-25d3-4ec5-ab6a-d8fb8d5f65fd', 14) ON CONFLICT DO NOTHING;
INSERT INTO score_sheet_items (id, score_sheet_id, period_criterion_id, score_value) VALUES ('270b76bb-064c-4d3c-a40f-931af7fefd3e', 'a2b04236-f71d-4594-af8e-fb44793ae96d', 'c561d84a-3cda-4605-a33c-1ceb37ebed21', 18) ON CONFLICT DO NOTHING;
INSERT INTO score_sheet_items (id, score_sheet_id, period_criterion_id, score_value) VALUES ('3dcf3381-8b03-413e-a85c-8b53f59f2138', 'a2b04236-f71d-4594-af8e-fb44793ae96d', 'e10f1abe-f5f6-4530-ac12-708e65ef8c8f', 25) ON CONFLICT DO NOTHING;
INSERT INTO score_sheet_items (id, score_sheet_id, period_criterion_id, score_value) VALUES ('ff1e8080-2919-4a77-a6c7-dc9e6bbbbabf', 'a2b04236-f71d-4594-af8e-fb44793ae96d', 'cf788ee1-eb7f-4aad-a0f7-4b6a6fcb8164', 12) ON CONFLICT DO NOTHING;
INSERT INTO score_sheets (id, period_id, project_id, juror_id, status, comment, started_at, last_activity_at) VALUES ('54de96e0-b19b-4748-acb3-aeafdb7d5a78', 'e77bf882-fc32-461c-acab-6ee1696df0c7', 'f070dfb9-ff90-4539-afcd-c4d7c6106e95', '1f96eb69-6e00-48d8-aadd-721d2884e69c', 'submitted', NULL, (timestamp '2026-07-10 09:00:00' + interval '35 hours 41 minutes') - interval '30 mins', (timestamp '2026-07-10 09:00:00' + interval '35 hours 41 minutes')) ON CONFLICT DO NOTHING;
INSERT INTO score_sheet_items (id, score_sheet_id, period_criterion_id, score_value) VALUES ('53223051-c3ba-42f1-a7ae-927ca1b7991f', '54de96e0-b19b-4748-acb3-aeafdb7d5a78', '3827321e-25d3-4ec5-ab6a-d8fb8d5f65fd', 23) ON CONFLICT DO NOTHING;
INSERT INTO score_sheet_items (id, score_sheet_id, period_criterion_id, score_value) VALUES ('781166ab-f91f-444d-a7fc-12580b1fb6c6', '54de96e0-b19b-4748-acb3-aeafdb7d5a78', 'c561d84a-3cda-4605-a33c-1ceb37ebed21', 28) ON CONFLICT DO NOTHING;
INSERT INTO score_sheet_items (id, score_sheet_id, period_criterion_id, score_value) VALUES ('157db164-df12-4f1f-a4f0-fd3275580054', '54de96e0-b19b-4748-acb3-aeafdb7d5a78', 'e10f1abe-f5f6-4530-ac12-708e65ef8c8f', 28) ON CONFLICT DO NOTHING;
INSERT INTO score_sheet_items (id, score_sheet_id, period_criterion_id, score_value) VALUES ('87cc5ef4-009b-46b5-ae36-3a64402c273c', '54de96e0-b19b-4748-acb3-aeafdb7d5a78', 'cf788ee1-eb7f-4aad-a0f7-4b6a6fcb8164', 13) ON CONFLICT DO NOTHING;
INSERT INTO score_sheets (id, period_id, project_id, juror_id, status, comment, started_at, last_activity_at) VALUES ('c0ffddf3-6551-4874-a0c6-3c168a3c2d21', 'e77bf882-fc32-461c-acab-6ee1696df0c7', 'd32ea345-fbd3-4767-aacd-31c6b37a6a22', '1f96eb69-6e00-48d8-aadd-721d2884e69c', 'submitted', 'Takım dinamikleri çok iyi ama teknik yürütme yetersiz.', (timestamp '2026-07-10 09:00:00' + interval '8 hours 3 minutes') - interval '30 mins', (timestamp '2026-07-10 09:00:00' + interval '8 hours 3 minutes')) ON CONFLICT DO NOTHING;
INSERT INTO score_sheet_items (id, score_sheet_id, period_criterion_id, score_value) VALUES ('9a822464-94a8-4d25-ac06-7c0dcf58ede0', 'c0ffddf3-6551-4874-a0c6-3c168a3c2d21', '3827321e-25d3-4ec5-ab6a-d8fb8d5f65fd', 22) ON CONFLICT DO NOTHING;
INSERT INTO score_sheet_items (id, score_sheet_id, period_criterion_id, score_value) VALUES ('15779d05-6e15-4d30-a09e-e3fe0d04566f', 'c0ffddf3-6551-4874-a0c6-3c168a3c2d21', 'c561d84a-3cda-4605-a33c-1ceb37ebed21', 26) ON CONFLICT DO NOTHING;
INSERT INTO score_sheet_items (id, score_sheet_id, period_criterion_id, score_value) VALUES ('166f6223-2536-4122-a402-ba691d87d8c0', 'c0ffddf3-6551-4874-a0c6-3c168a3c2d21', 'e10f1abe-f5f6-4530-ac12-708e65ef8c8f', 16) ON CONFLICT DO NOTHING;
INSERT INTO score_sheet_items (id, score_sheet_id, period_criterion_id, score_value) VALUES ('82b3b4c0-cb5c-4b96-ab98-754ecc2384a3', 'c0ffddf3-6551-4874-a0c6-3c168a3c2d21', 'cf788ee1-eb7f-4aad-a0f7-4b6a6fcb8164', 12) ON CONFLICT DO NOTHING;
INSERT INTO score_sheets (id, period_id, project_id, juror_id, status, comment, started_at, last_activity_at) VALUES ('abd629aa-bc45-4cc9-a5ee-619852df3cae', 'e77bf882-fc32-461c-acab-6ee1696df0c7', 'c9c5a8d2-eda9-48e3-a011-73670f79ab2f', '1f96eb69-6e00-48d8-aadd-721d2884e69c', 'submitted', 'Yavaş başladı ama çok güçlü bitirdi.', (timestamp '2026-07-10 09:00:00' + interval '22 hours 37 minutes') - interval '30 mins', (timestamp '2026-07-10 09:00:00' + interval '22 hours 37 minutes')) ON CONFLICT DO NOTHING;
INSERT INTO score_sheet_items (id, score_sheet_id, period_criterion_id, score_value) VALUES ('57521846-5b63-4662-adb0-b0353509f61c', 'abd629aa-bc45-4cc9-a5ee-619852df3cae', '3827321e-25d3-4ec5-ab6a-d8fb8d5f65fd', 24) ON CONFLICT DO NOTHING;
INSERT INTO score_sheet_items (id, score_sheet_id, period_criterion_id, score_value) VALUES ('3ec33f1b-5cc5-4670-adf7-9322d2df5c51', 'abd629aa-bc45-4cc9-a5ee-619852df3cae', 'c561d84a-3cda-4605-a33c-1ceb37ebed21', 26) ON CONFLICT DO NOTHING;
INSERT INTO score_sheet_items (id, score_sheet_id, period_criterion_id, score_value) VALUES ('3d1aa72f-09bf-44a2-a47b-aa65e984407d', 'abd629aa-bc45-4cc9-a5ee-619852df3cae', 'e10f1abe-f5f6-4530-ac12-708e65ef8c8f', 27) ON CONFLICT DO NOTHING;
INSERT INTO score_sheet_items (id, score_sheet_id, period_criterion_id, score_value) VALUES ('faff5b11-5a62-4d22-a6d4-c95aface424c', 'abd629aa-bc45-4cc9-a5ee-619852df3cae', 'cf788ee1-eb7f-4aad-a0f7-4b6a6fcb8164', 12) ON CONFLICT DO NOTHING;
INSERT INTO score_sheets (id, period_id, project_id, juror_id, status, comment, started_at, last_activity_at) VALUES ('1b530bd0-9557-4f3d-a7ac-b1e7b2534712', 'e77bf882-fc32-461c-acab-6ee1696df0c7', 'f134d9c5-4dbc-4e92-aa48-62f3c244de6e', '1f96eb69-6e00-48d8-aadd-721d2884e69c', 'submitted', NULL, (timestamp '2026-07-10 09:00:00' + interval '15 hours 26 minutes') - interval '30 mins', (timestamp '2026-07-10 09:00:00' + interval '15 hours 26 minutes')) ON CONFLICT DO NOTHING;
INSERT INTO score_sheet_items (id, score_sheet_id, period_criterion_id, score_value) VALUES ('c07624e5-e9bd-4e9d-ab88-2bfa0f98eae2', '1b530bd0-9557-4f3d-a7ac-b1e7b2534712', '3827321e-25d3-4ec5-ab6a-d8fb8d5f65fd', 16) ON CONFLICT DO NOTHING;
INSERT INTO score_sheet_items (id, score_sheet_id, period_criterion_id, score_value) VALUES ('abe28422-719b-4fb2-a08a-ec213edd34dd', '1b530bd0-9557-4f3d-a7ac-b1e7b2534712', 'c561d84a-3cda-4605-a33c-1ceb37ebed21', 18) ON CONFLICT DO NOTHING;
INSERT INTO score_sheet_items (id, score_sheet_id, period_criterion_id, score_value) VALUES ('f0b2a431-86f8-47c4-a23a-ff6194cd1d5e', '1b530bd0-9557-4f3d-a7ac-b1e7b2534712', 'e10f1abe-f5f6-4530-ac12-708e65ef8c8f', 19) ON CONFLICT DO NOTHING;
INSERT INTO score_sheet_items (id, score_sheet_id, period_criterion_id, score_value) VALUES ('0592bb7d-5bb7-4f20-a99e-6e0c3101d011', '1b530bd0-9557-4f3d-a7ac-b1e7b2534712', 'cf788ee1-eb7f-4aad-a0f7-4b6a6fcb8164', 10) ON CONFLICT DO NOTHING;
INSERT INTO score_sheets (id, period_id, project_id, juror_id, status, comment, started_at, last_activity_at) VALUES ('073d5d50-eabe-49ba-a1e0-db2e65d4bccc', 'e77bf882-fc32-461c-acab-6ee1696df0c7', '238b97fd-2d7a-43c5-a1a3-8fb3735867b1', '1f96eb69-6e00-48d8-aadd-721d2884e69c', 'submitted', NULL, (timestamp '2026-07-10 09:00:00' + interval '25 hours 58 minutes') - interval '30 mins', (timestamp '2026-07-10 09:00:00' + interval '25 hours 58 minutes')) ON CONFLICT DO NOTHING;
INSERT INTO score_sheet_items (id, score_sheet_id, period_criterion_id, score_value) VALUES ('30c6ff6f-5c77-445f-a37b-ab179fd79e96', '073d5d50-eabe-49ba-a1e0-db2e65d4bccc', '3827321e-25d3-4ec5-ab6a-d8fb8d5f65fd', 16) ON CONFLICT DO NOTHING;
INSERT INTO score_sheet_items (id, score_sheet_id, period_criterion_id, score_value) VALUES ('d90e67fc-1498-4536-a815-73380610e357', '073d5d50-eabe-49ba-a1e0-db2e65d4bccc', 'c561d84a-3cda-4605-a33c-1ceb37ebed21', 23) ON CONFLICT DO NOTHING;
INSERT INTO score_sheet_items (id, score_sheet_id, period_criterion_id, score_value) VALUES ('fb642202-b9e2-4774-a4b3-3e7a2fc6788a', '073d5d50-eabe-49ba-a1e0-db2e65d4bccc', 'e10f1abe-f5f6-4530-ac12-708e65ef8c8f', 20) ON CONFLICT DO NOTHING;
INSERT INTO score_sheet_items (id, score_sheet_id, period_criterion_id, score_value) VALUES ('74e09d7b-98d4-4dc3-a598-41222cfd4ffd', '073d5d50-eabe-49ba-a1e0-db2e65d4bccc', 'cf788ee1-eb7f-4aad-a0f7-4b6a6fcb8164', 11) ON CONFLICT DO NOTHING;
INSERT INTO score_sheets (id, period_id, project_id, juror_id, status, comment, started_at, last_activity_at) VALUES ('1b65f3b3-872f-4a7d-ad35-56578554d8c7', 'e77bf882-fc32-461c-acab-6ee1696df0c7', '5f932d7d-ad04-44c9-ac09-459f594c1ec2', '1f96eb69-6e00-48d8-aadd-721d2884e69c', 'submitted', 'Eksik bir çalışma — önemli bölümler tamamlanmamış.', (timestamp '2026-07-10 09:00:00' + interval '29 hours 30 minutes') - interval '30 mins', (timestamp '2026-07-10 09:00:00' + interval '29 hours 30 minutes')) ON CONFLICT DO NOTHING;
INSERT INTO score_sheet_items (id, score_sheet_id, period_criterion_id, score_value) VALUES ('c2189060-00e5-4939-a157-a882f64de332', '1b65f3b3-872f-4a7d-ad35-56578554d8c7', '3827321e-25d3-4ec5-ab6a-d8fb8d5f65fd', 16) ON CONFLICT DO NOTHING;
INSERT INTO score_sheet_items (id, score_sheet_id, period_criterion_id, score_value) VALUES ('afd87a20-9fab-45a9-a9c0-832ed6e9206b', '1b65f3b3-872f-4a7d-ad35-56578554d8c7', 'c561d84a-3cda-4605-a33c-1ceb37ebed21', 18) ON CONFLICT DO NOTHING;
INSERT INTO score_sheet_items (id, score_sheet_id, period_criterion_id, score_value) VALUES ('f0383b22-1034-4e48-a1dd-fa0fb83d6409', '1b65f3b3-872f-4a7d-ad35-56578554d8c7', 'e10f1abe-f5f6-4530-ac12-708e65ef8c8f', 16) ON CONFLICT DO NOTHING;
INSERT INTO score_sheet_items (id, score_sheet_id, period_criterion_id, score_value) VALUES ('7fc81b49-8814-4ee2-a510-9fac9cc65189', '1b65f3b3-872f-4a7d-ad35-56578554d8c7', 'cf788ee1-eb7f-4aad-a0f7-4b6a6fcb8164', 8) ON CONFLICT DO NOTHING;
INSERT INTO score_sheets (id, period_id, project_id, juror_id, status, comment, started_at, last_activity_at) VALUES ('fed3ec72-0291-4019-a051-82f110cf3a29', 'e77bf882-fc32-461c-acab-6ee1696df0c7', '3b8b2e62-bc66-4c8c-ad14-371049c8204e', '5bfd36d0-756a-4206-a9be-70c42f00fc7b', 'submitted', 'Gerçek anlamda yenilikçi. Büyük ustalık sergilendi.', (timestamp '2026-07-10 09:00:00' + interval '47 hours 3 minutes') - interval '30 mins', (timestamp '2026-07-10 09:00:00' + interval '47 hours 3 minutes')) ON CONFLICT DO NOTHING;
INSERT INTO score_sheet_items (id, score_sheet_id, period_criterion_id, score_value) VALUES ('bb845ac1-ff88-4b85-ad27-abb15b6a39d6', 'fed3ec72-0291-4019-a051-82f110cf3a29', '3827321e-25d3-4ec5-ab6a-d8fb8d5f65fd', 22) ON CONFLICT DO NOTHING;
INSERT INTO score_sheet_items (id, score_sheet_id, period_criterion_id, score_value) VALUES ('75288495-60f2-4c9c-a64f-fb2e18ba4188', 'fed3ec72-0291-4019-a051-82f110cf3a29', 'c561d84a-3cda-4605-a33c-1ceb37ebed21', 28) ON CONFLICT DO NOTHING;
INSERT INTO score_sheet_items (id, score_sheet_id, period_criterion_id, score_value) VALUES ('4fd703dc-3885-4611-ac4c-7821466e8258', 'fed3ec72-0291-4019-a051-82f110cf3a29', 'e10f1abe-f5f6-4530-ac12-708e65ef8c8f', 26) ON CONFLICT DO NOTHING;
INSERT INTO score_sheet_items (id, score_sheet_id, period_criterion_id, score_value) VALUES ('d81d851f-8c20-4d3e-a0e5-a8a61cee1631', 'fed3ec72-0291-4019-a051-82f110cf3a29', 'cf788ee1-eb7f-4aad-a0f7-4b6a6fcb8164', 13) ON CONFLICT DO NOTHING;
INSERT INTO score_sheets (id, period_id, project_id, juror_id, status, comment, started_at, last_activity_at) VALUES ('817ab50d-7110-4d40-ae97-15e3dcdf24f1', 'e77bf882-fc32-461c-acab-6ee1696df0c7', 'c23aa93d-d7c4-4b82-aee5-2d857b47638c', '5bfd36d0-756a-4206-a9be-70c42f00fc7b', 'submitted', NULL, (timestamp '2026-07-10 09:00:00' + interval '35 hours 43 minutes') - interval '30 mins', (timestamp '2026-07-10 09:00:00' + interval '35 hours 43 minutes')) ON CONFLICT DO NOTHING;
INSERT INTO score_sheet_items (id, score_sheet_id, period_criterion_id, score_value) VALUES ('4c504d5f-75d5-40ec-a1e0-7a81d20d810a', '817ab50d-7110-4d40-ae97-15e3dcdf24f1', '3827321e-25d3-4ec5-ab6a-d8fb8d5f65fd', 22) ON CONFLICT DO NOTHING;
INSERT INTO score_sheet_items (id, score_sheet_id, period_criterion_id, score_value) VALUES ('15213a8c-ce35-4cc0-a376-eaf5546dc788', '817ab50d-7110-4d40-ae97-15e3dcdf24f1', 'c561d84a-3cda-4605-a33c-1ceb37ebed21', 27) ON CONFLICT DO NOTHING;
INSERT INTO score_sheet_items (id, score_sheet_id, period_criterion_id, score_value) VALUES ('56c32a91-0fcd-47cc-abb8-eb2c72f99e2f', '817ab50d-7110-4d40-ae97-15e3dcdf24f1', 'e10f1abe-f5f6-4530-ac12-708e65ef8c8f', 26) ON CONFLICT DO NOTHING;
INSERT INTO score_sheet_items (id, score_sheet_id, period_criterion_id, score_value) VALUES ('799cd439-dc84-4b73-aff7-dbb5375c55c5', '817ab50d-7110-4d40-ae97-15e3dcdf24f1', 'cf788ee1-eb7f-4aad-a0f7-4b6a6fcb8164', 14) ON CONFLICT DO NOTHING;
INSERT INTO score_sheets (id, period_id, project_id, juror_id, status, comment, started_at, last_activity_at) VALUES ('bf96497b-5305-4ec6-ab76-4f36ec36770d', 'e77bf882-fc32-461c-acab-6ee1696df0c7', '1b122688-dc8e-467d-aa9d-16a7c8dbd1a8', '5bfd36d0-756a-4206-a9be-70c42f00fc7b', 'submitted', 'Tutarlı ve güçlü bir mühendislik çalışması.', (timestamp '2026-07-10 09:00:00' + interval '47 hours 58 minutes') - interval '30 mins', (timestamp '2026-07-10 09:00:00' + interval '47 hours 58 minutes')) ON CONFLICT DO NOTHING;
INSERT INTO score_sheet_items (id, score_sheet_id, period_criterion_id, score_value) VALUES ('71bc22f1-1d2a-4f04-a711-bf5f21db2eb4', 'bf96497b-5305-4ec6-ab76-4f36ec36770d', '3827321e-25d3-4ec5-ab6a-d8fb8d5f65fd', 19) ON CONFLICT DO NOTHING;
INSERT INTO score_sheet_items (id, score_sheet_id, period_criterion_id, score_value) VALUES ('d0149be0-17af-4d5e-a840-3f22987c63b5', 'bf96497b-5305-4ec6-ab76-4f36ec36770d', 'c561d84a-3cda-4605-a33c-1ceb37ebed21', 23) ON CONFLICT DO NOTHING;
INSERT INTO score_sheet_items (id, score_sheet_id, period_criterion_id, score_value) VALUES ('ed82d4c6-a3ae-43ab-a913-7dcadaf713c1', 'bf96497b-5305-4ec6-ab76-4f36ec36770d', 'e10f1abe-f5f6-4530-ac12-708e65ef8c8f', 24) ON CONFLICT DO NOTHING;
INSERT INTO score_sheet_items (id, score_sheet_id, period_criterion_id, score_value) VALUES ('afd69903-0cdd-4b99-a891-e07493cea31b', 'bf96497b-5305-4ec6-ab76-4f36ec36770d', 'cf788ee1-eb7f-4aad-a0f7-4b6a6fcb8164', 11) ON CONFLICT DO NOTHING;
INSERT INTO score_sheets (id, period_id, project_id, juror_id, status, comment, started_at, last_activity_at) VALUES ('b3bfc30d-19c0-4bff-a166-4bd8dde51cc3', 'e77bf882-fc32-461c-acab-6ee1696df0c7', 'c900eb14-5b94-461b-ac3d-f2a9075269b6', '5bfd36d0-756a-4206-a9be-70c42f00fc7b', 'submitted', 'İyi düzeyde teknik çalışma ve dokümantasyon.', (timestamp '2026-07-10 09:00:00' + interval '3 hours 23 minutes') - interval '30 mins', (timestamp '2026-07-10 09:00:00' + interval '3 hours 23 minutes')) ON CONFLICT DO NOTHING;
INSERT INTO score_sheet_items (id, score_sheet_id, period_criterion_id, score_value) VALUES ('753cc1a6-c94b-4cc4-ae28-88a8f2fb0958', 'b3bfc30d-19c0-4bff-a166-4bd8dde51cc3', '3827321e-25d3-4ec5-ab6a-d8fb8d5f65fd', 20) ON CONFLICT DO NOTHING;
INSERT INTO score_sheet_items (id, score_sheet_id, period_criterion_id, score_value) VALUES ('48701190-a603-4ee8-ad4a-377116822c70', 'b3bfc30d-19c0-4bff-a166-4bd8dde51cc3', 'c561d84a-3cda-4605-a33c-1ceb37ebed21', 24) ON CONFLICT DO NOTHING;
INSERT INTO score_sheet_items (id, score_sheet_id, period_criterion_id, score_value) VALUES ('acf6121b-2776-41ee-ab91-cdc059cc0604', 'b3bfc30d-19c0-4bff-a166-4bd8dde51cc3', 'e10f1abe-f5f6-4530-ac12-708e65ef8c8f', 24) ON CONFLICT DO NOTHING;
INSERT INTO score_sheet_items (id, score_sheet_id, period_criterion_id, score_value) VALUES ('b9940162-b85b-40e7-ae50-7e97d418f2e6', 'b3bfc30d-19c0-4bff-a166-4bd8dde51cc3', 'cf788ee1-eb7f-4aad-a0f7-4b6a6fcb8164', 12) ON CONFLICT DO NOTHING;
INSERT INTO score_sheets (id, period_id, project_id, juror_id, status, comment, started_at, last_activity_at) VALUES ('ca3f4a9a-b4f6-477f-ac79-9e459ef76337', 'e77bf882-fc32-461c-acab-6ee1696df0c7', 'ba5787ab-8196-4453-afd3-2e47c5185fb8', '5bfd36d0-756a-4206-a9be-70c42f00fc7b', 'submitted', 'Dengeli ve tutarlı bir proje. Zayıf nokta yok.', (timestamp '2026-07-10 09:00:00' + interval '58 hours 49 minutes') - interval '30 mins', (timestamp '2026-07-10 09:00:00' + interval '58 hours 49 minutes')) ON CONFLICT DO NOTHING;
INSERT INTO score_sheet_items (id, score_sheet_id, period_criterion_id, score_value) VALUES ('b37930aa-bd54-4670-a5f7-f26770cd7c78', 'ca3f4a9a-b4f6-477f-ac79-9e459ef76337', '3827321e-25d3-4ec5-ab6a-d8fb8d5f65fd', 20) ON CONFLICT DO NOTHING;
INSERT INTO score_sheet_items (id, score_sheet_id, period_criterion_id, score_value) VALUES ('2806605d-9770-4e06-a98e-f8c5bd7d2093', 'ca3f4a9a-b4f6-477f-ac79-9e459ef76337', 'c561d84a-3cda-4605-a33c-1ceb37ebed21', 24) ON CONFLICT DO NOTHING;
INSERT INTO score_sheet_items (id, score_sheet_id, period_criterion_id, score_value) VALUES ('35883445-1529-4a81-acd4-b02e11e80120', 'ca3f4a9a-b4f6-477f-ac79-9e459ef76337', 'e10f1abe-f5f6-4530-ac12-708e65ef8c8f', 24) ON CONFLICT DO NOTHING;
INSERT INTO score_sheet_items (id, score_sheet_id, period_criterion_id, score_value) VALUES ('ac2e6d13-c9db-45d1-ace0-3c0acaae4e31', 'ca3f4a9a-b4f6-477f-ac79-9e459ef76337', 'cf788ee1-eb7f-4aad-a0f7-4b6a6fcb8164', 13) ON CONFLICT DO NOTHING;
INSERT INTO score_sheets (id, period_id, project_id, juror_id, status, comment, started_at, last_activity_at) VALUES ('dcbc21bd-8f05-49ca-afaf-cdacbba83c2d', 'e77bf882-fc32-461c-acab-6ee1696df0c7', 'f4598c38-54f6-4ba5-a63e-aa6efde3bd7f', '5bfd36d0-756a-4206-a9be-70c42f00fc7b', 'submitted', 'İddialı kapsam, karışık sonuçlar.', (timestamp '2026-07-10 09:00:00' + interval '10 hours 2 minutes') - interval '30 mins', (timestamp '2026-07-10 09:00:00' + interval '10 hours 2 minutes')) ON CONFLICT DO NOTHING;
INSERT INTO score_sheet_items (id, score_sheet_id, period_criterion_id, score_value) VALUES ('29378358-4180-4171-a18a-7e6da64db458', 'dcbc21bd-8f05-49ca-afaf-cdacbba83c2d', '3827321e-25d3-4ec5-ab6a-d8fb8d5f65fd', 18) ON CONFLICT DO NOTHING;
INSERT INTO score_sheet_items (id, score_sheet_id, period_criterion_id, score_value) VALUES ('6c0404e8-a922-461a-a702-79bbcddf2c5b', 'dcbc21bd-8f05-49ca-afaf-cdacbba83c2d', 'c561d84a-3cda-4605-a33c-1ceb37ebed21', 15) ON CONFLICT DO NOTHING;
INSERT INTO score_sheet_items (id, score_sheet_id, period_criterion_id, score_value) VALUES ('0f5caeb3-0972-4a23-afe1-eabb54002856', 'dcbc21bd-8f05-49ca-afaf-cdacbba83c2d', 'e10f1abe-f5f6-4530-ac12-708e65ef8c8f', 18) ON CONFLICT DO NOTHING;
INSERT INTO score_sheet_items (id, score_sheet_id, period_criterion_id, score_value) VALUES ('2055f03c-8432-4fb7-a96e-65c2fd641f22', 'dcbc21bd-8f05-49ca-afaf-cdacbba83c2d', 'cf788ee1-eb7f-4aad-a0f7-4b6a6fcb8164', 8) ON CONFLICT DO NOTHING;
INSERT INTO score_sheets (id, period_id, project_id, juror_id, status, comment, started_at, last_activity_at) VALUES ('6bdf85cb-6356-4a5d-a631-8b0beaf8d894', 'e77bf882-fc32-461c-acab-6ee1696df0c7', 'f070dfb9-ff90-4539-afcd-c4d7c6106e95', '5bfd36d0-756a-4206-a9be-70c42f00fc7b', 'submitted', NULL, (timestamp '2026-07-10 09:00:00' + interval '37 hours 30 minutes') - interval '30 mins', (timestamp '2026-07-10 09:00:00' + interval '37 hours 30 minutes')) ON CONFLICT DO NOTHING;
INSERT INTO score_sheet_items (id, score_sheet_id, period_criterion_id, score_value) VALUES ('5efce0c2-d8ce-44a9-afd0-d0a9e4c6fca8', '6bdf85cb-6356-4a5d-a631-8b0beaf8d894', '3827321e-25d3-4ec5-ab6a-d8fb8d5f65fd', 22) ON CONFLICT DO NOTHING;
INSERT INTO score_sheet_items (id, score_sheet_id, period_criterion_id, score_value) VALUES ('8e51b14a-3031-4074-a58a-f5a68d815095', '6bdf85cb-6356-4a5d-a631-8b0beaf8d894', 'c561d84a-3cda-4605-a33c-1ceb37ebed21', 27) ON CONFLICT DO NOTHING;
INSERT INTO score_sheet_items (id, score_sheet_id, period_criterion_id, score_value) VALUES ('2b9631f7-1e36-4050-a7dc-e1f8d20833bc', '6bdf85cb-6356-4a5d-a631-8b0beaf8d894', 'e10f1abe-f5f6-4530-ac12-708e65ef8c8f', 27) ON CONFLICT DO NOTHING;
INSERT INTO score_sheet_items (id, score_sheet_id, period_criterion_id, score_value) VALUES ('f005b4fd-d20f-4ac2-ae1a-ca86fa89add5', '6bdf85cb-6356-4a5d-a631-8b0beaf8d894', 'cf788ee1-eb7f-4aad-a0f7-4b6a6fcb8164', 13) ON CONFLICT DO NOTHING;
INSERT INTO score_sheets (id, period_id, project_id, juror_id, status, comment, started_at, last_activity_at) VALUES ('a0ad84b8-8bbb-4310-ac7e-9356cf7d6d95', 'e77bf882-fc32-461c-acab-6ee1696df0c7', 'd32ea345-fbd3-4767-aacd-31c6b37a6a22', '5bfd36d0-756a-4206-a9be-70c42f00fc7b', 'submitted', 'Takım dinamikleri çok iyi ama teknik yürütme yetersiz.', (timestamp '2026-07-10 09:00:00' + interval '43 hours 54 minutes') - interval '30 mins', (timestamp '2026-07-10 09:00:00' + interval '43 hours 54 minutes')) ON CONFLICT DO NOTHING;
INSERT INTO score_sheet_items (id, score_sheet_id, period_criterion_id, score_value) VALUES ('9416ba1b-12b0-4dae-a67e-d3aa70d51229', 'a0ad84b8-8bbb-4310-ac7e-9356cf7d6d95', '3827321e-25d3-4ec5-ab6a-d8fb8d5f65fd', 21) ON CONFLICT DO NOTHING;
INSERT INTO score_sheet_items (id, score_sheet_id, period_criterion_id, score_value) VALUES ('9c1e9d31-c4ee-4c88-af0e-47fede2b71ce', 'a0ad84b8-8bbb-4310-ac7e-9356cf7d6d95', 'c561d84a-3cda-4605-a33c-1ceb37ebed21', 25) ON CONFLICT DO NOTHING;
INSERT INTO score_sheet_items (id, score_sheet_id, period_criterion_id, score_value) VALUES ('87a5da28-9340-47a1-af36-a7e5949ab5c4', 'a0ad84b8-8bbb-4310-ac7e-9356cf7d6d95', 'e10f1abe-f5f6-4530-ac12-708e65ef8c8f', 16) ON CONFLICT DO NOTHING;
INSERT INTO score_sheet_items (id, score_sheet_id, period_criterion_id, score_value) VALUES ('360fd539-54a1-4966-ac5e-edf67bda3b6a', 'a0ad84b8-8bbb-4310-ac7e-9356cf7d6d95', 'cf788ee1-eb7f-4aad-a0f7-4b6a6fcb8164', 12) ON CONFLICT DO NOTHING;
INSERT INTO score_sheets (id, period_id, project_id, juror_id, status, comment, started_at, last_activity_at) VALUES ('8a514b8f-b48f-494f-a657-16474c147371', 'e77bf882-fc32-461c-acab-6ee1696df0c7', 'c9c5a8d2-eda9-48e3-a011-73670f79ab2f', '5bfd36d0-756a-4206-a9be-70c42f00fc7b', 'submitted', 'Yavaş başladı ama çok güçlü bitirdi.', (timestamp '2026-07-10 09:00:00' + interval '55 hours 21 minutes') - interval '30 mins', (timestamp '2026-07-10 09:00:00' + interval '55 hours 21 minutes')) ON CONFLICT DO NOTHING;
INSERT INTO score_sheet_items (id, score_sheet_id, period_criterion_id, score_value) VALUES ('886978b3-6a8d-4924-a82e-7dced091c9fd', '8a514b8f-b48f-494f-a657-16474c147371', '3827321e-25d3-4ec5-ab6a-d8fb8d5f65fd', 21) ON CONFLICT DO NOTHING;
INSERT INTO score_sheet_items (id, score_sheet_id, period_criterion_id, score_value) VALUES ('d37c3890-ca4b-4817-a64b-37242be05743', '8a514b8f-b48f-494f-a657-16474c147371', 'c561d84a-3cda-4605-a33c-1ceb37ebed21', 26) ON CONFLICT DO NOTHING;
INSERT INTO score_sheet_items (id, score_sheet_id, period_criterion_id, score_value) VALUES ('00a061eb-bab5-437a-a00d-318a543b64d5', '8a514b8f-b48f-494f-a657-16474c147371', 'e10f1abe-f5f6-4530-ac12-708e65ef8c8f', 25) ON CONFLICT DO NOTHING;
INSERT INTO score_sheet_items (id, score_sheet_id, period_criterion_id, score_value) VALUES ('1daa2091-3fd1-42bd-a137-a84b0dcf6501', '8a514b8f-b48f-494f-a657-16474c147371', 'cf788ee1-eb7f-4aad-a0f7-4b6a6fcb8164', 13) ON CONFLICT DO NOTHING;
INSERT INTO score_sheets (id, period_id, project_id, juror_id, status, comment, started_at, last_activity_at) VALUES ('b00e46e8-9880-4743-a722-5f03dca7fe1b', 'e77bf882-fc32-461c-acab-6ee1696df0c7', 'f134d9c5-4dbc-4e92-aa48-62f3c244de6e', '5bfd36d0-756a-4206-a9be-70c42f00fc7b', 'submitted', 'Minimum beklentiyi karşılıyor ama öne çıkmıyor.', (timestamp '2026-07-10 09:00:00' + interval '15 hours 58 minutes') - interval '30 mins', (timestamp '2026-07-10 09:00:00' + interval '15 hours 58 minutes')) ON CONFLICT DO NOTHING;
INSERT INTO score_sheet_items (id, score_sheet_id, period_criterion_id, score_value) VALUES ('1a85272d-e52c-4e25-a614-14a543267861', 'b00e46e8-9880-4743-a722-5f03dca7fe1b', '3827321e-25d3-4ec5-ab6a-d8fb8d5f65fd', 17) ON CONFLICT DO NOTHING;
INSERT INTO score_sheet_items (id, score_sheet_id, period_criterion_id, score_value) VALUES ('33d681ed-23ff-45ce-ae76-64ca0fa39567', 'b00e46e8-9880-4743-a722-5f03dca7fe1b', 'c561d84a-3cda-4605-a33c-1ceb37ebed21', 17) ON CONFLICT DO NOTHING;
INSERT INTO score_sheet_items (id, score_sheet_id, period_criterion_id, score_value) VALUES ('8edb678c-8785-437d-acb0-91841ce9e5a3', 'b00e46e8-9880-4743-a722-5f03dca7fe1b', 'e10f1abe-f5f6-4530-ac12-708e65ef8c8f', 18) ON CONFLICT DO NOTHING;
INSERT INTO score_sheet_items (id, score_sheet_id, period_criterion_id, score_value) VALUES ('45a7e701-0b72-4c05-a70c-8f16d5254b6f', 'b00e46e8-9880-4743-a722-5f03dca7fe1b', 'cf788ee1-eb7f-4aad-a0f7-4b6a6fcb8164', 10) ON CONFLICT DO NOTHING;
INSERT INTO score_sheets (id, period_id, project_id, juror_id, status, comment, started_at, last_activity_at) VALUES ('bfce51d6-474e-4b02-a064-926b22ea666b', 'e77bf882-fc32-461c-acab-6ee1696df0c7', '238b97fd-2d7a-43c5-a1a3-8fb3735867b1', '5bfd36d0-756a-4206-a9be-70c42f00fc7b', 'submitted', NULL, (timestamp '2026-07-10 09:00:00' + interval '33 hours 2 minutes') - interval '30 mins', (timestamp '2026-07-10 09:00:00' + interval '33 hours 2 minutes')) ON CONFLICT DO NOTHING;
INSERT INTO score_sheet_items (id, score_sheet_id, period_criterion_id, score_value) VALUES ('5496e5e2-7301-46b8-ac29-db1e62ae4ce4', 'bfce51d6-474e-4b02-a064-926b22ea666b', '3827321e-25d3-4ec5-ab6a-d8fb8d5f65fd', 19) ON CONFLICT DO NOTHING;
INSERT INTO score_sheet_items (id, score_sheet_id, period_criterion_id, score_value) VALUES ('61bc1532-6fe5-4567-acfe-4afdcaedaa24', 'bfce51d6-474e-4b02-a064-926b22ea666b', 'c561d84a-3cda-4605-a33c-1ceb37ebed21', 21) ON CONFLICT DO NOTHING;
INSERT INTO score_sheet_items (id, score_sheet_id, period_criterion_id, score_value) VALUES ('96a7b4d0-b1b2-4551-a67e-23a3b4349b56', 'bfce51d6-474e-4b02-a064-926b22ea666b', 'e10f1abe-f5f6-4530-ac12-708e65ef8c8f', 21) ON CONFLICT DO NOTHING;
INSERT INTO score_sheet_items (id, score_sheet_id, period_criterion_id, score_value) VALUES ('8c92f35a-d3a3-4fa9-a3da-86e956ce9c3b', 'bfce51d6-474e-4b02-a064-926b22ea666b', 'cf788ee1-eb7f-4aad-a0f7-4b6a6fcb8164', 11) ON CONFLICT DO NOTHING;
INSERT INTO score_sheets (id, period_id, project_id, juror_id, status, comment, started_at, last_activity_at) VALUES ('72cd4b05-4957-43cd-a36e-1661da2bb312', 'e77bf882-fc32-461c-acab-6ee1696df0c7', '5f932d7d-ad04-44c9-ac09-459f594c1ec2', '5bfd36d0-756a-4206-a9be-70c42f00fc7b', 'submitted', NULL, (timestamp '2026-07-10 09:00:00' + interval '22 hours 20 minutes') - interval '30 mins', (timestamp '2026-07-10 09:00:00' + interval '22 hours 20 minutes')) ON CONFLICT DO NOTHING;
INSERT INTO score_sheet_items (id, score_sheet_id, period_criterion_id, score_value) VALUES ('c9b99790-0fb4-4abf-a9a1-d2e1b51e698b', '72cd4b05-4957-43cd-a36e-1661da2bb312', '3827321e-25d3-4ec5-ab6a-d8fb8d5f65fd', 15) ON CONFLICT DO NOTHING;
INSERT INTO score_sheet_items (id, score_sheet_id, period_criterion_id, score_value) VALUES ('30e29f03-560a-4a44-a277-27c48427ad9d', '72cd4b05-4957-43cd-a36e-1661da2bb312', 'c561d84a-3cda-4605-a33c-1ceb37ebed21', 19) ON CONFLICT DO NOTHING;
INSERT INTO score_sheet_items (id, score_sheet_id, period_criterion_id, score_value) VALUES ('0baf290b-dc8f-4db5-a69b-c1df0ac08766', '72cd4b05-4957-43cd-a36e-1661da2bb312', 'e10f1abe-f5f6-4530-ac12-708e65ef8c8f', 17) ON CONFLICT DO NOTHING;
INSERT INTO score_sheet_items (id, score_sheet_id, period_criterion_id, score_value) VALUES ('53bb9aa4-90c0-420a-a1b6-388623203b9e', '72cd4b05-4957-43cd-a36e-1661da2bb312', 'cf788ee1-eb7f-4aad-a0f7-4b6a6fcb8164', 8) ON CONFLICT DO NOTHING;
INSERT INTO score_sheets (id, period_id, project_id, juror_id, status, comment, started_at, last_activity_at) VALUES ('41d6c0a0-57f1-40e0-afb8-59cd1d7d51fa', '308d2708-dbea-41b6-a1c8-da6129445759', 'b6718b6b-02a8-444b-a8ec-ff82aad1b946', 'cec22180-51e9-4924-a2d0-6bca4aeb0028', 'submitted', 'Teknik derinlik ve profesyonel sunum açısından çok başarılı.', (timestamp '2025-07-09 09:00:00' + interval '44 hours 58 minutes') - interval '30 mins', (timestamp '2025-07-09 09:00:00' + interval '44 hours 58 minutes')) ON CONFLICT DO NOTHING;
INSERT INTO score_sheet_items (id, score_sheet_id, period_criterion_id, score_value) VALUES ('7d69a1eb-7dc5-4105-aaf3-77a024aeaf09', '41d6c0a0-57f1-40e0-afb8-59cd1d7d51fa', '9fc5d438-f3ea-4966-ad57-e9ba3626497e', 24) ON CONFLICT DO NOTHING;
INSERT INTO score_sheet_items (id, score_sheet_id, period_criterion_id, score_value) VALUES ('b4328c91-3679-40f7-a8d3-2fcf57435dbb', '41d6c0a0-57f1-40e0-afb8-59cd1d7d51fa', '9291055e-e458-479e-a0de-bd69595777ff', 28) ON CONFLICT DO NOTHING;
INSERT INTO score_sheet_items (id, score_sheet_id, period_criterion_id, score_value) VALUES ('3d41df4b-7ffa-41ec-ac7a-d8c6c5cbd094', '41d6c0a0-57f1-40e0-afb8-59cd1d7d51fa', 'd8088c7f-e974-490e-ad55-0b51a4bb2138', 27) ON CONFLICT DO NOTHING;
INSERT INTO score_sheet_items (id, score_sheet_id, period_criterion_id, score_value) VALUES ('f22d4ffa-d689-4bbc-a242-bd3f2cd918be', '41d6c0a0-57f1-40e0-afb8-59cd1d7d51fa', '34e60116-c678-4d43-a5a3-6ed510928812', 14) ON CONFLICT DO NOTHING;
INSERT INTO score_sheets (id, period_id, project_id, juror_id, status, comment, started_at, last_activity_at) VALUES ('b838556c-b45e-4fbb-a162-083ad73c0fc9', '308d2708-dbea-41b6-a1c8-da6129445759', '75baa7d0-6001-4420-a744-5b46e6483201', 'cec22180-51e9-4924-a2d0-6bca4aeb0028', 'submitted', NULL, (timestamp '2025-07-09 09:00:00' + interval '56 hours 25 minutes') - interval '30 mins', (timestamp '2025-07-09 09:00:00' + interval '56 hours 25 minutes')) ON CONFLICT DO NOTHING;
INSERT INTO score_sheet_items (id, score_sheet_id, period_criterion_id, score_value) VALUES ('16488eea-1526-4b6c-aee8-15cf50bde14e', 'b838556c-b45e-4fbb-a162-083ad73c0fc9', '9fc5d438-f3ea-4966-ad57-e9ba3626497e', 21) ON CONFLICT DO NOTHING;
INSERT INTO score_sheet_items (id, score_sheet_id, period_criterion_id, score_value) VALUES ('8a9a6794-4317-4ba2-add7-ce9835292787', 'b838556c-b45e-4fbb-a162-083ad73c0fc9', '9291055e-e458-479e-a0de-bd69595777ff', 24) ON CONFLICT DO NOTHING;
INSERT INTO score_sheet_items (id, score_sheet_id, period_criterion_id, score_value) VALUES ('aa166353-aade-4df8-af64-26cb239a4373', 'b838556c-b45e-4fbb-a162-083ad73c0fc9', 'd8088c7f-e974-490e-ad55-0b51a4bb2138', 23) ON CONFLICT DO NOTHING;
INSERT INTO score_sheet_items (id, score_sheet_id, period_criterion_id, score_value) VALUES ('c032fc97-fcd2-4388-af9d-b7ab69acecd6', 'b838556c-b45e-4fbb-a162-083ad73c0fc9', '34e60116-c678-4d43-a5a3-6ed510928812', 12) ON CONFLICT DO NOTHING;
INSERT INTO score_sheets (id, period_id, project_id, juror_id, status, comment, started_at, last_activity_at) VALUES ('780ea508-7646-4d90-ae90-16f9d083e80a', '308d2708-dbea-41b6-a1c8-da6129445759', '35607ef7-b333-4b5b-aa1a-e7ebd1a57d32', 'cec22180-51e9-4924-a2d0-6bca4aeb0028', 'submitted', NULL, (timestamp '2025-07-09 09:00:00' + interval '46 hours 52 minutes') - interval '30 mins', (timestamp '2025-07-09 09:00:00' + interval '46 hours 52 minutes')) ON CONFLICT DO NOTHING;
INSERT INTO score_sheet_items (id, score_sheet_id, period_criterion_id, score_value) VALUES ('bd3632ca-9d39-40b1-afd0-449af15b29e8', '780ea508-7646-4d90-ae90-16f9d083e80a', '9fc5d438-f3ea-4966-ad57-e9ba3626497e', 19) ON CONFLICT DO NOTHING;
INSERT INTO score_sheet_items (id, score_sheet_id, period_criterion_id, score_value) VALUES ('302370b3-c6f0-4e3b-a558-48d238c44e78', '780ea508-7646-4d90-ae90-16f9d083e80a', '9291055e-e458-479e-a0de-bd69595777ff', 24) ON CONFLICT DO NOTHING;
INSERT INTO score_sheet_items (id, score_sheet_id, period_criterion_id, score_value) VALUES ('4b367f3b-198a-45dc-aaf7-e764d55c252e', '780ea508-7646-4d90-ae90-16f9d083e80a', 'd8088c7f-e974-490e-ad55-0b51a4bb2138', 23) ON CONFLICT DO NOTHING;
INSERT INTO score_sheet_items (id, score_sheet_id, period_criterion_id, score_value) VALUES ('407ce12f-cbef-4728-a553-b85b91ae2e9c', '780ea508-7646-4d90-ae90-16f9d083e80a', '34e60116-c678-4d43-a5a3-6ed510928812', 12) ON CONFLICT DO NOTHING;
INSERT INTO score_sheets (id, period_id, project_id, juror_id, status, comment, started_at, last_activity_at) VALUES ('1639fcc1-a9b0-4f27-a42f-d2635d048acf', '308d2708-dbea-41b6-a1c8-da6129445759', 'accfb911-acf9-481e-a167-d4ba6eaa9aaa', 'cec22180-51e9-4924-a2d0-6bca4aeb0028', 'submitted', 'Dengeli ve tutarlı bir proje. Zayıf nokta yok.', (timestamp '2025-07-09 09:00:00' + interval '31 hours 50 minutes') - interval '30 mins', (timestamp '2025-07-09 09:00:00' + interval '31 hours 50 minutes')) ON CONFLICT DO NOTHING;
INSERT INTO score_sheet_items (id, score_sheet_id, period_criterion_id, score_value) VALUES ('ef18de2c-1111-4fef-a537-abc58640fa5c', '1639fcc1-a9b0-4f27-a42f-d2635d048acf', '9fc5d438-f3ea-4966-ad57-e9ba3626497e', 21) ON CONFLICT DO NOTHING;
INSERT INTO score_sheet_items (id, score_sheet_id, period_criterion_id, score_value) VALUES ('050c2972-b1d9-4e0b-a049-6dc147ca36fc', '1639fcc1-a9b0-4f27-a42f-d2635d048acf', '9291055e-e458-479e-a0de-bd69595777ff', 25) ON CONFLICT DO NOTHING;
INSERT INTO score_sheet_items (id, score_sheet_id, period_criterion_id, score_value) VALUES ('8c054c63-c0c1-4365-ac38-bdd1cc520693', '1639fcc1-a9b0-4f27-a42f-d2635d048acf', 'd8088c7f-e974-490e-ad55-0b51a4bb2138', 25) ON CONFLICT DO NOTHING;
INSERT INTO score_sheet_items (id, score_sheet_id, period_criterion_id, score_value) VALUES ('e757a73b-89f1-4845-ada8-32013a403a18', '1639fcc1-a9b0-4f27-a42f-d2635d048acf', '34e60116-c678-4d43-a5a3-6ed510928812', 13) ON CONFLICT DO NOTHING;
INSERT INTO score_sheets (id, period_id, project_id, juror_id, status, comment, started_at, last_activity_at) VALUES ('8c61a5e9-72e8-493b-ab3b-eb609f93adee', '308d2708-dbea-41b6-a1c8-da6129445759', '1aad9a5e-2660-4dbe-accc-6a8612299d07', 'cec22180-51e9-4924-a2d0-6bca4aeb0028', 'submitted', NULL, (timestamp '2025-07-09 09:00:00' + interval '21 hours 18 minutes') - interval '30 mins', (timestamp '2025-07-09 09:00:00' + interval '21 hours 18 minutes')) ON CONFLICT DO NOTHING;
INSERT INTO score_sheet_items (id, score_sheet_id, period_criterion_id, score_value) VALUES ('9121e848-4870-4a49-af70-048bdfddc403', '8c61a5e9-72e8-493b-ab3b-eb609f93adee', '9fc5d438-f3ea-4966-ad57-e9ba3626497e', 17) ON CONFLICT DO NOTHING;
INSERT INTO score_sheet_items (id, score_sheet_id, period_criterion_id, score_value) VALUES ('ad92a1a3-c32b-4ada-a381-60813237fca7', '8c61a5e9-72e8-493b-ab3b-eb609f93adee', '9291055e-e458-479e-a0de-bd69595777ff', 22) ON CONFLICT DO NOTHING;
INSERT INTO score_sheet_items (id, score_sheet_id, period_criterion_id, score_value) VALUES ('ed70e067-a36b-4dd8-a059-3f53ce670518', '8c61a5e9-72e8-493b-ab3b-eb609f93adee', 'd8088c7f-e974-490e-ad55-0b51a4bb2138', 25) ON CONFLICT DO NOTHING;
INSERT INTO score_sheet_items (id, score_sheet_id, period_criterion_id, score_value) VALUES ('cb34d62a-27c9-4caf-a506-e67d596b4fe6', '8c61a5e9-72e8-493b-ab3b-eb609f93adee', '34e60116-c678-4d43-a5a3-6ed510928812', 10) ON CONFLICT DO NOTHING;
INSERT INTO score_sheets (id, period_id, project_id, juror_id, status, comment, started_at, last_activity_at) VALUES ('bb7a634b-da6b-4b58-a7a0-af453b3df05e', '308d2708-dbea-41b6-a1c8-da6129445759', 'c0f554fa-594d-4490-a829-4164b21baf01', 'cec22180-51e9-4924-a2d0-6bca4aeb0028', 'submitted', 'Teknik olarak çok güçlü ama sunumu zayıf.', (timestamp '2025-07-09 09:00:00' + interval '41 hours 38 minutes') - interval '30 mins', (timestamp '2025-07-09 09:00:00' + interval '41 hours 38 minutes')) ON CONFLICT DO NOTHING;
INSERT INTO score_sheet_items (id, score_sheet_id, period_criterion_id, score_value) VALUES ('34eba1c1-8e28-4114-a335-07c6b9015800', 'bb7a634b-da6b-4b58-a7a0-af453b3df05e', '9fc5d438-f3ea-4966-ad57-e9ba3626497e', 22) ON CONFLICT DO NOTHING;
INSERT INTO score_sheet_items (id, score_sheet_id, period_criterion_id, score_value) VALUES ('66887ce8-3ba4-48a0-a4cd-a827923fa7e6', 'bb7a634b-da6b-4b58-a7a0-af453b3df05e', '9291055e-e458-479e-a0de-bd69595777ff', 26) ON CONFLICT DO NOTHING;
INSERT INTO score_sheet_items (id, score_sheet_id, period_criterion_id, score_value) VALUES ('256c140f-9dd7-4315-adbf-cbdf57094f88', 'bb7a634b-da6b-4b58-a7a0-af453b3df05e', 'd8088c7f-e974-490e-ad55-0b51a4bb2138', 26) ON CONFLICT DO NOTHING;
INSERT INTO score_sheet_items (id, score_sheet_id, period_criterion_id, score_value) VALUES ('fa631535-e7a8-4604-a4b6-d93b49dc9d86', 'bb7a634b-da6b-4b58-a7a0-af453b3df05e', '34e60116-c678-4d43-a5a3-6ed510928812', 13) ON CONFLICT DO NOTHING;
INSERT INTO score_sheets (id, period_id, project_id, juror_id, status, comment, started_at, last_activity_at) VALUES ('d29dfc85-72d7-404b-ab87-bb7ec35e2e7a', '308d2708-dbea-41b6-a1c8-da6129445759', 'c76a36a7-037c-4541-ae8f-312ae44b4812', 'cec22180-51e9-4924-a2d0-6bca4aeb0028', 'in_progress', NULL, (timestamp '2025-07-09 09:00:00' + interval '42 hours 9 minutes') - interval '30 mins', (timestamp '2025-07-09 09:00:00' + interval '42 hours 9 minutes')) ON CONFLICT DO NOTHING;
INSERT INTO score_sheet_items (id, score_sheet_id, period_criterion_id, score_value) VALUES ('8ca679b7-a23c-4ebe-ae13-3fb3112a6a5b', 'd29dfc85-72d7-404b-ab87-bb7ec35e2e7a', '9fc5d438-f3ea-4966-ad57-e9ba3626497e', 15) ON CONFLICT DO NOTHING;
INSERT INTO score_sheet_items (id, score_sheet_id, period_criterion_id, score_value) VALUES ('15434f33-5050-4a08-a86d-7a933ffffe7f', 'd29dfc85-72d7-404b-ab87-bb7ec35e2e7a', '9291055e-e458-479e-a0de-bd69595777ff', 18) ON CONFLICT DO NOTHING;
INSERT INTO score_sheets (id, period_id, project_id, juror_id, status, comment, started_at, last_activity_at) VALUES ('ab7a3f33-f75b-460d-a427-c34e5ef80388', '308d2708-dbea-41b6-a1c8-da6129445759', 'b6718b6b-02a8-444b-a8ec-ff82aad1b946', '27eea0b5-10e7-42eb-a739-4082ace54aa0', 'submitted', 'Tüm kriterlerde olağanüstü bir çalışma.', (timestamp '2025-07-09 09:00:00' + interval '3 hours 17 minutes') - interval '30 mins', (timestamp '2025-07-09 09:00:00' + interval '3 hours 17 minutes')) ON CONFLICT DO NOTHING;
INSERT INTO score_sheet_items (id, score_sheet_id, period_criterion_id, score_value) VALUES ('fadac081-26f4-473d-adae-cc133380ea52', 'ab7a3f33-f75b-460d-a427-c34e5ef80388', '9fc5d438-f3ea-4966-ad57-e9ba3626497e', 23) ON CONFLICT DO NOTHING;
INSERT INTO score_sheet_items (id, score_sheet_id, period_criterion_id, score_value) VALUES ('ed2baa65-4a51-4d3d-a475-51e6fa857804', 'ab7a3f33-f75b-460d-a427-c34e5ef80388', '9291055e-e458-479e-a0de-bd69595777ff', 28) ON CONFLICT DO NOTHING;
INSERT INTO score_sheet_items (id, score_sheet_id, period_criterion_id, score_value) VALUES ('30349328-5b3d-49b4-a8c5-5869a4e72cac', 'ab7a3f33-f75b-460d-a427-c34e5ef80388', 'd8088c7f-e974-490e-ad55-0b51a4bb2138', 29) ON CONFLICT DO NOTHING;
INSERT INTO score_sheet_items (id, score_sheet_id, period_criterion_id, score_value) VALUES ('907a1f25-1d6c-49d1-a11c-6ec54c2719b8', 'ab7a3f33-f75b-460d-a427-c34e5ef80388', '34e60116-c678-4d43-a5a3-6ed510928812', 13) ON CONFLICT DO NOTHING;
INSERT INTO score_sheets (id, period_id, project_id, juror_id, status, comment, started_at, last_activity_at) VALUES ('291443d7-0467-4b7a-aa28-51de2df77b0b', '308d2708-dbea-41b6-a1c8-da6129445759', '75baa7d0-6001-4420-a744-5b46e6483201', '27eea0b5-10e7-42eb-a739-4082ace54aa0', 'submitted', 'İyi düzeyde teknik çalışma ve dokümantasyon.', (timestamp '2025-07-09 09:00:00' + interval '14 hours 50 minutes') - interval '30 mins', (timestamp '2025-07-09 09:00:00' + interval '14 hours 50 minutes')) ON CONFLICT DO NOTHING;
INSERT INTO score_sheet_items (id, score_sheet_id, period_criterion_id, score_value) VALUES ('fb926993-c5f3-4e69-a731-d0a20fbd175b', '291443d7-0467-4b7a-aa28-51de2df77b0b', '9fc5d438-f3ea-4966-ad57-e9ba3626497e', 20) ON CONFLICT DO NOTHING;
INSERT INTO score_sheet_items (id, score_sheet_id, period_criterion_id, score_value) VALUES ('0bb49657-13de-424b-afa6-a9378ebdb473', '291443d7-0467-4b7a-aa28-51de2df77b0b', '9291055e-e458-479e-a0de-bd69595777ff', 22) ON CONFLICT DO NOTHING;
INSERT INTO score_sheet_items (id, score_sheet_id, period_criterion_id, score_value) VALUES ('62a9391e-0071-44b6-ab0c-eac1997e441d', '291443d7-0467-4b7a-aa28-51de2df77b0b', 'd8088c7f-e974-490e-ad55-0b51a4bb2138', 23) ON CONFLICT DO NOTHING;
INSERT INTO score_sheet_items (id, score_sheet_id, period_criterion_id, score_value) VALUES ('0dd9d07e-cfff-4f66-aecf-e858d6f4befd', '291443d7-0467-4b7a-aa28-51de2df77b0b', '34e60116-c678-4d43-a5a3-6ed510928812', 12) ON CONFLICT DO NOTHING;
INSERT INTO score_sheets (id, period_id, project_id, juror_id, status, comment, started_at, last_activity_at) VALUES ('8344f20a-8c10-492f-a9ee-a0e8a4580829', '308d2708-dbea-41b6-a1c8-da6129445759', '35607ef7-b333-4b5b-aa1a-e7ebd1a57d32', '27eea0b5-10e7-42eb-a739-4082ace54aa0', 'submitted', 'İyi düzeyde teknik çalışma ve dokümantasyon.', (timestamp '2025-07-09 09:00:00' + interval '18 hours 45 minutes') - interval '30 mins', (timestamp '2025-07-09 09:00:00' + interval '18 hours 45 minutes')) ON CONFLICT DO NOTHING;
INSERT INTO score_sheet_items (id, score_sheet_id, period_criterion_id, score_value) VALUES ('721f18b2-93c9-4ade-a0c5-d24ee618c545', '8344f20a-8c10-492f-a9ee-a0e8a4580829', '9fc5d438-f3ea-4966-ad57-e9ba3626497e', 20) ON CONFLICT DO NOTHING;
INSERT INTO score_sheet_items (id, score_sheet_id, period_criterion_id, score_value) VALUES ('71ad7a6a-8aca-4161-a713-66da3108d13e', '8344f20a-8c10-492f-a9ee-a0e8a4580829', '9291055e-e458-479e-a0de-bd69595777ff', 24) ON CONFLICT DO NOTHING;
INSERT INTO score_sheet_items (id, score_sheet_id, period_criterion_id, score_value) VALUES ('5812e0d9-4f77-46bb-aa0a-d1ba8a405ef4', '8344f20a-8c10-492f-a9ee-a0e8a4580829', 'd8088c7f-e974-490e-ad55-0b51a4bb2138', 23) ON CONFLICT DO NOTHING;
INSERT INTO score_sheet_items (id, score_sheet_id, period_criterion_id, score_value) VALUES ('69591a4b-67e7-41d7-af48-c95064307f84', '8344f20a-8c10-492f-a9ee-a0e8a4580829', '34e60116-c678-4d43-a5a3-6ed510928812', 11) ON CONFLICT DO NOTHING;
INSERT INTO score_sheets (id, period_id, project_id, juror_id, status, comment, started_at, last_activity_at) VALUES ('e059c773-36b2-4497-aa5e-996fe4c5237e', '308d2708-dbea-41b6-a1c8-da6129445759', 'accfb911-acf9-481e-a167-d4ba6eaa9aaa', '27eea0b5-10e7-42eb-a739-4082ace54aa0', 'submitted', 'Dengeli ve tutarlı bir proje. Zayıf nokta yok.', (timestamp '2025-07-09 09:00:00' + interval '20 hours 46 minutes') - interval '30 mins', (timestamp '2025-07-09 09:00:00' + interval '20 hours 46 minutes')) ON CONFLICT DO NOTHING;
INSERT INTO score_sheet_items (id, score_sheet_id, period_criterion_id, score_value) VALUES ('228b48d7-7606-47ea-a2b7-8030862fe5fe', 'e059c773-36b2-4497-aa5e-996fe4c5237e', '9fc5d438-f3ea-4966-ad57-e9ba3626497e', 20) ON CONFLICT DO NOTHING;
INSERT INTO score_sheet_items (id, score_sheet_id, period_criterion_id, score_value) VALUES ('c3cc5910-0f42-4930-a175-c6368fea03ab', 'e059c773-36b2-4497-aa5e-996fe4c5237e', '9291055e-e458-479e-a0de-bd69595777ff', 26) ON CONFLICT DO NOTHING;
INSERT INTO score_sheet_items (id, score_sheet_id, period_criterion_id, score_value) VALUES ('8e956715-e50c-41a7-a20a-d462b8b4269a', 'e059c773-36b2-4497-aa5e-996fe4c5237e', 'd8088c7f-e974-490e-ad55-0b51a4bb2138', 27) ON CONFLICT DO NOTHING;
INSERT INTO score_sheet_items (id, score_sheet_id, period_criterion_id, score_value) VALUES ('bf21fc6f-3451-44aa-a370-d913d8be3d58', 'e059c773-36b2-4497-aa5e-996fe4c5237e', '34e60116-c678-4d43-a5a3-6ed510928812', 13) ON CONFLICT DO NOTHING;
INSERT INTO score_sheets (id, period_id, project_id, juror_id, status, comment, started_at, last_activity_at) VALUES ('2f67b285-486e-44c8-adc5-332f2175ae67', '308d2708-dbea-41b6-a1c8-da6129445759', '1aad9a5e-2660-4dbe-accc-6a8612299d07', '27eea0b5-10e7-42eb-a739-4082ace54aa0', 'submitted', NULL, (timestamp '2025-07-09 09:00:00' + interval '29 hours 0 minutes') - interval '30 mins', (timestamp '2025-07-09 09:00:00' + interval '29 hours 0 minutes')) ON CONFLICT DO NOTHING;
INSERT INTO score_sheet_items (id, score_sheet_id, period_criterion_id, score_value) VALUES ('fc0bc130-fd38-4264-a165-fe1abd09c34a', '2f67b285-486e-44c8-adc5-332f2175ae67', '9fc5d438-f3ea-4966-ad57-e9ba3626497e', 18) ON CONFLICT DO NOTHING;
INSERT INTO score_sheet_items (id, score_sheet_id, period_criterion_id, score_value) VALUES ('518f3ae4-7a8e-4c13-ad3b-f210b7afbb5a', '2f67b285-486e-44c8-adc5-332f2175ae67', '9291055e-e458-479e-a0de-bd69595777ff', 17) ON CONFLICT DO NOTHING;
INSERT INTO score_sheet_items (id, score_sheet_id, period_criterion_id, score_value) VALUES ('70581852-8e1b-4dc6-a150-ba3d2bbc597d', '2f67b285-486e-44c8-adc5-332f2175ae67', 'd8088c7f-e974-490e-ad55-0b51a4bb2138', 22) ON CONFLICT DO NOTHING;
INSERT INTO score_sheet_items (id, score_sheet_id, period_criterion_id, score_value) VALUES ('956b11f7-17e3-4030-a294-fab86dd5806d', '2f67b285-486e-44c8-adc5-332f2175ae67', '34e60116-c678-4d43-a5a3-6ed510928812', 12) ON CONFLICT DO NOTHING;
INSERT INTO score_sheets (id, period_id, project_id, juror_id, status, comment, started_at, last_activity_at) VALUES ('a10cd95b-a485-4c54-a4ec-4f1e288362ef', '308d2708-dbea-41b6-a1c8-da6129445759', 'c0f554fa-594d-4490-a829-4164b21baf01', '27eea0b5-10e7-42eb-a739-4082ace54aa0', 'submitted', 'Mühendislik derinliği iyi ancak iletişim geliştirilmeli.', (timestamp '2025-07-09 09:00:00' + interval '50 hours 32 minutes') - interval '30 mins', (timestamp '2025-07-09 09:00:00' + interval '50 hours 32 minutes')) ON CONFLICT DO NOTHING;
INSERT INTO score_sheet_items (id, score_sheet_id, period_criterion_id, score_value) VALUES ('0a0d6169-3311-4197-a493-f97865ce4edd', 'a10cd95b-a485-4c54-a4ec-4f1e288362ef', '9fc5d438-f3ea-4966-ad57-e9ba3626497e', 22) ON CONFLICT DO NOTHING;
INSERT INTO score_sheet_items (id, score_sheet_id, period_criterion_id, score_value) VALUES ('3d1bd590-2ddd-4789-a80e-d646c1640086', 'a10cd95b-a485-4c54-a4ec-4f1e288362ef', '9291055e-e458-479e-a0de-bd69595777ff', 28) ON CONFLICT DO NOTHING;
INSERT INTO score_sheet_items (id, score_sheet_id, period_criterion_id, score_value) VALUES ('e32f7751-8e84-493b-a9c9-4d21d5b78b85', 'a10cd95b-a485-4c54-a4ec-4f1e288362ef', 'd8088c7f-e974-490e-ad55-0b51a4bb2138', 28) ON CONFLICT DO NOTHING;
INSERT INTO score_sheet_items (id, score_sheet_id, period_criterion_id, score_value) VALUES ('392e1321-f327-4026-a450-5fac76e0f6ea', 'a10cd95b-a485-4c54-a4ec-4f1e288362ef', '34e60116-c678-4d43-a5a3-6ed510928812', 13) ON CONFLICT DO NOTHING;
INSERT INTO score_sheets (id, period_id, project_id, juror_id, status, comment, started_at, last_activity_at) VALUES ('29ec4a7e-445e-448f-a782-9f38d5ff8e4b', '308d2708-dbea-41b6-a1c8-da6129445759', 'c76a36a7-037c-4541-ae8f-312ae44b4812', '27eea0b5-10e7-42eb-a739-4082ace54aa0', 'submitted', NULL, (timestamp '2025-07-09 09:00:00' + interval '12 hours 53 minutes') - interval '30 mins', (timestamp '2025-07-09 09:00:00' + interval '12 hours 53 minutes')) ON CONFLICT DO NOTHING;
INSERT INTO score_sheet_items (id, score_sheet_id, period_criterion_id, score_value) VALUES ('88aafcb6-57a1-4473-afa5-c2dbc83776ab', '29ec4a7e-445e-448f-a782-9f38d5ff8e4b', '9fc5d438-f3ea-4966-ad57-e9ba3626497e', 15) ON CONFLICT DO NOTHING;
INSERT INTO score_sheet_items (id, score_sheet_id, period_criterion_id, score_value) VALUES ('c6bb9fe9-05c1-488d-aeef-7308b10f804b', '29ec4a7e-445e-448f-a782-9f38d5ff8e4b', '9291055e-e458-479e-a0de-bd69595777ff', 20) ON CONFLICT DO NOTHING;
INSERT INTO score_sheet_items (id, score_sheet_id, period_criterion_id, score_value) VALUES ('acd175fd-7908-492c-a50d-250a0ae8b987', '29ec4a7e-445e-448f-a782-9f38d5ff8e4b', 'd8088c7f-e974-490e-ad55-0b51a4bb2138', 20) ON CONFLICT DO NOTHING;
INSERT INTO score_sheet_items (id, score_sheet_id, period_criterion_id, score_value) VALUES ('600696f1-6dcd-4476-a701-f00a7978893b', '29ec4a7e-445e-448f-a782-9f38d5ff8e4b', '34e60116-c678-4d43-a5a3-6ed510928812', 9) ON CONFLICT DO NOTHING;
INSERT INTO score_sheets (id, period_id, project_id, juror_id, status, comment, started_at, last_activity_at) VALUES ('61cbd2b5-5f3a-4793-a3d4-8ade7b736c6a', '308d2708-dbea-41b6-a1c8-da6129445759', 'c9bb774d-0050-4605-a80d-dd3467c4836a', '27eea0b5-10e7-42eb-a739-4082ace54aa0', 'submitted', 'Standart düzeyde, gereksinimleri karşılıyor.', (timestamp '2025-07-09 09:00:00' + interval '35 hours 26 minutes') - interval '30 mins', (timestamp '2025-07-09 09:00:00' + interval '35 hours 26 minutes')) ON CONFLICT DO NOTHING;
INSERT INTO score_sheet_items (id, score_sheet_id, period_criterion_id, score_value) VALUES ('188357df-5791-48a7-ac1f-1e401215730c', '61cbd2b5-5f3a-4793-a3d4-8ade7b736c6a', '9fc5d438-f3ea-4966-ad57-e9ba3626497e', 19) ON CONFLICT DO NOTHING;
INSERT INTO score_sheet_items (id, score_sheet_id, period_criterion_id, score_value) VALUES ('d274f401-df98-45b3-a5bf-fb53378164c4', '61cbd2b5-5f3a-4793-a3d4-8ade7b736c6a', '9291055e-e458-479e-a0de-bd69595777ff', 22) ON CONFLICT DO NOTHING;
INSERT INTO score_sheet_items (id, score_sheet_id, period_criterion_id, score_value) VALUES ('f65a783e-fa8a-4425-aa51-12032af296c6', '61cbd2b5-5f3a-4793-a3d4-8ade7b736c6a', 'd8088c7f-e974-490e-ad55-0b51a4bb2138', 20) ON CONFLICT DO NOTHING;
INSERT INTO score_sheet_items (id, score_sheet_id, period_criterion_id, score_value) VALUES ('44016ef6-a27e-42a9-a545-8442e07c972a', '61cbd2b5-5f3a-4793-a3d4-8ade7b736c6a', '34e60116-c678-4d43-a5a3-6ed510928812', 11) ON CONFLICT DO NOTHING;
INSERT INTO score_sheets (id, period_id, project_id, juror_id, status, comment, started_at, last_activity_at) VALUES ('4033cf40-a784-4efa-a616-ace6b54d310b', '308d2708-dbea-41b6-a1c8-da6129445759', '399ef11e-0e5f-46cb-abfc-3fe89f900358', '27eea0b5-10e7-42eb-a739-4082ace54aa0', 'submitted', NULL, (timestamp '2025-07-09 09:00:00' + interval '46 hours 6 minutes') - interval '30 mins', (timestamp '2025-07-09 09:00:00' + interval '46 hours 6 minutes')) ON CONFLICT DO NOTHING;
INSERT INTO score_sheet_items (id, score_sheet_id, period_criterion_id, score_value) VALUES ('57d208ea-e9d2-4e1a-aece-73dc5774163d', '4033cf40-a784-4efa-a616-ace6b54d310b', '9fc5d438-f3ea-4966-ad57-e9ba3626497e', 20) ON CONFLICT DO NOTHING;
INSERT INTO score_sheet_items (id, score_sheet_id, period_criterion_id, score_value) VALUES ('9ce0049c-e0c1-4905-a57d-0cc8555cbfda', '4033cf40-a784-4efa-a616-ace6b54d310b', '9291055e-e458-479e-a0de-bd69595777ff', 28) ON CONFLICT DO NOTHING;
INSERT INTO score_sheet_items (id, score_sheet_id, period_criterion_id, score_value) VALUES ('fd953820-a2c6-44f7-a17e-6fac80fad9f1', '4033cf40-a784-4efa-a616-ace6b54d310b', 'd8088c7f-e974-490e-ad55-0b51a4bb2138', 26) ON CONFLICT DO NOTHING;
INSERT INTO score_sheet_items (id, score_sheet_id, period_criterion_id, score_value) VALUES ('a86f0755-1272-4e64-ad84-94304503d472', '4033cf40-a784-4efa-a616-ace6b54d310b', '34e60116-c678-4d43-a5a3-6ed510928812', 12) ON CONFLICT DO NOTHING;
INSERT INTO score_sheets (id, period_id, project_id, juror_id, status, comment, started_at, last_activity_at) VALUES ('a5fcb08c-00ca-4041-a213-090e3b04f629', '308d2708-dbea-41b6-a1c8-da6129445759', '3b331f94-7242-46a0-a427-53b72f2a2e20', '27eea0b5-10e7-42eb-a739-4082ace54aa0', 'submitted', 'Eksik bir çalışma — önemli bölümler tamamlanmamış.', (timestamp '2025-07-09 09:00:00' + interval '45 hours 7 minutes') - interval '30 mins', (timestamp '2025-07-09 09:00:00' + interval '45 hours 7 minutes')) ON CONFLICT DO NOTHING;
INSERT INTO score_sheet_items (id, score_sheet_id, period_criterion_id, score_value) VALUES ('e0ac7c94-afb1-4f1e-a8dc-df321e7ba284', 'a5fcb08c-00ca-4041-a213-090e3b04f629', '9fc5d438-f3ea-4966-ad57-e9ba3626497e', 15) ON CONFLICT DO NOTHING;
INSERT INTO score_sheet_items (id, score_sheet_id, period_criterion_id, score_value) VALUES ('c9577eb2-ceb1-4ea9-a8d3-b2549e1f7365', 'a5fcb08c-00ca-4041-a213-090e3b04f629', '9291055e-e458-479e-a0de-bd69595777ff', 21) ON CONFLICT DO NOTHING;
INSERT INTO score_sheet_items (id, score_sheet_id, period_criterion_id, score_value) VALUES ('de4b90f4-3b27-4672-a5e5-89c4b3e0059d', 'a5fcb08c-00ca-4041-a213-090e3b04f629', 'd8088c7f-e974-490e-ad55-0b51a4bb2138', 16) ON CONFLICT DO NOTHING;
INSERT INTO score_sheet_items (id, score_sheet_id, period_criterion_id, score_value) VALUES ('2f9ab158-e11e-4a0b-a5f7-0bc224c4c3a9', 'a5fcb08c-00ca-4041-a213-090e3b04f629', '34e60116-c678-4d43-a5a3-6ed510928812', 8) ON CONFLICT DO NOTHING;
INSERT INTO score_sheets (id, period_id, project_id, juror_id, status, comment, started_at, last_activity_at) VALUES ('c84a15af-e134-443d-a554-9849f1ad2871', '308d2708-dbea-41b6-a1c8-da6129445759', 'b6718b6b-02a8-444b-a8ec-ff82aad1b946', '618aec67-dbed-41bf-ac48-c600f70c9fa5', 'submitted', NULL, (timestamp '2025-07-09 09:00:00' + interval '48 hours 39 minutes') - interval '30 mins', (timestamp '2025-07-09 09:00:00' + interval '48 hours 39 minutes')) ON CONFLICT DO NOTHING;
INSERT INTO score_sheet_items (id, score_sheet_id, period_criterion_id, score_value) VALUES ('b258b1a6-774f-4e8a-a70e-103c6c8fcbf7', 'c84a15af-e134-443d-a554-9849f1ad2871', '9fc5d438-f3ea-4966-ad57-e9ba3626497e', 23) ON CONFLICT DO NOTHING;
INSERT INTO score_sheet_items (id, score_sheet_id, period_criterion_id, score_value) VALUES ('42588e62-98f9-4a85-a53a-c765d1284874', 'c84a15af-e134-443d-a554-9849f1ad2871', '9291055e-e458-479e-a0de-bd69595777ff', 30) ON CONFLICT DO NOTHING;
INSERT INTO score_sheet_items (id, score_sheet_id, period_criterion_id, score_value) VALUES ('497f9f86-4b49-4377-a8aa-439980a61d8e', 'c84a15af-e134-443d-a554-9849f1ad2871', 'd8088c7f-e974-490e-ad55-0b51a4bb2138', 28) ON CONFLICT DO NOTHING;
INSERT INTO score_sheet_items (id, score_sheet_id, period_criterion_id, score_value) VALUES ('5c177961-80d7-46a2-a55f-4f32730225e4', 'c84a15af-e134-443d-a554-9849f1ad2871', '34e60116-c678-4d43-a5a3-6ed510928812', 13) ON CONFLICT DO NOTHING;
INSERT INTO score_sheets (id, period_id, project_id, juror_id, status, comment, started_at, last_activity_at) VALUES ('4002113a-ee48-4ff5-ac8c-f270bfc46e96', '308d2708-dbea-41b6-a1c8-da6129445759', '75baa7d0-6001-4420-a744-5b46e6483201', '618aec67-dbed-41bf-ac48-c600f70c9fa5', 'submitted', NULL, (timestamp '2025-07-09 09:00:00' + interval '53 hours 35 minutes') - interval '30 mins', (timestamp '2025-07-09 09:00:00' + interval '53 hours 35 minutes')) ON CONFLICT DO NOTHING;
INSERT INTO score_sheet_items (id, score_sheet_id, period_criterion_id, score_value) VALUES ('f5e03d7d-537e-40b1-adde-33084aba9526', '4002113a-ee48-4ff5-ac8c-f270bfc46e96', '9fc5d438-f3ea-4966-ad57-e9ba3626497e', 20) ON CONFLICT DO NOTHING;
INSERT INTO score_sheet_items (id, score_sheet_id, period_criterion_id, score_value) VALUES ('5f1dfb57-f844-43bd-a415-bbbb8d0ba211', '4002113a-ee48-4ff5-ac8c-f270bfc46e96', '9291055e-e458-479e-a0de-bd69595777ff', 24) ON CONFLICT DO NOTHING;
INSERT INTO score_sheet_items (id, score_sheet_id, period_criterion_id, score_value) VALUES ('ca38a9ec-6ebd-4f61-abb8-975b96a6fcbc', '4002113a-ee48-4ff5-ac8c-f270bfc46e96', 'd8088c7f-e974-490e-ad55-0b51a4bb2138', 23) ON CONFLICT DO NOTHING;
INSERT INTO score_sheet_items (id, score_sheet_id, period_criterion_id, score_value) VALUES ('cc6e55ca-50ff-4285-ac19-2c2b21a1e55f', '4002113a-ee48-4ff5-ac8c-f270bfc46e96', '34e60116-c678-4d43-a5a3-6ed510928812', 11) ON CONFLICT DO NOTHING;
INSERT INTO score_sheets (id, period_id, project_id, juror_id, status, comment, started_at, last_activity_at) VALUES ('16972340-ca56-4606-ae48-2cb5bb1f96c4', '308d2708-dbea-41b6-a1c8-da6129445759', '35607ef7-b333-4b5b-aa1a-e7ebd1a57d32', '618aec67-dbed-41bf-ac48-c600f70c9fa5', 'submitted', 'Tutarlı ve güçlü bir mühendislik çalışması.', (timestamp '2025-07-09 09:00:00' + interval '25 hours 33 minutes') - interval '30 mins', (timestamp '2025-07-09 09:00:00' + interval '25 hours 33 minutes')) ON CONFLICT DO NOTHING;
INSERT INTO score_sheet_items (id, score_sheet_id, period_criterion_id, score_value) VALUES ('f157ee06-fb2a-43e6-a23b-ea68835f2b85', '16972340-ca56-4606-ae48-2cb5bb1f96c4', '9fc5d438-f3ea-4966-ad57-e9ba3626497e', 20) ON CONFLICT DO NOTHING;
INSERT INTO score_sheet_items (id, score_sheet_id, period_criterion_id, score_value) VALUES ('e42c0851-0af2-48b0-ad4d-c65cc2298cfa', '16972340-ca56-4606-ae48-2cb5bb1f96c4', '9291055e-e458-479e-a0de-bd69595777ff', 24) ON CONFLICT DO NOTHING;
INSERT INTO score_sheet_items (id, score_sheet_id, period_criterion_id, score_value) VALUES ('ce48186d-f472-49bb-ad67-d3ec7fd44149', '16972340-ca56-4606-ae48-2cb5bb1f96c4', 'd8088c7f-e974-490e-ad55-0b51a4bb2138', 24) ON CONFLICT DO NOTHING;
INSERT INTO score_sheet_items (id, score_sheet_id, period_criterion_id, score_value) VALUES ('967bab18-51be-440d-a3bc-aae35217b4a5', '16972340-ca56-4606-ae48-2cb5bb1f96c4', '34e60116-c678-4d43-a5a3-6ed510928812', 12) ON CONFLICT DO NOTHING;
INSERT INTO score_sheets (id, period_id, project_id, juror_id, status, comment, started_at, last_activity_at) VALUES ('4cf9d9b6-caa3-45d5-a549-8fdaf5b5eb1c', '308d2708-dbea-41b6-a1c8-da6129445759', 'accfb911-acf9-481e-a167-d4ba6eaa9aaa', '618aec67-dbed-41bf-ac48-c600f70c9fa5', 'submitted', 'Dengeli ve tutarlı bir proje. Zayıf nokta yok.', (timestamp '2025-07-09 09:00:00' + interval '45 hours 51 minutes') - interval '30 mins', (timestamp '2025-07-09 09:00:00' + interval '45 hours 51 minutes')) ON CONFLICT DO NOTHING;
INSERT INTO score_sheet_items (id, score_sheet_id, period_criterion_id, score_value) VALUES ('f9fc61e5-91bd-41e6-a2ff-60c8a9c4bffb', '4cf9d9b6-caa3-45d5-a549-8fdaf5b5eb1c', '9fc5d438-f3ea-4966-ad57-e9ba3626497e', 19) ON CONFLICT DO NOTHING;
INSERT INTO score_sheet_items (id, score_sheet_id, period_criterion_id, score_value) VALUES ('46adb7be-959d-48f1-af0a-ba2f0310a662', '4cf9d9b6-caa3-45d5-a549-8fdaf5b5eb1c', '9291055e-e458-479e-a0de-bd69595777ff', 24) ON CONFLICT DO NOTHING;
INSERT INTO score_sheet_items (id, score_sheet_id, period_criterion_id, score_value) VALUES ('3196902e-7cb7-49b0-a5cf-660dd897d70b', '4cf9d9b6-caa3-45d5-a549-8fdaf5b5eb1c', 'd8088c7f-e974-490e-ad55-0b51a4bb2138', 24) ON CONFLICT DO NOTHING;
INSERT INTO score_sheet_items (id, score_sheet_id, period_criterion_id, score_value) VALUES ('ab7e10f4-985f-41e0-a185-b8f8d1ace4e1', '4cf9d9b6-caa3-45d5-a549-8fdaf5b5eb1c', '34e60116-c678-4d43-a5a3-6ed510928812', 13) ON CONFLICT DO NOTHING;
INSERT INTO score_sheets (id, period_id, project_id, juror_id, status, comment, started_at, last_activity_at) VALUES ('056ecc56-328d-4779-a9a9-c45b2e81125a', '308d2708-dbea-41b6-a1c8-da6129445759', '1aad9a5e-2660-4dbe-accc-6a8612299d07', '618aec67-dbed-41bf-ac48-c600f70c9fa5', 'submitted', 'Bazı parlak anlar var ama tutarsız performans.', (timestamp '2025-07-09 09:00:00' + interval '25 hours 49 minutes') - interval '30 mins', (timestamp '2025-07-09 09:00:00' + interval '25 hours 49 minutes')) ON CONFLICT DO NOTHING;
INSERT INTO score_sheet_items (id, score_sheet_id, period_criterion_id, score_value) VALUES ('7b32044b-7c75-403a-a2ac-51679899d4be', '056ecc56-328d-4779-a9a9-c45b2e81125a', '9fc5d438-f3ea-4966-ad57-e9ba3626497e', 21) ON CONFLICT DO NOTHING;
INSERT INTO score_sheet_items (id, score_sheet_id, period_criterion_id, score_value) VALUES ('a79add01-312a-4fda-a9e1-420f6c44b2d6', '056ecc56-328d-4779-a9a9-c45b2e81125a', '9291055e-e458-479e-a0de-bd69595777ff', 28) ON CONFLICT DO NOTHING;
INSERT INTO score_sheet_items (id, score_sheet_id, period_criterion_id, score_value) VALUES ('b6e07678-8bcd-41a8-ab2e-13109d875712', '056ecc56-328d-4779-a9a9-c45b2e81125a', 'd8088c7f-e974-490e-ad55-0b51a4bb2138', 19) ON CONFLICT DO NOTHING;
INSERT INTO score_sheet_items (id, score_sheet_id, period_criterion_id, score_value) VALUES ('673a9631-c0de-4310-a1b4-9089879eebfa', '056ecc56-328d-4779-a9a9-c45b2e81125a', '34e60116-c678-4d43-a5a3-6ed510928812', 7) ON CONFLICT DO NOTHING;
INSERT INTO score_sheets (id, period_id, project_id, juror_id, status, comment, started_at, last_activity_at) VALUES ('6c443230-51d7-4d88-a173-9b26cb9e1408', '308d2708-dbea-41b6-a1c8-da6129445759', 'c0f554fa-594d-4490-a829-4164b21baf01', '618aec67-dbed-41bf-ac48-c600f70c9fa5', 'submitted', NULL, (timestamp '2025-07-09 09:00:00' + interval '54 hours 22 minutes') - interval '30 mins', (timestamp '2025-07-09 09:00:00' + interval '54 hours 22 minutes')) ON CONFLICT DO NOTHING;
INSERT INTO score_sheet_items (id, score_sheet_id, period_criterion_id, score_value) VALUES ('123ca0bb-e093-4048-af60-a70f75b6806e', '6c443230-51d7-4d88-a173-9b26cb9e1408', '9fc5d438-f3ea-4966-ad57-e9ba3626497e', 22) ON CONFLICT DO NOTHING;
INSERT INTO score_sheet_items (id, score_sheet_id, period_criterion_id, score_value) VALUES ('54473eab-ca9c-4c4f-a9bb-9abaf6ddb986', '6c443230-51d7-4d88-a173-9b26cb9e1408', '9291055e-e458-479e-a0de-bd69595777ff', 28) ON CONFLICT DO NOTHING;
INSERT INTO score_sheet_items (id, score_sheet_id, period_criterion_id, score_value) VALUES ('b2a8a66f-9a33-4218-a108-919840aaa794', '6c443230-51d7-4d88-a173-9b26cb9e1408', 'd8088c7f-e974-490e-ad55-0b51a4bb2138', 28) ON CONFLICT DO NOTHING;
INSERT INTO score_sheet_items (id, score_sheet_id, period_criterion_id, score_value) VALUES ('25c07575-76e0-4ea2-aa15-907f83b4c824', '6c443230-51d7-4d88-a173-9b26cb9e1408', '34e60116-c678-4d43-a5a3-6ed510928812', 13) ON CONFLICT DO NOTHING;
INSERT INTO score_sheets (id, period_id, project_id, juror_id, status, comment, started_at, last_activity_at) VALUES ('109d997a-5a92-4487-a47f-a78a1cb63476', '308d2708-dbea-41b6-a1c8-da6129445759', 'c76a36a7-037c-4541-ae8f-312ae44b4812', '618aec67-dbed-41bf-ac48-c600f70c9fa5', 'submitted', NULL, (timestamp '2025-07-09 09:00:00' + interval '22 hours 58 minutes') - interval '30 mins', (timestamp '2025-07-09 09:00:00' + interval '22 hours 58 minutes')) ON CONFLICT DO NOTHING;
INSERT INTO score_sheet_items (id, score_sheet_id, period_criterion_id, score_value) VALUES ('e87e7333-d745-487e-ab79-c517578c8e0c', '109d997a-5a92-4487-a47f-a78a1cb63476', '9fc5d438-f3ea-4966-ad57-e9ba3626497e', 18) ON CONFLICT DO NOTHING;
INSERT INTO score_sheet_items (id, score_sheet_id, period_criterion_id, score_value) VALUES ('58eb25df-572d-4a67-aa11-7ac0ad64054f', '109d997a-5a92-4487-a47f-a78a1cb63476', '9291055e-e458-479e-a0de-bd69595777ff', 19) ON CONFLICT DO NOTHING;
INSERT INTO score_sheet_items (id, score_sheet_id, period_criterion_id, score_value) VALUES ('3eeb445b-d3a2-42cf-a6ca-355bcea4fda3', '109d997a-5a92-4487-a47f-a78a1cb63476', 'd8088c7f-e974-490e-ad55-0b51a4bb2138', 20) ON CONFLICT DO NOTHING;
INSERT INTO score_sheet_items (id, score_sheet_id, period_criterion_id, score_value) VALUES ('3f3c024d-98b4-49f6-ae6d-25145dba32f6', '109d997a-5a92-4487-a47f-a78a1cb63476', '34e60116-c678-4d43-a5a3-6ed510928812', 10) ON CONFLICT DO NOTHING;
INSERT INTO score_sheets (id, period_id, project_id, juror_id, status, comment, started_at, last_activity_at) VALUES ('aafbf237-f88c-43f4-a023-a0c9d36e39eb', '308d2708-dbea-41b6-a1c8-da6129445759', 'c9bb774d-0050-4605-a80d-dd3467c4836a', '618aec67-dbed-41bf-ac48-c600f70c9fa5', 'submitted', NULL, (timestamp '2025-07-09 09:00:00' + interval '10 hours 11 minutes') - interval '30 mins', (timestamp '2025-07-09 09:00:00' + interval '10 hours 11 minutes')) ON CONFLICT DO NOTHING;
INSERT INTO score_sheet_items (id, score_sheet_id, period_criterion_id, score_value) VALUES ('cda4d57a-df03-4e9d-acac-ac94553a12fc', 'aafbf237-f88c-43f4-a023-a0c9d36e39eb', '9fc5d438-f3ea-4966-ad57-e9ba3626497e', 19) ON CONFLICT DO NOTHING;
INSERT INTO score_sheet_items (id, score_sheet_id, period_criterion_id, score_value) VALUES ('e0a5efd9-71c0-4f86-a57f-babd2b8f6177', 'aafbf237-f88c-43f4-a023-a0c9d36e39eb', '9291055e-e458-479e-a0de-bd69595777ff', 23) ON CONFLICT DO NOTHING;
INSERT INTO score_sheet_items (id, score_sheet_id, period_criterion_id, score_value) VALUES ('0e8d77d0-60ba-48c3-a36a-4ec26852f4e9', 'aafbf237-f88c-43f4-a023-a0c9d36e39eb', 'd8088c7f-e974-490e-ad55-0b51a4bb2138', 20) ON CONFLICT DO NOTHING;
INSERT INTO score_sheet_items (id, score_sheet_id, period_criterion_id, score_value) VALUES ('9e5fd5c1-caa0-4936-a09b-29cfa1d9fc13', 'aafbf237-f88c-43f4-a023-a0c9d36e39eb', '34e60116-c678-4d43-a5a3-6ed510928812', 10) ON CONFLICT DO NOTHING;
INSERT INTO score_sheets (id, period_id, project_id, juror_id, status, comment, started_at, last_activity_at) VALUES ('5ae76073-07bb-44e5-a599-b18ecbcbb334', '308d2708-dbea-41b6-a1c8-da6129445759', '399ef11e-0e5f-46cb-abfc-3fe89f900358', '618aec67-dbed-41bf-ac48-c600f70c9fa5', 'submitted', 'Yavaş başladı ama çok güçlü bitirdi.', (timestamp '2025-07-09 09:00:00' + interval '51 hours 25 minutes') - interval '30 mins', (timestamp '2025-07-09 09:00:00' + interval '51 hours 25 minutes')) ON CONFLICT DO NOTHING;
INSERT INTO score_sheet_items (id, score_sheet_id, period_criterion_id, score_value) VALUES ('686ce4e6-a629-4780-ab4e-30696b7a2d7f', '5ae76073-07bb-44e5-a599-b18ecbcbb334', '9fc5d438-f3ea-4966-ad57-e9ba3626497e', 20) ON CONFLICT DO NOTHING;
INSERT INTO score_sheet_items (id, score_sheet_id, period_criterion_id, score_value) VALUES ('b816393c-6052-4a42-ac3f-22989dd4bb8b', '5ae76073-07bb-44e5-a599-b18ecbcbb334', '9291055e-e458-479e-a0de-bd69595777ff', 28) ON CONFLICT DO NOTHING;
INSERT INTO score_sheet_items (id, score_sheet_id, period_criterion_id, score_value) VALUES ('50a748bf-b3cb-4b4e-abb4-3e833abbbbd9', '5ae76073-07bb-44e5-a599-b18ecbcbb334', 'd8088c7f-e974-490e-ad55-0b51a4bb2138', 24) ON CONFLICT DO NOTHING;
INSERT INTO score_sheet_items (id, score_sheet_id, period_criterion_id, score_value) VALUES ('906e3060-97e9-4bc7-afc6-6142e451211c', '5ae76073-07bb-44e5-a599-b18ecbcbb334', '34e60116-c678-4d43-a5a3-6ed510928812', 12) ON CONFLICT DO NOTHING;
INSERT INTO score_sheets (id, period_id, project_id, juror_id, status, comment, started_at, last_activity_at) VALUES ('c0f6d58d-bfe9-4f62-a117-da6bfcf3e579', '308d2708-dbea-41b6-a1c8-da6129445759', '3b331f94-7242-46a0-a427-53b72f2a2e20', '618aec67-dbed-41bf-ac48-c600f70c9fa5', 'submitted', 'Eksik bir çalışma — önemli bölümler tamamlanmamış.', (timestamp '2025-07-09 09:00:00' + interval '53 hours 24 minutes') - interval '30 mins', (timestamp '2025-07-09 09:00:00' + interval '53 hours 24 minutes')) ON CONFLICT DO NOTHING;
INSERT INTO score_sheet_items (id, score_sheet_id, period_criterion_id, score_value) VALUES ('89dcf789-874c-49fc-a01d-bad8badd6cbd', 'c0f6d58d-bfe9-4f62-a117-da6bfcf3e579', '9fc5d438-f3ea-4966-ad57-e9ba3626497e', 16) ON CONFLICT DO NOTHING;
INSERT INTO score_sheet_items (id, score_sheet_id, period_criterion_id, score_value) VALUES ('a676888d-66a5-41cb-a5c2-8171f058063d', 'c0f6d58d-bfe9-4f62-a117-da6bfcf3e579', '9291055e-e458-479e-a0de-bd69595777ff', 16) ON CONFLICT DO NOTHING;
INSERT INTO score_sheet_items (id, score_sheet_id, period_criterion_id, score_value) VALUES ('a1882279-ad45-4666-ac06-5ab8ad048bb9', 'c0f6d58d-bfe9-4f62-a117-da6bfcf3e579', 'd8088c7f-e974-490e-ad55-0b51a4bb2138', 17) ON CONFLICT DO NOTHING;
INSERT INTO score_sheet_items (id, score_sheet_id, period_criterion_id, score_value) VALUES ('e87b3394-226f-4865-a6aa-967411084475', 'c0f6d58d-bfe9-4f62-a117-da6bfcf3e579', '34e60116-c678-4d43-a5a3-6ed510928812', 8) ON CONFLICT DO NOTHING;
INSERT INTO score_sheets (id, period_id, project_id, juror_id, status, comment, started_at, last_activity_at) VALUES ('d227fff2-3d70-4a00-a3ef-3f58e3483671', '308d2708-dbea-41b6-a1c8-da6129445759', 'b6718b6b-02a8-444b-a8ec-ff82aad1b946', '9b8c4342-14df-4531-ac89-8295ce56d0fe', 'submitted', NULL, (timestamp '2025-07-09 09:00:00' + interval '30 hours 19 minutes') - interval '30 mins', (timestamp '2025-07-09 09:00:00' + interval '30 hours 19 minutes')) ON CONFLICT DO NOTHING;
INSERT INTO score_sheet_items (id, score_sheet_id, period_criterion_id, score_value) VALUES ('cac8356c-728e-4787-a9f5-26ee19e30e63', 'd227fff2-3d70-4a00-a3ef-3f58e3483671', '9fc5d438-f3ea-4966-ad57-e9ba3626497e', 23) ON CONFLICT DO NOTHING;
INSERT INTO score_sheet_items (id, score_sheet_id, period_criterion_id, score_value) VALUES ('5d537f53-4324-4e63-ad22-1d048354a45a', 'd227fff2-3d70-4a00-a3ef-3f58e3483671', '9291055e-e458-479e-a0de-bd69595777ff', 29) ON CONFLICT DO NOTHING;
INSERT INTO score_sheet_items (id, score_sheet_id, period_criterion_id, score_value) VALUES ('838dc757-ae76-41cf-a182-f30d29d2d8cd', 'd227fff2-3d70-4a00-a3ef-3f58e3483671', 'd8088c7f-e974-490e-ad55-0b51a4bb2138', 27) ON CONFLICT DO NOTHING;
INSERT INTO score_sheet_items (id, score_sheet_id, period_criterion_id, score_value) VALUES ('1e55c8ef-c82e-4e8b-a5d2-c022b5c3758a', 'd227fff2-3d70-4a00-a3ef-3f58e3483671', '34e60116-c678-4d43-a5a3-6ed510928812', 13) ON CONFLICT DO NOTHING;
INSERT INTO score_sheets (id, period_id, project_id, juror_id, status, comment, started_at, last_activity_at) VALUES ('0200f8d4-9bcd-4531-aaee-c5c71cba63ca', '308d2708-dbea-41b6-a1c8-da6129445759', '75baa7d0-6001-4420-a744-5b46e6483201', '9b8c4342-14df-4531-ac89-8295ce56d0fe', 'submitted', 'Tutarlı ve güçlü bir mühendislik çalışması.', (timestamp '2025-07-09 09:00:00' + interval '9 hours 2 minutes') - interval '30 mins', (timestamp '2025-07-09 09:00:00' + interval '9 hours 2 minutes')) ON CONFLICT DO NOTHING;
INSERT INTO score_sheet_items (id, score_sheet_id, period_criterion_id, score_value) VALUES ('7e0c4415-cf80-4aec-a329-750f33c946cb', '0200f8d4-9bcd-4531-aaee-c5c71cba63ca', '9fc5d438-f3ea-4966-ad57-e9ba3626497e', 20) ON CONFLICT DO NOTHING;
INSERT INTO score_sheet_items (id, score_sheet_id, period_criterion_id, score_value) VALUES ('84a9bb4e-9e7c-4faa-aecd-1a028f3deb08', '0200f8d4-9bcd-4531-aaee-c5c71cba63ca', '9291055e-e458-479e-a0de-bd69595777ff', 23) ON CONFLICT DO NOTHING;
INSERT INTO score_sheet_items (id, score_sheet_id, period_criterion_id, score_value) VALUES ('75f2a918-a9b8-42c3-a05a-857154d05840', '0200f8d4-9bcd-4531-aaee-c5c71cba63ca', 'd8088c7f-e974-490e-ad55-0b51a4bb2138', 24) ON CONFLICT DO NOTHING;
INSERT INTO score_sheet_items (id, score_sheet_id, period_criterion_id, score_value) VALUES ('2bab2702-7c14-4bfe-adac-f9010c40a1c9', '0200f8d4-9bcd-4531-aaee-c5c71cba63ca', '34e60116-c678-4d43-a5a3-6ed510928812', 12) ON CONFLICT DO NOTHING;
INSERT INTO score_sheets (id, period_id, project_id, juror_id, status, comment, started_at, last_activity_at) VALUES ('14477079-047f-4559-a14e-5bfc32cfc834', '308d2708-dbea-41b6-a1c8-da6129445759', '35607ef7-b333-4b5b-aa1a-e7ebd1a57d32', '9b8c4342-14df-4531-ac89-8295ce56d0fe', 'submitted', 'Tutarlı ve güçlü bir mühendislik çalışması.', (timestamp '2025-07-09 09:00:00' + interval '19 hours 54 minutes') - interval '30 mins', (timestamp '2025-07-09 09:00:00' + interval '19 hours 54 minutes')) ON CONFLICT DO NOTHING;
INSERT INTO score_sheet_items (id, score_sheet_id, period_criterion_id, score_value) VALUES ('0fbca05a-e282-44f0-ac27-4b720d9f7853', '14477079-047f-4559-a14e-5bfc32cfc834', '9fc5d438-f3ea-4966-ad57-e9ba3626497e', 20) ON CONFLICT DO NOTHING;
INSERT INTO score_sheet_items (id, score_sheet_id, period_criterion_id, score_value) VALUES ('5456d96d-619f-4530-ab20-ffeb8697a9df', '14477079-047f-4559-a14e-5bfc32cfc834', '9291055e-e458-479e-a0de-bd69595777ff', 23) ON CONFLICT DO NOTHING;
INSERT INTO score_sheet_items (id, score_sheet_id, period_criterion_id, score_value) VALUES ('faa895e8-e745-4f9f-a7d0-a9e660c588b4', '14477079-047f-4559-a14e-5bfc32cfc834', 'd8088c7f-e974-490e-ad55-0b51a4bb2138', 24) ON CONFLICT DO NOTHING;
INSERT INTO score_sheet_items (id, score_sheet_id, period_criterion_id, score_value) VALUES ('9a531415-5eba-451a-a57b-c635bb5848ae', '14477079-047f-4559-a14e-5bfc32cfc834', '34e60116-c678-4d43-a5a3-6ed510928812', 11) ON CONFLICT DO NOTHING;
INSERT INTO score_sheets (id, period_id, project_id, juror_id, status, comment, started_at, last_activity_at) VALUES ('b1efd750-e848-47e6-aedb-22dc7fd5b100', '308d2708-dbea-41b6-a1c8-da6129445759', 'accfb911-acf9-481e-a167-d4ba6eaa9aaa', '9b8c4342-14df-4531-ac89-8295ce56d0fe', 'submitted', 'Dengeli ve tutarlı bir proje. Zayıf nokta yok.', (timestamp '2025-07-09 09:00:00' + interval '35 hours 7 minutes') - interval '30 mins', (timestamp '2025-07-09 09:00:00' + interval '35 hours 7 minutes')) ON CONFLICT DO NOTHING;
INSERT INTO score_sheet_items (id, score_sheet_id, period_criterion_id, score_value) VALUES ('8e602fd9-527f-4cf7-a3d4-f85aae9c6388', 'b1efd750-e848-47e6-aedb-22dc7fd5b100', '9fc5d438-f3ea-4966-ad57-e9ba3626497e', 20) ON CONFLICT DO NOTHING;
INSERT INTO score_sheet_items (id, score_sheet_id, period_criterion_id, score_value) VALUES ('2500016d-f0d9-496b-abce-5ff3f5903a9a', 'b1efd750-e848-47e6-aedb-22dc7fd5b100', '9291055e-e458-479e-a0de-bd69595777ff', 24) ON CONFLICT DO NOTHING;
INSERT INTO score_sheet_items (id, score_sheet_id, period_criterion_id, score_value) VALUES ('a5331f88-ccbd-4c22-a943-408b56e0a768', 'b1efd750-e848-47e6-aedb-22dc7fd5b100', 'd8088c7f-e974-490e-ad55-0b51a4bb2138', 24) ON CONFLICT DO NOTHING;
INSERT INTO score_sheet_items (id, score_sheet_id, period_criterion_id, score_value) VALUES ('00f35855-40d0-4a12-ae0e-119bc35b9e6e', 'b1efd750-e848-47e6-aedb-22dc7fd5b100', '34e60116-c678-4d43-a5a3-6ed510928812', 13) ON CONFLICT DO NOTHING;
INSERT INTO score_sheets (id, period_id, project_id, juror_id, status, comment, started_at, last_activity_at) VALUES ('394a42a2-20b3-46dc-a9d8-f9211bb397e4', '308d2708-dbea-41b6-a1c8-da6129445759', '1aad9a5e-2660-4dbe-accc-6a8612299d07', '9b8c4342-14df-4531-ac89-8295ce56d0fe', 'submitted', 'Bazı parlak anlar var ama tutarsız performans.', (timestamp '2025-07-09 09:00:00' + interval '6 hours 23 minutes') - interval '30 mins', (timestamp '2025-07-09 09:00:00' + interval '6 hours 23 minutes')) ON CONFLICT DO NOTHING;
INSERT INTO score_sheet_items (id, score_sheet_id, period_criterion_id, score_value) VALUES ('c68160a7-8f38-47d2-a55b-029a2df29ad5', '394a42a2-20b3-46dc-a9d8-f9211bb397e4', '9fc5d438-f3ea-4966-ad57-e9ba3626497e', 24) ON CONFLICT DO NOTHING;
INSERT INTO score_sheet_items (id, score_sheet_id, period_criterion_id, score_value) VALUES ('7b1292be-df1b-4411-ad56-641882c7d7d0', '394a42a2-20b3-46dc-a9d8-f9211bb397e4', '9291055e-e458-479e-a0de-bd69595777ff', 18) ON CONFLICT DO NOTHING;
INSERT INTO score_sheet_items (id, score_sheet_id, period_criterion_id, score_value) VALUES ('f20f5f74-f09a-4c89-a6a3-aa706ac2ec4c', '394a42a2-20b3-46dc-a9d8-f9211bb397e4', 'd8088c7f-e974-490e-ad55-0b51a4bb2138', 27) ON CONFLICT DO NOTHING;
INSERT INTO score_sheet_items (id, score_sheet_id, period_criterion_id, score_value) VALUES ('b1e3a202-1feb-406b-ada9-9c4bf5becc11', '394a42a2-20b3-46dc-a9d8-f9211bb397e4', '34e60116-c678-4d43-a5a3-6ed510928812', 10) ON CONFLICT DO NOTHING;
INSERT INTO score_sheets (id, period_id, project_id, juror_id, status, comment, started_at, last_activity_at) VALUES ('c777b2f3-75d7-44f9-a7cd-e1a4a6258002', '308d2708-dbea-41b6-a1c8-da6129445759', 'c0f554fa-594d-4490-a829-4164b21baf01', '9b8c4342-14df-4531-ac89-8295ce56d0fe', 'submitted', 'Teknik olarak çok güçlü ama sunumu zayıf.', (timestamp '2025-07-09 09:00:00' + interval '24 hours 8 minutes') - interval '30 mins', (timestamp '2025-07-09 09:00:00' + interval '24 hours 8 minutes')) ON CONFLICT DO NOTHING;
INSERT INTO score_sheet_items (id, score_sheet_id, period_criterion_id, score_value) VALUES ('4032933e-76ae-4bb9-a2ca-4a4c4af56493', 'c777b2f3-75d7-44f9-a7cd-e1a4a6258002', '9fc5d438-f3ea-4966-ad57-e9ba3626497e', 22) ON CONFLICT DO NOTHING;
INSERT INTO score_sheet_items (id, score_sheet_id, period_criterion_id, score_value) VALUES ('1017f0ff-cb1c-427d-a951-8ebabead0d77', 'c777b2f3-75d7-44f9-a7cd-e1a4a6258002', '9291055e-e458-479e-a0de-bd69595777ff', 27) ON CONFLICT DO NOTHING;
INSERT INTO score_sheet_items (id, score_sheet_id, period_criterion_id, score_value) VALUES ('0b94ebf7-665f-4685-a95a-bd2becd06cfb', 'c777b2f3-75d7-44f9-a7cd-e1a4a6258002', 'd8088c7f-e974-490e-ad55-0b51a4bb2138', 27) ON CONFLICT DO NOTHING;
INSERT INTO score_sheet_items (id, score_sheet_id, period_criterion_id, score_value) VALUES ('ebeee318-8e8c-459e-add2-25d532fb3006', 'c777b2f3-75d7-44f9-a7cd-e1a4a6258002', '34e60116-c678-4d43-a5a3-6ed510928812', 13) ON CONFLICT DO NOTHING;
INSERT INTO score_sheets (id, period_id, project_id, juror_id, status, comment, started_at, last_activity_at) VALUES ('02d6c806-6dde-4f12-a701-7a2dacc4d322', '308d2708-dbea-41b6-a1c8-da6129445759', 'c76a36a7-037c-4541-ae8f-312ae44b4812', '9b8c4342-14df-4531-ac89-8295ce56d0fe', 'submitted', 'Minimum beklentiyi karşılıyor ama öne çıkmıyor.', (timestamp '2025-07-09 09:00:00' + interval '3 hours 10 minutes') - interval '30 mins', (timestamp '2025-07-09 09:00:00' + interval '3 hours 10 minutes')) ON CONFLICT DO NOTHING;
INSERT INTO score_sheet_items (id, score_sheet_id, period_criterion_id, score_value) VALUES ('e267d3f6-4374-49b8-a3ae-c2c2b1c5f7cb', '02d6c806-6dde-4f12-a701-7a2dacc4d322', '9fc5d438-f3ea-4966-ad57-e9ba3626497e', 15) ON CONFLICT DO NOTHING;
INSERT INTO score_sheet_items (id, score_sheet_id, period_criterion_id, score_value) VALUES ('6b3c10f1-3467-4800-a96f-d8a8914f8299', '02d6c806-6dde-4f12-a701-7a2dacc4d322', '9291055e-e458-479e-a0de-bd69595777ff', 21) ON CONFLICT DO NOTHING;
INSERT INTO score_sheet_items (id, score_sheet_id, period_criterion_id, score_value) VALUES ('6455abed-c9ce-40be-a0c4-1d11296e2846', '02d6c806-6dde-4f12-a701-7a2dacc4d322', 'd8088c7f-e974-490e-ad55-0b51a4bb2138', 19) ON CONFLICT DO NOTHING;
INSERT INTO score_sheet_items (id, score_sheet_id, period_criterion_id, score_value) VALUES ('79e74c41-5490-481e-ad2a-3eb8b1098bbe', '02d6c806-6dde-4f12-a701-7a2dacc4d322', '34e60116-c678-4d43-a5a3-6ed510928812', 9) ON CONFLICT DO NOTHING;
INSERT INTO score_sheets (id, period_id, project_id, juror_id, status, comment, started_at, last_activity_at) VALUES ('5dd1b583-231b-4424-ad6b-758e02c2d0c5', '308d2708-dbea-41b6-a1c8-da6129445759', 'c9bb774d-0050-4605-a80d-dd3467c4836a', '9b8c4342-14df-4531-ac89-8295ce56d0fe', 'submitted', 'Makul bir çalışma, beklenen sonuçlar.', (timestamp '2025-07-09 09:00:00' + interval '34 hours 34 minutes') - interval '30 mins', (timestamp '2025-07-09 09:00:00' + interval '34 hours 34 minutes')) ON CONFLICT DO NOTHING;
INSERT INTO score_sheet_items (id, score_sheet_id, period_criterion_id, score_value) VALUES ('4926d625-9045-487a-a99e-eb8571183f81', '5dd1b583-231b-4424-ad6b-758e02c2d0c5', '9fc5d438-f3ea-4966-ad57-e9ba3626497e', 19) ON CONFLICT DO NOTHING;
INSERT INTO score_sheet_items (id, score_sheet_id, period_criterion_id, score_value) VALUES ('4a6727b7-15f5-48ff-a82c-3c66c561cf43', '5dd1b583-231b-4424-ad6b-758e02c2d0c5', '9291055e-e458-479e-a0de-bd69595777ff', 21) ON CONFLICT DO NOTHING;
INSERT INTO score_sheet_items (id, score_sheet_id, period_criterion_id, score_value) VALUES ('848f9035-2543-43f9-aedb-b0860b291979', '5dd1b583-231b-4424-ad6b-758e02c2d0c5', 'd8088c7f-e974-490e-ad55-0b51a4bb2138', 20) ON CONFLICT DO NOTHING;
INSERT INTO score_sheet_items (id, score_sheet_id, period_criterion_id, score_value) VALUES ('c756b011-78de-4c7f-af95-b2234e56f98a', '5dd1b583-231b-4424-ad6b-758e02c2d0c5', '34e60116-c678-4d43-a5a3-6ed510928812', 11) ON CONFLICT DO NOTHING;
INSERT INTO score_sheets (id, period_id, project_id, juror_id, status, comment, started_at, last_activity_at) VALUES ('a42d251c-ce95-4c5e-ae88-9cfacdfeb0b1', '308d2708-dbea-41b6-a1c8-da6129445759', '399ef11e-0e5f-46cb-abfc-3fe89f900358', '9b8c4342-14df-4531-ac89-8295ce56d0fe', 'submitted', 'Yavaş başladı ama çok güçlü bitirdi.', (timestamp '2025-07-09 09:00:00' + interval '4 hours 44 minutes') - interval '30 mins', (timestamp '2025-07-09 09:00:00' + interval '4 hours 44 minutes')) ON CONFLICT DO NOTHING;
INSERT INTO score_sheet_items (id, score_sheet_id, period_criterion_id, score_value) VALUES ('cc25f2ae-6d70-4454-a067-8ac6ab9343ce', 'a42d251c-ce95-4c5e-ae88-9cfacdfeb0b1', '9fc5d438-f3ea-4966-ad57-e9ba3626497e', 22) ON CONFLICT DO NOTHING;
INSERT INTO score_sheet_items (id, score_sheet_id, period_criterion_id, score_value) VALUES ('d7318d90-7ca5-4e36-ae9b-4977ac4a7457', 'a42d251c-ce95-4c5e-ae88-9cfacdfeb0b1', '9291055e-e458-479e-a0de-bd69595777ff', 27) ON CONFLICT DO NOTHING;
INSERT INTO score_sheet_items (id, score_sheet_id, period_criterion_id, score_value) VALUES ('3d306e37-2761-40f3-a290-418ab3106412', 'a42d251c-ce95-4c5e-ae88-9cfacdfeb0b1', 'd8088c7f-e974-490e-ad55-0b51a4bb2138', 26) ON CONFLICT DO NOTHING;
INSERT INTO score_sheet_items (id, score_sheet_id, period_criterion_id, score_value) VALUES ('8fd07faf-632e-4390-ab34-2f2b101d3a5e', 'a42d251c-ce95-4c5e-ae88-9cfacdfeb0b1', '34e60116-c678-4d43-a5a3-6ed510928812', 13) ON CONFLICT DO NOTHING;
INSERT INTO score_sheets (id, period_id, project_id, juror_id, status, comment, started_at, last_activity_at) VALUES ('01a370a9-12ef-4fc7-a897-09a690b4d64b', '308d2708-dbea-41b6-a1c8-da6129445759', '3b331f94-7242-46a0-a427-53b72f2a2e20', '9b8c4342-14df-4531-ac89-8295ce56d0fe', 'submitted', 'Eksik bir çalışma — önemli bölümler tamamlanmamış.', (timestamp '2025-07-09 09:00:00' + interval '2 hours 44 minutes') - interval '30 mins', (timestamp '2025-07-09 09:00:00' + interval '2 hours 44 minutes')) ON CONFLICT DO NOTHING;
INSERT INTO score_sheet_items (id, score_sheet_id, period_criterion_id, score_value) VALUES ('c9a799dc-6356-48a3-a1f9-b9fc465b831b', '01a370a9-12ef-4fc7-a897-09a690b4d64b', '9fc5d438-f3ea-4966-ad57-e9ba3626497e', 14) ON CONFLICT DO NOTHING;
INSERT INTO score_sheet_items (id, score_sheet_id, period_criterion_id, score_value) VALUES ('8658ab75-df47-49a0-aa2b-ef30988a0d03', '01a370a9-12ef-4fc7-a897-09a690b4d64b', '9291055e-e458-479e-a0de-bd69595777ff', 19) ON CONFLICT DO NOTHING;
INSERT INTO score_sheet_items (id, score_sheet_id, period_criterion_id, score_value) VALUES ('d43ca700-56f5-47fe-aa00-a972ba2330ae', '01a370a9-12ef-4fc7-a897-09a690b4d64b', 'd8088c7f-e974-490e-ad55-0b51a4bb2138', 19) ON CONFLICT DO NOTHING;
INSERT INTO score_sheet_items (id, score_sheet_id, period_criterion_id, score_value) VALUES ('df057727-f30e-44fd-a5bb-3a37341a87f7', '01a370a9-12ef-4fc7-a897-09a690b4d64b', '34e60116-c678-4d43-a5a3-6ed510928812', 8) ON CONFLICT DO NOTHING;
INSERT INTO score_sheets (id, period_id, project_id, juror_id, status, comment, started_at, last_activity_at) VALUES ('25161ddf-af27-434a-a116-63a8da3de8bb', '308d2708-dbea-41b6-a1c8-da6129445759', 'b6718b6b-02a8-444b-a8ec-ff82aad1b946', '30d22b2f-a7a9-49d3-a326-758137e61b40', 'submitted', 'Tüm kriterlerde olağanüstü bir çalışma.', (timestamp '2025-07-09 09:00:00' + interval '41 hours 36 minutes') - interval '30 mins', (timestamp '2025-07-09 09:00:00' + interval '41 hours 36 minutes')) ON CONFLICT DO NOTHING;
INSERT INTO score_sheet_items (id, score_sheet_id, period_criterion_id, score_value) VALUES ('04caf3a6-25b4-4a74-aa1f-058dff8ce396', '25161ddf-af27-434a-a116-63a8da3de8bb', '9fc5d438-f3ea-4966-ad57-e9ba3626497e', 21) ON CONFLICT DO NOTHING;
INSERT INTO score_sheet_items (id, score_sheet_id, period_criterion_id, score_value) VALUES ('7c15f23f-dbf8-49bb-a7f8-7ddf25e92ae0', '25161ddf-af27-434a-a116-63a8da3de8bb', '9291055e-e458-479e-a0de-bd69595777ff', 27) ON CONFLICT DO NOTHING;
INSERT INTO score_sheet_items (id, score_sheet_id, period_criterion_id, score_value) VALUES ('a3fc29ff-7c0d-4f7a-acd3-03f54a857d3f', '25161ddf-af27-434a-a116-63a8da3de8bb', 'd8088c7f-e974-490e-ad55-0b51a4bb2138', 28) ON CONFLICT DO NOTHING;
INSERT INTO score_sheet_items (id, score_sheet_id, period_criterion_id, score_value) VALUES ('72f9cf3f-b0ac-42db-aa60-88a7e6b2ed4a', '25161ddf-af27-434a-a116-63a8da3de8bb', '34e60116-c678-4d43-a5a3-6ed510928812', 13) ON CONFLICT DO NOTHING;
INSERT INTO score_sheets (id, period_id, project_id, juror_id, status, comment, started_at, last_activity_at) VALUES ('f91153bd-2fd6-43b6-a504-d779f879f0f1', '308d2708-dbea-41b6-a1c8-da6129445759', '75baa7d0-6001-4420-a744-5b46e6483201', '30d22b2f-a7a9-49d3-a326-758137e61b40', 'submitted', NULL, (timestamp '2025-07-09 09:00:00' + interval '43 hours 32 minutes') - interval '30 mins', (timestamp '2025-07-09 09:00:00' + interval '43 hours 32 minutes')) ON CONFLICT DO NOTHING;
INSERT INTO score_sheet_items (id, score_sheet_id, period_criterion_id, score_value) VALUES ('46c52246-a7fd-4045-a5c4-b084af67f619', 'f91153bd-2fd6-43b6-a504-d779f879f0f1', '9fc5d438-f3ea-4966-ad57-e9ba3626497e', 18) ON CONFLICT DO NOTHING;
INSERT INTO score_sheet_items (id, score_sheet_id, period_criterion_id, score_value) VALUES ('f447fb89-7d77-4aba-aabc-a52296df502f', 'f91153bd-2fd6-43b6-a504-d779f879f0f1', '9291055e-e458-479e-a0de-bd69595777ff', 23) ON CONFLICT DO NOTHING;
INSERT INTO score_sheet_items (id, score_sheet_id, period_criterion_id, score_value) VALUES ('88671ae6-1856-4e11-a406-5bafdf1ed617', 'f91153bd-2fd6-43b6-a504-d779f879f0f1', 'd8088c7f-e974-490e-ad55-0b51a4bb2138', 23) ON CONFLICT DO NOTHING;
INSERT INTO score_sheet_items (id, score_sheet_id, period_criterion_id, score_value) VALUES ('b56474c1-2681-482c-abb7-fa8c1beae278', 'f91153bd-2fd6-43b6-a504-d779f879f0f1', '34e60116-c678-4d43-a5a3-6ed510928812', 11) ON CONFLICT DO NOTHING;
INSERT INTO score_sheets (id, period_id, project_id, juror_id, status, comment, started_at, last_activity_at) VALUES ('641c0d73-f823-4f84-a5d6-3b8edab23e58', '308d2708-dbea-41b6-a1c8-da6129445759', '35607ef7-b333-4b5b-aa1a-e7ebd1a57d32', '30d22b2f-a7a9-49d3-a326-758137e61b40', 'submitted', NULL, (timestamp '2025-07-09 09:00:00' + interval '33 hours 28 minutes') - interval '30 mins', (timestamp '2025-07-09 09:00:00' + interval '33 hours 28 minutes')) ON CONFLICT DO NOTHING;
INSERT INTO score_sheet_items (id, score_sheet_id, period_criterion_id, score_value) VALUES ('e1854983-d8b5-4b40-abbd-ced19e962d77', '641c0d73-f823-4f84-a5d6-3b8edab23e58', '9fc5d438-f3ea-4966-ad57-e9ba3626497e', 19) ON CONFLICT DO NOTHING;
INSERT INTO score_sheet_items (id, score_sheet_id, period_criterion_id, score_value) VALUES ('296a87d5-a2e1-4c91-aca9-222a4414508e', '641c0d73-f823-4f84-a5d6-3b8edab23e58', '9291055e-e458-479e-a0de-bd69595777ff', 23) ON CONFLICT DO NOTHING;
INSERT INTO score_sheet_items (id, score_sheet_id, period_criterion_id, score_value) VALUES ('fbcd9f41-3501-4fee-adef-56c7bf373b52', '641c0d73-f823-4f84-a5d6-3b8edab23e58', 'd8088c7f-e974-490e-ad55-0b51a4bb2138', 21) ON CONFLICT DO NOTHING;
INSERT INTO score_sheet_items (id, score_sheet_id, period_criterion_id, score_value) VALUES ('804c2684-f194-4b99-ae90-63655109330a', '641c0d73-f823-4f84-a5d6-3b8edab23e58', '34e60116-c678-4d43-a5a3-6ed510928812', 11) ON CONFLICT DO NOTHING;
INSERT INTO score_sheets (id, period_id, project_id, juror_id, status, comment, started_at, last_activity_at) VALUES ('afc3a5c6-1d77-408d-a6e0-396edd89381e', '308d2708-dbea-41b6-a1c8-da6129445759', 'accfb911-acf9-481e-a167-d4ba6eaa9aaa', '30d22b2f-a7a9-49d3-a326-758137e61b40', 'submitted', 'Dengeli ve tutarlı bir proje. Zayıf nokta yok.', (timestamp '2025-07-09 09:00:00' + interval '20 hours 41 minutes') - interval '30 mins', (timestamp '2025-07-09 09:00:00' + interval '20 hours 41 minutes')) ON CONFLICT DO NOTHING;
INSERT INTO score_sheet_items (id, score_sheet_id, period_criterion_id, score_value) VALUES ('465b1b62-0c06-45fd-a4e3-5ccf0924bde9', 'afc3a5c6-1d77-408d-a6e0-396edd89381e', '9fc5d438-f3ea-4966-ad57-e9ba3626497e', 19) ON CONFLICT DO NOTHING;
INSERT INTO score_sheet_items (id, score_sheet_id, period_criterion_id, score_value) VALUES ('5290826a-b0df-4986-a0a4-06f6778d4e10', 'afc3a5c6-1d77-408d-a6e0-396edd89381e', '9291055e-e458-479e-a0de-bd69595777ff', 24) ON CONFLICT DO NOTHING;
INSERT INTO score_sheet_items (id, score_sheet_id, period_criterion_id, score_value) VALUES ('c79117ea-a6e6-47df-aa1c-1226ffaf3eb8', 'afc3a5c6-1d77-408d-a6e0-396edd89381e', 'd8088c7f-e974-490e-ad55-0b51a4bb2138', 22) ON CONFLICT DO NOTHING;
INSERT INTO score_sheet_items (id, score_sheet_id, period_criterion_id, score_value) VALUES ('ea2778b1-925e-4fe1-aa58-451f2ce7f71f', 'afc3a5c6-1d77-408d-a6e0-396edd89381e', '34e60116-c678-4d43-a5a3-6ed510928812', 11) ON CONFLICT DO NOTHING;
INSERT INTO score_sheets (id, period_id, project_id, juror_id, status, comment, started_at, last_activity_at) VALUES ('724ec1f9-be1e-47fe-a168-d2c35e986a7c', '308d2708-dbea-41b6-a1c8-da6129445759', '1aad9a5e-2660-4dbe-accc-6a8612299d07', '30d22b2f-a7a9-49d3-a326-758137e61b40', 'submitted', NULL, (timestamp '2025-07-09 09:00:00' + interval '31 hours 28 minutes') - interval '30 mins', (timestamp '2025-07-09 09:00:00' + interval '31 hours 28 minutes')) ON CONFLICT DO NOTHING;
INSERT INTO score_sheet_items (id, score_sheet_id, period_criterion_id, score_value) VALUES ('76d14c49-b99a-4edb-a78d-c978ed71a69b', '724ec1f9-be1e-47fe-a168-d2c35e986a7c', '9fc5d438-f3ea-4966-ad57-e9ba3626497e', 16) ON CONFLICT DO NOTHING;
INSERT INTO score_sheet_items (id, score_sheet_id, period_criterion_id, score_value) VALUES ('3db593b7-1f19-4c60-aeb9-d863bc73a6ed', '724ec1f9-be1e-47fe-a168-d2c35e986a7c', '9291055e-e458-479e-a0de-bd69595777ff', 22) ON CONFLICT DO NOTHING;
INSERT INTO score_sheet_items (id, score_sheet_id, period_criterion_id, score_value) VALUES ('4bd7fc3d-17a1-4d19-a813-16f90744a018', '724ec1f9-be1e-47fe-a168-d2c35e986a7c', 'd8088c7f-e974-490e-ad55-0b51a4bb2138', 21) ON CONFLICT DO NOTHING;
INSERT INTO score_sheet_items (id, score_sheet_id, period_criterion_id, score_value) VALUES ('e34968a3-e604-456d-af8e-6d2316d79a0d', '724ec1f9-be1e-47fe-a168-d2c35e986a7c', '34e60116-c678-4d43-a5a3-6ed510928812', 9) ON CONFLICT DO NOTHING;
INSERT INTO score_sheets (id, period_id, project_id, juror_id, status, comment, started_at, last_activity_at) VALUES ('bb6df5b6-e4a9-472e-a71d-c40b67f82271', '308d2708-dbea-41b6-a1c8-da6129445759', 'c0f554fa-594d-4490-a829-4164b21baf01', '30d22b2f-a7a9-49d3-a326-758137e61b40', 'submitted', NULL, (timestamp '2025-07-09 09:00:00' + interval '47 hours 54 minutes') - interval '30 mins', (timestamp '2025-07-09 09:00:00' + interval '47 hours 54 minutes')) ON CONFLICT DO NOTHING;
INSERT INTO score_sheet_items (id, score_sheet_id, period_criterion_id, score_value) VALUES ('e8363fcf-c38f-4b07-ac05-09e28f4d4470', 'bb6df5b6-e4a9-472e-a71d-c40b67f82271', '9fc5d438-f3ea-4966-ad57-e9ba3626497e', 21) ON CONFLICT DO NOTHING;
INSERT INTO score_sheet_items (id, score_sheet_id, period_criterion_id, score_value) VALUES ('9517fbb8-a4c2-4aa3-a656-a7c9d9e3ac4d', 'bb6df5b6-e4a9-472e-a71d-c40b67f82271', '9291055e-e458-479e-a0de-bd69595777ff', 26) ON CONFLICT DO NOTHING;
INSERT INTO score_sheet_items (id, score_sheet_id, period_criterion_id, score_value) VALUES ('cd9b85d2-1fa4-4c65-a76a-45d49ef31b28', 'bb6df5b6-e4a9-472e-a71d-c40b67f82271', 'd8088c7f-e974-490e-ad55-0b51a4bb2138', 26) ON CONFLICT DO NOTHING;
INSERT INTO score_sheet_items (id, score_sheet_id, period_criterion_id, score_value) VALUES ('f9f169f5-2014-43d3-a0ad-b07b9f961a0b', 'bb6df5b6-e4a9-472e-a71d-c40b67f82271', '34e60116-c678-4d43-a5a3-6ed510928812', 12) ON CONFLICT DO NOTHING;
INSERT INTO score_sheets (id, period_id, project_id, juror_id, status, comment, started_at, last_activity_at) VALUES ('b60c985f-2f9d-4774-a75a-3497803be2c1', '308d2708-dbea-41b6-a1c8-da6129445759', 'c76a36a7-037c-4541-ae8f-312ae44b4812', '30d22b2f-a7a9-49d3-a326-758137e61b40', 'submitted', NULL, (timestamp '2025-07-09 09:00:00' + interval '7 hours 0 minutes') - interval '30 mins', (timestamp '2025-07-09 09:00:00' + interval '7 hours 0 minutes')) ON CONFLICT DO NOTHING;
INSERT INTO score_sheet_items (id, score_sheet_id, period_criterion_id, score_value) VALUES ('93cb178a-3288-4276-a875-188e52039f01', 'b60c985f-2f9d-4774-a75a-3497803be2c1', '9fc5d438-f3ea-4966-ad57-e9ba3626497e', 14) ON CONFLICT DO NOTHING;
INSERT INTO score_sheet_items (id, score_sheet_id, period_criterion_id, score_value) VALUES ('20149b51-6d22-480f-a988-99dd94023e3a', 'b60c985f-2f9d-4774-a75a-3497803be2c1', '9291055e-e458-479e-a0de-bd69595777ff', 20) ON CONFLICT DO NOTHING;
INSERT INTO score_sheet_items (id, score_sheet_id, period_criterion_id, score_value) VALUES ('e475f0a3-76d0-4370-a133-e71188f30535', 'b60c985f-2f9d-4774-a75a-3497803be2c1', 'd8088c7f-e974-490e-ad55-0b51a4bb2138', 19) ON CONFLICT DO NOTHING;
INSERT INTO score_sheet_items (id, score_sheet_id, period_criterion_id, score_value) VALUES ('2e9daab9-4579-4b6f-ac0f-72f17073649e', 'b60c985f-2f9d-4774-a75a-3497803be2c1', '34e60116-c678-4d43-a5a3-6ed510928812', 9) ON CONFLICT DO NOTHING;
INSERT INTO score_sheets (id, period_id, project_id, juror_id, status, comment, started_at, last_activity_at) VALUES ('43ce2934-1f11-48f3-a31f-fe185d6e513f', '308d2708-dbea-41b6-a1c8-da6129445759', 'c9bb774d-0050-4605-a80d-dd3467c4836a', '30d22b2f-a7a9-49d3-a326-758137e61b40', 'submitted', 'Standart düzeyde, gereksinimleri karşılıyor.', (timestamp '2025-07-09 09:00:00' + interval '56 hours 29 minutes') - interval '30 mins', (timestamp '2025-07-09 09:00:00' + interval '56 hours 29 minutes')) ON CONFLICT DO NOTHING;
INSERT INTO score_sheet_items (id, score_sheet_id, period_criterion_id, score_value) VALUES ('d9dc66f4-7eeb-4abb-adc4-4a940a2b92ca', '43ce2934-1f11-48f3-a31f-fe185d6e513f', '9fc5d438-f3ea-4966-ad57-e9ba3626497e', 17) ON CONFLICT DO NOTHING;
INSERT INTO score_sheet_items (id, score_sheet_id, period_criterion_id, score_value) VALUES ('125fb6ee-b1a5-48c7-a6e3-119679b5adb2', '43ce2934-1f11-48f3-a31f-fe185d6e513f', '9291055e-e458-479e-a0de-bd69595777ff', 22) ON CONFLICT DO NOTHING;
INSERT INTO score_sheet_items (id, score_sheet_id, period_criterion_id, score_value) VALUES ('1a68f566-3662-4ebc-a945-43104e4d6208', '43ce2934-1f11-48f3-a31f-fe185d6e513f', 'd8088c7f-e974-490e-ad55-0b51a4bb2138', 21) ON CONFLICT DO NOTHING;
INSERT INTO score_sheet_items (id, score_sheet_id, period_criterion_id, score_value) VALUES ('e59c8530-3043-4652-aab7-2abbea528087', '43ce2934-1f11-48f3-a31f-fe185d6e513f', '34e60116-c678-4d43-a5a3-6ed510928812', 11) ON CONFLICT DO NOTHING;
INSERT INTO score_sheets (id, period_id, project_id, juror_id, status, comment, started_at, last_activity_at) VALUES ('7c50f1be-d730-426a-a7a0-27677379dcbe', '308d2708-dbea-41b6-a1c8-da6129445759', '399ef11e-0e5f-46cb-abfc-3fe89f900358', '30d22b2f-a7a9-49d3-a326-758137e61b40', 'submitted', NULL, (timestamp '2025-07-09 09:00:00' + interval '11 hours 0 minutes') - interval '30 mins', (timestamp '2025-07-09 09:00:00' + interval '11 hours 0 minutes')) ON CONFLICT DO NOTHING;
INSERT INTO score_sheet_items (id, score_sheet_id, period_criterion_id, score_value) VALUES ('9874c01a-2291-461e-af7d-1518dd6b4f7d', '7c50f1be-d730-426a-a7a0-27677379dcbe', '9fc5d438-f3ea-4966-ad57-e9ba3626497e', 21) ON CONFLICT DO NOTHING;
INSERT INTO score_sheet_items (id, score_sheet_id, period_criterion_id, score_value) VALUES ('aeeb4544-2bcc-4006-a8f6-abf63967aa5e', '7c50f1be-d730-426a-a7a0-27677379dcbe', '9291055e-e458-479e-a0de-bd69595777ff', 24) ON CONFLICT DO NOTHING;
INSERT INTO score_sheet_items (id, score_sheet_id, period_criterion_id, score_value) VALUES ('239f5552-d21a-4aff-a3b5-822525d1b6a6', '7c50f1be-d730-426a-a7a0-27677379dcbe', 'd8088c7f-e974-490e-ad55-0b51a4bb2138', 24) ON CONFLICT DO NOTHING;
INSERT INTO score_sheet_items (id, score_sheet_id, period_criterion_id, score_value) VALUES ('e9aa96f4-f603-4d45-a555-b71da2e25788', '7c50f1be-d730-426a-a7a0-27677379dcbe', '34e60116-c678-4d43-a5a3-6ed510928812', 12) ON CONFLICT DO NOTHING;
INSERT INTO score_sheets (id, period_id, project_id, juror_id, status, comment, started_at, last_activity_at) VALUES ('9cf9e5ec-be2b-402a-a2af-0d2ce0917f6b', '308d2708-dbea-41b6-a1c8-da6129445759', '3b331f94-7242-46a0-a427-53b72f2a2e20', '30d22b2f-a7a9-49d3-a326-758137e61b40', 'submitted', 'Eksik bir çalışma — önemli bölümler tamamlanmamış.', (timestamp '2025-07-09 09:00:00' + interval '45 hours 40 minutes') - interval '30 mins', (timestamp '2025-07-09 09:00:00' + interval '45 hours 40 minutes')) ON CONFLICT DO NOTHING;
INSERT INTO score_sheet_items (id, score_sheet_id, period_criterion_id, score_value) VALUES ('5bedf076-c92f-47cb-a4e3-ce5d82a19d4e', '9cf9e5ec-be2b-402a-a2af-0d2ce0917f6b', '9fc5d438-f3ea-4966-ad57-e9ba3626497e', 16) ON CONFLICT DO NOTHING;
INSERT INTO score_sheet_items (id, score_sheet_id, period_criterion_id, score_value) VALUES ('34af143c-80f4-4d9e-ac13-d498faecae7f', '9cf9e5ec-be2b-402a-a2af-0d2ce0917f6b', '9291055e-e458-479e-a0de-bd69595777ff', 15) ON CONFLICT DO NOTHING;
INSERT INTO score_sheet_items (id, score_sheet_id, period_criterion_id, score_value) VALUES ('5cb8b7ef-8617-42e1-ac18-132f2f7e9d3c', '9cf9e5ec-be2b-402a-a2af-0d2ce0917f6b', 'd8088c7f-e974-490e-ad55-0b51a4bb2138', 18) ON CONFLICT DO NOTHING;
INSERT INTO score_sheet_items (id, score_sheet_id, period_criterion_id, score_value) VALUES ('6d4860fe-273f-46a9-a3cc-7853a9631f4c', '9cf9e5ec-be2b-402a-a2af-0d2ce0917f6b', '34e60116-c678-4d43-a5a3-6ed510928812', 9) ON CONFLICT DO NOTHING;
INSERT INTO score_sheets (id, period_id, project_id, juror_id, status, comment, started_at, last_activity_at) VALUES ('27dcd140-0ff2-4ed0-ab07-86e2444505d7', 'bf4ee98f-1fd2-418d-a62d-8cb5b585f293', '4edc653f-c0e7-4217-aca1-1c827f8204aa', 'cec22180-51e9-4924-a2d0-6bca4aeb0028', 'submitted', 'Gerçek anlamda yenilikçi. Büyük ustalık sergilendi.', (timestamp '2024-07-10 09:00:00' + interval '16 hours 32 minutes') - interval '30 mins', (timestamp '2024-07-10 09:00:00' + interval '16 hours 32 minutes')) ON CONFLICT DO NOTHING;
INSERT INTO score_sheet_items (id, score_sheet_id, period_criterion_id, score_value) VALUES ('080da9fd-a182-452d-ac70-9488f1a3378f', '27dcd140-0ff2-4ed0-ab07-86e2444505d7', '24809e2d-ea6f-4306-a60b-8c9b5ba230e1', 24) ON CONFLICT DO NOTHING;
INSERT INTO score_sheet_items (id, score_sheet_id, period_criterion_id, score_value) VALUES ('de5c5e93-596e-4205-afb0-75261091dbb0', '27dcd140-0ff2-4ed0-ab07-86e2444505d7', 'c37d84a0-f0d9-4386-a75f-6ecaff196a1d', 26) ON CONFLICT DO NOTHING;
INSERT INTO score_sheet_items (id, score_sheet_id, period_criterion_id, score_value) VALUES ('d89098af-815a-4e17-ae92-0e630946a7f7', '27dcd140-0ff2-4ed0-ab07-86e2444505d7', '0c95a783-0c54-42d5-a2fe-559d093af7f5', 25) ON CONFLICT DO NOTHING;
INSERT INTO score_sheets (id, period_id, project_id, juror_id, status, comment, started_at, last_activity_at) VALUES ('5f51874b-fbf7-46f7-a6c2-60b0aa5619f0', 'bf4ee98f-1fd2-418d-a62d-8cb5b585f293', 'fd4bc2a1-e69b-4bf2-aab4-5f2da12927de', 'cec22180-51e9-4924-a2d0-6bca4aeb0028', 'submitted', 'Tutarlı ve güçlü bir mühendislik çalışması.', (timestamp '2024-07-10 09:00:00' + interval '43 hours 20 minutes') - interval '30 mins', (timestamp '2024-07-10 09:00:00' + interval '43 hours 20 minutes')) ON CONFLICT DO NOTHING;
INSERT INTO score_sheet_items (id, score_sheet_id, period_criterion_id, score_value) VALUES ('7c677a1a-cbe2-4d33-a380-c301fc510723', '5f51874b-fbf7-46f7-a6c2-60b0aa5619f0', '24809e2d-ea6f-4306-a60b-8c9b5ba230e1', 20) ON CONFLICT DO NOTHING;
INSERT INTO score_sheet_items (id, score_sheet_id, period_criterion_id, score_value) VALUES ('9feb7000-5fa6-4ea4-a249-589b8a98df31', '5f51874b-fbf7-46f7-a6c2-60b0aa5619f0', 'c37d84a0-f0d9-4386-a75f-6ecaff196a1d', 24) ON CONFLICT DO NOTHING;
INSERT INTO score_sheet_items (id, score_sheet_id, period_criterion_id, score_value) VALUES ('f29f9a35-6b23-4841-a607-c8c2709f2b5a', '5f51874b-fbf7-46f7-a6c2-60b0aa5619f0', '0c95a783-0c54-42d5-a2fe-559d093af7f5', 25) ON CONFLICT DO NOTHING;
INSERT INTO score_sheets (id, period_id, project_id, juror_id, status, comment, started_at, last_activity_at) VALUES ('6208ea3b-adc2-41f3-a930-a5da4321ab8b', 'bf4ee98f-1fd2-418d-a62d-8cb5b585f293', '649be1eb-a461-4e57-a8b9-29849257408f', 'cec22180-51e9-4924-a2d0-6bca4aeb0028', 'submitted', 'Sağlam temeller üzerine kurulmuş, dengeli bir proje.', (timestamp '2024-07-10 09:00:00' + interval '23 hours 37 minutes') - interval '30 mins', (timestamp '2024-07-10 09:00:00' + interval '23 hours 37 minutes')) ON CONFLICT DO NOTHING;
INSERT INTO score_sheet_items (id, score_sheet_id, period_criterion_id, score_value) VALUES ('13680c9f-f953-463f-a3a1-cbb4be8ff409', '6208ea3b-adc2-41f3-a930-a5da4321ab8b', '24809e2d-ea6f-4306-a60b-8c9b5ba230e1', 20) ON CONFLICT DO NOTHING;
INSERT INTO score_sheet_items (id, score_sheet_id, period_criterion_id, score_value) VALUES ('2e0aed29-f3f9-49ba-ad6e-afbbb31400fd', '6208ea3b-adc2-41f3-a930-a5da4321ab8b', 'c37d84a0-f0d9-4386-a75f-6ecaff196a1d', 23) ON CONFLICT DO NOTHING;
INSERT INTO score_sheet_items (id, score_sheet_id, period_criterion_id, score_value) VALUES ('b9be90ec-b12a-46ae-ae1c-bf0acb14d6de', '6208ea3b-adc2-41f3-a930-a5da4321ab8b', '0c95a783-0c54-42d5-a2fe-559d093af7f5', 24) ON CONFLICT DO NOTHING;
INSERT INTO score_sheets (id, period_id, project_id, juror_id, status, comment, started_at, last_activity_at) VALUES ('d2133296-293a-4cdd-aecb-de0442d0d41c', 'bf4ee98f-1fd2-418d-a62d-8cb5b585f293', 'e5c8d6af-192d-418f-aed9-3eb128ce7473', 'cec22180-51e9-4924-a2d0-6bca4aeb0028', 'in_progress', NULL, (timestamp '2024-07-10 09:00:00' + interval '11 hours 22 minutes') - interval '30 mins', (timestamp '2024-07-10 09:00:00' + interval '11 hours 22 minutes')) ON CONFLICT DO NOTHING;
INSERT INTO score_sheet_items (id, score_sheet_id, period_criterion_id, score_value) VALUES ('36060514-2fcc-4611-abad-a8a463204c71', 'd2133296-293a-4cdd-aecb-de0442d0d41c', '24809e2d-ea6f-4306-a60b-8c9b5ba230e1', 14) ON CONFLICT DO NOTHING;
INSERT INTO score_sheets (id, period_id, project_id, juror_id, status, comment, started_at, last_activity_at) VALUES ('9becf5da-a2f4-419e-abcb-0786b1ba1a33', 'bf4ee98f-1fd2-418d-a62d-8cb5b585f293', '4edc653f-c0e7-4217-aca1-1c827f8204aa', '27eea0b5-10e7-42eb-a739-4082ace54aa0', 'submitted', 'Tüm kriterlerde olağanüstü bir çalışma.', (timestamp '2024-07-10 09:00:00' + interval '54 hours 13 minutes') - interval '30 mins', (timestamp '2024-07-10 09:00:00' + interval '54 hours 13 minutes')) ON CONFLICT DO NOTHING;
INSERT INTO score_sheet_items (id, score_sheet_id, period_criterion_id, score_value) VALUES ('6b2d1a56-0beb-4420-af8f-0b72ddf4cc26', '9becf5da-a2f4-419e-abcb-0786b1ba1a33', '24809e2d-ea6f-4306-a60b-8c9b5ba230e1', 22) ON CONFLICT DO NOTHING;
INSERT INTO score_sheet_items (id, score_sheet_id, period_criterion_id, score_value) VALUES ('15c6a186-f02b-4102-a30f-939e77e2dde3', '9becf5da-a2f4-419e-abcb-0786b1ba1a33', 'c37d84a0-f0d9-4386-a75f-6ecaff196a1d', 28) ON CONFLICT DO NOTHING;
INSERT INTO score_sheet_items (id, score_sheet_id, period_criterion_id, score_value) VALUES ('10323624-b50b-4e0a-a81a-db3fb5d8c81c', '9becf5da-a2f4-419e-abcb-0786b1ba1a33', '0c95a783-0c54-42d5-a2fe-559d093af7f5', 30) ON CONFLICT DO NOTHING;
INSERT INTO score_sheets (id, period_id, project_id, juror_id, status, comment, started_at, last_activity_at) VALUES ('ebfd2be5-22a8-43e2-a1eb-9974f38ebd01', 'bf4ee98f-1fd2-418d-a62d-8cb5b585f293', 'fd4bc2a1-e69b-4bf2-aab4-5f2da12927de', '27eea0b5-10e7-42eb-a739-4082ace54aa0', 'submitted', NULL, (timestamp '2024-07-10 09:00:00' + interval '5 hours 35 minutes') - interval '30 mins', (timestamp '2024-07-10 09:00:00' + interval '5 hours 35 minutes')) ON CONFLICT DO NOTHING;
INSERT INTO score_sheet_items (id, score_sheet_id, period_criterion_id, score_value) VALUES ('2f2c64d6-2b05-4ddb-abb9-5ff1a7bd4d3c', 'ebfd2be5-22a8-43e2-a1eb-9974f38ebd01', '24809e2d-ea6f-4306-a60b-8c9b5ba230e1', 19) ON CONFLICT DO NOTHING;
INSERT INTO score_sheet_items (id, score_sheet_id, period_criterion_id, score_value) VALUES ('e135807d-caa8-49b1-a6db-e600ad059862', 'ebfd2be5-22a8-43e2-a1eb-9974f38ebd01', 'c37d84a0-f0d9-4386-a75f-6ecaff196a1d', 26) ON CONFLICT DO NOTHING;
INSERT INTO score_sheet_items (id, score_sheet_id, period_criterion_id, score_value) VALUES ('edf89afa-7d1a-4ed3-af26-24ae65abff14', 'ebfd2be5-22a8-43e2-a1eb-9974f38ebd01', '0c95a783-0c54-42d5-a2fe-559d093af7f5', 26) ON CONFLICT DO NOTHING;
INSERT INTO score_sheets (id, period_id, project_id, juror_id, status, comment, started_at, last_activity_at) VALUES ('6b4c476e-f4e9-4e81-acb0-e10daa79a67d', 'bf4ee98f-1fd2-418d-a62d-8cb5b585f293', '649be1eb-a461-4e57-a8b9-29849257408f', '27eea0b5-10e7-42eb-a739-4082ace54aa0', 'submitted', NULL, (timestamp '2024-07-10 09:00:00' + interval '3 hours 54 minutes') - interval '30 mins', (timestamp '2024-07-10 09:00:00' + interval '3 hours 54 minutes')) ON CONFLICT DO NOTHING;
INSERT INTO score_sheet_items (id, score_sheet_id, period_criterion_id, score_value) VALUES ('610152fe-92c9-45c9-a560-d12f089c94f2', '6b4c476e-f4e9-4e81-acb0-e10daa79a67d', '24809e2d-ea6f-4306-a60b-8c9b5ba230e1', 20) ON CONFLICT DO NOTHING;
INSERT INTO score_sheet_items (id, score_sheet_id, period_criterion_id, score_value) VALUES ('8495b7e0-4ced-47ae-a5a9-ac62b1f3b3bc', '6b4c476e-f4e9-4e81-acb0-e10daa79a67d', 'c37d84a0-f0d9-4386-a75f-6ecaff196a1d', 22) ON CONFLICT DO NOTHING;
INSERT INTO score_sheet_items (id, score_sheet_id, period_criterion_id, score_value) VALUES ('dfd3fc2a-85ba-42a0-a9ff-e28f2926b497', '6b4c476e-f4e9-4e81-acb0-e10daa79a67d', '0c95a783-0c54-42d5-a2fe-559d093af7f5', 22) ON CONFLICT DO NOTHING;
INSERT INTO score_sheets (id, period_id, project_id, juror_id, status, comment, started_at, last_activity_at) VALUES ('e71ff701-ac68-4a72-ab77-3576c98fa778', 'bf4ee98f-1fd2-418d-a62d-8cb5b585f293', 'e5c8d6af-192d-418f-aed9-3eb128ce7473', '27eea0b5-10e7-42eb-a739-4082ace54aa0', 'submitted', 'İddialı kapsam, karışık sonuçlar.', (timestamp '2024-07-10 09:00:00' + interval '2 hours 41 minutes') - interval '30 mins', (timestamp '2024-07-10 09:00:00' + interval '2 hours 41 minutes')) ON CONFLICT DO NOTHING;
INSERT INTO score_sheet_items (id, score_sheet_id, period_criterion_id, score_value) VALUES ('ca477cb4-ea65-4ccd-a537-5c277e03ab13', 'e71ff701-ac68-4a72-ab77-3576c98fa778', '24809e2d-ea6f-4306-a60b-8c9b5ba230e1', 13) ON CONFLICT DO NOTHING;
INSERT INTO score_sheet_items (id, score_sheet_id, period_criterion_id, score_value) VALUES ('ca010a23-ebff-4682-a19a-8495623f1c57', 'e71ff701-ac68-4a72-ab77-3576c98fa778', 'c37d84a0-f0d9-4386-a75f-6ecaff196a1d', 28) ON CONFLICT DO NOTHING;
INSERT INTO score_sheet_items (id, score_sheet_id, period_criterion_id, score_value) VALUES ('3c996d78-3a27-4d4d-a58e-34f403e7f90d', 'e71ff701-ac68-4a72-ab77-3576c98fa778', '0c95a783-0c54-42d5-a2fe-559d093af7f5', 28) ON CONFLICT DO NOTHING;
INSERT INTO score_sheets (id, period_id, project_id, juror_id, status, comment, started_at, last_activity_at) VALUES ('240e9e57-17b2-4b03-a680-fbe66898309a', 'bf4ee98f-1fd2-418d-a62d-8cb5b585f293', '0d85d576-ade8-47b4-aed8-e21a19876b45', '27eea0b5-10e7-42eb-a739-4082ace54aa0', 'submitted', 'Minimum beklentiyi karşılıyor ama öne çıkmıyor.', (timestamp '2024-07-10 09:00:00' + interval '44 hours 58 minutes') - interval '30 mins', (timestamp '2024-07-10 09:00:00' + interval '44 hours 58 minutes')) ON CONFLICT DO NOTHING;
INSERT INTO score_sheet_items (id, score_sheet_id, period_criterion_id, score_value) VALUES ('5adf7e94-2f16-41f5-a1eb-985cd5d3a230', '240e9e57-17b2-4b03-a680-fbe66898309a', '24809e2d-ea6f-4306-a60b-8c9b5ba230e1', 15) ON CONFLICT DO NOTHING;
INSERT INTO score_sheet_items (id, score_sheet_id, period_criterion_id, score_value) VALUES ('712da03d-65e6-4203-a3aa-3605416e289f', '240e9e57-17b2-4b03-a680-fbe66898309a', 'c37d84a0-f0d9-4386-a75f-6ecaff196a1d', 17) ON CONFLICT DO NOTHING;
INSERT INTO score_sheet_items (id, score_sheet_id, period_criterion_id, score_value) VALUES ('bcee95aa-d658-4999-a508-ef28fd51d77a', '240e9e57-17b2-4b03-a680-fbe66898309a', '0c95a783-0c54-42d5-a2fe-559d093af7f5', 19) ON CONFLICT DO NOTHING;
INSERT INTO score_sheets (id, period_id, project_id, juror_id, status, comment, started_at, last_activity_at) VALUES ('6eeb62e2-4e0d-4dfb-afd7-4e4361b19152', 'bf4ee98f-1fd2-418d-a62d-8cb5b585f293', '6f40d906-ea95-43dc-a58b-893b136611e0', '27eea0b5-10e7-42eb-a739-4082ace54aa0', 'submitted', 'Standart düzeyde, gereksinimleri karşılıyor.', (timestamp '2024-07-10 09:00:00' + interval '35 hours 38 minutes') - interval '30 mins', (timestamp '2024-07-10 09:00:00' + interval '35 hours 38 minutes')) ON CONFLICT DO NOTHING;
INSERT INTO score_sheet_items (id, score_sheet_id, period_criterion_id, score_value) VALUES ('050b1b81-f17b-494e-adac-bad3b136d640', '6eeb62e2-4e0d-4dfb-afd7-4e4361b19152', '24809e2d-ea6f-4306-a60b-8c9b5ba230e1', 16) ON CONFLICT DO NOTHING;
INSERT INTO score_sheet_items (id, score_sheet_id, period_criterion_id, score_value) VALUES ('66916fa3-8a52-4b7c-ac21-c7f19753c8a9', '6eeb62e2-4e0d-4dfb-afd7-4e4361b19152', 'c37d84a0-f0d9-4386-a75f-6ecaff196a1d', 22) ON CONFLICT DO NOTHING;
INSERT INTO score_sheet_items (id, score_sheet_id, period_criterion_id, score_value) VALUES ('1293906c-26d9-4160-a7a7-e800ed7dc52d', '6eeb62e2-4e0d-4dfb-afd7-4e4361b19152', '0c95a783-0c54-42d5-a2fe-559d093af7f5', 19) ON CONFLICT DO NOTHING;
INSERT INTO score_sheets (id, period_id, project_id, juror_id, status, comment, started_at, last_activity_at) VALUES ('15509ec6-080d-4e1c-a48a-5630b1c99bb9', 'bf4ee98f-1fd2-418d-a62d-8cb5b585f293', 'c52d5ec8-7228-448f-a38a-9bec8cf13537', '27eea0b5-10e7-42eb-a739-4082ace54aa0', 'submitted', NULL, (timestamp '2024-07-10 09:00:00' + interval '59 hours 5 minutes') - interval '30 mins', (timestamp '2024-07-10 09:00:00' + interval '59 hours 5 minutes')) ON CONFLICT DO NOTHING;
INSERT INTO score_sheet_items (id, score_sheet_id, period_criterion_id, score_value) VALUES ('72a24237-dcb2-4fa4-a759-b1862fbe0c40', '15509ec6-080d-4e1c-a48a-5630b1c99bb9', '24809e2d-ea6f-4306-a60b-8c9b5ba230e1', 20) ON CONFLICT DO NOTHING;
INSERT INTO score_sheet_items (id, score_sheet_id, period_criterion_id, score_value) VALUES ('7427017a-db0b-482d-a988-83a2835292d9', '15509ec6-080d-4e1c-a48a-5630b1c99bb9', 'c37d84a0-f0d9-4386-a75f-6ecaff196a1d', 26) ON CONFLICT DO NOTHING;
INSERT INTO score_sheet_items (id, score_sheet_id, period_criterion_id, score_value) VALUES ('f382e8e3-ffa4-40ee-ab4d-795201edd3b7', '15509ec6-080d-4e1c-a48a-5630b1c99bb9', '0c95a783-0c54-42d5-a2fe-559d093af7f5', 24) ON CONFLICT DO NOTHING;
INSERT INTO score_sheets (id, period_id, project_id, juror_id, status, comment, started_at, last_activity_at) VALUES ('804310a1-e580-4eb7-add9-157018967d1d', 'bf4ee98f-1fd2-418d-a62d-8cb5b585f293', 'd8afc0ae-2d1b-400c-a861-f9445a4288ac', '27eea0b5-10e7-42eb-a739-4082ace54aa0', 'submitted', NULL, (timestamp '2024-07-10 09:00:00' + interval '3 hours 34 minutes') - interval '30 mins', (timestamp '2024-07-10 09:00:00' + interval '3 hours 34 minutes')) ON CONFLICT DO NOTHING;
INSERT INTO score_sheet_items (id, score_sheet_id, period_criterion_id, score_value) VALUES ('2b57933a-898b-4c31-a3ef-78042869d660', '804310a1-e580-4eb7-add9-157018967d1d', '24809e2d-ea6f-4306-a60b-8c9b5ba230e1', 15) ON CONFLICT DO NOTHING;
INSERT INTO score_sheet_items (id, score_sheet_id, period_criterion_id, score_value) VALUES ('0ab41338-9bbb-47b4-a1fa-e8700acd5621', '804310a1-e580-4eb7-add9-157018967d1d', 'c37d84a0-f0d9-4386-a75f-6ecaff196a1d', 20) ON CONFLICT DO NOTHING;
INSERT INTO score_sheet_items (id, score_sheet_id, period_criterion_id, score_value) VALUES ('28692060-ab40-4e6e-a3c7-338fb387c1aa', '804310a1-e580-4eb7-add9-157018967d1d', '0c95a783-0c54-42d5-a2fe-559d093af7f5', 19) ON CONFLICT DO NOTHING;
INSERT INTO score_sheets (id, period_id, project_id, juror_id, status, comment, started_at, last_activity_at) VALUES ('000adcbd-5bbd-4509-a797-f21667e187ef', 'bf4ee98f-1fd2-418d-a62d-8cb5b585f293', '4edc653f-c0e7-4217-aca1-1c827f8204aa', '618aec67-dbed-41bf-ac48-c600f70c9fa5', 'submitted', NULL, (timestamp '2024-07-10 09:00:00' + interval '22 hours 41 minutes') - interval '30 mins', (timestamp '2024-07-10 09:00:00' + interval '22 hours 41 minutes')) ON CONFLICT DO NOTHING;
INSERT INTO score_sheet_items (id, score_sheet_id, period_criterion_id, score_value) VALUES ('92be58ab-7d63-49d4-a609-752e21321402', '000adcbd-5bbd-4509-a797-f21667e187ef', '24809e2d-ea6f-4306-a60b-8c9b5ba230e1', 23) ON CONFLICT DO NOTHING;
INSERT INTO score_sheet_items (id, score_sheet_id, period_criterion_id, score_value) VALUES ('ed36420b-f4ad-4d8f-a903-0163e58146e7', '000adcbd-5bbd-4509-a797-f21667e187ef', 'c37d84a0-f0d9-4386-a75f-6ecaff196a1d', 27) ON CONFLICT DO NOTHING;
INSERT INTO score_sheet_items (id, score_sheet_id, period_criterion_id, score_value) VALUES ('ac2ec870-b1c9-4cb4-a0b4-490110d86527', '000adcbd-5bbd-4509-a797-f21667e187ef', '0c95a783-0c54-42d5-a2fe-559d093af7f5', 29) ON CONFLICT DO NOTHING;
INSERT INTO score_sheets (id, period_id, project_id, juror_id, status, comment, started_at, last_activity_at) VALUES ('f3aa164d-ae1a-443f-ac00-fabe9d30489e', 'bf4ee98f-1fd2-418d-a62d-8cb5b585f293', 'fd4bc2a1-e69b-4bf2-aab4-5f2da12927de', '618aec67-dbed-41bf-ac48-c600f70c9fa5', 'submitted', 'Tutarlı ve güçlü bir mühendislik çalışması.', (timestamp '2024-07-10 09:00:00' + interval '28 hours 0 minutes') - interval '30 mins', (timestamp '2024-07-10 09:00:00' + interval '28 hours 0 minutes')) ON CONFLICT DO NOTHING;
INSERT INTO score_sheet_items (id, score_sheet_id, period_criterion_id, score_value) VALUES ('29fbc6be-fde4-431f-a061-8508346e30c8', 'f3aa164d-ae1a-443f-ac00-fabe9d30489e', '24809e2d-ea6f-4306-a60b-8c9b5ba230e1', 21) ON CONFLICT DO NOTHING;
INSERT INTO score_sheet_items (id, score_sheet_id, period_criterion_id, score_value) VALUES ('01199acb-8b31-4063-af87-91c5ee4d5d39', 'f3aa164d-ae1a-443f-ac00-fabe9d30489e', 'c37d84a0-f0d9-4386-a75f-6ecaff196a1d', 23) ON CONFLICT DO NOTHING;
INSERT INTO score_sheet_items (id, score_sheet_id, period_criterion_id, score_value) VALUES ('c11c4585-97c7-46d3-a3a7-7ab528ae0a9f', 'f3aa164d-ae1a-443f-ac00-fabe9d30489e', '0c95a783-0c54-42d5-a2fe-559d093af7f5', 26) ON CONFLICT DO NOTHING;
INSERT INTO score_sheets (id, period_id, project_id, juror_id, status, comment, started_at, last_activity_at) VALUES ('a17ef056-5370-4848-a2ef-29588e57b454', 'bf4ee98f-1fd2-418d-a62d-8cb5b585f293', '649be1eb-a461-4e57-a8b9-29849257408f', '618aec67-dbed-41bf-ac48-c600f70c9fa5', 'submitted', 'İyi düzeyde teknik çalışma ve dokümantasyon.', (timestamp '2024-07-10 09:00:00' + interval '60 hours 23 minutes') - interval '30 mins', (timestamp '2024-07-10 09:00:00' + interval '60 hours 23 minutes')) ON CONFLICT DO NOTHING;
INSERT INTO score_sheet_items (id, score_sheet_id, period_criterion_id, score_value) VALUES ('bd1e0d47-da7b-4509-a7ac-83dd44b73fdf', 'a17ef056-5370-4848-a2ef-29588e57b454', '24809e2d-ea6f-4306-a60b-8c9b5ba230e1', 20) ON CONFLICT DO NOTHING;
INSERT INTO score_sheet_items (id, score_sheet_id, period_criterion_id, score_value) VALUES ('d65cba28-1ee7-4388-aabe-794523fae5c9', 'a17ef056-5370-4848-a2ef-29588e57b454', 'c37d84a0-f0d9-4386-a75f-6ecaff196a1d', 23) ON CONFLICT DO NOTHING;
INSERT INTO score_sheet_items (id, score_sheet_id, period_criterion_id, score_value) VALUES ('a6afd7a1-bb9b-4c45-a868-f23fd8b33871', 'a17ef056-5370-4848-a2ef-29588e57b454', '0c95a783-0c54-42d5-a2fe-559d093af7f5', 23) ON CONFLICT DO NOTHING;
INSERT INTO score_sheets (id, period_id, project_id, juror_id, status, comment, started_at, last_activity_at) VALUES ('87bb3f06-da43-431d-aad3-88d69a14c68a', 'bf4ee98f-1fd2-418d-a62d-8cb5b585f293', 'e5c8d6af-192d-418f-aed9-3eb128ce7473', '618aec67-dbed-41bf-ac48-c600f70c9fa5', 'submitted', NULL, (timestamp '2024-07-10 09:00:00' + interval '22 hours 29 minutes') - interval '30 mins', (timestamp '2024-07-10 09:00:00' + interval '22 hours 29 minutes')) ON CONFLICT DO NOTHING;
INSERT INTO score_sheet_items (id, score_sheet_id, period_criterion_id, score_value) VALUES ('06d7a844-11fc-4c65-ab18-5f5f03938c00', '87bb3f06-da43-431d-aad3-88d69a14c68a', '24809e2d-ea6f-4306-a60b-8c9b5ba230e1', 24) ON CONFLICT DO NOTHING;
INSERT INTO score_sheet_items (id, score_sheet_id, period_criterion_id, score_value) VALUES ('e843c87d-9f43-4d1d-ae6a-9ed4035c6923', '87bb3f06-da43-431d-aad3-88d69a14c68a', 'c37d84a0-f0d9-4386-a75f-6ecaff196a1d', 23) ON CONFLICT DO NOTHING;
INSERT INTO score_sheet_items (id, score_sheet_id, period_criterion_id, score_value) VALUES ('e5b5272a-de0b-495f-a0f4-4fa64516b54a', '87bb3f06-da43-431d-aad3-88d69a14c68a', '0c95a783-0c54-42d5-a2fe-559d093af7f5', 15) ON CONFLICT DO NOTHING;
INSERT INTO score_sheets (id, period_id, project_id, juror_id, status, comment, started_at, last_activity_at) VALUES ('a47e252c-d8c8-4673-a051-09719377285b', 'bf4ee98f-1fd2-418d-a62d-8cb5b585f293', '0d85d576-ade8-47b4-aed8-e21a19876b45', '618aec67-dbed-41bf-ac48-c600f70c9fa5', 'submitted', NULL, (timestamp '2024-07-10 09:00:00' + interval '47 hours 23 minutes') - interval '30 mins', (timestamp '2024-07-10 09:00:00' + interval '47 hours 23 minutes')) ON CONFLICT DO NOTHING;
INSERT INTO score_sheet_items (id, score_sheet_id, period_criterion_id, score_value) VALUES ('af3eb85a-8e45-4947-a6ab-7d3dd0f7b9bb', 'a47e252c-d8c8-4673-a051-09719377285b', '24809e2d-ea6f-4306-a60b-8c9b5ba230e1', 15) ON CONFLICT DO NOTHING;
INSERT INTO score_sheet_items (id, score_sheet_id, period_criterion_id, score_value) VALUES ('7d452ded-5846-421c-aef2-53cc71b90c63', 'a47e252c-d8c8-4673-a051-09719377285b', 'c37d84a0-f0d9-4386-a75f-6ecaff196a1d', 20) ON CONFLICT DO NOTHING;
INSERT INTO score_sheet_items (id, score_sheet_id, period_criterion_id, score_value) VALUES ('5e210048-00d4-4a2e-a826-45031009906d', 'a47e252c-d8c8-4673-a051-09719377285b', '0c95a783-0c54-42d5-a2fe-559d093af7f5', 18) ON CONFLICT DO NOTHING;
INSERT INTO score_sheets (id, period_id, project_id, juror_id, status, comment, started_at, last_activity_at) VALUES ('6c6fca0d-c4f7-4f7c-a6e9-7549ecdb9ef7', 'bf4ee98f-1fd2-418d-a62d-8cb5b585f293', '6f40d906-ea95-43dc-a58b-893b136611e0', '618aec67-dbed-41bf-ac48-c600f70c9fa5', 'submitted', 'Standart düzeyde, gereksinimleri karşılıyor.', (timestamp '2024-07-10 09:00:00' + interval '7 hours 14 minutes') - interval '30 mins', (timestamp '2024-07-10 09:00:00' + interval '7 hours 14 minutes')) ON CONFLICT DO NOTHING;
INSERT INTO score_sheet_items (id, score_sheet_id, period_criterion_id, score_value) VALUES ('e9fe0d7f-a35a-4b33-abbb-9754c9543e90', '6c6fca0d-c4f7-4f7c-a6e9-7549ecdb9ef7', '24809e2d-ea6f-4306-a60b-8c9b5ba230e1', 16) ON CONFLICT DO NOTHING;
INSERT INTO score_sheet_items (id, score_sheet_id, period_criterion_id, score_value) VALUES ('457139e5-a143-41e1-af2d-ffd335a7076d', '6c6fca0d-c4f7-4f7c-a6e9-7549ecdb9ef7', 'c37d84a0-f0d9-4386-a75f-6ecaff196a1d', 21) ON CONFLICT DO NOTHING;
INSERT INTO score_sheet_items (id, score_sheet_id, period_criterion_id, score_value) VALUES ('40788dea-647a-4397-ac5f-37d6641807d8', '6c6fca0d-c4f7-4f7c-a6e9-7549ecdb9ef7', '0c95a783-0c54-42d5-a2fe-559d093af7f5', 19) ON CONFLICT DO NOTHING;
INSERT INTO score_sheets (id, period_id, project_id, juror_id, status, comment, started_at, last_activity_at) VALUES ('2fbff2ed-3b6c-46d1-a6b2-139146f5a3e2', 'bf4ee98f-1fd2-418d-a62d-8cb5b585f293', 'c52d5ec8-7228-448f-a38a-9bec8cf13537', '618aec67-dbed-41bf-ac48-c600f70c9fa5', 'submitted', NULL, (timestamp '2024-07-10 09:00:00' + interval '39 hours 29 minutes') - interval '30 mins', (timestamp '2024-07-10 09:00:00' + interval '39 hours 29 minutes')) ON CONFLICT DO NOTHING;
INSERT INTO score_sheet_items (id, score_sheet_id, period_criterion_id, score_value) VALUES ('e548cb5b-c38d-44d7-a181-361d6be1ac25', '2fbff2ed-3b6c-46d1-a6b2-139146f5a3e2', '24809e2d-ea6f-4306-a60b-8c9b5ba230e1', 21) ON CONFLICT DO NOTHING;
INSERT INTO score_sheet_items (id, score_sheet_id, period_criterion_id, score_value) VALUES ('1d931a6d-60a7-4976-a047-c127b538bba4', '2fbff2ed-3b6c-46d1-a6b2-139146f5a3e2', 'c37d84a0-f0d9-4386-a75f-6ecaff196a1d', 24) ON CONFLICT DO NOTHING;
INSERT INTO score_sheet_items (id, score_sheet_id, period_criterion_id, score_value) VALUES ('0989c99c-4ecf-4747-a44f-69aef29f5154', '2fbff2ed-3b6c-46d1-a6b2-139146f5a3e2', '0c95a783-0c54-42d5-a2fe-559d093af7f5', 26) ON CONFLICT DO NOTHING;
INSERT INTO score_sheets (id, period_id, project_id, juror_id, status, comment, started_at, last_activity_at) VALUES ('221148f8-50a6-485b-af97-1010cb5b9b50', 'bf4ee98f-1fd2-418d-a62d-8cb5b585f293', 'd8afc0ae-2d1b-400c-a861-f9445a4288ac', '618aec67-dbed-41bf-ac48-c600f70c9fa5', 'submitted', NULL, (timestamp '2024-07-10 09:00:00' + interval '1 hours 15 minutes') - interval '30 mins', (timestamp '2024-07-10 09:00:00' + interval '1 hours 15 minutes')) ON CONFLICT DO NOTHING;
INSERT INTO score_sheet_items (id, score_sheet_id, period_criterion_id, score_value) VALUES ('102fcf65-934a-4342-a1a5-354f5f93a937', '221148f8-50a6-485b-af97-1010cb5b9b50', '24809e2d-ea6f-4306-a60b-8c9b5ba230e1', 16) ON CONFLICT DO NOTHING;
INSERT INTO score_sheet_items (id, score_sheet_id, period_criterion_id, score_value) VALUES ('370a985d-9167-4d5e-abf8-bc261e7e3d3b', '221148f8-50a6-485b-af97-1010cb5b9b50', 'c37d84a0-f0d9-4386-a75f-6ecaff196a1d', 18) ON CONFLICT DO NOTHING;
INSERT INTO score_sheet_items (id, score_sheet_id, period_criterion_id, score_value) VALUES ('874bf2a0-54f1-471d-a276-1821fa4d9a4d', '221148f8-50a6-485b-af97-1010cb5b9b50', '0c95a783-0c54-42d5-a2fe-559d093af7f5', 17) ON CONFLICT DO NOTHING;
INSERT INTO score_sheets (id, period_id, project_id, juror_id, status, comment, started_at, last_activity_at) VALUES ('277e1343-1de8-4703-a3c0-a51f6062e531', '05a1eb4a-d4cf-478b-a52d-578c3d9c22ad', 'f4f0ede3-01c4-46a1-a477-acd42790683e', 'a49b6b5e-f40d-48f6-a398-87b85bbff743', 'submitted', NULL, (timestamp '2026-06-15 09:00:00' + interval '45 hours 46 minutes') - interval '30 mins', (timestamp '2026-06-15 09:00:00' + interval '45 hours 46 minutes')) ON CONFLICT DO NOTHING;
INSERT INTO score_sheet_items (id, score_sheet_id, period_criterion_id, score_value) VALUES ('ec03f7c2-8274-49d8-a0d8-74a5fe7f43d6', '277e1343-1de8-4703-a3c0-a51f6062e531', 'ace7bb79-4e9e-4b7f-a049-4b2684bb67d7', 31) ON CONFLICT DO NOTHING;
INSERT INTO score_sheet_items (id, score_sheet_id, period_criterion_id, score_value) VALUES ('ae570d90-4410-42a1-aec0-9d9706925a3c', '277e1343-1de8-4703-a3c0-a51f6062e531', '3ceed4da-6045-435f-aaa5-f08cafe18240', 36) ON CONFLICT DO NOTHING;
INSERT INTO score_sheet_items (id, score_sheet_id, period_criterion_id, score_value) VALUES ('becee7fb-0e67-45df-a94d-8dd5c403bd11', '277e1343-1de8-4703-a3c0-a51f6062e531', '656fac7d-722f-4b52-aeb7-b36115296682', 23) ON CONFLICT DO NOTHING;
INSERT INTO score_sheets (id, period_id, project_id, juror_id, status, comment, started_at, last_activity_at) VALUES ('2c3426b2-817b-43e5-ae20-e47fc4ef35a6', '05a1eb4a-d4cf-478b-a52d-578c3d9c22ad', 'f5c97d0e-9bca-4e0b-a17d-a75193ef0082', 'a49b6b5e-f40d-48f6-a398-87b85bbff743', 'submitted', NULL, (timestamp '2026-06-15 09:00:00' + interval '44 hours 55 minutes') - interval '30 mins', (timestamp '2026-06-15 09:00:00' + interval '44 hours 55 minutes')) ON CONFLICT DO NOTHING;
INSERT INTO score_sheet_items (id, score_sheet_id, period_criterion_id, score_value) VALUES ('c6f13bf3-5a7c-4729-acb7-8f84b725eee1', '2c3426b2-817b-43e5-ae20-e47fc4ef35a6', 'ace7bb79-4e9e-4b7f-a049-4b2684bb67d7', 31) ON CONFLICT DO NOTHING;
INSERT INTO score_sheet_items (id, score_sheet_id, period_criterion_id, score_value) VALUES ('bb3049b9-c419-46f4-af44-fb4f8dbebff6', '2c3426b2-817b-43e5-ae20-e47fc4ef35a6', '3ceed4da-6045-435f-aaa5-f08cafe18240', 34) ON CONFLICT DO NOTHING;
INSERT INTO score_sheet_items (id, score_sheet_id, period_criterion_id, score_value) VALUES ('7134e4dd-70d2-4365-aab9-3c799d50cf32', '2c3426b2-817b-43e5-ae20-e47fc4ef35a6', '656fac7d-722f-4b52-aeb7-b36115296682', 22) ON CONFLICT DO NOTHING;
INSERT INTO score_sheets (id, period_id, project_id, juror_id, status, comment, started_at, last_activity_at) VALUES ('03b13f03-f8f7-460c-aaaf-253ba946d8bb', '05a1eb4a-d4cf-478b-a52d-578c3d9c22ad', '836703c7-94e5-4e9c-a1f4-c9aeca526cd1', 'a49b6b5e-f40d-48f6-a398-87b85bbff743', 'submitted', NULL, (timestamp '2026-06-15 09:00:00' + interval '27 hours 19 minutes') - interval '30 mins', (timestamp '2026-06-15 09:00:00' + interval '27 hours 19 minutes')) ON CONFLICT DO NOTHING;
INSERT INTO score_sheet_items (id, score_sheet_id, period_criterion_id, score_value) VALUES ('addad4cb-0dfb-4118-af6f-3a38749a891e', '03b13f03-f8f7-460c-aaaf-253ba946d8bb', 'ace7bb79-4e9e-4b7f-a049-4b2684bb67d7', 26) ON CONFLICT DO NOTHING;
INSERT INTO score_sheet_items (id, score_sheet_id, period_criterion_id, score_value) VALUES ('802e4296-51a5-447b-ad55-7dedf186411c', '03b13f03-f8f7-460c-aaaf-253ba946d8bb', '3ceed4da-6045-435f-aaa5-f08cafe18240', 30) ON CONFLICT DO NOTHING;
INSERT INTO score_sheet_items (id, score_sheet_id, period_criterion_id, score_value) VALUES ('19ec5f09-63f2-495f-ad95-ca9fa3b2b1a0', '03b13f03-f8f7-460c-aaaf-253ba946d8bb', '656fac7d-722f-4b52-aeb7-b36115296682', 18) ON CONFLICT DO NOTHING;
INSERT INTO score_sheets (id, period_id, project_id, juror_id, status, comment, started_at, last_activity_at) VALUES ('6da5cb40-a55f-4cc5-a20b-6bec4fd01564', '05a1eb4a-d4cf-478b-a52d-578c3d9c22ad', '202b2597-5a44-4ae0-a6a5-4834870f87d0', 'a49b6b5e-f40d-48f6-a398-87b85bbff743', 'submitted', 'Tutarlı ve güçlü bir mühendislik çalışması.', (timestamp '2026-06-15 09:00:00' + interval '42 hours 9 minutes') - interval '30 mins', (timestamp '2026-06-15 09:00:00' + interval '42 hours 9 minutes')) ON CONFLICT DO NOTHING;
INSERT INTO score_sheet_items (id, score_sheet_id, period_criterion_id, score_value) VALUES ('1520563d-e1a8-45f5-ae0a-5b0a42c916c8', '6da5cb40-a55f-4cc5-a20b-6bec4fd01564', 'ace7bb79-4e9e-4b7f-a049-4b2684bb67d7', 27) ON CONFLICT DO NOTHING;
INSERT INTO score_sheet_items (id, score_sheet_id, period_criterion_id, score_value) VALUES ('296621d8-785a-45b3-a143-4c8bd33962fc', '6da5cb40-a55f-4cc5-a20b-6bec4fd01564', '3ceed4da-6045-435f-aaa5-f08cafe18240', 31) ON CONFLICT DO NOTHING;
INSERT INTO score_sheet_items (id, score_sheet_id, period_criterion_id, score_value) VALUES ('bb69932b-51f3-4424-abb1-c71d802e34d4', '6da5cb40-a55f-4cc5-a20b-6bec4fd01564', '656fac7d-722f-4b52-aeb7-b36115296682', 20) ON CONFLICT DO NOTHING;
INSERT INTO score_sheets (id, period_id, project_id, juror_id, status, comment, started_at, last_activity_at) VALUES ('d93481cb-5993-4771-a0eb-9180561ae5dc', '05a1eb4a-d4cf-478b-a52d-578c3d9c22ad', '585f50bf-9fb8-4d91-a04d-ec0d9d96f763', 'a49b6b5e-f40d-48f6-a398-87b85bbff743', 'submitted', NULL, (timestamp '2026-06-15 09:00:00' + interval '35 hours 50 minutes') - interval '30 mins', (timestamp '2026-06-15 09:00:00' + interval '35 hours 50 minutes')) ON CONFLICT DO NOTHING;
INSERT INTO score_sheet_items (id, score_sheet_id, period_criterion_id, score_value) VALUES ('7422ae6e-97bd-468c-a89f-c401c1172d4c', 'd93481cb-5993-4771-a0eb-9180561ae5dc', 'ace7bb79-4e9e-4b7f-a049-4b2684bb67d7', 26) ON CONFLICT DO NOTHING;
INSERT INTO score_sheet_items (id, score_sheet_id, period_criterion_id, score_value) VALUES ('0fc2bd46-65d2-4689-ad98-c2f4ae0d7f0c', 'd93481cb-5993-4771-a0eb-9180561ae5dc', '3ceed4da-6045-435f-aaa5-f08cafe18240', 30) ON CONFLICT DO NOTHING;
INSERT INTO score_sheet_items (id, score_sheet_id, period_criterion_id, score_value) VALUES ('a9706b14-7fb4-4119-a5d6-07b0eaa5b2db', 'd93481cb-5993-4771-a0eb-9180561ae5dc', '656fac7d-722f-4b52-aeb7-b36115296682', 20) ON CONFLICT DO NOTHING;
INSERT INTO score_sheets (id, period_id, project_id, juror_id, status, comment, started_at, last_activity_at) VALUES ('5bf5f2aa-cb3e-47f5-a611-96820dee840a', '05a1eb4a-d4cf-478b-a52d-578c3d9c22ad', '5b69ec00-b61b-4bf1-a938-c4645c26ab9b', 'a49b6b5e-f40d-48f6-a398-87b85bbff743', 'in_progress', NULL, (timestamp '2026-06-15 09:00:00' + interval '24 hours 10 minutes') - interval '30 mins', (timestamp '2026-06-15 09:00:00' + interval '24 hours 10 minutes')) ON CONFLICT DO NOTHING;
INSERT INTO score_sheet_items (id, score_sheet_id, period_criterion_id, score_value) VALUES ('8694f92b-483c-49f1-a81a-3f2e5a53fe88', '5bf5f2aa-cb3e-47f5-a611-96820dee840a', 'ace7bb79-4e9e-4b7f-a049-4b2684bb67d7', 30) ON CONFLICT DO NOTHING;
INSERT INTO score_sheets (id, period_id, project_id, juror_id, status, comment, started_at, last_activity_at) VALUES ('3eb1d8ec-ddf7-4719-a6b8-e7d9fef7061d', '05a1eb4a-d4cf-478b-a52d-578c3d9c22ad', 'f4f0ede3-01c4-46a1-a477-acd42790683e', '9ff6ca95-c216-42cd-a63f-1e58b1756cf2', 'submitted', 'Gerçek anlamda yenilikçi. Büyük ustalık sergilendi.', (timestamp '2026-06-15 09:00:00' + interval '47 hours 56 minutes') - interval '30 mins', (timestamp '2026-06-15 09:00:00' + interval '47 hours 56 minutes')) ON CONFLICT DO NOTHING;
INSERT INTO score_sheet_items (id, score_sheet_id, period_criterion_id, score_value) VALUES ('bc2f88c5-f891-453c-a87a-464b26f686b0', '3eb1d8ec-ddf7-4719-a6b8-e7d9fef7061d', 'ace7bb79-4e9e-4b7f-a049-4b2684bb67d7', 34) ON CONFLICT DO NOTHING;
INSERT INTO score_sheet_items (id, score_sheet_id, period_criterion_id, score_value) VALUES ('47d63066-0bf1-45bd-a610-c2aa8c8b769a', '3eb1d8ec-ddf7-4719-a6b8-e7d9fef7061d', '3ceed4da-6045-435f-aaa5-f08cafe18240', 40) ON CONFLICT DO NOTHING;
INSERT INTO score_sheet_items (id, score_sheet_id, period_criterion_id, score_value) VALUES ('220af788-93c8-4231-a00d-0ef44b2ab9c0', '3eb1d8ec-ddf7-4719-a6b8-e7d9fef7061d', '656fac7d-722f-4b52-aeb7-b36115296682', 23) ON CONFLICT DO NOTHING;
INSERT INTO score_sheets (id, period_id, project_id, juror_id, status, comment, started_at, last_activity_at) VALUES ('0f7de066-54f6-470d-ad7d-264732d1486d', '05a1eb4a-d4cf-478b-a52d-578c3d9c22ad', 'f5c97d0e-9bca-4e0b-a17d-a75193ef0082', '9ff6ca95-c216-42cd-a63f-1e58b1756cf2', 'submitted', 'Teknik derinlik ve profesyonel sunum açısından çok başarılı.', (timestamp '2026-06-15 09:00:00' + interval '8 hours 58 minutes') - interval '30 mins', (timestamp '2026-06-15 09:00:00' + interval '8 hours 58 minutes')) ON CONFLICT DO NOTHING;
INSERT INTO score_sheet_items (id, score_sheet_id, period_criterion_id, score_value) VALUES ('7963f88c-108e-4100-adfd-deaf413e3e1c', '0f7de066-54f6-470d-ad7d-264732d1486d', 'ace7bb79-4e9e-4b7f-a049-4b2684bb67d7', 35) ON CONFLICT DO NOTHING;
INSERT INTO score_sheet_items (id, score_sheet_id, period_criterion_id, score_value) VALUES ('ecbf30fc-57d0-46ed-a322-7c02bdb88166', '0f7de066-54f6-470d-ad7d-264732d1486d', '3ceed4da-6045-435f-aaa5-f08cafe18240', 38) ON CONFLICT DO NOTHING;
INSERT INTO score_sheet_items (id, score_sheet_id, period_criterion_id, score_value) VALUES ('19f723d0-9e89-4dd1-a0f2-3f8ca27da4e0', '0f7de066-54f6-470d-ad7d-264732d1486d', '656fac7d-722f-4b52-aeb7-b36115296682', 25) ON CONFLICT DO NOTHING;
INSERT INTO score_sheets (id, period_id, project_id, juror_id, status, comment, started_at, last_activity_at) VALUES ('ce74bca2-0b30-4bde-ad94-bc0699b93e3c', '05a1eb4a-d4cf-478b-a52d-578c3d9c22ad', '836703c7-94e5-4e9c-a1f4-c9aeca526cd1', '9ff6ca95-c216-42cd-a63f-1e58b1756cf2', 'submitted', 'Sağlam temeller üzerine kurulmuş, dengeli bir proje.', (timestamp '2026-06-15 09:00:00' + interval '17 hours 55 minutes') - interval '30 mins', (timestamp '2026-06-15 09:00:00' + interval '17 hours 55 minutes')) ON CONFLICT DO NOTHING;
INSERT INTO score_sheet_items (id, score_sheet_id, period_criterion_id, score_value) VALUES ('008f9e0e-b602-4a74-a692-c81a8be2246e', 'ce74bca2-0b30-4bde-ad94-bc0699b93e3c', 'ace7bb79-4e9e-4b7f-a049-4b2684bb67d7', 30) ON CONFLICT DO NOTHING;
INSERT INTO score_sheet_items (id, score_sheet_id, period_criterion_id, score_value) VALUES ('3d453567-99b5-4ba1-aecb-39ce52efdfa9', 'ce74bca2-0b30-4bde-ad94-bc0699b93e3c', '3ceed4da-6045-435f-aaa5-f08cafe18240', 32) ON CONFLICT DO NOTHING;
INSERT INTO score_sheet_items (id, score_sheet_id, period_criterion_id, score_value) VALUES ('18d9574b-c682-40e2-aca3-836f4608927b', 'ce74bca2-0b30-4bde-ad94-bc0699b93e3c', '656fac7d-722f-4b52-aeb7-b36115296682', 19) ON CONFLICT DO NOTHING;
INSERT INTO score_sheets (id, period_id, project_id, juror_id, status, comment, started_at, last_activity_at) VALUES ('3201a90a-36f2-47ef-a0a2-ca968f71864c', '05a1eb4a-d4cf-478b-a52d-578c3d9c22ad', '202b2597-5a44-4ae0-a6a5-4834870f87d0', '9ff6ca95-c216-42cd-a63f-1e58b1756cf2', 'submitted', 'Sağlam temeller üzerine kurulmuş, dengeli bir proje.', (timestamp '2026-06-15 09:00:00' + interval '54 hours 31 minutes') - interval '30 mins', (timestamp '2026-06-15 09:00:00' + interval '54 hours 31 minutes')) ON CONFLICT DO NOTHING;
INSERT INTO score_sheet_items (id, score_sheet_id, period_criterion_id, score_value) VALUES ('38163155-98c4-490c-a16e-8a98d40947c3', '3201a90a-36f2-47ef-a0a2-ca968f71864c', 'ace7bb79-4e9e-4b7f-a049-4b2684bb67d7', 30) ON CONFLICT DO NOTHING;
INSERT INTO score_sheet_items (id, score_sheet_id, period_criterion_id, score_value) VALUES ('eebb9e40-f60a-4627-acd4-ea35cd829797', '3201a90a-36f2-47ef-a0a2-ca968f71864c', '3ceed4da-6045-435f-aaa5-f08cafe18240', 31) ON CONFLICT DO NOTHING;
INSERT INTO score_sheet_items (id, score_sheet_id, period_criterion_id, score_value) VALUES ('c5f51028-ad19-461f-a351-56f244897d72', '3201a90a-36f2-47ef-a0a2-ca968f71864c', '656fac7d-722f-4b52-aeb7-b36115296682', 20) ON CONFLICT DO NOTHING;
INSERT INTO score_sheets (id, period_id, project_id, juror_id, status, comment, started_at, last_activity_at) VALUES ('8178c904-8fe7-413a-a52e-5a05cdb59f4c', '05a1eb4a-d4cf-478b-a52d-578c3d9c22ad', '585f50bf-9fb8-4d91-a04d-ec0d9d96f763', '9ff6ca95-c216-42cd-a63f-1e58b1756cf2', 'submitted', 'Dengeli ve tutarlı bir proje. Zayıf nokta yok.', (timestamp '2026-06-15 09:00:00' + interval '22 hours 49 minutes') - interval '30 mins', (timestamp '2026-06-15 09:00:00' + interval '22 hours 49 minutes')) ON CONFLICT DO NOTHING;
INSERT INTO score_sheet_items (id, score_sheet_id, period_criterion_id, score_value) VALUES ('371514a0-eb5f-44f7-a723-7faa566c37b8', '8178c904-8fe7-413a-a52e-5a05cdb59f4c', 'ace7bb79-4e9e-4b7f-a049-4b2684bb67d7', 31) ON CONFLICT DO NOTHING;
INSERT INTO score_sheet_items (id, score_sheet_id, period_criterion_id, score_value) VALUES ('8b5cb227-3c7d-46e0-acf4-c9776afd34d1', '8178c904-8fe7-413a-a52e-5a05cdb59f4c', '3ceed4da-6045-435f-aaa5-f08cafe18240', 36) ON CONFLICT DO NOTHING;
INSERT INTO score_sheet_items (id, score_sheet_id, period_criterion_id, score_value) VALUES ('5767b2a7-3690-4483-a9b0-4a9b3eb8105b', '8178c904-8fe7-413a-a52e-5a05cdb59f4c', '656fac7d-722f-4b52-aeb7-b36115296682', 21) ON CONFLICT DO NOTHING;
INSERT INTO score_sheets (id, period_id, project_id, juror_id, status, comment, started_at, last_activity_at) VALUES ('b4262a63-3158-44b9-af46-79fab4fea936', '05a1eb4a-d4cf-478b-a52d-578c3d9c22ad', '5b69ec00-b61b-4bf1-a938-c4645c26ab9b', '9ff6ca95-c216-42cd-a63f-1e58b1756cf2', 'submitted', NULL, (timestamp '2026-06-15 09:00:00' + interval '5 hours 57 minutes') - interval '30 mins', (timestamp '2026-06-15 09:00:00' + interval '5 hours 57 minutes')) ON CONFLICT DO NOTHING;
INSERT INTO score_sheet_items (id, score_sheet_id, period_criterion_id, score_value) VALUES ('bdd6a999-dfd6-49ba-ad5b-9759ff74bbac', 'b4262a63-3158-44b9-af46-79fab4fea936', 'ace7bb79-4e9e-4b7f-a049-4b2684bb67d7', 31) ON CONFLICT DO NOTHING;
INSERT INTO score_sheet_items (id, score_sheet_id, period_criterion_id, score_value) VALUES ('e8173271-aa5d-46f8-a6bb-dc0d438908ee', 'b4262a63-3158-44b9-af46-79fab4fea936', '3ceed4da-6045-435f-aaa5-f08cafe18240', 25) ON CONFLICT DO NOTHING;
INSERT INTO score_sheet_items (id, score_sheet_id, period_criterion_id, score_value) VALUES ('88b596d5-ff6a-4d07-af83-2c8707e7b111', 'b4262a63-3158-44b9-af46-79fab4fea936', '656fac7d-722f-4b52-aeb7-b36115296682', 24) ON CONFLICT DO NOTHING;
INSERT INTO score_sheets (id, period_id, project_id, juror_id, status, comment, started_at, last_activity_at) VALUES ('3cebf130-01ea-4200-a6f5-22fa1072b1e7', '05a1eb4a-d4cf-478b-a52d-578c3d9c22ad', 'ec36e04f-bc08-484d-aec8-77976e40ccf2', '9ff6ca95-c216-42cd-a63f-1e58b1756cf2', 'submitted', 'Mühendislik derinliği iyi ancak iletişim geliştirilmeli.', (timestamp '2026-06-15 09:00:00' + interval '48 hours 50 minutes') - interval '30 mins', (timestamp '2026-06-15 09:00:00' + interval '48 hours 50 minutes')) ON CONFLICT DO NOTHING;
INSERT INTO score_sheet_items (id, score_sheet_id, period_criterion_id, score_value) VALUES ('c5480b76-a184-4cf7-a459-b83092270ab1', '3cebf130-01ea-4200-a6f5-22fa1072b1e7', 'ace7bb79-4e9e-4b7f-a049-4b2684bb67d7', 33) ON CONFLICT DO NOTHING;
INSERT INTO score_sheet_items (id, score_sheet_id, period_criterion_id, score_value) VALUES ('1ea0f32a-04dc-489c-a731-e47cf8ff4504', '3cebf130-01ea-4200-a6f5-22fa1072b1e7', '3ceed4da-6045-435f-aaa5-f08cafe18240', 38) ON CONFLICT DO NOTHING;
INSERT INTO score_sheet_items (id, score_sheet_id, period_criterion_id, score_value) VALUES ('d14ef6cf-ff4f-47b0-a486-7d01e1e8f008', '3cebf130-01ea-4200-a6f5-22fa1072b1e7', '656fac7d-722f-4b52-aeb7-b36115296682', 23) ON CONFLICT DO NOTHING;
INSERT INTO score_sheets (id, period_id, project_id, juror_id, status, comment, started_at, last_activity_at) VALUES ('48a53243-d7d9-4179-a70f-bc2c615a3b86', '05a1eb4a-d4cf-478b-a52d-578c3d9c22ad', '71359fc5-fa1d-49e0-a508-7791072924f7', '9ff6ca95-c216-42cd-a63f-1e58b1756cf2', 'submitted', NULL, (timestamp '2026-06-15 09:00:00' + interval '48 hours 2 minutes') - interval '30 mins', (timestamp '2026-06-15 09:00:00' + interval '48 hours 2 minutes')) ON CONFLICT DO NOTHING;
INSERT INTO score_sheet_items (id, score_sheet_id, period_criterion_id, score_value) VALUES ('098fda92-f566-49b9-ab6c-5bebc779fa25', '48a53243-d7d9-4179-a70f-bc2c615a3b86', 'ace7bb79-4e9e-4b7f-a049-4b2684bb67d7', 31) ON CONFLICT DO NOTHING;
INSERT INTO score_sheet_items (id, score_sheet_id, period_criterion_id, score_value) VALUES ('bdfd0f39-c206-4860-a69a-3139786d6853', '48a53243-d7d9-4179-a70f-bc2c615a3b86', '3ceed4da-6045-435f-aaa5-f08cafe18240', 36) ON CONFLICT DO NOTHING;
INSERT INTO score_sheet_items (id, score_sheet_id, period_criterion_id, score_value) VALUES ('a322c049-af86-4916-aa22-279930a8fc55', '48a53243-d7d9-4179-a70f-bc2c615a3b86', '656fac7d-722f-4b52-aeb7-b36115296682', 22) ON CONFLICT DO NOTHING;
INSERT INTO score_sheets (id, period_id, project_id, juror_id, status, comment, started_at, last_activity_at) VALUES ('92512c47-3f76-4295-a16d-55728a45356f', '05a1eb4a-d4cf-478b-a52d-578c3d9c22ad', '29fa0b9f-8d4e-412b-a37c-51b840e6b742', '9ff6ca95-c216-42cd-a63f-1e58b1756cf2', 'submitted', 'Yavaş başladı ama çok güçlü bitirdi.', (timestamp '2026-06-15 09:00:00' + interval '41 hours 56 minutes') - interval '30 mins', (timestamp '2026-06-15 09:00:00' + interval '41 hours 56 minutes')) ON CONFLICT DO NOTHING;
INSERT INTO score_sheet_items (id, score_sheet_id, period_criterion_id, score_value) VALUES ('282004fd-acc9-40e3-ac84-06fc1b683233', '92512c47-3f76-4295-a16d-55728a45356f', 'ace7bb79-4e9e-4b7f-a049-4b2684bb67d7', 33) ON CONFLICT DO NOTHING;
INSERT INTO score_sheet_items (id, score_sheet_id, period_criterion_id, score_value) VALUES ('9c4f9ecd-6244-4991-a4d1-2ca342a448d1', '92512c47-3f76-4295-a16d-55728a45356f', '3ceed4da-6045-435f-aaa5-f08cafe18240', 38) ON CONFLICT DO NOTHING;
INSERT INTO score_sheet_items (id, score_sheet_id, period_criterion_id, score_value) VALUES ('a85f376b-3abd-4c2f-a07b-1d2753ee27af', '92512c47-3f76-4295-a16d-55728a45356f', '656fac7d-722f-4b52-aeb7-b36115296682', 24) ON CONFLICT DO NOTHING;
INSERT INTO score_sheets (id, period_id, project_id, juror_id, status, comment, started_at, last_activity_at) VALUES ('156456fa-37c6-4c3c-a686-e7b5faf1f8f4', '05a1eb4a-d4cf-478b-a52d-578c3d9c22ad', '314813c6-1e28-4947-a126-999c48408c53', '9ff6ca95-c216-42cd-a63f-1e58b1756cf2', 'submitted', NULL, (timestamp '2026-06-15 09:00:00' + interval '46 hours 12 minutes') - interval '30 mins', (timestamp '2026-06-15 09:00:00' + interval '46 hours 12 minutes')) ON CONFLICT DO NOTHING;
INSERT INTO score_sheet_items (id, score_sheet_id, period_criterion_id, score_value) VALUES ('4f007803-1a99-4e70-a2de-47c33fc9e3f1', '156456fa-37c6-4c3c-a686-e7b5faf1f8f4', 'ace7bb79-4e9e-4b7f-a049-4b2684bb67d7', 23) ON CONFLICT DO NOTHING;
INSERT INTO score_sheet_items (id, score_sheet_id, period_criterion_id, score_value) VALUES ('ecfc8ff2-c7d4-4825-a5fd-3f4e375ecce5', '156456fa-37c6-4c3c-a686-e7b5faf1f8f4', '3ceed4da-6045-435f-aaa5-f08cafe18240', 30) ON CONFLICT DO NOTHING;
INSERT INTO score_sheet_items (id, score_sheet_id, period_criterion_id, score_value) VALUES ('b12329f5-fffb-430a-a35a-6d8a6c25ee6a', '156456fa-37c6-4c3c-a686-e7b5faf1f8f4', '656fac7d-722f-4b52-aeb7-b36115296682', 17) ON CONFLICT DO NOTHING;
INSERT INTO score_sheets (id, period_id, project_id, juror_id, status, comment, started_at, last_activity_at) VALUES ('f42f19c4-4b44-48c0-a867-e7c223b00c22', '05a1eb4a-d4cf-478b-a52d-578c3d9c22ad', 'f4f0ede3-01c4-46a1-a477-acd42790683e', '9d55d273-9fd8-4365-a294-404246566892', 'submitted', NULL, (timestamp '2026-06-15 09:00:00' + interval '16 hours 23 minutes') - interval '30 mins', (timestamp '2026-06-15 09:00:00' + interval '16 hours 23 minutes')) ON CONFLICT DO NOTHING;
INSERT INTO score_sheet_items (id, score_sheet_id, period_criterion_id, score_value) VALUES ('25d4c5af-d704-4a68-a65a-64bccc7e3ca9', 'f42f19c4-4b44-48c0-a867-e7c223b00c22', 'ace7bb79-4e9e-4b7f-a049-4b2684bb67d7', 33) ON CONFLICT DO NOTHING;
INSERT INTO score_sheet_items (id, score_sheet_id, period_criterion_id, score_value) VALUES ('e9103889-d362-4a2a-ada6-b8fbdab7ba9b', 'f42f19c4-4b44-48c0-a867-e7c223b00c22', '3ceed4da-6045-435f-aaa5-f08cafe18240', 34) ON CONFLICT DO NOTHING;
INSERT INTO score_sheet_items (id, score_sheet_id, period_criterion_id, score_value) VALUES ('797217c4-f858-4dda-a61f-ce02299f59ff', 'f42f19c4-4b44-48c0-a867-e7c223b00c22', '656fac7d-722f-4b52-aeb7-b36115296682', 23) ON CONFLICT DO NOTHING;
INSERT INTO score_sheets (id, period_id, project_id, juror_id, status, comment, started_at, last_activity_at) VALUES ('6b78c525-4301-4008-a55b-e48074c03084', '05a1eb4a-d4cf-478b-a52d-578c3d9c22ad', 'f5c97d0e-9bca-4e0b-a17d-a75193ef0082', '9d55d273-9fd8-4365-a294-404246566892', 'submitted', 'Teknik derinlik ve profesyonel sunum açısından çok başarılı.', (timestamp '2026-06-15 09:00:00' + interval '38 hours 0 minutes') - interval '30 mins', (timestamp '2026-06-15 09:00:00' + interval '38 hours 0 minutes')) ON CONFLICT DO NOTHING;
INSERT INTO score_sheet_items (id, score_sheet_id, period_criterion_id, score_value) VALUES ('76ee1df7-16dd-4712-ae35-9ef43f0e5a35', '6b78c525-4301-4008-a55b-e48074c03084', 'ace7bb79-4e9e-4b7f-a049-4b2684bb67d7', 30) ON CONFLICT DO NOTHING;
INSERT INTO score_sheet_items (id, score_sheet_id, period_criterion_id, score_value) VALUES ('c1300db9-6cb0-4f97-a97e-4f7cdb6be809', '6b78c525-4301-4008-a55b-e48074c03084', '3ceed4da-6045-435f-aaa5-f08cafe18240', 37) ON CONFLICT DO NOTHING;
INSERT INTO score_sheet_items (id, score_sheet_id, period_criterion_id, score_value) VALUES ('208ba63b-1236-478a-a238-a1013f4b35e9', '6b78c525-4301-4008-a55b-e48074c03084', '656fac7d-722f-4b52-aeb7-b36115296682', 23) ON CONFLICT DO NOTHING;
INSERT INTO score_sheets (id, period_id, project_id, juror_id, status, comment, started_at, last_activity_at) VALUES ('786ee7bf-432f-42b8-a735-8c1942359dc0', '05a1eb4a-d4cf-478b-a52d-578c3d9c22ad', '836703c7-94e5-4e9c-a1f4-c9aeca526cd1', '9d55d273-9fd8-4365-a294-404246566892', 'submitted', 'Tutarlı ve güçlü bir mühendislik çalışması.', (timestamp '2026-06-15 09:00:00' + interval '27 hours 31 minutes') - interval '30 mins', (timestamp '2026-06-15 09:00:00' + interval '27 hours 31 minutes')) ON CONFLICT DO NOTHING;
INSERT INTO score_sheet_items (id, score_sheet_id, period_criterion_id, score_value) VALUES ('d1380d04-8a36-4e27-a4b6-ca0259295434', '786ee7bf-432f-42b8-a735-8c1942359dc0', 'ace7bb79-4e9e-4b7f-a049-4b2684bb67d7', 25) ON CONFLICT DO NOTHING;
INSERT INTO score_sheet_items (id, score_sheet_id, period_criterion_id, score_value) VALUES ('9b818c18-406c-4565-a33c-1cd92b962702', '786ee7bf-432f-42b8-a735-8c1942359dc0', '3ceed4da-6045-435f-aaa5-f08cafe18240', 31) ON CONFLICT DO NOTHING;
INSERT INTO score_sheet_items (id, score_sheet_id, period_criterion_id, score_value) VALUES ('c7b1fcbc-61d6-4d7a-a625-f9537b5b5ca7', '786ee7bf-432f-42b8-a735-8c1942359dc0', '656fac7d-722f-4b52-aeb7-b36115296682', 19) ON CONFLICT DO NOTHING;
INSERT INTO score_sheets (id, period_id, project_id, juror_id, status, comment, started_at, last_activity_at) VALUES ('31846580-6911-404b-af33-fc2c10998b1b', '05a1eb4a-d4cf-478b-a52d-578c3d9c22ad', '202b2597-5a44-4ae0-a6a5-4834870f87d0', '9d55d273-9fd8-4365-a294-404246566892', 'submitted', NULL, (timestamp '2026-06-15 09:00:00' + interval '33 hours 52 minutes') - interval '30 mins', (timestamp '2026-06-15 09:00:00' + interval '33 hours 52 minutes')) ON CONFLICT DO NOTHING;
INSERT INTO score_sheet_items (id, score_sheet_id, period_criterion_id, score_value) VALUES ('966291b8-56c3-42d3-a022-d70a8a6d7e94', '31846580-6911-404b-af33-fc2c10998b1b', 'ace7bb79-4e9e-4b7f-a049-4b2684bb67d7', 26) ON CONFLICT DO NOTHING;
INSERT INTO score_sheet_items (id, score_sheet_id, period_criterion_id, score_value) VALUES ('4165ef2e-db6b-4592-a2c5-8c1b76e1d425', '31846580-6911-404b-af33-fc2c10998b1b', '3ceed4da-6045-435f-aaa5-f08cafe18240', 32) ON CONFLICT DO NOTHING;
INSERT INTO score_sheet_items (id, score_sheet_id, period_criterion_id, score_value) VALUES ('af83edab-946f-43d6-a2b9-9266b194feb3', '31846580-6911-404b-af33-fc2c10998b1b', '656fac7d-722f-4b52-aeb7-b36115296682', 20) ON CONFLICT DO NOTHING;
INSERT INTO score_sheets (id, period_id, project_id, juror_id, status, comment, started_at, last_activity_at) VALUES ('8e14b908-f11d-461a-ad8d-d77d2b42c500', '05a1eb4a-d4cf-478b-a52d-578c3d9c22ad', '585f50bf-9fb8-4d91-a04d-ec0d9d96f763', '9d55d273-9fd8-4365-a294-404246566892', 'submitted', NULL, (timestamp '2026-06-15 09:00:00' + interval '34 hours 42 minutes') - interval '30 mins', (timestamp '2026-06-15 09:00:00' + interval '34 hours 42 minutes')) ON CONFLICT DO NOTHING;
INSERT INTO score_sheet_items (id, score_sheet_id, period_criterion_id, score_value) VALUES ('525dbc22-92aa-4303-a11d-b8b705d8a67a', '8e14b908-f11d-461a-ad8d-d77d2b42c500', 'ace7bb79-4e9e-4b7f-a049-4b2684bb67d7', 27) ON CONFLICT DO NOTHING;
INSERT INTO score_sheet_items (id, score_sheet_id, period_criterion_id, score_value) VALUES ('0ea5e35a-72bf-45f0-a161-236be7cb8368', '8e14b908-f11d-461a-ad8d-d77d2b42c500', '3ceed4da-6045-435f-aaa5-f08cafe18240', 30) ON CONFLICT DO NOTHING;
INSERT INTO score_sheet_items (id, score_sheet_id, period_criterion_id, score_value) VALUES ('3e5f5df3-8cc5-4d14-ab38-f402a95134de', '8e14b908-f11d-461a-ad8d-d77d2b42c500', '656fac7d-722f-4b52-aeb7-b36115296682', 21) ON CONFLICT DO NOTHING;
INSERT INTO score_sheets (id, period_id, project_id, juror_id, status, comment, started_at, last_activity_at) VALUES ('127a6956-383a-4dd3-a725-c04cd37b7429', '05a1eb4a-d4cf-478b-a52d-578c3d9c22ad', '5b69ec00-b61b-4bf1-a938-c4645c26ab9b', '9d55d273-9fd8-4365-a294-404246566892', 'submitted', NULL, (timestamp '2026-06-15 09:00:00' + interval '23 hours 35 minutes') - interval '30 mins', (timestamp '2026-06-15 09:00:00' + interval '23 hours 35 minutes')) ON CONFLICT DO NOTHING;
INSERT INTO score_sheet_items (id, score_sheet_id, period_criterion_id, score_value) VALUES ('5d0b374b-ac92-4b24-ab9a-bd102674c467', '127a6956-383a-4dd3-a725-c04cd37b7429', 'ace7bb79-4e9e-4b7f-a049-4b2684bb67d7', 29) ON CONFLICT DO NOTHING;
INSERT INTO score_sheet_items (id, score_sheet_id, period_criterion_id, score_value) VALUES ('fd496062-f2c4-42e2-af3e-b4e0c1cc6895', '127a6956-383a-4dd3-a725-c04cd37b7429', '3ceed4da-6045-435f-aaa5-f08cafe18240', 35) ON CONFLICT DO NOTHING;
INSERT INTO score_sheet_items (id, score_sheet_id, period_criterion_id, score_value) VALUES ('e929a750-e05d-4eb4-a0fd-0a0427873ad5', '127a6956-383a-4dd3-a725-c04cd37b7429', '656fac7d-722f-4b52-aeb7-b36115296682', 19) ON CONFLICT DO NOTHING;
INSERT INTO score_sheets (id, period_id, project_id, juror_id, status, comment, started_at, last_activity_at) VALUES ('0cc83596-d22f-4587-a8cb-556a06be6e1b', '05a1eb4a-d4cf-478b-a52d-578c3d9c22ad', 'ec36e04f-bc08-484d-aec8-77976e40ccf2', '9d55d273-9fd8-4365-a294-404246566892', 'submitted', 'Teknik olarak çok güçlü ama sunumu zayıf.', (timestamp '2026-06-15 09:00:00' + interval '13 hours 31 minutes') - interval '30 mins', (timestamp '2026-06-15 09:00:00' + interval '13 hours 31 minutes')) ON CONFLICT DO NOTHING;
INSERT INTO score_sheet_items (id, score_sheet_id, period_criterion_id, score_value) VALUES ('2cb87c05-4b48-4721-a604-3111ca8aa840', '0cc83596-d22f-4587-a8cb-556a06be6e1b', 'ace7bb79-4e9e-4b7f-a049-4b2684bb67d7', 30) ON CONFLICT DO NOTHING;
INSERT INTO score_sheet_items (id, score_sheet_id, period_criterion_id, score_value) VALUES ('290c5165-f975-4f7b-a90d-749b3c66fb5f', '0cc83596-d22f-4587-a8cb-556a06be6e1b', '3ceed4da-6045-435f-aaa5-f08cafe18240', 35) ON CONFLICT DO NOTHING;
INSERT INTO score_sheet_items (id, score_sheet_id, period_criterion_id, score_value) VALUES ('ef994390-f7d9-4a15-a99f-a2f1eac6d9aa', '0cc83596-d22f-4587-a8cb-556a06be6e1b', '656fac7d-722f-4b52-aeb7-b36115296682', 22) ON CONFLICT DO NOTHING;
INSERT INTO score_sheets (id, period_id, project_id, juror_id, status, comment, started_at, last_activity_at) VALUES ('a15f9b9a-5637-4361-adfa-84b20c927585', '05a1eb4a-d4cf-478b-a52d-578c3d9c22ad', '71359fc5-fa1d-49e0-a508-7791072924f7', '9d55d273-9fd8-4365-a294-404246566892', 'submitted', 'Takım dinamikleri çok iyi ama teknik yürütme yetersiz.', (timestamp '2026-06-15 09:00:00' + interval '57 hours 0 minutes') - interval '30 mins', (timestamp '2026-06-15 09:00:00' + interval '57 hours 0 minutes')) ON CONFLICT DO NOTHING;
INSERT INTO score_sheet_items (id, score_sheet_id, period_criterion_id, score_value) VALUES ('69fc9c35-4427-457e-aceb-1cf1879b9811', 'a15f9b9a-5637-4361-adfa-84b20c927585', 'ace7bb79-4e9e-4b7f-a049-4b2684bb67d7', 28) ON CONFLICT DO NOTHING;
INSERT INTO score_sheet_items (id, score_sheet_id, period_criterion_id, score_value) VALUES ('59f523fc-9acc-41c7-a88d-feb41b97a093', 'a15f9b9a-5637-4361-adfa-84b20c927585', '3ceed4da-6045-435f-aaa5-f08cafe18240', 33) ON CONFLICT DO NOTHING;
INSERT INTO score_sheet_items (id, score_sheet_id, period_criterion_id, score_value) VALUES ('39aac629-5097-4121-aca7-bea92d3fff4f', 'a15f9b9a-5637-4361-adfa-84b20c927585', '656fac7d-722f-4b52-aeb7-b36115296682', 21) ON CONFLICT DO NOTHING;
INSERT INTO score_sheets (id, period_id, project_id, juror_id, status, comment, started_at, last_activity_at) VALUES ('64f5b349-d770-4574-a455-c2647b2563c1', '05a1eb4a-d4cf-478b-a52d-578c3d9c22ad', '29fa0b9f-8d4e-412b-a37c-51b840e6b742', '9d55d273-9fd8-4365-a294-404246566892', 'submitted', 'Yavaş başladı ama çok güçlü bitirdi.', (timestamp '2026-06-15 09:00:00' + interval '4 hours 46 minutes') - interval '30 mins', (timestamp '2026-06-15 09:00:00' + interval '4 hours 46 minutes')) ON CONFLICT DO NOTHING;
INSERT INTO score_sheet_items (id, score_sheet_id, period_criterion_id, score_value) VALUES ('c8046c23-39c0-4655-ad3d-e459d49e4c84', '64f5b349-d770-4574-a455-c2647b2563c1', 'ace7bb79-4e9e-4b7f-a049-4b2684bb67d7', 28) ON CONFLICT DO NOTHING;
INSERT INTO score_sheet_items (id, score_sheet_id, period_criterion_id, score_value) VALUES ('0925111c-5d8e-4996-aa78-8634e275ecb4', '64f5b349-d770-4574-a455-c2647b2563c1', '3ceed4da-6045-435f-aaa5-f08cafe18240', 32) ON CONFLICT DO NOTHING;
INSERT INTO score_sheet_items (id, score_sheet_id, period_criterion_id, score_value) VALUES ('1739c32b-7775-4e26-a422-7e0819a3ac02', '64f5b349-d770-4574-a455-c2647b2563c1', '656fac7d-722f-4b52-aeb7-b36115296682', 23) ON CONFLICT DO NOTHING;
INSERT INTO score_sheets (id, period_id, project_id, juror_id, status, comment, started_at, last_activity_at) VALUES ('6553b9b6-1e65-4696-af1a-f11d17043b67', '05a1eb4a-d4cf-478b-a52d-578c3d9c22ad', '314813c6-1e28-4947-a126-999c48408c53', '9d55d273-9fd8-4365-a294-404246566892', 'submitted', NULL, (timestamp '2026-06-15 09:00:00' + interval '60 hours 30 minutes') - interval '30 mins', (timestamp '2026-06-15 09:00:00' + interval '60 hours 30 minutes')) ON CONFLICT DO NOTHING;
INSERT INTO score_sheet_items (id, score_sheet_id, period_criterion_id, score_value) VALUES ('0974fc67-9b99-466f-a0cd-fa5de1aabe66', '6553b9b6-1e65-4696-af1a-f11d17043b67', 'ace7bb79-4e9e-4b7f-a049-4b2684bb67d7', 24) ON CONFLICT DO NOTHING;
INSERT INTO score_sheet_items (id, score_sheet_id, period_criterion_id, score_value) VALUES ('35cc9067-7403-49cb-ac77-bc121ad659ba', '6553b9b6-1e65-4696-af1a-f11d17043b67', '3ceed4da-6045-435f-aaa5-f08cafe18240', 25) ON CONFLICT DO NOTHING;
INSERT INTO score_sheet_items (id, score_sheet_id, period_criterion_id, score_value) VALUES ('c250c864-c068-4887-ab80-45c61f9e3b6f', '6553b9b6-1e65-4696-af1a-f11d17043b67', '656fac7d-722f-4b52-aeb7-b36115296682', 14) ON CONFLICT DO NOTHING;
INSERT INTO score_sheets (id, period_id, project_id, juror_id, status, comment, started_at, last_activity_at) VALUES ('c1d365ba-cc7e-46cf-a209-12868bcee054', '05a1eb4a-d4cf-478b-a52d-578c3d9c22ad', 'f4f0ede3-01c4-46a1-a477-acd42790683e', 'fe2443d7-4821-43bb-ae0b-5c39b1d08c9b', 'submitted', NULL, (timestamp '2026-06-15 09:00:00' + interval '20 hours 55 minutes') - interval '30 mins', (timestamp '2026-06-15 09:00:00' + interval '20 hours 55 minutes')) ON CONFLICT DO NOTHING;
INSERT INTO score_sheet_items (id, score_sheet_id, period_criterion_id, score_value) VALUES ('4aca53bf-10d7-4541-a9f5-8cc1422f533e', 'c1d365ba-cc7e-46cf-a209-12868bcee054', 'ace7bb79-4e9e-4b7f-a049-4b2684bb67d7', 31) ON CONFLICT DO NOTHING;
INSERT INTO score_sheet_items (id, score_sheet_id, period_criterion_id, score_value) VALUES ('6cb612e3-3fa0-4a94-a885-4824293982e1', 'c1d365ba-cc7e-46cf-a209-12868bcee054', '3ceed4da-6045-435f-aaa5-f08cafe18240', 35) ON CONFLICT DO NOTHING;
INSERT INTO score_sheet_items (id, score_sheet_id, period_criterion_id, score_value) VALUES ('57e5e616-f4c8-4ec6-ad47-105797d9d846', 'c1d365ba-cc7e-46cf-a209-12868bcee054', '656fac7d-722f-4b52-aeb7-b36115296682', 23) ON CONFLICT DO NOTHING;
INSERT INTO score_sheets (id, period_id, project_id, juror_id, status, comment, started_at, last_activity_at) VALUES ('cf93a942-ab84-4dc0-ad55-684d200be5d6', '05a1eb4a-d4cf-478b-a52d-578c3d9c22ad', 'f5c97d0e-9bca-4e0b-a17d-a75193ef0082', 'fe2443d7-4821-43bb-ae0b-5c39b1d08c9b', 'submitted', 'Teknik derinlik ve profesyonel sunum açısından çok başarılı.', (timestamp '2026-06-15 09:00:00' + interval '47 hours 25 minutes') - interval '30 mins', (timestamp '2026-06-15 09:00:00' + interval '47 hours 25 minutes')) ON CONFLICT DO NOTHING;
INSERT INTO score_sheet_items (id, score_sheet_id, period_criterion_id, score_value) VALUES ('2d9cd823-9522-4944-a190-8417bb602657', 'cf93a942-ab84-4dc0-ad55-684d200be5d6', 'ace7bb79-4e9e-4b7f-a049-4b2684bb67d7', 30) ON CONFLICT DO NOTHING;
INSERT INTO score_sheet_items (id, score_sheet_id, period_criterion_id, score_value) VALUES ('244c5c23-9dfc-4ca2-a47b-92aca7d057be', 'cf93a942-ab84-4dc0-ad55-684d200be5d6', '3ceed4da-6045-435f-aaa5-f08cafe18240', 34) ON CONFLICT DO NOTHING;
INSERT INTO score_sheet_items (id, score_sheet_id, period_criterion_id, score_value) VALUES ('b95811c1-be51-48d5-a8cb-9488910c314b', 'cf93a942-ab84-4dc0-ad55-684d200be5d6', '656fac7d-722f-4b52-aeb7-b36115296682', 24) ON CONFLICT DO NOTHING;
INSERT INTO score_sheets (id, period_id, project_id, juror_id, status, comment, started_at, last_activity_at) VALUES ('17ea2848-c24a-4b1b-a645-e104c479b875', '05a1eb4a-d4cf-478b-a52d-578c3d9c22ad', '836703c7-94e5-4e9c-a1f4-c9aeca526cd1', 'fe2443d7-4821-43bb-ae0b-5c39b1d08c9b', 'submitted', NULL, (timestamp '2026-06-15 09:00:00' + interval '46 hours 39 minutes') - interval '30 mins', (timestamp '2026-06-15 09:00:00' + interval '46 hours 39 minutes')) ON CONFLICT DO NOTHING;
INSERT INTO score_sheet_items (id, score_sheet_id, period_criterion_id, score_value) VALUES ('5ef27ee2-89e4-4217-ad77-ba07927e4852', '17ea2848-c24a-4b1b-a645-e104c479b875', 'ace7bb79-4e9e-4b7f-a049-4b2684bb67d7', 27) ON CONFLICT DO NOTHING;
INSERT INTO score_sheet_items (id, score_sheet_id, period_criterion_id, score_value) VALUES ('0e94a52a-6d58-402b-a42f-152432d13442', '17ea2848-c24a-4b1b-a645-e104c479b875', '3ceed4da-6045-435f-aaa5-f08cafe18240', 29) ON CONFLICT DO NOTHING;
INSERT INTO score_sheet_items (id, score_sheet_id, period_criterion_id, score_value) VALUES ('4591920d-d4c3-45bc-ab97-5445343b51ad', '17ea2848-c24a-4b1b-a645-e104c479b875', '656fac7d-722f-4b52-aeb7-b36115296682', 19) ON CONFLICT DO NOTHING;
INSERT INTO score_sheets (id, period_id, project_id, juror_id, status, comment, started_at, last_activity_at) VALUES ('7c9d3fb2-fe31-46e1-a8a7-33ee1c03de1c', '05a1eb4a-d4cf-478b-a52d-578c3d9c22ad', '202b2597-5a44-4ae0-a6a5-4834870f87d0', 'fe2443d7-4821-43bb-ae0b-5c39b1d08c9b', 'submitted', NULL, (timestamp '2026-06-15 09:00:00' + interval '6 hours 39 minutes') - interval '30 mins', (timestamp '2026-06-15 09:00:00' + interval '6 hours 39 minutes')) ON CONFLICT DO NOTHING;
INSERT INTO score_sheet_items (id, score_sheet_id, period_criterion_id, score_value) VALUES ('b6253cf5-f68e-4da4-a668-e0520880419b', '7c9d3fb2-fe31-46e1-a8a7-33ee1c03de1c', 'ace7bb79-4e9e-4b7f-a049-4b2684bb67d7', 25) ON CONFLICT DO NOTHING;
INSERT INTO score_sheet_items (id, score_sheet_id, period_criterion_id, score_value) VALUES ('c1eaf54d-9d9c-4da8-a3ea-94e1e748903e', '7c9d3fb2-fe31-46e1-a8a7-33ee1c03de1c', '3ceed4da-6045-435f-aaa5-f08cafe18240', 30) ON CONFLICT DO NOTHING;
INSERT INTO score_sheet_items (id, score_sheet_id, period_criterion_id, score_value) VALUES ('66f14d7a-6a61-47f0-aec0-669da4fd80ce', '7c9d3fb2-fe31-46e1-a8a7-33ee1c03de1c', '656fac7d-722f-4b52-aeb7-b36115296682', 19) ON CONFLICT DO NOTHING;
INSERT INTO score_sheets (id, period_id, project_id, juror_id, status, comment, started_at, last_activity_at) VALUES ('ea928a03-d2e9-412f-aea7-f2644a0738a5', '05a1eb4a-d4cf-478b-a52d-578c3d9c22ad', '585f50bf-9fb8-4d91-a04d-ec0d9d96f763', 'fe2443d7-4821-43bb-ae0b-5c39b1d08c9b', 'submitted', NULL, (timestamp '2026-06-15 09:00:00' + interval '12 hours 39 minutes') - interval '30 mins', (timestamp '2026-06-15 09:00:00' + interval '12 hours 39 minutes')) ON CONFLICT DO NOTHING;
INSERT INTO score_sheet_items (id, score_sheet_id, period_criterion_id, score_value) VALUES ('9e919dfc-a4a4-4ca3-a1b7-9874d218f301', 'ea928a03-d2e9-412f-aea7-f2644a0738a5', 'ace7bb79-4e9e-4b7f-a049-4b2684bb67d7', 29) ON CONFLICT DO NOTHING;
INSERT INTO score_sheet_items (id, score_sheet_id, period_criterion_id, score_value) VALUES ('0b518895-fc5f-4156-a0a7-c8d7bbb95301', 'ea928a03-d2e9-412f-aea7-f2644a0738a5', '3ceed4da-6045-435f-aaa5-f08cafe18240', 31) ON CONFLICT DO NOTHING;
INSERT INTO score_sheet_items (id, score_sheet_id, period_criterion_id, score_value) VALUES ('3c60a59a-8405-4db9-acca-e0f9461a9da4', 'ea928a03-d2e9-412f-aea7-f2644a0738a5', '656fac7d-722f-4b52-aeb7-b36115296682', 20) ON CONFLICT DO NOTHING;
INSERT INTO score_sheets (id, period_id, project_id, juror_id, status, comment, started_at, last_activity_at) VALUES ('8992c980-b5f2-4836-a099-b2b34baa8f07', '05a1eb4a-d4cf-478b-a52d-578c3d9c22ad', '5b69ec00-b61b-4bf1-a938-c4645c26ab9b', 'fe2443d7-4821-43bb-ae0b-5c39b1d08c9b', 'submitted', NULL, (timestamp '2026-06-15 09:00:00' + interval '41 hours 34 minutes') - interval '30 mins', (timestamp '2026-06-15 09:00:00' + interval '41 hours 34 minutes')) ON CONFLICT DO NOTHING;
INSERT INTO score_sheet_items (id, score_sheet_id, period_criterion_id, score_value) VALUES ('a83c3645-fdc3-4de1-a85e-2ff99ee9deac', '8992c980-b5f2-4836-a099-b2b34baa8f07', 'ace7bb79-4e9e-4b7f-a049-4b2684bb67d7', 23) ON CONFLICT DO NOTHING;
INSERT INTO score_sheet_items (id, score_sheet_id, period_criterion_id, score_value) VALUES ('91103948-2fc8-443f-a0bf-33e9e9c838a3', '8992c980-b5f2-4836-a099-b2b34baa8f07', '3ceed4da-6045-435f-aaa5-f08cafe18240', 30) ON CONFLICT DO NOTHING;
INSERT INTO score_sheet_items (id, score_sheet_id, period_criterion_id, score_value) VALUES ('ace449f3-d03a-4e00-ac18-262b3e3fec76', '8992c980-b5f2-4836-a099-b2b34baa8f07', '656fac7d-722f-4b52-aeb7-b36115296682', 14) ON CONFLICT DO NOTHING;
INSERT INTO score_sheets (id, period_id, project_id, juror_id, status, comment, started_at, last_activity_at) VALUES ('bc72421b-2967-43dd-ad42-1d8e5d70d27d', '05a1eb4a-d4cf-478b-a52d-578c3d9c22ad', 'ec36e04f-bc08-484d-aec8-77976e40ccf2', 'fe2443d7-4821-43bb-ae0b-5c39b1d08c9b', 'submitted', 'Teknik olarak çok güçlü ama sunumu zayıf.', (timestamp '2026-06-15 09:00:00' + interval '16 hours 41 minutes') - interval '30 mins', (timestamp '2026-06-15 09:00:00' + interval '16 hours 41 minutes')) ON CONFLICT DO NOTHING;
INSERT INTO score_sheet_items (id, score_sheet_id, period_criterion_id, score_value) VALUES ('15e5bb33-7af9-4a8f-a981-5d41ef4bc559', 'bc72421b-2967-43dd-ad42-1d8e5d70d27d', 'ace7bb79-4e9e-4b7f-a049-4b2684bb67d7', 30) ON CONFLICT DO NOTHING;
INSERT INTO score_sheet_items (id, score_sheet_id, period_criterion_id, score_value) VALUES ('96c92edc-d19e-4475-adbf-c14939a8b9ae', 'bc72421b-2967-43dd-ad42-1d8e5d70d27d', '3ceed4da-6045-435f-aaa5-f08cafe18240', 35) ON CONFLICT DO NOTHING;
INSERT INTO score_sheet_items (id, score_sheet_id, period_criterion_id, score_value) VALUES ('62e4eec9-d092-4633-acf6-52517007a191', 'bc72421b-2967-43dd-ad42-1d8e5d70d27d', '656fac7d-722f-4b52-aeb7-b36115296682', 22) ON CONFLICT DO NOTHING;
INSERT INTO score_sheets (id, period_id, project_id, juror_id, status, comment, started_at, last_activity_at) VALUES ('1df215ad-7c09-4205-a2fd-6e3f8608b532', '05a1eb4a-d4cf-478b-a52d-578c3d9c22ad', '71359fc5-fa1d-49e0-a508-7791072924f7', 'fe2443d7-4821-43bb-ae0b-5c39b1d08c9b', 'submitted', NULL, (timestamp '2026-06-15 09:00:00' + interval '12 hours 39 minutes') - interval '30 mins', (timestamp '2026-06-15 09:00:00' + interval '12 hours 39 minutes')) ON CONFLICT DO NOTHING;
INSERT INTO score_sheet_items (id, score_sheet_id, period_criterion_id, score_value) VALUES ('edd6ef72-f2ab-466a-ad16-fe2eefc07281', '1df215ad-7c09-4205-a2fd-6e3f8608b532', 'ace7bb79-4e9e-4b7f-a049-4b2684bb67d7', 28) ON CONFLICT DO NOTHING;
INSERT INTO score_sheet_items (id, score_sheet_id, period_criterion_id, score_value) VALUES ('2ae17cce-5736-4acb-ac0b-c68862236cc7', '1df215ad-7c09-4205-a2fd-6e3f8608b532', '3ceed4da-6045-435f-aaa5-f08cafe18240', 33) ON CONFLICT DO NOTHING;
INSERT INTO score_sheet_items (id, score_sheet_id, period_criterion_id, score_value) VALUES ('69afbb27-edaf-4666-a5c2-0810283f030a', '1df215ad-7c09-4205-a2fd-6e3f8608b532', '656fac7d-722f-4b52-aeb7-b36115296682', 21) ON CONFLICT DO NOTHING;
INSERT INTO score_sheets (id, period_id, project_id, juror_id, status, comment, started_at, last_activity_at) VALUES ('c817d226-9290-4b27-a70b-4bb0414d6c8a', '05a1eb4a-d4cf-478b-a52d-578c3d9c22ad', '29fa0b9f-8d4e-412b-a37c-51b840e6b742', 'fe2443d7-4821-43bb-ae0b-5c39b1d08c9b', 'submitted', 'Yavaş başladı ama çok güçlü bitirdi.', (timestamp '2026-06-15 09:00:00' + interval '18 hours 55 minutes') - interval '30 mins', (timestamp '2026-06-15 09:00:00' + interval '18 hours 55 minutes')) ON CONFLICT DO NOTHING;
INSERT INTO score_sheet_items (id, score_sheet_id, period_criterion_id, score_value) VALUES ('88e15c3d-39cf-41b5-a0b9-c5e98a18ac5e', 'c817d226-9290-4b27-a70b-4bb0414d6c8a', 'ace7bb79-4e9e-4b7f-a049-4b2684bb67d7', 30) ON CONFLICT DO NOTHING;
INSERT INTO score_sheet_items (id, score_sheet_id, period_criterion_id, score_value) VALUES ('3e89fd9b-eae9-454c-af02-8798d67ceb17', 'c817d226-9290-4b27-a70b-4bb0414d6c8a', '3ceed4da-6045-435f-aaa5-f08cafe18240', 35) ON CONFLICT DO NOTHING;
INSERT INTO score_sheet_items (id, score_sheet_id, period_criterion_id, score_value) VALUES ('fb508b40-f60a-4186-a053-dc7c2f3c909a', 'c817d226-9290-4b27-a70b-4bb0414d6c8a', '656fac7d-722f-4b52-aeb7-b36115296682', 21) ON CONFLICT DO NOTHING;
INSERT INTO score_sheets (id, period_id, project_id, juror_id, status, comment, started_at, last_activity_at) VALUES ('8d25a1d7-4528-4093-a7a0-d4662ae042cf', '05a1eb4a-d4cf-478b-a52d-578c3d9c22ad', '314813c6-1e28-4947-a126-999c48408c53', 'fe2443d7-4821-43bb-ae0b-5c39b1d08c9b', 'submitted', NULL, (timestamp '2026-06-15 09:00:00' + interval '43 hours 37 minutes') - interval '30 mins', (timestamp '2026-06-15 09:00:00' + interval '43 hours 37 minutes')) ON CONFLICT DO NOTHING;
INSERT INTO score_sheet_items (id, score_sheet_id, period_criterion_id, score_value) VALUES ('a186a417-b8e6-41bc-a02d-f61dad1d4284', '8d25a1d7-4528-4093-a7a0-d4662ae042cf', 'ace7bb79-4e9e-4b7f-a049-4b2684bb67d7', 24) ON CONFLICT DO NOTHING;
INSERT INTO score_sheet_items (id, score_sheet_id, period_criterion_id, score_value) VALUES ('876fa5af-40c2-489d-ae0b-8348aeffd5d7', '8d25a1d7-4528-4093-a7a0-d4662ae042cf', '3ceed4da-6045-435f-aaa5-f08cafe18240', 23) ON CONFLICT DO NOTHING;
INSERT INTO score_sheet_items (id, score_sheet_id, period_criterion_id, score_value) VALUES ('994ec7d5-b6f8-4cce-a777-027f253fe72f', '8d25a1d7-4528-4093-a7a0-d4662ae042cf', '656fac7d-722f-4b52-aeb7-b36115296682', 14) ON CONFLICT DO NOTHING;
INSERT INTO score_sheets (id, period_id, project_id, juror_id, status, comment, started_at, last_activity_at) VALUES ('a70d230c-4232-4ea2-a023-8b0216b1a882', '05a1eb4a-d4cf-478b-a52d-578c3d9c22ad', 'f4f0ede3-01c4-46a1-a477-acd42790683e', 'ba4aefbe-4005-4466-a928-80187753277f', 'submitted', 'Tüm kriterlerde olağanüstü bir çalışma.', (timestamp '2026-06-15 09:00:00' + interval '53 hours 15 minutes') - interval '30 mins', (timestamp '2026-06-15 09:00:00' + interval '53 hours 15 minutes')) ON CONFLICT DO NOTHING;
INSERT INTO score_sheet_items (id, score_sheet_id, period_criterion_id, score_value) VALUES ('b6dcd400-ca3a-4b22-a1d4-10933ec47d99', 'a70d230c-4232-4ea2-a023-8b0216b1a882', 'ace7bb79-4e9e-4b7f-a049-4b2684bb67d7', 32) ON CONFLICT DO NOTHING;
INSERT INTO score_sheet_items (id, score_sheet_id, period_criterion_id, score_value) VALUES ('83cb3af4-d6dc-4b00-a9d2-0ed5b186f81f', 'a70d230c-4232-4ea2-a023-8b0216b1a882', '3ceed4da-6045-435f-aaa5-f08cafe18240', 36) ON CONFLICT DO NOTHING;
INSERT INTO score_sheet_items (id, score_sheet_id, period_criterion_id, score_value) VALUES ('38671baf-46c5-46ea-a27f-62bc746b57e2', 'a70d230c-4232-4ea2-a023-8b0216b1a882', '656fac7d-722f-4b52-aeb7-b36115296682', 22) ON CONFLICT DO NOTHING;
INSERT INTO score_sheets (id, period_id, project_id, juror_id, status, comment, started_at, last_activity_at) VALUES ('2533df4b-af92-4db8-a90f-ce5e4a1b7a34', '05a1eb4a-d4cf-478b-a52d-578c3d9c22ad', 'f5c97d0e-9bca-4e0b-a17d-a75193ef0082', 'ba4aefbe-4005-4466-a928-80187753277f', 'submitted', NULL, (timestamp '2026-06-15 09:00:00' + interval '31 hours 36 minutes') - interval '30 mins', (timestamp '2026-06-15 09:00:00' + interval '31 hours 36 minutes')) ON CONFLICT DO NOTHING;
INSERT INTO score_sheet_items (id, score_sheet_id, period_criterion_id, score_value) VALUES ('df54296f-55e1-41e7-a161-7eb5a31768e8', '2533df4b-af92-4db8-a90f-ce5e4a1b7a34', 'ace7bb79-4e9e-4b7f-a049-4b2684bb67d7', 31) ON CONFLICT DO NOTHING;
INSERT INTO score_sheet_items (id, score_sheet_id, period_criterion_id, score_value) VALUES ('da828231-eb8c-4e70-ace4-51a096af1fed', '2533df4b-af92-4db8-a90f-ce5e4a1b7a34', '3ceed4da-6045-435f-aaa5-f08cafe18240', 38) ON CONFLICT DO NOTHING;
INSERT INTO score_sheet_items (id, score_sheet_id, period_criterion_id, score_value) VALUES ('6f586b71-33e6-43a5-a9a0-6b99fb0c3188', '2533df4b-af92-4db8-a90f-ce5e4a1b7a34', '656fac7d-722f-4b52-aeb7-b36115296682', 24) ON CONFLICT DO NOTHING;
INSERT INTO score_sheets (id, period_id, project_id, juror_id, status, comment, started_at, last_activity_at) VALUES ('59184532-ffdd-43d3-a99f-4c3cff05edc0', '05a1eb4a-d4cf-478b-a52d-578c3d9c22ad', '836703c7-94e5-4e9c-a1f4-c9aeca526cd1', 'ba4aefbe-4005-4466-a928-80187753277f', 'submitted', NULL, (timestamp '2026-06-15 09:00:00' + interval '36 hours 34 minutes') - interval '30 mins', (timestamp '2026-06-15 09:00:00' + interval '36 hours 34 minutes')) ON CONFLICT DO NOTHING;
INSERT INTO score_sheet_items (id, score_sheet_id, period_criterion_id, score_value) VALUES ('f75c7e43-ab74-4875-a256-cf44cff58ef2', '59184532-ffdd-43d3-a99f-4c3cff05edc0', 'ace7bb79-4e9e-4b7f-a049-4b2684bb67d7', 28) ON CONFLICT DO NOTHING;
INSERT INTO score_sheet_items (id, score_sheet_id, period_criterion_id, score_value) VALUES ('b978f18e-2196-490b-a6fd-3236c90da87b', '59184532-ffdd-43d3-a99f-4c3cff05edc0', '3ceed4da-6045-435f-aaa5-f08cafe18240', 30) ON CONFLICT DO NOTHING;
INSERT INTO score_sheet_items (id, score_sheet_id, period_criterion_id, score_value) VALUES ('3c1f0b69-bf37-47ad-a57a-1877f95f12f6', '59184532-ffdd-43d3-a99f-4c3cff05edc0', '656fac7d-722f-4b52-aeb7-b36115296682', 20) ON CONFLICT DO NOTHING;
INSERT INTO score_sheets (id, period_id, project_id, juror_id, status, comment, started_at, last_activity_at) VALUES ('1de65a86-afff-4f1b-a26c-34bf50867d27', '05a1eb4a-d4cf-478b-a52d-578c3d9c22ad', '202b2597-5a44-4ae0-a6a5-4834870f87d0', 'ba4aefbe-4005-4466-a928-80187753277f', 'submitted', NULL, (timestamp '2026-06-15 09:00:00' + interval '21 hours 19 minutes') - interval '30 mins', (timestamp '2026-06-15 09:00:00' + interval '21 hours 19 minutes')) ON CONFLICT DO NOTHING;
INSERT INTO score_sheet_items (id, score_sheet_id, period_criterion_id, score_value) VALUES ('1e71fe3d-101a-49ed-a882-0eb75b1f9945', '1de65a86-afff-4f1b-a26c-34bf50867d27', 'ace7bb79-4e9e-4b7f-a049-4b2684bb67d7', 29) ON CONFLICT DO NOTHING;
INSERT INTO score_sheet_items (id, score_sheet_id, period_criterion_id, score_value) VALUES ('a9860b1e-e5de-486b-adc8-35d0dc0b3a6b', '1de65a86-afff-4f1b-a26c-34bf50867d27', '3ceed4da-6045-435f-aaa5-f08cafe18240', 29) ON CONFLICT DO NOTHING;
INSERT INTO score_sheet_items (id, score_sheet_id, period_criterion_id, score_value) VALUES ('32968f7d-e5f8-4a5a-adb4-8b728ce701be', '1de65a86-afff-4f1b-a26c-34bf50867d27', '656fac7d-722f-4b52-aeb7-b36115296682', 19) ON CONFLICT DO NOTHING;
INSERT INTO score_sheets (id, period_id, project_id, juror_id, status, comment, started_at, last_activity_at) VALUES ('7986fdbd-30ad-4c12-a063-ad28743ea683', '05a1eb4a-d4cf-478b-a52d-578c3d9c22ad', '585f50bf-9fb8-4d91-a04d-ec0d9d96f763', 'ba4aefbe-4005-4466-a928-80187753277f', 'submitted', 'Dengeli ve tutarlı bir proje. Zayıf nokta yok.', (timestamp '2026-06-15 09:00:00' + interval '31 hours 1 minutes') - interval '30 mins', (timestamp '2026-06-15 09:00:00' + interval '31 hours 1 minutes')) ON CONFLICT DO NOTHING;
INSERT INTO score_sheet_items (id, score_sheet_id, period_criterion_id, score_value) VALUES ('bb129ceb-73f5-45c4-a97d-39798dc44389', '7986fdbd-30ad-4c12-a063-ad28743ea683', 'ace7bb79-4e9e-4b7f-a049-4b2684bb67d7', 30) ON CONFLICT DO NOTHING;
INSERT INTO score_sheet_items (id, score_sheet_id, period_criterion_id, score_value) VALUES ('3e1e3691-4f23-4146-a2c1-880dacdc25ec', '7986fdbd-30ad-4c12-a063-ad28743ea683', '3ceed4da-6045-435f-aaa5-f08cafe18240', 32) ON CONFLICT DO NOTHING;
INSERT INTO score_sheet_items (id, score_sheet_id, period_criterion_id, score_value) VALUES ('32e85e3b-0e5e-42c5-ade0-0fa1cfdf4234', '7986fdbd-30ad-4c12-a063-ad28743ea683', '656fac7d-722f-4b52-aeb7-b36115296682', 20) ON CONFLICT DO NOTHING;
INSERT INTO score_sheets (id, period_id, project_id, juror_id, status, comment, started_at, last_activity_at) VALUES ('e730c55a-7a84-4226-a1ea-0f5767f91726', '05a1eb4a-d4cf-478b-a52d-578c3d9c22ad', '5b69ec00-b61b-4bf1-a938-c4645c26ab9b', 'ba4aefbe-4005-4466-a928-80187753277f', 'submitted', 'Bazı parlak anlar var ama tutarsız performans.', (timestamp '2026-06-15 09:00:00' + interval '11 hours 42 minutes') - interval '30 mins', (timestamp '2026-06-15 09:00:00' + interval '11 hours 42 minutes')) ON CONFLICT DO NOTHING;
INSERT INTO score_sheet_items (id, score_sheet_id, period_criterion_id, score_value) VALUES ('f31ecbeb-e835-41c2-a4b5-e3a82780e637', 'e730c55a-7a84-4226-a1ea-0f5767f91726', 'ace7bb79-4e9e-4b7f-a049-4b2684bb67d7', 19) ON CONFLICT DO NOTHING;
INSERT INTO score_sheet_items (id, score_sheet_id, period_criterion_id, score_value) VALUES ('1aaa8ead-c573-4b1e-a9bc-380f45a8454b', 'e730c55a-7a84-4226-a1ea-0f5767f91726', '3ceed4da-6045-435f-aaa5-f08cafe18240', 34) ON CONFLICT DO NOTHING;
INSERT INTO score_sheet_items (id, score_sheet_id, period_criterion_id, score_value) VALUES ('c0bdc47c-859d-4d9e-a19a-b2c9024485ae', 'e730c55a-7a84-4226-a1ea-0f5767f91726', '656fac7d-722f-4b52-aeb7-b36115296682', 22) ON CONFLICT DO NOTHING;
INSERT INTO score_sheets (id, period_id, project_id, juror_id, status, comment, started_at, last_activity_at) VALUES ('7d09d152-54b6-4f14-a2e5-dd84b247eb71', '05a1eb4a-d4cf-478b-a52d-578c3d9c22ad', 'ec36e04f-bc08-484d-aec8-77976e40ccf2', 'ba4aefbe-4005-4466-a928-80187753277f', 'submitted', NULL, (timestamp '2026-06-15 09:00:00' + interval '9 hours 16 minutes') - interval '30 mins', (timestamp '2026-06-15 09:00:00' + interval '9 hours 16 minutes')) ON CONFLICT DO NOTHING;
INSERT INTO score_sheet_items (id, score_sheet_id, period_criterion_id, score_value) VALUES ('40ead8c0-8fd8-403c-a4b8-32494e6c061e', '7d09d152-54b6-4f14-a2e5-dd84b247eb71', 'ace7bb79-4e9e-4b7f-a049-4b2684bb67d7', 31) ON CONFLICT DO NOTHING;
INSERT INTO score_sheet_items (id, score_sheet_id, period_criterion_id, score_value) VALUES ('7d5dbb05-c647-4686-aea2-9ace48bcff83', '7d09d152-54b6-4f14-a2e5-dd84b247eb71', '3ceed4da-6045-435f-aaa5-f08cafe18240', 36) ON CONFLICT DO NOTHING;
INSERT INTO score_sheet_items (id, score_sheet_id, period_criterion_id, score_value) VALUES ('da918586-7aa6-484a-a8d0-ab3645d2f559', '7d09d152-54b6-4f14-a2e5-dd84b247eb71', '656fac7d-722f-4b52-aeb7-b36115296682', 22) ON CONFLICT DO NOTHING;
INSERT INTO score_sheets (id, period_id, project_id, juror_id, status, comment, started_at, last_activity_at) VALUES ('fe9a5965-bd37-41f4-a9df-0b470fe106c1', '05a1eb4a-d4cf-478b-a52d-578c3d9c22ad', '71359fc5-fa1d-49e0-a508-7791072924f7', 'ba4aefbe-4005-4466-a928-80187753277f', 'submitted', 'Takım dinamikleri çok iyi ama teknik yürütme yetersiz.', (timestamp '2026-06-15 09:00:00' + interval '11 hours 31 minutes') - interval '30 mins', (timestamp '2026-06-15 09:00:00' + interval '11 hours 31 minutes')) ON CONFLICT DO NOTHING;
INSERT INTO score_sheet_items (id, score_sheet_id, period_criterion_id, score_value) VALUES ('7f3ba889-4110-454f-a318-8170d0ac15dd', 'fe9a5965-bd37-41f4-a9df-0b470fe106c1', 'ace7bb79-4e9e-4b7f-a049-4b2684bb67d7', 29) ON CONFLICT DO NOTHING;
INSERT INTO score_sheet_items (id, score_sheet_id, period_criterion_id, score_value) VALUES ('d1d85286-c930-4f08-a12d-835a82b1ff02', 'fe9a5965-bd37-41f4-a9df-0b470fe106c1', '3ceed4da-6045-435f-aaa5-f08cafe18240', 34) ON CONFLICT DO NOTHING;
INSERT INTO score_sheet_items (id, score_sheet_id, period_criterion_id, score_value) VALUES ('424b1214-dfde-496b-a54d-2acc1fda004e', 'fe9a5965-bd37-41f4-a9df-0b470fe106c1', '656fac7d-722f-4b52-aeb7-b36115296682', 21) ON CONFLICT DO NOTHING;
INSERT INTO score_sheets (id, period_id, project_id, juror_id, status, comment, started_at, last_activity_at) VALUES ('b4e2812a-6ef9-47a8-a743-0027403a7957', '05a1eb4a-d4cf-478b-a52d-578c3d9c22ad', '29fa0b9f-8d4e-412b-a37c-51b840e6b742', 'ba4aefbe-4005-4466-a928-80187753277f', 'submitted', 'Yavaş başladı ama çok güçlü bitirdi.', (timestamp '2026-06-15 09:00:00' + interval '18 hours 54 minutes') - interval '30 mins', (timestamp '2026-06-15 09:00:00' + interval '18 hours 54 minutes')) ON CONFLICT DO NOTHING;
INSERT INTO score_sheet_items (id, score_sheet_id, period_criterion_id, score_value) VALUES ('1f1a52fb-9421-4043-a174-3139d72f0225', 'b4e2812a-6ef9-47a8-a743-0027403a7957', 'ace7bb79-4e9e-4b7f-a049-4b2684bb67d7', 31) ON CONFLICT DO NOTHING;
INSERT INTO score_sheet_items (id, score_sheet_id, period_criterion_id, score_value) VALUES ('dde804d4-836b-4c4b-a055-10a19df4085f', 'b4e2812a-6ef9-47a8-a743-0027403a7957', '3ceed4da-6045-435f-aaa5-f08cafe18240', 33) ON CONFLICT DO NOTHING;
INSERT INTO score_sheet_items (id, score_sheet_id, period_criterion_id, score_value) VALUES ('dc7e4ac0-3bfc-464c-a624-0deb1d25429b', 'b4e2812a-6ef9-47a8-a743-0027403a7957', '656fac7d-722f-4b52-aeb7-b36115296682', 21) ON CONFLICT DO NOTHING;
INSERT INTO score_sheets (id, period_id, project_id, juror_id, status, comment, started_at, last_activity_at) VALUES ('53858b86-99be-4cf1-ab0e-28919ded3c4e', '05a1eb4a-d4cf-478b-a52d-578c3d9c22ad', '314813c6-1e28-4947-a126-999c48408c53', 'ba4aefbe-4005-4466-a928-80187753277f', 'submitted', NULL, (timestamp '2026-06-15 09:00:00' + interval '2 hours 52 minutes') - interval '30 mins', (timestamp '2026-06-15 09:00:00' + interval '2 hours 52 minutes')) ON CONFLICT DO NOTHING;
INSERT INTO score_sheet_items (id, score_sheet_id, period_criterion_id, score_value) VALUES ('d70613c3-12e7-4906-a1f1-067e6406537e', '53858b86-99be-4cf1-ab0e-28919ded3c4e', 'ace7bb79-4e9e-4b7f-a049-4b2684bb67d7', 21) ON CONFLICT DO NOTHING;
INSERT INTO score_sheet_items (id, score_sheet_id, period_criterion_id, score_value) VALUES ('17b175f2-d2ad-4ae8-ad64-495f3b30d998', '53858b86-99be-4cf1-ab0e-28919ded3c4e', '3ceed4da-6045-435f-aaa5-f08cafe18240', 23) ON CONFLICT DO NOTHING;
INSERT INTO score_sheet_items (id, score_sheet_id, period_criterion_id, score_value) VALUES ('d1f4d9fe-9410-4792-a5ac-43bbd93b41e6', '53858b86-99be-4cf1-ab0e-28919ded3c4e', '656fac7d-722f-4b52-aeb7-b36115296682', 14) ON CONFLICT DO NOTHING;
INSERT INTO score_sheets (id, period_id, project_id, juror_id, status, comment, started_at, last_activity_at) VALUES ('81ba2080-8ac1-4816-aa6a-51bcac0de7db', '05a1eb4a-d4cf-478b-a52d-578c3d9c22ad', 'f4f0ede3-01c4-46a1-a477-acd42790683e', '1b38351e-7a83-4c8f-ac0b-63c923df673f', 'submitted', 'Tüm kriterlerde olağanüstü bir çalışma.', (timestamp '2026-06-15 09:00:00' + interval '8 hours 9 minutes') - interval '30 mins', (timestamp '2026-06-15 09:00:00' + interval '8 hours 9 minutes')) ON CONFLICT DO NOTHING;
INSERT INTO score_sheet_items (id, score_sheet_id, period_criterion_id, score_value) VALUES ('38b7334a-50ee-463a-aef0-883edb028b13', '81ba2080-8ac1-4816-aa6a-51bcac0de7db', 'ace7bb79-4e9e-4b7f-a049-4b2684bb67d7', 29) ON CONFLICT DO NOTHING;
INSERT INTO score_sheet_items (id, score_sheet_id, period_criterion_id, score_value) VALUES ('8a97fbf7-16e1-4e95-acbb-4cef7001bac8', '81ba2080-8ac1-4816-aa6a-51bcac0de7db', '3ceed4da-6045-435f-aaa5-f08cafe18240', 36) ON CONFLICT DO NOTHING;
INSERT INTO score_sheet_items (id, score_sheet_id, period_criterion_id, score_value) VALUES ('74dc4b44-4b51-45e3-aa8e-04922f87166c', '81ba2080-8ac1-4816-aa6a-51bcac0de7db', '656fac7d-722f-4b52-aeb7-b36115296682', 22) ON CONFLICT DO NOTHING;
INSERT INTO score_sheets (id, period_id, project_id, juror_id, status, comment, started_at, last_activity_at) VALUES ('5bd27559-c854-4d21-ac18-88b845487084', '05a1eb4a-d4cf-478b-a52d-578c3d9c22ad', 'f5c97d0e-9bca-4e0b-a17d-a75193ef0082', '1b38351e-7a83-4c8f-ac0b-63c923df673f', 'submitted', 'Teknik derinlik ve profesyonel sunum açısından çok başarılı.', (timestamp '2026-06-15 09:00:00' + interval '12 hours 43 minutes') - interval '30 mins', (timestamp '2026-06-15 09:00:00' + interval '12 hours 43 minutes')) ON CONFLICT DO NOTHING;
INSERT INTO score_sheet_items (id, score_sheet_id, period_criterion_id, score_value) VALUES ('fb4ee449-bc22-49f8-ab9e-1dbb5d27428a', '5bd27559-c854-4d21-ac18-88b845487084', 'ace7bb79-4e9e-4b7f-a049-4b2684bb67d7', 29) ON CONFLICT DO NOTHING;
INSERT INTO score_sheet_items (id, score_sheet_id, period_criterion_id, score_value) VALUES ('350173a4-a31b-4e88-ad1c-3d96e80bd454', '5bd27559-c854-4d21-ac18-88b845487084', '3ceed4da-6045-435f-aaa5-f08cafe18240', 35) ON CONFLICT DO NOTHING;
INSERT INTO score_sheet_items (id, score_sheet_id, period_criterion_id, score_value) VALUES ('03e1af51-39db-4da2-a09b-f73917f27f75', '5bd27559-c854-4d21-ac18-88b845487084', '656fac7d-722f-4b52-aeb7-b36115296682', 22) ON CONFLICT DO NOTHING;
INSERT INTO score_sheets (id, period_id, project_id, juror_id, status, comment, started_at, last_activity_at) VALUES ('6effd12a-090c-4173-a92d-f3a872e70391', '05a1eb4a-d4cf-478b-a52d-578c3d9c22ad', '836703c7-94e5-4e9c-a1f4-c9aeca526cd1', '1b38351e-7a83-4c8f-ac0b-63c923df673f', 'submitted', 'Sağlam temeller üzerine kurulmuş, dengeli bir proje.', (timestamp '2026-06-15 09:00:00' + interval '12 hours 4 minutes') - interval '30 mins', (timestamp '2026-06-15 09:00:00' + interval '12 hours 4 minutes')) ON CONFLICT DO NOTHING;
INSERT INTO score_sheet_items (id, score_sheet_id, period_criterion_id, score_value) VALUES ('619d0246-b2d3-4164-a225-ba37bb1370d4', '6effd12a-090c-4173-a92d-f3a872e70391', 'ace7bb79-4e9e-4b7f-a049-4b2684bb67d7', 25) ON CONFLICT DO NOTHING;
INSERT INTO score_sheet_items (id, score_sheet_id, period_criterion_id, score_value) VALUES ('4fe72069-21f0-4f2d-a070-39e3f713d6f4', '6effd12a-090c-4173-a92d-f3a872e70391', '3ceed4da-6045-435f-aaa5-f08cafe18240', 30) ON CONFLICT DO NOTHING;
INSERT INTO score_sheet_items (id, score_sheet_id, period_criterion_id, score_value) VALUES ('7c66a492-2752-4cb6-a11c-606ca9c27955', '6effd12a-090c-4173-a92d-f3a872e70391', '656fac7d-722f-4b52-aeb7-b36115296682', 19) ON CONFLICT DO NOTHING;
INSERT INTO score_sheets (id, period_id, project_id, juror_id, status, comment, started_at, last_activity_at) VALUES ('400e7fb8-34c5-49f8-a50d-a85ec7e1576d', '05a1eb4a-d4cf-478b-a52d-578c3d9c22ad', '202b2597-5a44-4ae0-a6a5-4834870f87d0', '1b38351e-7a83-4c8f-ac0b-63c923df673f', 'submitted', NULL, (timestamp '2026-06-15 09:00:00' + interval '44 hours 46 minutes') - interval '30 mins', (timestamp '2026-06-15 09:00:00' + interval '44 hours 46 minutes')) ON CONFLICT DO NOTHING;
INSERT INTO score_sheet_items (id, score_sheet_id, period_criterion_id, score_value) VALUES ('ed063e7a-2c05-496f-a3f8-10a6e07f6ec7', '400e7fb8-34c5-49f8-a50d-a85ec7e1576d', 'ace7bb79-4e9e-4b7f-a049-4b2684bb67d7', 28) ON CONFLICT DO NOTHING;
INSERT INTO score_sheet_items (id, score_sheet_id, period_criterion_id, score_value) VALUES ('6d57d929-3983-4b56-a5b8-d97b45c85f0c', '400e7fb8-34c5-49f8-a50d-a85ec7e1576d', '3ceed4da-6045-435f-aaa5-f08cafe18240', 30) ON CONFLICT DO NOTHING;
INSERT INTO score_sheet_items (id, score_sheet_id, period_criterion_id, score_value) VALUES ('ff2f4f39-a1d8-4d15-a93e-210732bf8919', '400e7fb8-34c5-49f8-a50d-a85ec7e1576d', '656fac7d-722f-4b52-aeb7-b36115296682', 19) ON CONFLICT DO NOTHING;
INSERT INTO score_sheets (id, period_id, project_id, juror_id, status, comment, started_at, last_activity_at) VALUES ('2a7a7fed-cccc-4872-a8cc-db834fb56ae2', '05a1eb4a-d4cf-478b-a52d-578c3d9c22ad', '585f50bf-9fb8-4d91-a04d-ec0d9d96f763', '1b38351e-7a83-4c8f-ac0b-63c923df673f', 'submitted', 'Dengeli ve tutarlı bir proje. Zayıf nokta yok.', (timestamp '2026-06-15 09:00:00' + interval '41 hours 12 minutes') - interval '30 mins', (timestamp '2026-06-15 09:00:00' + interval '41 hours 12 minutes')) ON CONFLICT DO NOTHING;
INSERT INTO score_sheet_items (id, score_sheet_id, period_criterion_id, score_value) VALUES ('424f67ae-c5b7-4f74-ad96-3a5293e2b1b3', '2a7a7fed-cccc-4872-a8cc-db834fb56ae2', 'ace7bb79-4e9e-4b7f-a049-4b2684bb67d7', 27) ON CONFLICT DO NOTHING;
INSERT INTO score_sheet_items (id, score_sheet_id, period_criterion_id, score_value) VALUES ('da81c43a-5fe7-4e53-aee8-3f5fe7bf88ec', '2a7a7fed-cccc-4872-a8cc-db834fb56ae2', '3ceed4da-6045-435f-aaa5-f08cafe18240', 31) ON CONFLICT DO NOTHING;
INSERT INTO score_sheet_items (id, score_sheet_id, period_criterion_id, score_value) VALUES ('1fd8e667-ac5c-4a03-af05-2202ea19c838', '2a7a7fed-cccc-4872-a8cc-db834fb56ae2', '656fac7d-722f-4b52-aeb7-b36115296682', 19) ON CONFLICT DO NOTHING;
INSERT INTO score_sheets (id, period_id, project_id, juror_id, status, comment, started_at, last_activity_at) VALUES ('4aa57f65-657f-4faa-a4d7-c1094ffe4ffb', '05a1eb4a-d4cf-478b-a52d-578c3d9c22ad', '5b69ec00-b61b-4bf1-a938-c4645c26ab9b', '1b38351e-7a83-4c8f-ac0b-63c923df673f', 'submitted', NULL, (timestamp '2026-06-15 09:00:00' + interval '4 hours 7 minutes') - interval '30 mins', (timestamp '2026-06-15 09:00:00' + interval '4 hours 7 minutes')) ON CONFLICT DO NOTHING;
INSERT INTO score_sheet_items (id, score_sheet_id, period_criterion_id, score_value) VALUES ('0fd659ab-eae1-4a6b-ab93-d6901a510a43', '4aa57f65-657f-4faa-a4d7-c1094ffe4ffb', 'ace7bb79-4e9e-4b7f-a049-4b2684bb67d7', 18) ON CONFLICT DO NOTHING;
INSERT INTO score_sheet_items (id, score_sheet_id, period_criterion_id, score_value) VALUES ('963fd32e-782f-45d7-a26b-ce6ff6dad6e1', '4aa57f65-657f-4faa-a4d7-c1094ffe4ffb', '3ceed4da-6045-435f-aaa5-f08cafe18240', 27) ON CONFLICT DO NOTHING;
INSERT INTO score_sheet_items (id, score_sheet_id, period_criterion_id, score_value) VALUES ('4d43d296-3a01-4311-acb8-71f9cd2772e8', '4aa57f65-657f-4faa-a4d7-c1094ffe4ffb', '656fac7d-722f-4b52-aeb7-b36115296682', 15) ON CONFLICT DO NOTHING;
INSERT INTO score_sheets (id, period_id, project_id, juror_id, status, comment, started_at, last_activity_at) VALUES ('f6d1ac54-92a3-4ba8-ab76-c630657d68d9', '05a1eb4a-d4cf-478b-a52d-578c3d9c22ad', 'ec36e04f-bc08-484d-aec8-77976e40ccf2', '1b38351e-7a83-4c8f-ac0b-63c923df673f', 'submitted', 'Teknik olarak çok güçlü ama sunumu zayıf.', (timestamp '2026-06-15 09:00:00' + interval '43 hours 44 minutes') - interval '30 mins', (timestamp '2026-06-15 09:00:00' + interval '43 hours 44 minutes')) ON CONFLICT DO NOTHING;
INSERT INTO score_sheet_items (id, score_sheet_id, period_criterion_id, score_value) VALUES ('c1973858-b5fd-467f-adf4-1599dae76bf4', 'f6d1ac54-92a3-4ba8-ab76-c630657d68d9', 'ace7bb79-4e9e-4b7f-a049-4b2684bb67d7', 30) ON CONFLICT DO NOTHING;
INSERT INTO score_sheet_items (id, score_sheet_id, period_criterion_id, score_value) VALUES ('737e4d09-56cc-4976-ad44-e07ba812cedb', 'f6d1ac54-92a3-4ba8-ab76-c630657d68d9', '3ceed4da-6045-435f-aaa5-f08cafe18240', 35) ON CONFLICT DO NOTHING;
INSERT INTO score_sheet_items (id, score_sheet_id, period_criterion_id, score_value) VALUES ('cf8d0678-500a-4c8f-a37c-c29a3e2cb0c2', 'f6d1ac54-92a3-4ba8-ab76-c630657d68d9', '656fac7d-722f-4b52-aeb7-b36115296682', 21) ON CONFLICT DO NOTHING;
INSERT INTO score_sheets (id, period_id, project_id, juror_id, status, comment, started_at, last_activity_at) VALUES ('1a50a580-32fe-4657-aeb9-f69932cbb8e3', '05a1eb4a-d4cf-478b-a52d-578c3d9c22ad', '71359fc5-fa1d-49e0-a508-7791072924f7', '1b38351e-7a83-4c8f-ac0b-63c923df673f', 'submitted', NULL, (timestamp '2026-06-15 09:00:00' + interval '40 hours 59 minutes') - interval '30 mins', (timestamp '2026-06-15 09:00:00' + interval '40 hours 59 minutes')) ON CONFLICT DO NOTHING;
INSERT INTO score_sheet_items (id, score_sheet_id, period_criterion_id, score_value) VALUES ('12de9792-4a82-428a-a8d5-05f7e17219f4', '1a50a580-32fe-4657-aeb9-f69932cbb8e3', 'ace7bb79-4e9e-4b7f-a049-4b2684bb67d7', 28) ON CONFLICT DO NOTHING;
INSERT INTO score_sheet_items (id, score_sheet_id, period_criterion_id, score_value) VALUES ('91a737d7-66e6-4fc5-a14f-b80e3919771f', '1a50a580-32fe-4657-aeb9-f69932cbb8e3', '3ceed4da-6045-435f-aaa5-f08cafe18240', 33) ON CONFLICT DO NOTHING;
INSERT INTO score_sheet_items (id, score_sheet_id, period_criterion_id, score_value) VALUES ('7ff608c6-7095-4df0-a369-b123521fb11f', '1a50a580-32fe-4657-aeb9-f69932cbb8e3', '656fac7d-722f-4b52-aeb7-b36115296682', 20) ON CONFLICT DO NOTHING;
INSERT INTO score_sheets (id, period_id, project_id, juror_id, status, comment, started_at, last_activity_at) VALUES ('c3efb19e-824c-429b-aa63-8e5979fece56', '05a1eb4a-d4cf-478b-a52d-578c3d9c22ad', '29fa0b9f-8d4e-412b-a37c-51b840e6b742', '1b38351e-7a83-4c8f-ac0b-63c923df673f', 'submitted', 'Yavaş başladı ama çok güçlü bitirdi.', (timestamp '2026-06-15 09:00:00' + interval '26 hours 40 minutes') - interval '30 mins', (timestamp '2026-06-15 09:00:00' + interval '26 hours 40 minutes')) ON CONFLICT DO NOTHING;
INSERT INTO score_sheet_items (id, score_sheet_id, period_criterion_id, score_value) VALUES ('b5512d35-20b6-4502-a715-9d641d0beccb', 'c3efb19e-824c-429b-aa63-8e5979fece56', 'ace7bb79-4e9e-4b7f-a049-4b2684bb67d7', 29) ON CONFLICT DO NOTHING;
INSERT INTO score_sheet_items (id, score_sheet_id, period_criterion_id, score_value) VALUES ('2d58aebf-820c-461f-ac65-7f2cf7506f00', 'c3efb19e-824c-429b-aa63-8e5979fece56', '3ceed4da-6045-435f-aaa5-f08cafe18240', 33) ON CONFLICT DO NOTHING;
INSERT INTO score_sheet_items (id, score_sheet_id, period_criterion_id, score_value) VALUES ('0b14788e-6c00-4092-a994-35ea7a778dba', 'c3efb19e-824c-429b-aa63-8e5979fece56', '656fac7d-722f-4b52-aeb7-b36115296682', 20) ON CONFLICT DO NOTHING;
INSERT INTO score_sheets (id, period_id, project_id, juror_id, status, comment, started_at, last_activity_at) VALUES ('d549b405-2505-4f2c-a580-b39074c4c911', '05a1eb4a-d4cf-478b-a52d-578c3d9c22ad', '314813c6-1e28-4947-a126-999c48408c53', '1b38351e-7a83-4c8f-ac0b-63c923df673f', 'submitted', 'Minimum beklentiyi karşılıyor ama öne çıkmıyor.', (timestamp '2026-06-15 09:00:00' + interval '32 hours 32 minutes') - interval '30 mins', (timestamp '2026-06-15 09:00:00' + interval '32 hours 32 minutes')) ON CONFLICT DO NOTHING;
INSERT INTO score_sheet_items (id, score_sheet_id, period_criterion_id, score_value) VALUES ('8c173328-0b4c-4050-a6fc-f8c52bff23a4', 'd549b405-2505-4f2c-a580-b39074c4c911', 'ace7bb79-4e9e-4b7f-a049-4b2684bb67d7', 22) ON CONFLICT DO NOTHING;
INSERT INTO score_sheet_items (id, score_sheet_id, period_criterion_id, score_value) VALUES ('1bc7d248-9760-4fe6-a285-d09416995f32', 'd549b405-2505-4f2c-a580-b39074c4c911', '3ceed4da-6045-435f-aaa5-f08cafe18240', 27) ON CONFLICT DO NOTHING;
INSERT INTO score_sheet_items (id, score_sheet_id, period_criterion_id, score_value) VALUES ('e749bd23-45ec-4324-aecc-75981aec0e21', 'd549b405-2505-4f2c-a580-b39074c4c911', '656fac7d-722f-4b52-aeb7-b36115296682', 15) ON CONFLICT DO NOTHING;
INSERT INTO score_sheets (id, period_id, project_id, juror_id, status, comment, started_at, last_activity_at) VALUES ('7ecee3ab-15a6-42e3-a36c-e24c603f7eb3', 'bb63166c-d38c-4278-a1e9-5c8b7b081a6c', 'a426a611-7b78-434d-a881-aa71b5849acb', 'a49b6b5e-f40d-48f6-a398-87b85bbff743', 'submitted', NULL, (timestamp '2025-06-16 09:00:00' + interval '8 hours 25 minutes') - interval '30 mins', (timestamp '2025-06-16 09:00:00' + interval '8 hours 25 minutes')) ON CONFLICT DO NOTHING;
INSERT INTO score_sheet_items (id, score_sheet_id, period_criterion_id, score_value) VALUES ('62545c81-fe49-4db3-a894-8fae726e0fe6', '7ecee3ab-15a6-42e3-a36c-e24c603f7eb3', 'f7160a57-742e-4428-ad3a-9ac826e3b2a4', 30) ON CONFLICT DO NOTHING;
INSERT INTO score_sheet_items (id, score_sheet_id, period_criterion_id, score_value) VALUES ('54d65366-8242-4eae-aa1c-6d2163718e93', '7ecee3ab-15a6-42e3-a36c-e24c603f7eb3', 'c1ab6f6b-5e43-4f4f-aa87-bc0e498e5bf3', 35) ON CONFLICT DO NOTHING;
INSERT INTO score_sheet_items (id, score_sheet_id, period_criterion_id, score_value) VALUES ('b9571ac0-9e19-4db4-affe-9ad9753fd640', '7ecee3ab-15a6-42e3-a36c-e24c603f7eb3', 'e1076839-63e0-4033-aa0d-4dde565034ea', 21) ON CONFLICT DO NOTHING;
INSERT INTO score_sheets (id, period_id, project_id, juror_id, status, comment, started_at, last_activity_at) VALUES ('e5953413-dcc2-4a7f-a258-3cdc393e6cf1', 'bb63166c-d38c-4278-a1e9-5c8b7b081a6c', '399c8138-c254-4cc4-a305-be9db396f5be', 'a49b6b5e-f40d-48f6-a398-87b85bbff743', 'submitted', 'Sağlam temeller üzerine kurulmuş, dengeli bir proje.', (timestamp '2025-06-16 09:00:00' + interval '45 hours 3 minutes') - interval '30 mins', (timestamp '2025-06-16 09:00:00' + interval '45 hours 3 minutes')) ON CONFLICT DO NOTHING;
INSERT INTO score_sheet_items (id, score_sheet_id, period_criterion_id, score_value) VALUES ('32bb9c6a-8c30-47b9-ad47-202137f204fd', 'e5953413-dcc2-4a7f-a258-3cdc393e6cf1', 'f7160a57-742e-4428-ad3a-9ac826e3b2a4', 25) ON CONFLICT DO NOTHING;
INSERT INTO score_sheet_items (id, score_sheet_id, period_criterion_id, score_value) VALUES ('7a636cad-2467-4f84-a560-dc109cbc504a', 'e5953413-dcc2-4a7f-a258-3cdc393e6cf1', 'c1ab6f6b-5e43-4f4f-aa87-bc0e498e5bf3', 30) ON CONFLICT DO NOTHING;
INSERT INTO score_sheet_items (id, score_sheet_id, period_criterion_id, score_value) VALUES ('a683a5e1-ba77-406e-ac34-b6106bd83404', 'e5953413-dcc2-4a7f-a258-3cdc393e6cf1', 'e1076839-63e0-4033-aa0d-4dde565034ea', 19) ON CONFLICT DO NOTHING;
INSERT INTO score_sheets (id, period_id, project_id, juror_id, status, comment, started_at, last_activity_at) VALUES ('bdd6bfb6-400d-4977-a003-85ed884edcd6', 'bb63166c-d38c-4278-a1e9-5c8b7b081a6c', 'f70484ca-9482-441b-a0f1-a51bd61a5693', 'a49b6b5e-f40d-48f6-a398-87b85bbff743', 'submitted', 'İyi düzeyde teknik çalışma ve dokümantasyon.', (timestamp '2025-06-16 09:00:00' + interval '23 hours 45 minutes') - interval '30 mins', (timestamp '2025-06-16 09:00:00' + interval '23 hours 45 minutes')) ON CONFLICT DO NOTHING;
INSERT INTO score_sheet_items (id, score_sheet_id, period_criterion_id, score_value) VALUES ('603f6e4e-ecf2-4a2f-abfd-4651e0037d28', 'bdd6bfb6-400d-4977-a003-85ed884edcd6', 'f7160a57-742e-4428-ad3a-9ac826e3b2a4', 27) ON CONFLICT DO NOTHING;
INSERT INTO score_sheet_items (id, score_sheet_id, period_criterion_id, score_value) VALUES ('6e4cf1c9-c852-4afa-ae87-3fcf58a32bb3', 'bdd6bfb6-400d-4977-a003-85ed884edcd6', 'c1ab6f6b-5e43-4f4f-aa87-bc0e498e5bf3', 29) ON CONFLICT DO NOTHING;
INSERT INTO score_sheet_items (id, score_sheet_id, period_criterion_id, score_value) VALUES ('5b0dbfac-e22f-4d47-a1e2-583926431ed7', 'bdd6bfb6-400d-4977-a003-85ed884edcd6', 'e1076839-63e0-4033-aa0d-4dde565034ea', 19) ON CONFLICT DO NOTHING;
INSERT INTO score_sheets (id, period_id, project_id, juror_id, status, comment, started_at, last_activity_at) VALUES ('dc040add-d664-4c94-ad9b-24cee29ec27d', 'bb63166c-d38c-4278-a1e9-5c8b7b081a6c', '400acad2-774f-4bd3-a79a-e11c8d42fccb', 'a49b6b5e-f40d-48f6-a398-87b85bbff743', 'in_progress', NULL, (timestamp '2025-06-16 09:00:00' + interval '43 hours 37 minutes') - interval '30 mins', (timestamp '2025-06-16 09:00:00' + interval '43 hours 37 minutes')) ON CONFLICT DO NOTHING;
INSERT INTO score_sheet_items (id, score_sheet_id, period_criterion_id, score_value) VALUES ('252da8a5-178a-4fdf-a1b0-6c312e8b6ed4', 'dc040add-d664-4c94-ad9b-24cee29ec27d', 'f7160a57-742e-4428-ad3a-9ac826e3b2a4', 27) ON CONFLICT DO NOTHING;
INSERT INTO score_sheets (id, period_id, project_id, juror_id, status, comment, started_at, last_activity_at) VALUES ('c7be3300-240b-4700-adc4-5273f37b559c', 'bb63166c-d38c-4278-a1e9-5c8b7b081a6c', 'a426a611-7b78-434d-a881-aa71b5849acb', '9ff6ca95-c216-42cd-a63f-1e58b1756cf2', 'submitted', 'Teknik derinlik ve profesyonel sunum açısından çok başarılı.', (timestamp '2025-06-16 09:00:00' + interval '10 hours 24 minutes') - interval '30 mins', (timestamp '2025-06-16 09:00:00' + interval '10 hours 24 minutes')) ON CONFLICT DO NOTHING;
INSERT INTO score_sheet_items (id, score_sheet_id, period_criterion_id, score_value) VALUES ('4a22ba07-53c9-4708-a01a-94ae0584c957', 'c7be3300-240b-4700-adc4-5273f37b559c', 'f7160a57-742e-4428-ad3a-9ac826e3b2a4', 33) ON CONFLICT DO NOTHING;
INSERT INTO score_sheet_items (id, score_sheet_id, period_criterion_id, score_value) VALUES ('5aead315-8a2b-4ad6-ae36-90dc4986bfe9', 'c7be3300-240b-4700-adc4-5273f37b559c', 'c1ab6f6b-5e43-4f4f-aa87-bc0e498e5bf3', 40) ON CONFLICT DO NOTHING;
INSERT INTO score_sheet_items (id, score_sheet_id, period_criterion_id, score_value) VALUES ('6475eec3-4e4b-43ec-a23e-7471b083d950', 'c7be3300-240b-4700-adc4-5273f37b559c', 'e1076839-63e0-4033-aa0d-4dde565034ea', 23) ON CONFLICT DO NOTHING;
INSERT INTO score_sheets (id, period_id, project_id, juror_id, status, comment, started_at, last_activity_at) VALUES ('2b0c2a8b-8d94-41c3-a16d-87d5dc2e2179', 'bb63166c-d38c-4278-a1e9-5c8b7b081a6c', '399c8138-c254-4cc4-a305-be9db396f5be', '9ff6ca95-c216-42cd-a63f-1e58b1756cf2', 'submitted', 'Sağlam temeller üzerine kurulmuş, dengeli bir proje.', (timestamp '2025-06-16 09:00:00' + interval '13 hours 40 minutes') - interval '30 mins', (timestamp '2025-06-16 09:00:00' + interval '13 hours 40 minutes')) ON CONFLICT DO NOTHING;
INSERT INTO score_sheet_items (id, score_sheet_id, period_criterion_id, score_value) VALUES ('f9302324-807f-477a-a9b7-f9395f1f2ce6', '2b0c2a8b-8d94-41c3-a16d-87d5dc2e2179', 'f7160a57-742e-4428-ad3a-9ac826e3b2a4', 28) ON CONFLICT DO NOTHING;
INSERT INTO score_sheet_items (id, score_sheet_id, period_criterion_id, score_value) VALUES ('d2082892-5c7d-47f9-a032-3f3bc29bb087', '2b0c2a8b-8d94-41c3-a16d-87d5dc2e2179', 'c1ab6f6b-5e43-4f4f-aa87-bc0e498e5bf3', 32) ON CONFLICT DO NOTHING;
INSERT INTO score_sheet_items (id, score_sheet_id, period_criterion_id, score_value) VALUES ('fbb3aa4b-a366-46f0-a77a-77de4951347d', '2b0c2a8b-8d94-41c3-a16d-87d5dc2e2179', 'e1076839-63e0-4033-aa0d-4dde565034ea', 21) ON CONFLICT DO NOTHING;
INSERT INTO score_sheets (id, period_id, project_id, juror_id, status, comment, started_at, last_activity_at) VALUES ('fe50013a-4e90-4325-ac86-8767fe28d58d', 'bb63166c-d38c-4278-a1e9-5c8b7b081a6c', 'f70484ca-9482-441b-a0f1-a51bd61a5693', '9ff6ca95-c216-42cd-a63f-1e58b1756cf2', 'submitted', 'Sağlam temeller üzerine kurulmuş, dengeli bir proje.', (timestamp '2025-06-16 09:00:00' + interval '27 hours 49 minutes') - interval '30 mins', (timestamp '2025-06-16 09:00:00' + interval '27 hours 49 minutes')) ON CONFLICT DO NOTHING;
INSERT INTO score_sheet_items (id, score_sheet_id, period_criterion_id, score_value) VALUES ('ff1c1241-cc06-443f-a80c-240e21bf32e0', 'fe50013a-4e90-4325-ac86-8767fe28d58d', 'f7160a57-742e-4428-ad3a-9ac826e3b2a4', 27) ON CONFLICT DO NOTHING;
INSERT INTO score_sheet_items (id, score_sheet_id, period_criterion_id, score_value) VALUES ('a9191cd0-9c24-4fab-a7ed-ebbb304904aa', 'fe50013a-4e90-4325-ac86-8767fe28d58d', 'c1ab6f6b-5e43-4f4f-aa87-bc0e498e5bf3', 35) ON CONFLICT DO NOTHING;
INSERT INTO score_sheet_items (id, score_sheet_id, period_criterion_id, score_value) VALUES ('25213b4e-0854-433a-a394-c133a8b71c20', 'fe50013a-4e90-4325-ac86-8767fe28d58d', 'e1076839-63e0-4033-aa0d-4dde565034ea', 19) ON CONFLICT DO NOTHING;
INSERT INTO score_sheets (id, period_id, project_id, juror_id, status, comment, started_at, last_activity_at) VALUES ('daba9dd0-5cec-401d-a3ab-c444fada1b2b', 'bb63166c-d38c-4278-a1e9-5c8b7b081a6c', '400acad2-774f-4bd3-a79a-e11c8d42fccb', '9ff6ca95-c216-42cd-a63f-1e58b1756cf2', 'submitted', NULL, (timestamp '2025-06-16 09:00:00' + interval '12 hours 30 minutes') - interval '30 mins', (timestamp '2025-06-16 09:00:00' + interval '12 hours 30 minutes')) ON CONFLICT DO NOTHING;
INSERT INTO score_sheet_items (id, score_sheet_id, period_criterion_id, score_value) VALUES ('14c860a7-615e-406f-a24f-eb05ea9796dd', 'daba9dd0-5cec-401d-a3ab-c444fada1b2b', 'f7160a57-742e-4428-ad3a-9ac826e3b2a4', 32) ON CONFLICT DO NOTHING;
INSERT INTO score_sheet_items (id, score_sheet_id, period_criterion_id, score_value) VALUES ('a88840e7-64fa-4f27-af2e-41285bcf3970', 'daba9dd0-5cec-401d-a3ab-c444fada1b2b', 'c1ab6f6b-5e43-4f4f-aa87-bc0e498e5bf3', 34) ON CONFLICT DO NOTHING;
INSERT INTO score_sheet_items (id, score_sheet_id, period_criterion_id, score_value) VALUES ('93bfad97-a296-4ec9-ae17-7d62ce3a3a5f', 'daba9dd0-5cec-401d-a3ab-c444fada1b2b', 'e1076839-63e0-4033-aa0d-4dde565034ea', 21) ON CONFLICT DO NOTHING;
INSERT INTO score_sheets (id, period_id, project_id, juror_id, status, comment, started_at, last_activity_at) VALUES ('a989b4ac-33e9-468d-a4d9-d29aa7bca135', 'bb63166c-d38c-4278-a1e9-5c8b7b081a6c', '4c9ede54-b520-4ff1-a1b6-13c11843fc36', '9ff6ca95-c216-42cd-a63f-1e58b1756cf2', 'submitted', 'İddialı kapsam, karışık sonuçlar.', (timestamp '2025-06-16 09:00:00' + interval '44 hours 5 minutes') - interval '30 mins', (timestamp '2025-06-16 09:00:00' + interval '44 hours 5 minutes')) ON CONFLICT DO NOTHING;
INSERT INTO score_sheet_items (id, score_sheet_id, period_criterion_id, score_value) VALUES ('c2ffcf43-9faf-4407-aebe-4a726709ea4f', 'a989b4ac-33e9-468d-a4d9-d29aa7bca135', 'f7160a57-742e-4428-ad3a-9ac826e3b2a4', 25) ON CONFLICT DO NOTHING;
INSERT INTO score_sheet_items (id, score_sheet_id, period_criterion_id, score_value) VALUES ('63c7f995-ffd6-42ba-a52f-24c2b5ebcd87', 'a989b4ac-33e9-468d-a4d9-d29aa7bca135', 'c1ab6f6b-5e43-4f4f-aa87-bc0e498e5bf3', 40) ON CONFLICT DO NOTHING;
INSERT INTO score_sheet_items (id, score_sheet_id, period_criterion_id, score_value) VALUES ('50f71623-1266-4244-a22b-735074b83892', 'a989b4ac-33e9-468d-a4d9-d29aa7bca135', 'e1076839-63e0-4033-aa0d-4dde565034ea', 18) ON CONFLICT DO NOTHING;
INSERT INTO score_sheets (id, period_id, project_id, juror_id, status, comment, started_at, last_activity_at) VALUES ('357f3afa-f9a5-4ffe-a2f3-7a13d6924af8', 'bb63166c-d38c-4278-a1e9-5c8b7b081a6c', '50e9d1b3-3c7f-4b05-a7a1-857fd66fa3f0', '9ff6ca95-c216-42cd-a63f-1e58b1756cf2', 'submitted', NULL, (timestamp '2025-06-16 09:00:00' + interval '28 hours 1 minutes') - interval '30 mins', (timestamp '2025-06-16 09:00:00' + interval '28 hours 1 minutes')) ON CONFLICT DO NOTHING;
INSERT INTO score_sheet_items (id, score_sheet_id, period_criterion_id, score_value) VALUES ('a8f04e07-25a5-408c-a577-3fa351a1891d', '357f3afa-f9a5-4ffe-a2f3-7a13d6924af8', 'f7160a57-742e-4428-ad3a-9ac826e3b2a4', 33) ON CONFLICT DO NOTHING;
INSERT INTO score_sheet_items (id, score_sheet_id, period_criterion_id, score_value) VALUES ('dc63a08c-7472-49f6-a480-530d25035af4', '357f3afa-f9a5-4ffe-a2f3-7a13d6924af8', 'c1ab6f6b-5e43-4f4f-aa87-bc0e498e5bf3', 38) ON CONFLICT DO NOTHING;
INSERT INTO score_sheet_items (id, score_sheet_id, period_criterion_id, score_value) VALUES ('de77cd10-828b-438b-a6e9-e1227a58d759', '357f3afa-f9a5-4ffe-a2f3-7a13d6924af8', 'e1076839-63e0-4033-aa0d-4dde565034ea', 23) ON CONFLICT DO NOTHING;
INSERT INTO score_sheets (id, period_id, project_id, juror_id, status, comment, started_at, last_activity_at) VALUES ('7c7033b1-319c-4120-a786-8585e03b4b0c', 'bb63166c-d38c-4278-a1e9-5c8b7b081a6c', '2aa8caf1-77ba-4449-aecb-8b2f8b134db8', '9ff6ca95-c216-42cd-a63f-1e58b1756cf2', 'submitted', 'Minimum beklentiyi karşılıyor ama öne çıkmıyor.', (timestamp '2025-06-16 09:00:00' + interval '2 hours 27 minutes') - interval '30 mins', (timestamp '2025-06-16 09:00:00' + interval '2 hours 27 minutes')) ON CONFLICT DO NOTHING;
INSERT INTO score_sheet_items (id, score_sheet_id, period_criterion_id, score_value) VALUES ('f958193c-74fd-4655-a13d-8d05013bd3ee', '7c7033b1-319c-4120-a786-8585e03b4b0c', 'f7160a57-742e-4428-ad3a-9ac826e3b2a4', 25) ON CONFLICT DO NOTHING;
INSERT INTO score_sheet_items (id, score_sheet_id, period_criterion_id, score_value) VALUES ('a2138cad-3d6f-4699-a972-2f01a69fdbb3', '7c7033b1-319c-4120-a786-8585e03b4b0c', 'c1ab6f6b-5e43-4f4f-aa87-bc0e498e5bf3', 30) ON CONFLICT DO NOTHING;
INSERT INTO score_sheet_items (id, score_sheet_id, period_criterion_id, score_value) VALUES ('fb3a47a7-2b33-47e0-ab08-e38761758ca2', '7c7033b1-319c-4120-a786-8585e03b4b0c', 'e1076839-63e0-4033-aa0d-4dde565034ea', 17) ON CONFLICT DO NOTHING;
INSERT INTO score_sheets (id, period_id, project_id, juror_id, status, comment, started_at, last_activity_at) VALUES ('5abfd40a-5c67-4430-a642-94cc0568034e', 'bb63166c-d38c-4278-a1e9-5c8b7b081a6c', '9ee62063-d4dd-493d-a02d-11c9e75cae34', '9ff6ca95-c216-42cd-a63f-1e58b1756cf2', 'submitted', NULL, (timestamp '2025-06-16 09:00:00' + interval '35 hours 14 minutes') - interval '30 mins', (timestamp '2025-06-16 09:00:00' + interval '35 hours 14 minutes')) ON CONFLICT DO NOTHING;
INSERT INTO score_sheet_items (id, score_sheet_id, period_criterion_id, score_value) VALUES ('e5912473-492a-4db8-a38d-329b15a811e0', '5abfd40a-5c67-4430-a642-94cc0568034e', 'f7160a57-742e-4428-ad3a-9ac826e3b2a4', 25) ON CONFLICT DO NOTHING;
INSERT INTO score_sheet_items (id, score_sheet_id, period_criterion_id, score_value) VALUES ('eede9bc7-0008-4f47-a7ca-e9f8f495594d', '5abfd40a-5c67-4430-a642-94cc0568034e', 'c1ab6f6b-5e43-4f4f-aa87-bc0e498e5bf3', 30) ON CONFLICT DO NOTHING;
INSERT INTO score_sheet_items (id, score_sheet_id, period_criterion_id, score_value) VALUES ('2aa91976-179b-4739-aa98-d380a3e5f60f', '5abfd40a-5c67-4430-a642-94cc0568034e', 'e1076839-63e0-4033-aa0d-4dde565034ea', 19) ON CONFLICT DO NOTHING;
INSERT INTO score_sheets (id, period_id, project_id, juror_id, status, comment, started_at, last_activity_at) VALUES ('d106c532-fbda-45df-a588-93e7bb4856cb', 'bb63166c-d38c-4278-a1e9-5c8b7b081a6c', 'a426a611-7b78-434d-a881-aa71b5849acb', '9d55d273-9fd8-4365-a294-404246566892', 'submitted', NULL, (timestamp '2025-06-16 09:00:00' + interval '23 hours 36 minutes') - interval '30 mins', (timestamp '2025-06-16 09:00:00' + interval '23 hours 36 minutes')) ON CONFLICT DO NOTHING;
INSERT INTO score_sheet_items (id, score_sheet_id, period_criterion_id, score_value) VALUES ('80fd60cc-673b-499c-aec3-7f728710aae3', 'd106c532-fbda-45df-a588-93e7bb4856cb', 'f7160a57-742e-4428-ad3a-9ac826e3b2a4', 29) ON CONFLICT DO NOTHING;
INSERT INTO score_sheet_items (id, score_sheet_id, period_criterion_id, score_value) VALUES ('5f087dd9-9788-4a0d-a657-ba2d61c1401a', 'd106c532-fbda-45df-a588-93e7bb4856cb', 'c1ab6f6b-5e43-4f4f-aa87-bc0e498e5bf3', 37) ON CONFLICT DO NOTHING;
INSERT INTO score_sheet_items (id, score_sheet_id, period_criterion_id, score_value) VALUES ('dda6edf9-0dae-49e6-ae34-908eea03e608', 'd106c532-fbda-45df-a588-93e7bb4856cb', 'e1076839-63e0-4033-aa0d-4dde565034ea', 24) ON CONFLICT DO NOTHING;
INSERT INTO score_sheets (id, period_id, project_id, juror_id, status, comment, started_at, last_activity_at) VALUES ('e67bb74f-3d3f-4223-ac7c-ca38a10c5ef8', 'bb63166c-d38c-4278-a1e9-5c8b7b081a6c', '399c8138-c254-4cc4-a305-be9db396f5be', '9d55d273-9fd8-4365-a294-404246566892', 'submitted', NULL, (timestamp '2025-06-16 09:00:00' + interval '16 hours 1 minutes') - interval '30 mins', (timestamp '2025-06-16 09:00:00' + interval '16 hours 1 minutes')) ON CONFLICT DO NOTHING;
INSERT INTO score_sheet_items (id, score_sheet_id, period_criterion_id, score_value) VALUES ('48bec3aa-6ed1-4709-a287-80903af4877c', 'e67bb74f-3d3f-4223-ac7c-ca38a10c5ef8', 'f7160a57-742e-4428-ad3a-9ac826e3b2a4', 27) ON CONFLICT DO NOTHING;
INSERT INTO score_sheet_items (id, score_sheet_id, period_criterion_id, score_value) VALUES ('9490438d-fdd7-4dd6-adb1-3413ce63ecca', 'e67bb74f-3d3f-4223-ac7c-ca38a10c5ef8', 'c1ab6f6b-5e43-4f4f-aa87-bc0e498e5bf3', 33) ON CONFLICT DO NOTHING;
INSERT INTO score_sheet_items (id, score_sheet_id, period_criterion_id, score_value) VALUES ('df9116ea-3386-4f7f-afd9-a68da7d353bc', 'e67bb74f-3d3f-4223-ac7c-ca38a10c5ef8', 'e1076839-63e0-4033-aa0d-4dde565034ea', 19) ON CONFLICT DO NOTHING;
INSERT INTO score_sheets (id, period_id, project_id, juror_id, status, comment, started_at, last_activity_at) VALUES ('8f060928-4064-4b84-a1d8-43b5ab032c68', 'bb63166c-d38c-4278-a1e9-5c8b7b081a6c', 'f70484ca-9482-441b-a0f1-a51bd61a5693', '9d55d273-9fd8-4365-a294-404246566892', 'submitted', NULL, (timestamp '2025-06-16 09:00:00' + interval '22 hours 8 minutes') - interval '30 mins', (timestamp '2025-06-16 09:00:00' + interval '22 hours 8 minutes')) ON CONFLICT DO NOTHING;
INSERT INTO score_sheet_items (id, score_sheet_id, period_criterion_id, score_value) VALUES ('0d979887-f67e-4dce-a7f5-15f8b9909c9b', '8f060928-4064-4b84-a1d8-43b5ab032c68', 'f7160a57-742e-4428-ad3a-9ac826e3b2a4', 26) ON CONFLICT DO NOTHING;
INSERT INTO score_sheet_items (id, score_sheet_id, period_criterion_id, score_value) VALUES ('30d9f3e3-4cdb-44c0-a96d-c14e4e528c17', '8f060928-4064-4b84-a1d8-43b5ab032c68', 'c1ab6f6b-5e43-4f4f-aa87-bc0e498e5bf3', 31) ON CONFLICT DO NOTHING;
INSERT INTO score_sheet_items (id, score_sheet_id, period_criterion_id, score_value) VALUES ('31c58797-b9ce-47bc-aa72-4dd5f7bb1b73', '8f060928-4064-4b84-a1d8-43b5ab032c68', 'e1076839-63e0-4033-aa0d-4dde565034ea', 21) ON CONFLICT DO NOTHING;
INSERT INTO score_sheets (id, period_id, project_id, juror_id, status, comment, started_at, last_activity_at) VALUES ('fa3cab67-64a3-42a6-ad00-d746f5d45626', 'bb63166c-d38c-4278-a1e9-5c8b7b081a6c', '400acad2-774f-4bd3-a79a-e11c8d42fccb', '9d55d273-9fd8-4365-a294-404246566892', 'submitted', 'Dengeli ve tutarlı bir proje. Zayıf nokta yok.', (timestamp '2025-06-16 09:00:00' + interval '26 hours 47 minutes') - interval '30 mins', (timestamp '2025-06-16 09:00:00' + interval '26 hours 47 minutes')) ON CONFLICT DO NOTHING;
INSERT INTO score_sheet_items (id, score_sheet_id, period_criterion_id, score_value) VALUES ('433a0efd-61d3-4a6e-a78d-0acc0c91d3b1', 'fa3cab67-64a3-42a6-ad00-d746f5d45626', 'f7160a57-742e-4428-ad3a-9ac826e3b2a4', 28) ON CONFLICT DO NOTHING;
INSERT INTO score_sheet_items (id, score_sheet_id, period_criterion_id, score_value) VALUES ('d43b3614-9a87-44a6-a713-2ff1849ce82c', 'fa3cab67-64a3-42a6-ad00-d746f5d45626', 'c1ab6f6b-5e43-4f4f-aa87-bc0e498e5bf3', 32) ON CONFLICT DO NOTHING;
INSERT INTO score_sheet_items (id, score_sheet_id, period_criterion_id, score_value) VALUES ('2c0d8dac-422c-4725-a5ba-e15b8a237415', 'fa3cab67-64a3-42a6-ad00-d746f5d45626', 'e1076839-63e0-4033-aa0d-4dde565034ea', 21) ON CONFLICT DO NOTHING;
INSERT INTO score_sheets (id, period_id, project_id, juror_id, status, comment, started_at, last_activity_at) VALUES ('bbbb6651-ed35-4e0f-aafb-cc86a5ff96a8', 'bb63166c-d38c-4278-a1e9-5c8b7b081a6c', '4c9ede54-b520-4ff1-a1b6-13c11843fc36', '9d55d273-9fd8-4365-a294-404246566892', 'submitted', 'İddialı kapsam, karışık sonuçlar.', (timestamp '2025-06-16 09:00:00' + interval '1 hours 14 minutes') - interval '30 mins', (timestamp '2025-06-16 09:00:00' + interval '1 hours 14 minutes')) ON CONFLICT DO NOTHING;
INSERT INTO score_sheet_items (id, score_sheet_id, period_criterion_id, score_value) VALUES ('1293888a-bada-41a5-a515-0c01d3c0cc0e', 'bbbb6651-ed35-4e0f-aafb-cc86a5ff96a8', 'f7160a57-742e-4428-ad3a-9ac826e3b2a4', 20) ON CONFLICT DO NOTHING;
INSERT INTO score_sheet_items (id, score_sheet_id, period_criterion_id, score_value) VALUES ('dfbfad00-4aba-406e-a19f-59f2d4add6a5', 'bbbb6651-ed35-4e0f-aafb-cc86a5ff96a8', 'c1ab6f6b-5e43-4f4f-aa87-bc0e498e5bf3', 32) ON CONFLICT DO NOTHING;
INSERT INTO score_sheet_items (id, score_sheet_id, period_criterion_id, score_value) VALUES ('e3a916dc-b609-4a71-ace1-c4bfae6bdb2b', 'bbbb6651-ed35-4e0f-aafb-cc86a5ff96a8', 'e1076839-63e0-4033-aa0d-4dde565034ea', 25) ON CONFLICT DO NOTHING;
INSERT INTO score_sheets (id, period_id, project_id, juror_id, status, comment, started_at, last_activity_at) VALUES ('1cd6e50a-78ba-438f-a695-c32608bdb319', 'bb63166c-d38c-4278-a1e9-5c8b7b081a6c', '50e9d1b3-3c7f-4b05-a7a1-857fd66fa3f0', '9d55d273-9fd8-4365-a294-404246566892', 'submitted', NULL, (timestamp '2025-06-16 09:00:00' + interval '20 hours 18 minutes') - interval '30 mins', (timestamp '2025-06-16 09:00:00' + interval '20 hours 18 minutes')) ON CONFLICT DO NOTHING;
INSERT INTO score_sheet_items (id, score_sheet_id, period_criterion_id, score_value) VALUES ('23a86b6e-abbd-4982-ad25-e1c188f4374f', '1cd6e50a-78ba-438f-a695-c32608bdb319', 'f7160a57-742e-4428-ad3a-9ac826e3b2a4', 30) ON CONFLICT DO NOTHING;
INSERT INTO score_sheet_items (id, score_sheet_id, period_criterion_id, score_value) VALUES ('e40dc7fc-e095-4352-ab62-25773adb0dde', '1cd6e50a-78ba-438f-a695-c32608bdb319', 'c1ab6f6b-5e43-4f4f-aa87-bc0e498e5bf3', 35) ON CONFLICT DO NOTHING;
INSERT INTO score_sheet_items (id, score_sheet_id, period_criterion_id, score_value) VALUES ('b81a3644-845d-426c-aa53-4b82e49dec5d', '1cd6e50a-78ba-438f-a695-c32608bdb319', 'e1076839-63e0-4033-aa0d-4dde565034ea', 22) ON CONFLICT DO NOTHING;
INSERT INTO score_sheets (id, period_id, project_id, juror_id, status, comment, started_at, last_activity_at) VALUES ('7105e6a4-5e3f-4dfe-acc8-691dad992119', 'bb63166c-d38c-4278-a1e9-5c8b7b081a6c', '2aa8caf1-77ba-4449-aecb-8b2f8b134db8', '9d55d273-9fd8-4365-a294-404246566892', 'submitted', NULL, (timestamp '2025-06-16 09:00:00' + interval '2 hours 55 minutes') - interval '30 mins', (timestamp '2025-06-16 09:00:00' + interval '2 hours 55 minutes')) ON CONFLICT DO NOTHING;
INSERT INTO score_sheet_items (id, score_sheet_id, period_criterion_id, score_value) VALUES ('8e1b5660-eb8d-434d-a0f3-1b8a3b9048a4', '7105e6a4-5e3f-4dfe-acc8-691dad992119', 'f7160a57-742e-4428-ad3a-9ac826e3b2a4', 25) ON CONFLICT DO NOTHING;
INSERT INTO score_sheet_items (id, score_sheet_id, period_criterion_id, score_value) VALUES ('53c18432-71c4-402c-a66f-f44277f9f5ff', '7105e6a4-5e3f-4dfe-acc8-691dad992119', 'c1ab6f6b-5e43-4f4f-aa87-bc0e498e5bf3', 25) ON CONFLICT DO NOTHING;
INSERT INTO score_sheet_items (id, score_sheet_id, period_criterion_id, score_value) VALUES ('da78a7cd-33eb-4d4f-a620-1eddaf51ae39', '7105e6a4-5e3f-4dfe-acc8-691dad992119', 'e1076839-63e0-4033-aa0d-4dde565034ea', 14) ON CONFLICT DO NOTHING;
INSERT INTO score_sheets (id, period_id, project_id, juror_id, status, comment, started_at, last_activity_at) VALUES ('e21096d2-22a3-4c79-a543-a19cbca3be05', 'bb63166c-d38c-4278-a1e9-5c8b7b081a6c', '9ee62063-d4dd-493d-a02d-11c9e75cae34', '9d55d273-9fd8-4365-a294-404246566892', 'submitted', NULL, (timestamp '2025-06-16 09:00:00' + interval '24 hours 22 minutes') - interval '30 mins', (timestamp '2025-06-16 09:00:00' + interval '24 hours 22 minutes')) ON CONFLICT DO NOTHING;
INSERT INTO score_sheet_items (id, score_sheet_id, period_criterion_id, score_value) VALUES ('ecc47d5a-5cbe-4a68-a788-b4d038c5bd7b', 'e21096d2-22a3-4c79-a543-a19cbca3be05', 'f7160a57-742e-4428-ad3a-9ac826e3b2a4', 23) ON CONFLICT DO NOTHING;
INSERT INTO score_sheet_items (id, score_sheet_id, period_criterion_id, score_value) VALUES ('b1335429-997c-46a6-a032-42f43ebda088', 'e21096d2-22a3-4c79-a543-a19cbca3be05', 'c1ab6f6b-5e43-4f4f-aa87-bc0e498e5bf3', 29) ON CONFLICT DO NOTHING;
INSERT INTO score_sheet_items (id, score_sheet_id, period_criterion_id, score_value) VALUES ('984cf617-e2ae-4fe8-ad27-7c8e0e9e7f09', 'e21096d2-22a3-4c79-a543-a19cbca3be05', 'e1076839-63e0-4033-aa0d-4dde565034ea', 19) ON CONFLICT DO NOTHING;
INSERT INTO score_sheets (id, period_id, project_id, juror_id, status, comment, started_at, last_activity_at) VALUES ('e0faa243-c94c-4b69-adef-69e9fa9c0499', 'bb63166c-d38c-4278-a1e9-5c8b7b081a6c', 'a426a611-7b78-434d-a881-aa71b5849acb', '340c81c5-080f-439e-a6c5-ce3d5ececb07', 'submitted', NULL, (timestamp '2025-06-16 09:00:00' + interval '19 hours 57 minutes') - interval '30 mins', (timestamp '2025-06-16 09:00:00' + interval '19 hours 57 minutes')) ON CONFLICT DO NOTHING;
INSERT INTO score_sheet_items (id, score_sheet_id, period_criterion_id, score_value) VALUES ('3a465c88-4051-47bc-a46d-dc424b280a06', 'e0faa243-c94c-4b69-adef-69e9fa9c0499', 'f7160a57-742e-4428-ad3a-9ac826e3b2a4', 32) ON CONFLICT DO NOTHING;
INSERT INTO score_sheet_items (id, score_sheet_id, period_criterion_id, score_value) VALUES ('583dbba7-f0c7-4fd3-a44f-474c443b383d', 'e0faa243-c94c-4b69-adef-69e9fa9c0499', 'c1ab6f6b-5e43-4f4f-aa87-bc0e498e5bf3', 37) ON CONFLICT DO NOTHING;
INSERT INTO score_sheet_items (id, score_sheet_id, period_criterion_id, score_value) VALUES ('cae894a9-c1da-4d27-abd3-3ceeef2a3b07', 'e0faa243-c94c-4b69-adef-69e9fa9c0499', 'e1076839-63e0-4033-aa0d-4dde565034ea', 23) ON CONFLICT DO NOTHING;
INSERT INTO score_sheets (id, period_id, project_id, juror_id, status, comment, started_at, last_activity_at) VALUES ('29595151-76a8-4229-a81f-08c91026aef1', 'bb63166c-d38c-4278-a1e9-5c8b7b081a6c', '399c8138-c254-4cc4-a305-be9db396f5be', '340c81c5-080f-439e-a6c5-ce3d5ececb07', 'submitted', NULL, (timestamp '2025-06-16 09:00:00' + interval '53 hours 33 minutes') - interval '30 mins', (timestamp '2025-06-16 09:00:00' + interval '53 hours 33 minutes')) ON CONFLICT DO NOTHING;
INSERT INTO score_sheet_items (id, score_sheet_id, period_criterion_id, score_value) VALUES ('372c0027-fbc2-46fe-ae96-9ac877ab8542', '29595151-76a8-4229-a81f-08c91026aef1', 'f7160a57-742e-4428-ad3a-9ac826e3b2a4', 30) ON CONFLICT DO NOTHING;
INSERT INTO score_sheet_items (id, score_sheet_id, period_criterion_id, score_value) VALUES ('5c547655-6fcd-4595-a93f-b92fb403c235', '29595151-76a8-4229-a81f-08c91026aef1', 'c1ab6f6b-5e43-4f4f-aa87-bc0e498e5bf3', 33) ON CONFLICT DO NOTHING;
INSERT INTO score_sheet_items (id, score_sheet_id, period_criterion_id, score_value) VALUES ('9a7bf125-b87e-4fcc-a11b-b1f62906a7a5', '29595151-76a8-4229-a81f-08c91026aef1', 'e1076839-63e0-4033-aa0d-4dde565034ea', 21) ON CONFLICT DO NOTHING;
INSERT INTO score_sheets (id, period_id, project_id, juror_id, status, comment, started_at, last_activity_at) VALUES ('8e3a8efe-c38b-4f91-a669-7c6fd07a7b20', 'bb63166c-d38c-4278-a1e9-5c8b7b081a6c', 'f70484ca-9482-441b-a0f1-a51bd61a5693', '340c81c5-080f-439e-a6c5-ce3d5ececb07', 'submitted', NULL, (timestamp '2025-06-16 09:00:00' + interval '46 hours 41 minutes') - interval '30 mins', (timestamp '2025-06-16 09:00:00' + interval '46 hours 41 minutes')) ON CONFLICT DO NOTHING;
INSERT INTO score_sheet_items (id, score_sheet_id, period_criterion_id, score_value) VALUES ('9945ed3e-b9b2-493e-a73d-db871652a4e4', '8e3a8efe-c38b-4f91-a669-7c6fd07a7b20', 'f7160a57-742e-4428-ad3a-9ac826e3b2a4', 29) ON CONFLICT DO NOTHING;
INSERT INTO score_sheet_items (id, score_sheet_id, period_criterion_id, score_value) VALUES ('290d4a1d-47b6-45f7-aeec-29c8e6e0172e', '8e3a8efe-c38b-4f91-a669-7c6fd07a7b20', 'c1ab6f6b-5e43-4f4f-aa87-bc0e498e5bf3', 31) ON CONFLICT DO NOTHING;
INSERT INTO score_sheet_items (id, score_sheet_id, period_criterion_id, score_value) VALUES ('86ae1d58-21a9-479b-abf8-09ddf1cf79f4', '8e3a8efe-c38b-4f91-a669-7c6fd07a7b20', 'e1076839-63e0-4033-aa0d-4dde565034ea', 21) ON CONFLICT DO NOTHING;
INSERT INTO score_sheets (id, period_id, project_id, juror_id, status, comment, started_at, last_activity_at) VALUES ('e8572976-713c-4dfe-a0dd-ceaf04c39851', 'bb63166c-d38c-4278-a1e9-5c8b7b081a6c', '400acad2-774f-4bd3-a79a-e11c8d42fccb', '340c81c5-080f-439e-a6c5-ce3d5ececb07', 'submitted', NULL, (timestamp '2025-06-16 09:00:00' + interval '46 hours 16 minutes') - interval '30 mins', (timestamp '2025-06-16 09:00:00' + interval '46 hours 16 minutes')) ON CONFLICT DO NOTHING;
INSERT INTO score_sheet_items (id, score_sheet_id, period_criterion_id, score_value) VALUES ('08aeafbf-03ad-4af4-a585-8d6ce9c7c837', 'e8572976-713c-4dfe-a0dd-ceaf04c39851', 'f7160a57-742e-4428-ad3a-9ac826e3b2a4', 29) ON CONFLICT DO NOTHING;
INSERT INTO score_sheet_items (id, score_sheet_id, period_criterion_id, score_value) VALUES ('a656ffab-7e7e-453f-ae84-c1b6d3adbc56', 'e8572976-713c-4dfe-a0dd-ceaf04c39851', 'c1ab6f6b-5e43-4f4f-aa87-bc0e498e5bf3', 36) ON CONFLICT DO NOTHING;
INSERT INTO score_sheet_items (id, score_sheet_id, period_criterion_id, score_value) VALUES ('91ae361b-802f-45d4-a76c-74458cb81630', 'e8572976-713c-4dfe-a0dd-ceaf04c39851', 'e1076839-63e0-4033-aa0d-4dde565034ea', 22) ON CONFLICT DO NOTHING;
INSERT INTO score_sheets (id, period_id, project_id, juror_id, status, comment, started_at, last_activity_at) VALUES ('82f700dd-9294-499f-a406-6d45e4f714de', 'bb63166c-d38c-4278-a1e9-5c8b7b081a6c', '4c9ede54-b520-4ff1-a1b6-13c11843fc36', '340c81c5-080f-439e-a6c5-ce3d5ececb07', 'submitted', 'Bazı parlak anlar var ama tutarsız performans.', (timestamp '2025-06-16 09:00:00' + interval '44 hours 31 minutes') - interval '30 mins', (timestamp '2025-06-16 09:00:00' + interval '44 hours 31 minutes')) ON CONFLICT DO NOTHING;
INSERT INTO score_sheet_items (id, score_sheet_id, period_criterion_id, score_value) VALUES ('07151ca5-910a-407c-a4b3-e699755fbe9f', '82f700dd-9294-499f-a406-6d45e4f714de', 'f7160a57-742e-4428-ad3a-9ac826e3b2a4', 30) ON CONFLICT DO NOTHING;
INSERT INTO score_sheet_items (id, score_sheet_id, period_criterion_id, score_value) VALUES ('cc82f0c4-218a-4007-a6e0-36402f069c82', '82f700dd-9294-499f-a406-6d45e4f714de', 'c1ab6f6b-5e43-4f4f-aa87-bc0e498e5bf3', 27) ON CONFLICT DO NOTHING;
INSERT INTO score_sheet_items (id, score_sheet_id, period_criterion_id, score_value) VALUES ('94151c7a-e40f-488a-a10d-1170ed83d660', '82f700dd-9294-499f-a406-6d45e4f714de', 'e1076839-63e0-4033-aa0d-4dde565034ea', 24) ON CONFLICT DO NOTHING;
INSERT INTO score_sheets (id, period_id, project_id, juror_id, status, comment, started_at, last_activity_at) VALUES ('1f551216-f4e1-4333-adfe-7d09d0306232', 'bb63166c-d38c-4278-a1e9-5c8b7b081a6c', '50e9d1b3-3c7f-4b05-a7a1-857fd66fa3f0', '340c81c5-080f-439e-a6c5-ce3d5ececb07', 'submitted', 'Mühendislik derinliği iyi ancak iletişim geliştirilmeli.', (timestamp '2025-06-16 09:00:00' + interval '42 hours 2 minutes') - interval '30 mins', (timestamp '2025-06-16 09:00:00' + interval '42 hours 2 minutes')) ON CONFLICT DO NOTHING;
INSERT INTO score_sheet_items (id, score_sheet_id, period_criterion_id, score_value) VALUES ('3d85db62-f6f9-43b0-aae5-419c2096253d', '1f551216-f4e1-4333-adfe-7d09d0306232', 'f7160a57-742e-4428-ad3a-9ac826e3b2a4', 32) ON CONFLICT DO NOTHING;
INSERT INTO score_sheet_items (id, score_sheet_id, period_criterion_id, score_value) VALUES ('cba4d205-de07-489b-ad14-3499fcb73abb', '1f551216-f4e1-4333-adfe-7d09d0306232', 'c1ab6f6b-5e43-4f4f-aa87-bc0e498e5bf3', 37) ON CONFLICT DO NOTHING;
INSERT INTO score_sheet_items (id, score_sheet_id, period_criterion_id, score_value) VALUES ('974aa2bb-f8e0-4951-a544-4a7279c754da', '1f551216-f4e1-4333-adfe-7d09d0306232', 'e1076839-63e0-4033-aa0d-4dde565034ea', 23) ON CONFLICT DO NOTHING;
INSERT INTO score_sheets (id, period_id, project_id, juror_id, status, comment, started_at, last_activity_at) VALUES ('d32fba7a-9c60-4a73-ac44-9f11ae391497', 'bb63166c-d38c-4278-a1e9-5c8b7b081a6c', '2aa8caf1-77ba-4449-aecb-8b2f8b134db8', '340c81c5-080f-439e-a6c5-ce3d5ececb07', 'submitted', NULL, (timestamp '2025-06-16 09:00:00' + interval '25 hours 59 minutes') - interval '30 mins', (timestamp '2025-06-16 09:00:00' + interval '25 hours 59 minutes')) ON CONFLICT DO NOTHING;
INSERT INTO score_sheet_items (id, score_sheet_id, period_criterion_id, score_value) VALUES ('c0ae44ea-9766-471e-a876-5ddf81fbdc16', 'd32fba7a-9c60-4a73-ac44-9f11ae391497', 'f7160a57-742e-4428-ad3a-9ac826e3b2a4', 24) ON CONFLICT DO NOTHING;
INSERT INTO score_sheet_items (id, score_sheet_id, period_criterion_id, score_value) VALUES ('227a02c0-78d6-4a78-acc6-edf75882e75c', 'd32fba7a-9c60-4a73-ac44-9f11ae391497', 'c1ab6f6b-5e43-4f4f-aa87-bc0e498e5bf3', 27) ON CONFLICT DO NOTHING;
INSERT INTO score_sheet_items (id, score_sheet_id, period_criterion_id, score_value) VALUES ('7f08b8ca-0d1b-4ad4-ae55-977e43fbe670', 'd32fba7a-9c60-4a73-ac44-9f11ae391497', 'e1076839-63e0-4033-aa0d-4dde565034ea', 18) ON CONFLICT DO NOTHING;
INSERT INTO score_sheets (id, period_id, project_id, juror_id, status, comment, started_at, last_activity_at) VALUES ('ee827f94-8f71-4a85-a3c1-463bc3ac74f9', 'bb63166c-d38c-4278-a1e9-5c8b7b081a6c', '9ee62063-d4dd-493d-a02d-11c9e75cae34', '340c81c5-080f-439e-a6c5-ce3d5ececb07', 'submitted', NULL, (timestamp '2025-06-16 09:00:00' + interval '50 hours 57 minutes') - interval '30 mins', (timestamp '2025-06-16 09:00:00' + interval '50 hours 57 minutes')) ON CONFLICT DO NOTHING;
INSERT INTO score_sheet_items (id, score_sheet_id, period_criterion_id, score_value) VALUES ('d7b72d0c-b0fa-420c-a84d-3d45ff8b5a57', 'ee827f94-8f71-4a85-a3c1-463bc3ac74f9', 'f7160a57-742e-4428-ad3a-9ac826e3b2a4', 24) ON CONFLICT DO NOTHING;
INSERT INTO score_sheet_items (id, score_sheet_id, period_criterion_id, score_value) VALUES ('aaa07b09-6d80-404c-a840-b7d0e984df98', 'ee827f94-8f71-4a85-a3c1-463bc3ac74f9', 'c1ab6f6b-5e43-4f4f-aa87-bc0e498e5bf3', 27) ON CONFLICT DO NOTHING;
INSERT INTO score_sheet_items (id, score_sheet_id, period_criterion_id, score_value) VALUES ('9fa8def2-3712-4b32-a4b0-27cf26e08f2e', 'ee827f94-8f71-4a85-a3c1-463bc3ac74f9', 'e1076839-63e0-4033-aa0d-4dde565034ea', 19) ON CONFLICT DO NOTHING;
INSERT INTO score_sheets (id, period_id, project_id, juror_id, status, comment, started_at, last_activity_at) VALUES ('fd4829e3-7ae1-42a7-a77d-35bc22893fde', 'bb63166c-d38c-4278-a1e9-5c8b7b081a6c', 'a426a611-7b78-434d-a881-aa71b5849acb', 'fe2443d7-4821-43bb-ae0b-5c39b1d08c9b', 'submitted', 'Tüm kriterlerde olağanüstü bir çalışma.', (timestamp '2025-06-16 09:00:00' + interval '17 hours 54 minutes') - interval '30 mins', (timestamp '2025-06-16 09:00:00' + interval '17 hours 54 minutes')) ON CONFLICT DO NOTHING;
INSERT INTO score_sheet_items (id, score_sheet_id, period_criterion_id, score_value) VALUES ('5b98a0b0-ef86-4177-afa7-5cd7c58677cd', 'fd4829e3-7ae1-42a7-a77d-35bc22893fde', 'f7160a57-742e-4428-ad3a-9ac826e3b2a4', 33) ON CONFLICT DO NOTHING;
INSERT INTO score_sheet_items (id, score_sheet_id, period_criterion_id, score_value) VALUES ('6d5920dc-bc92-4d4b-a9fd-d8e765e91b72', 'fd4829e3-7ae1-42a7-a77d-35bc22893fde', 'c1ab6f6b-5e43-4f4f-aa87-bc0e498e5bf3', 35) ON CONFLICT DO NOTHING;
INSERT INTO score_sheet_items (id, score_sheet_id, period_criterion_id, score_value) VALUES ('9871840b-ee9d-407c-a6eb-638a0c093b58', 'fd4829e3-7ae1-42a7-a77d-35bc22893fde', 'e1076839-63e0-4033-aa0d-4dde565034ea', 24) ON CONFLICT DO NOTHING;
INSERT INTO score_sheets (id, period_id, project_id, juror_id, status, comment, started_at, last_activity_at) VALUES ('65433165-813e-4527-a8d9-27da4f37e348', 'bb63166c-d38c-4278-a1e9-5c8b7b081a6c', '399c8138-c254-4cc4-a305-be9db396f5be', 'fe2443d7-4821-43bb-ae0b-5c39b1d08c9b', 'submitted', 'İyi düzeyde teknik çalışma ve dokümantasyon.', (timestamp '2025-06-16 09:00:00' + interval '8 hours 42 minutes') - interval '30 mins', (timestamp '2025-06-16 09:00:00' + interval '8 hours 42 minutes')) ON CONFLICT DO NOTHING;
INSERT INTO score_sheet_items (id, score_sheet_id, period_criterion_id, score_value) VALUES ('2ddb506d-0a0a-4b55-a934-70d9cde69096', '65433165-813e-4527-a8d9-27da4f37e348', 'f7160a57-742e-4428-ad3a-9ac826e3b2a4', 28) ON CONFLICT DO NOTHING;
INSERT INTO score_sheet_items (id, score_sheet_id, period_criterion_id, score_value) VALUES ('6e14b58e-bc7a-4b81-a17d-2c43d4c1344d', '65433165-813e-4527-a8d9-27da4f37e348', 'c1ab6f6b-5e43-4f4f-aa87-bc0e498e5bf3', 29) ON CONFLICT DO NOTHING;
INSERT INTO score_sheet_items (id, score_sheet_id, period_criterion_id, score_value) VALUES ('fe2cfb61-78c1-41af-a539-4fdffb3e2042', '65433165-813e-4527-a8d9-27da4f37e348', 'e1076839-63e0-4033-aa0d-4dde565034ea', 19) ON CONFLICT DO NOTHING;
INSERT INTO score_sheets (id, period_id, project_id, juror_id, status, comment, started_at, last_activity_at) VALUES ('8f5142b8-94d7-45ad-acea-f6cf7a0d948d', 'bb63166c-d38c-4278-a1e9-5c8b7b081a6c', 'f70484ca-9482-441b-a0f1-a51bd61a5693', 'fe2443d7-4821-43bb-ae0b-5c39b1d08c9b', 'submitted', 'Sağlam temeller üzerine kurulmuş, dengeli bir proje.', (timestamp '2025-06-16 09:00:00' + interval '49 hours 42 minutes') - interval '30 mins', (timestamp '2025-06-16 09:00:00' + interval '49 hours 42 minutes')) ON CONFLICT DO NOTHING;
INSERT INTO score_sheet_items (id, score_sheet_id, period_criterion_id, score_value) VALUES ('9313262e-d85c-4029-a95a-33a638265b32', '8f5142b8-94d7-45ad-acea-f6cf7a0d948d', 'f7160a57-742e-4428-ad3a-9ac826e3b2a4', 25) ON CONFLICT DO NOTHING;
INSERT INTO score_sheet_items (id, score_sheet_id, period_criterion_id, score_value) VALUES ('49596aee-a164-4bc5-aace-f2c161ce49d4', '8f5142b8-94d7-45ad-acea-f6cf7a0d948d', 'c1ab6f6b-5e43-4f4f-aa87-bc0e498e5bf3', 30) ON CONFLICT DO NOTHING;
INSERT INTO score_sheet_items (id, score_sheet_id, period_criterion_id, score_value) VALUES ('db8b0251-f2f6-4237-a549-543b47226429', '8f5142b8-94d7-45ad-acea-f6cf7a0d948d', 'e1076839-63e0-4033-aa0d-4dde565034ea', 21) ON CONFLICT DO NOTHING;
INSERT INTO score_sheets (id, period_id, project_id, juror_id, status, comment, started_at, last_activity_at) VALUES ('18e026c8-b1e4-4579-a67d-85658b111b0b', 'bb63166c-d38c-4278-a1e9-5c8b7b081a6c', '400acad2-774f-4bd3-a79a-e11c8d42fccb', 'fe2443d7-4821-43bb-ae0b-5c39b1d08c9b', 'submitted', 'Dengeli ve tutarlı bir proje. Zayıf nokta yok.', (timestamp '2025-06-16 09:00:00' + interval '8 hours 24 minutes') - interval '30 mins', (timestamp '2025-06-16 09:00:00' + interval '8 hours 24 minutes')) ON CONFLICT DO NOTHING;
INSERT INTO score_sheet_items (id, score_sheet_id, period_criterion_id, score_value) VALUES ('0ee294e4-be31-41e7-aa87-8864d3182f92', '18e026c8-b1e4-4579-a67d-85658b111b0b', 'f7160a57-742e-4428-ad3a-9ac826e3b2a4', 26) ON CONFLICT DO NOTHING;
INSERT INTO score_sheet_items (id, score_sheet_id, period_criterion_id, score_value) VALUES ('482330bf-657d-4a3d-aafe-9dc6f39e3254', '18e026c8-b1e4-4579-a67d-85658b111b0b', 'c1ab6f6b-5e43-4f4f-aa87-bc0e498e5bf3', 32) ON CONFLICT DO NOTHING;
INSERT INTO score_sheet_items (id, score_sheet_id, period_criterion_id, score_value) VALUES ('22e2f0ea-6160-4d87-a5d2-17a4c194b5bd', '18e026c8-b1e4-4579-a67d-85658b111b0b', 'e1076839-63e0-4033-aa0d-4dde565034ea', 19) ON CONFLICT DO NOTHING;
INSERT INTO score_sheets (id, period_id, project_id, juror_id, status, comment, started_at, last_activity_at) VALUES ('6da3084b-8f57-42b6-acfd-196b2b3c8d9d', 'bb63166c-d38c-4278-a1e9-5c8b7b081a6c', '4c9ede54-b520-4ff1-a1b6-13c11843fc36', 'fe2443d7-4821-43bb-ae0b-5c39b1d08c9b', 'submitted', 'Bazı parlak anlar var ama tutarsız performans.', (timestamp '2025-06-16 09:00:00' + interval '1 hours 56 minutes') - interval '30 mins', (timestamp '2025-06-16 09:00:00' + interval '1 hours 56 minutes')) ON CONFLICT DO NOTHING;
INSERT INTO score_sheet_items (id, score_sheet_id, period_criterion_id, score_value) VALUES ('34143de9-7301-441a-a6b1-df912fb4e12a', '6da3084b-8f57-42b6-acfd-196b2b3c8d9d', 'f7160a57-742e-4428-ad3a-9ac826e3b2a4', 31) ON CONFLICT DO NOTHING;
INSERT INTO score_sheet_items (id, score_sheet_id, period_criterion_id, score_value) VALUES ('999306a7-1a63-4819-a131-b056e9a71afc', '6da3084b-8f57-42b6-acfd-196b2b3c8d9d', 'c1ab6f6b-5e43-4f4f-aa87-bc0e498e5bf3', 36) ON CONFLICT DO NOTHING;
INSERT INTO score_sheet_items (id, score_sheet_id, period_criterion_id, score_value) VALUES ('c390385a-a701-41f5-a971-efc4a2f9684e', '6da3084b-8f57-42b6-acfd-196b2b3c8d9d', 'e1076839-63e0-4033-aa0d-4dde565034ea', 24) ON CONFLICT DO NOTHING;
INSERT INTO score_sheets (id, period_id, project_id, juror_id, status, comment, started_at, last_activity_at) VALUES ('e9245a12-2b53-46c3-a112-135cb3bf8fcf', 'bb63166c-d38c-4278-a1e9-5c8b7b081a6c', '50e9d1b3-3c7f-4b05-a7a1-857fd66fa3f0', 'fe2443d7-4821-43bb-ae0b-5c39b1d08c9b', 'submitted', NULL, (timestamp '2025-06-16 09:00:00' + interval '56 hours 10 minutes') - interval '30 mins', (timestamp '2025-06-16 09:00:00' + interval '56 hours 10 minutes')) ON CONFLICT DO NOTHING;
INSERT INTO score_sheet_items (id, score_sheet_id, period_criterion_id, score_value) VALUES ('fd8bbd50-9163-497a-a1c1-c0dc581562e6', 'e9245a12-2b53-46c3-a112-135cb3bf8fcf', 'f7160a57-742e-4428-ad3a-9ac826e3b2a4', 30) ON CONFLICT DO NOTHING;
INSERT INTO score_sheet_items (id, score_sheet_id, period_criterion_id, score_value) VALUES ('dc975511-7e99-4247-a9f4-5b265d242213', 'e9245a12-2b53-46c3-a112-135cb3bf8fcf', 'c1ab6f6b-5e43-4f4f-aa87-bc0e498e5bf3', 35) ON CONFLICT DO NOTHING;
INSERT INTO score_sheet_items (id, score_sheet_id, period_criterion_id, score_value) VALUES ('b68725ed-6b12-4f1e-a945-fb8336beb196', 'e9245a12-2b53-46c3-a112-135cb3bf8fcf', 'e1076839-63e0-4033-aa0d-4dde565034ea', 22) ON CONFLICT DO NOTHING;
INSERT INTO score_sheets (id, period_id, project_id, juror_id, status, comment, started_at, last_activity_at) VALUES ('489f1831-e2cc-48bc-ae77-b444dfcaa3a2', 'bb63166c-d38c-4278-a1e9-5c8b7b081a6c', '2aa8caf1-77ba-4449-aecb-8b2f8b134db8', 'fe2443d7-4821-43bb-ae0b-5c39b1d08c9b', 'submitted', NULL, (timestamp '2025-06-16 09:00:00' + interval '5 hours 51 minutes') - interval '30 mins', (timestamp '2025-06-16 09:00:00' + interval '5 hours 51 minutes')) ON CONFLICT DO NOTHING;
INSERT INTO score_sheet_items (id, score_sheet_id, period_criterion_id, score_value) VALUES ('6fd8ef2c-6322-4f8b-a8a0-9887f09c2f71', '489f1831-e2cc-48bc-ae77-b444dfcaa3a2', 'f7160a57-742e-4428-ad3a-9ac826e3b2a4', 22) ON CONFLICT DO NOTHING;
INSERT INTO score_sheet_items (id, score_sheet_id, period_criterion_id, score_value) VALUES ('5043ffbc-c1d2-4bbc-a0e8-a63d8aec2a77', '489f1831-e2cc-48bc-ae77-b444dfcaa3a2', 'c1ab6f6b-5e43-4f4f-aa87-bc0e498e5bf3', 24) ON CONFLICT DO NOTHING;
INSERT INTO score_sheet_items (id, score_sheet_id, period_criterion_id, score_value) VALUES ('d0922b54-c68b-488a-a95a-7f3e7b01be0d', '489f1831-e2cc-48bc-ae77-b444dfcaa3a2', 'e1076839-63e0-4033-aa0d-4dde565034ea', 17) ON CONFLICT DO NOTHING;
INSERT INTO score_sheets (id, period_id, project_id, juror_id, status, comment, started_at, last_activity_at) VALUES ('0ed7d01a-b7b4-4575-a4b2-4ee0f203a2bb', 'bb63166c-d38c-4278-a1e9-5c8b7b081a6c', '9ee62063-d4dd-493d-a02d-11c9e75cae34', 'fe2443d7-4821-43bb-ae0b-5c39b1d08c9b', 'submitted', 'Standart düzeyde, gereksinimleri karşılıyor.', (timestamp '2025-06-16 09:00:00' + interval '28 hours 29 minutes') - interval '30 mins', (timestamp '2025-06-16 09:00:00' + interval '28 hours 29 minutes')) ON CONFLICT DO NOTHING;
INSERT INTO score_sheet_items (id, score_sheet_id, period_criterion_id, score_value) VALUES ('fdde6fef-f6e4-404c-a92b-6fd68e663ec3', '0ed7d01a-b7b4-4575-a4b2-4ee0f203a2bb', 'f7160a57-742e-4428-ad3a-9ac826e3b2a4', 24) ON CONFLICT DO NOTHING;
INSERT INTO score_sheet_items (id, score_sheet_id, period_criterion_id, score_value) VALUES ('e73e0b6c-e1f5-4ada-a90a-9e639743f190', '0ed7d01a-b7b4-4575-a4b2-4ee0f203a2bb', 'c1ab6f6b-5e43-4f4f-aa87-bc0e498e5bf3', 26) ON CONFLICT DO NOTHING;
INSERT INTO score_sheet_items (id, score_sheet_id, period_criterion_id, score_value) VALUES ('f2dc422b-089a-4777-a4ee-4b2c379ec834', '0ed7d01a-b7b4-4575-a4b2-4ee0f203a2bb', 'e1076839-63e0-4033-aa0d-4dde565034ea', 17) ON CONFLICT DO NOTHING;
INSERT INTO score_sheets (id, period_id, project_id, juror_id, status, comment, started_at, last_activity_at) VALUES ('44c69011-6ce1-4a48-ab10-43c86adc76d7', '3f9cabdb-61dc-45da-afa5-dbb1747cd8c8', 'bd7220da-b4dd-4ddc-acbc-cac1d9491475', 'a49b6b5e-f40d-48f6-a398-87b85bbff743', 'submitted', NULL, (timestamp '2024-06-17 09:00:00' + interval '35 hours 34 minutes') - interval '30 mins', (timestamp '2024-06-17 09:00:00' + interval '35 hours 34 minutes')) ON CONFLICT DO NOTHING;
INSERT INTO score_sheet_items (id, score_sheet_id, period_criterion_id, score_value) VALUES ('2f71da94-41a5-4372-adf1-ccdd7eb8a57e', '44c69011-6ce1-4a48-ab10-43c86adc76d7', '37ec86c1-bd1d-4155-a442-a1454ef973c5', 31) ON CONFLICT DO NOTHING;
INSERT INTO score_sheet_items (id, score_sheet_id, period_criterion_id, score_value) VALUES ('9457814b-75be-4922-adc7-6f5ef63593ce', '44c69011-6ce1-4a48-ab10-43c86adc76d7', '3ac872ec-e845-4aec-a4e4-c27376aa77e8', 34) ON CONFLICT DO NOTHING;
INSERT INTO score_sheet_items (id, score_sheet_id, period_criterion_id, score_value) VALUES ('35be1ddb-1a7a-4a27-a493-1b8f57528fae', '44c69011-6ce1-4a48-ab10-43c86adc76d7', '795dd7aa-24c7-44df-acd2-44dbb529189c', 22) ON CONFLICT DO NOTHING;
INSERT INTO score_sheets (id, period_id, project_id, juror_id, status, comment, started_at, last_activity_at) VALUES ('eecb17bb-94ff-46bf-ad58-5e8f4dbcbdb7', '3f9cabdb-61dc-45da-afa5-dbb1747cd8c8', 'f5a78224-c079-428b-a9be-b4ab0c8d0f38', 'a49b6b5e-f40d-48f6-a398-87b85bbff743', 'submitted', NULL, (timestamp '2024-06-17 09:00:00' + interval '30 hours 31 minutes') - interval '30 mins', (timestamp '2024-06-17 09:00:00' + interval '30 hours 31 minutes')) ON CONFLICT DO NOTHING;
INSERT INTO score_sheet_items (id, score_sheet_id, period_criterion_id, score_value) VALUES ('86fa7bee-b29c-4944-a3f0-9b70e7f016fd', 'eecb17bb-94ff-46bf-ad58-5e8f4dbcbdb7', '37ec86c1-bd1d-4155-a442-a1454ef973c5', 25) ON CONFLICT DO NOTHING;
INSERT INTO score_sheet_items (id, score_sheet_id, period_criterion_id, score_value) VALUES ('6776bf94-64c9-46ae-a34d-fcee4ed618be', 'eecb17bb-94ff-46bf-ad58-5e8f4dbcbdb7', '3ac872ec-e845-4aec-a4e4-c27376aa77e8', 28) ON CONFLICT DO NOTHING;
INSERT INTO score_sheet_items (id, score_sheet_id, period_criterion_id, score_value) VALUES ('7f3b4a9e-8dce-4c52-a820-7b1a7fa0a140', 'eecb17bb-94ff-46bf-ad58-5e8f4dbcbdb7', '795dd7aa-24c7-44df-acd2-44dbb529189c', 18) ON CONFLICT DO NOTHING;
INSERT INTO score_sheets (id, period_id, project_id, juror_id, status, comment, started_at, last_activity_at) VALUES ('75c9292b-8ef8-44b7-a57f-fcfffc3eed98', '3f9cabdb-61dc-45da-afa5-dbb1747cd8c8', 'd0db89a9-775d-40ee-a91b-cf5c28619847', 'a49b6b5e-f40d-48f6-a398-87b85bbff743', 'submitted', 'Tutarlı ve güçlü bir mühendislik çalışması.', (timestamp '2024-06-17 09:00:00' + interval '12 hours 16 minutes') - interval '30 mins', (timestamp '2024-06-17 09:00:00' + interval '12 hours 16 minutes')) ON CONFLICT DO NOTHING;
INSERT INTO score_sheet_items (id, score_sheet_id, period_criterion_id, score_value) VALUES ('f830a036-9c59-4313-a334-ff3d5faac296', '75c9292b-8ef8-44b7-a57f-fcfffc3eed98', '37ec86c1-bd1d-4155-a442-a1454ef973c5', 26) ON CONFLICT DO NOTHING;
INSERT INTO score_sheet_items (id, score_sheet_id, period_criterion_id, score_value) VALUES ('e52658ef-0178-4dde-a4d0-0831138ee2a0', '75c9292b-8ef8-44b7-a57f-fcfffc3eed98', '3ac872ec-e845-4aec-a4e4-c27376aa77e8', 29) ON CONFLICT DO NOTHING;
INSERT INTO score_sheet_items (id, score_sheet_id, period_criterion_id, score_value) VALUES ('b2a4b6ab-073c-431a-a1d0-53c8eccf7d5f', '75c9292b-8ef8-44b7-a57f-fcfffc3eed98', '795dd7aa-24c7-44df-acd2-44dbb529189c', 19) ON CONFLICT DO NOTHING;
INSERT INTO score_sheets (id, period_id, project_id, juror_id, status, comment, started_at, last_activity_at) VALUES ('18cce511-0313-4b2a-ae7c-038e15bcf938', '3f9cabdb-61dc-45da-afa5-dbb1747cd8c8', '288370eb-eecf-4262-af8a-42a65fcf99e9', 'a49b6b5e-f40d-48f6-a398-87b85bbff743', 'in_progress', NULL, (timestamp '2024-06-17 09:00:00' + interval '50 hours 53 minutes') - interval '30 mins', (timestamp '2024-06-17 09:00:00' + interval '50 hours 53 minutes')) ON CONFLICT DO NOTHING;
INSERT INTO score_sheet_items (id, score_sheet_id, period_criterion_id, score_value) VALUES ('475fd9c3-a82b-44fb-a6fc-ee3c23915250', '18cce511-0313-4b2a-ae7c-038e15bcf938', '37ec86c1-bd1d-4155-a442-a1454ef973c5', 29) ON CONFLICT DO NOTHING;
INSERT INTO score_sheets (id, period_id, project_id, juror_id, status, comment, started_at, last_activity_at) VALUES ('24623ff5-b790-4ff7-ad29-5bb8c6c2d28e', '3f9cabdb-61dc-45da-afa5-dbb1747cd8c8', 'bd7220da-b4dd-4ddc-acbc-cac1d9491475', '9ff6ca95-c216-42cd-a63f-1e58b1756cf2', 'submitted', 'Gerçek anlamda yenilikçi. Büyük ustalık sergilendi.', (timestamp '2024-06-17 09:00:00' + interval '16 hours 6 minutes') - interval '30 mins', (timestamp '2024-06-17 09:00:00' + interval '16 hours 6 minutes')) ON CONFLICT DO NOTHING;
INSERT INTO score_sheet_items (id, score_sheet_id, period_criterion_id, score_value) VALUES ('b3e31501-ec5d-4a61-a6bd-b5151c1ad2ce', '24623ff5-b790-4ff7-ad29-5bb8c6c2d28e', '37ec86c1-bd1d-4155-a442-a1454ef973c5', 34) ON CONFLICT DO NOTHING;
INSERT INTO score_sheet_items (id, score_sheet_id, period_criterion_id, score_value) VALUES ('25a8f931-1fd6-4afe-adca-4c105486a582', '24623ff5-b790-4ff7-ad29-5bb8c6c2d28e', '3ac872ec-e845-4aec-a4e4-c27376aa77e8', 38) ON CONFLICT DO NOTHING;
INSERT INTO score_sheet_items (id, score_sheet_id, period_criterion_id, score_value) VALUES ('f329fe89-a8b9-4614-a0f1-3b9de597cf9c', '24623ff5-b790-4ff7-ad29-5bb8c6c2d28e', '795dd7aa-24c7-44df-acd2-44dbb529189c', 23) ON CONFLICT DO NOTHING;
INSERT INTO score_sheets (id, period_id, project_id, juror_id, status, comment, started_at, last_activity_at) VALUES ('cf20c14e-ae68-4abe-a377-f25aeeaf396d', '3f9cabdb-61dc-45da-afa5-dbb1747cd8c8', 'f5a78224-c079-428b-a9be-b4ab0c8d0f38', '9ff6ca95-c216-42cd-a63f-1e58b1756cf2', 'submitted', 'Tutarlı ve güçlü bir mühendislik çalışması.', (timestamp '2024-06-17 09:00:00' + interval '8 hours 2 minutes') - interval '30 mins', (timestamp '2024-06-17 09:00:00' + interval '8 hours 2 minutes')) ON CONFLICT DO NOTHING;
INSERT INTO score_sheet_items (id, score_sheet_id, period_criterion_id, score_value) VALUES ('01a524d4-6bbf-4a0b-a7f9-5aa015bed987', 'cf20c14e-ae68-4abe-a377-f25aeeaf396d', '37ec86c1-bd1d-4155-a442-a1454ef973c5', 29) ON CONFLICT DO NOTHING;
INSERT INTO score_sheet_items (id, score_sheet_id, period_criterion_id, score_value) VALUES ('0d92dd03-91c5-4d13-aaf2-e6394ed201f5', 'cf20c14e-ae68-4abe-a377-f25aeeaf396d', '3ac872ec-e845-4aec-a4e4-c27376aa77e8', 34) ON CONFLICT DO NOTHING;
INSERT INTO score_sheet_items (id, score_sheet_id, period_criterion_id, score_value) VALUES ('d7fcc709-e455-49a5-ad49-8831f849e8d7', 'cf20c14e-ae68-4abe-a377-f25aeeaf396d', '795dd7aa-24c7-44df-acd2-44dbb529189c', 20) ON CONFLICT DO NOTHING;
INSERT INTO score_sheets (id, period_id, project_id, juror_id, status, comment, started_at, last_activity_at) VALUES ('02691151-1551-4e00-a126-314759249970', '3f9cabdb-61dc-45da-afa5-dbb1747cd8c8', 'd0db89a9-775d-40ee-a91b-cf5c28619847', '9ff6ca95-c216-42cd-a63f-1e58b1756cf2', 'submitted', 'İyi düzeyde teknik çalışma ve dokümantasyon.', (timestamp '2024-06-17 09:00:00' + interval '49 hours 8 minutes') - interval '30 mins', (timestamp '2024-06-17 09:00:00' + interval '49 hours 8 minutes')) ON CONFLICT DO NOTHING;
INSERT INTO score_sheet_items (id, score_sheet_id, period_criterion_id, score_value) VALUES ('9b88c246-7a06-417a-a128-847b767d2678', '02691151-1551-4e00-a126-314759249970', '37ec86c1-bd1d-4155-a442-a1454ef973c5', 29) ON CONFLICT DO NOTHING;
INSERT INTO score_sheet_items (id, score_sheet_id, period_criterion_id, score_value) VALUES ('629608b3-93b3-4141-a216-473e3eb649d0', '02691151-1551-4e00-a126-314759249970', '3ac872ec-e845-4aec-a4e4-c27376aa77e8', 34) ON CONFLICT DO NOTHING;
INSERT INTO score_sheet_items (id, score_sheet_id, period_criterion_id, score_value) VALUES ('a2906e3b-6868-45f2-a861-ccb097a2fa8f', '02691151-1551-4e00-a126-314759249970', '795dd7aa-24c7-44df-acd2-44dbb529189c', 20) ON CONFLICT DO NOTHING;
INSERT INTO score_sheets (id, period_id, project_id, juror_id, status, comment, started_at, last_activity_at) VALUES ('61d25fd6-a96b-42c6-a53d-a7c7c1b12b10', '3f9cabdb-61dc-45da-afa5-dbb1747cd8c8', '288370eb-eecf-4262-af8a-42a65fcf99e9', '9ff6ca95-c216-42cd-a63f-1e58b1756cf2', 'submitted', NULL, (timestamp '2024-06-17 09:00:00' + interval '35 hours 22 minutes') - interval '30 mins', (timestamp '2024-06-17 09:00:00' + interval '35 hours 22 minutes')) ON CONFLICT DO NOTHING;
INSERT INTO score_sheet_items (id, score_sheet_id, period_criterion_id, score_value) VALUES ('3a5dd543-94d8-456e-a800-cba4590c5589', '61d25fd6-a96b-42c6-a53d-a7c7c1b12b10', '37ec86c1-bd1d-4155-a442-a1454ef973c5', 32) ON CONFLICT DO NOTHING;
INSERT INTO score_sheet_items (id, score_sheet_id, period_criterion_id, score_value) VALUES ('6ede46eb-066f-4a2f-a896-bebba4cc1ebb', '61d25fd6-a96b-42c6-a53d-a7c7c1b12b10', '3ac872ec-e845-4aec-a4e4-c27376aa77e8', 34) ON CONFLICT DO NOTHING;
INSERT INTO score_sheet_items (id, score_sheet_id, period_criterion_id, score_value) VALUES ('868ea72a-0984-4077-a887-6217cffcacdb', '61d25fd6-a96b-42c6-a53d-a7c7c1b12b10', '795dd7aa-24c7-44df-acd2-44dbb529189c', 25) ON CONFLICT DO NOTHING;
INSERT INTO score_sheets (id, period_id, project_id, juror_id, status, comment, started_at, last_activity_at) VALUES ('b7d5ba39-1c3e-48bf-ad62-5da0b66aadc6', '3f9cabdb-61dc-45da-afa5-dbb1747cd8c8', '5ce62c53-1cd3-4bf4-a65b-ed5ebbe3cfaa', '9ff6ca95-c216-42cd-a63f-1e58b1756cf2', 'submitted', 'Minimum beklentiyi karşılıyor ama öne çıkmıyor.', (timestamp '2024-06-17 09:00:00' + interval '34 hours 41 minutes') - interval '30 mins', (timestamp '2024-06-17 09:00:00' + interval '34 hours 41 minutes')) ON CONFLICT DO NOTHING;
INSERT INTO score_sheet_items (id, score_sheet_id, period_criterion_id, score_value) VALUES ('e6da005d-3077-48b1-ab92-da4a339836a4', 'b7d5ba39-1c3e-48bf-ad62-5da0b66aadc6', '37ec86c1-bd1d-4155-a442-a1454ef973c5', 21) ON CONFLICT DO NOTHING;
INSERT INTO score_sheet_items (id, score_sheet_id, period_criterion_id, score_value) VALUES ('eca43125-94f7-4a3b-a5fa-390842d9b8ae', 'b7d5ba39-1c3e-48bf-ad62-5da0b66aadc6', '3ac872ec-e845-4aec-a4e4-c27376aa77e8', 28) ON CONFLICT DO NOTHING;
INSERT INTO score_sheet_items (id, score_sheet_id, period_criterion_id, score_value) VALUES ('3ac25030-1a75-469a-a48d-220d1fa72a60', 'b7d5ba39-1c3e-48bf-ad62-5da0b66aadc6', '795dd7aa-24c7-44df-acd2-44dbb529189c', 17) ON CONFLICT DO NOTHING;
INSERT INTO score_sheets (id, period_id, project_id, juror_id, status, comment, started_at, last_activity_at) VALUES ('3d5002bd-f724-4d9c-a055-fb8e167f166e', '3f9cabdb-61dc-45da-afa5-dbb1747cd8c8', '2b4ffb79-4c6f-43b3-a85e-6a16da7edfdf', '9ff6ca95-c216-42cd-a63f-1e58b1756cf2', 'submitted', NULL, (timestamp '2024-06-17 09:00:00' + interval '27 hours 7 minutes') - interval '30 mins', (timestamp '2024-06-17 09:00:00' + interval '27 hours 7 minutes')) ON CONFLICT DO NOTHING;
INSERT INTO score_sheet_items (id, score_sheet_id, period_criterion_id, score_value) VALUES ('0e258c71-d266-45e4-a534-b2f883be7cf2', '3d5002bd-f724-4d9c-a055-fb8e167f166e', '37ec86c1-bd1d-4155-a442-a1454ef973c5', 28) ON CONFLICT DO NOTHING;
INSERT INTO score_sheet_items (id, score_sheet_id, period_criterion_id, score_value) VALUES ('015b9a4b-1075-4b64-a182-394f77f7941c', '3d5002bd-f724-4d9c-a055-fb8e167f166e', '3ac872ec-e845-4aec-a4e4-c27376aa77e8', 32) ON CONFLICT DO NOTHING;
INSERT INTO score_sheet_items (id, score_sheet_id, period_criterion_id, score_value) VALUES ('b86cf937-f95e-497b-a126-871871b003e4', '3d5002bd-f724-4d9c-a055-fb8e167f166e', '795dd7aa-24c7-44df-acd2-44dbb529189c', 18) ON CONFLICT DO NOTHING;
INSERT INTO score_sheets (id, period_id, project_id, juror_id, status, comment, started_at, last_activity_at) VALUES ('5e822eef-6f81-4aa6-a2fe-48480f3207cd', '3f9cabdb-61dc-45da-afa5-dbb1747cd8c8', 'bd7220da-b4dd-4ddc-acbc-cac1d9491475', '9d55d273-9fd8-4365-a294-404246566892', 'submitted', 'Teknik derinlik ve profesyonel sunum açısından çok başarılı.', (timestamp '2024-06-17 09:00:00' + interval '8 hours 7 minutes') - interval '30 mins', (timestamp '2024-06-17 09:00:00' + interval '8 hours 7 minutes')) ON CONFLICT DO NOTHING;
INSERT INTO score_sheet_items (id, score_sheet_id, period_criterion_id, score_value) VALUES ('6670f726-1477-4026-a622-6072502ce116', '5e822eef-6f81-4aa6-a2fe-48480f3207cd', '37ec86c1-bd1d-4155-a442-a1454ef973c5', 31) ON CONFLICT DO NOTHING;
INSERT INTO score_sheet_items (id, score_sheet_id, period_criterion_id, score_value) VALUES ('c378eee9-fac4-4bf4-aedd-413bf0e1beb3', '5e822eef-6f81-4aa6-a2fe-48480f3207cd', '3ac872ec-e845-4aec-a4e4-c27376aa77e8', 35) ON CONFLICT DO NOTHING;
INSERT INTO score_sheet_items (id, score_sheet_id, period_criterion_id, score_value) VALUES ('a25c80c3-d860-44e3-ac3a-3e52fe67895b', '5e822eef-6f81-4aa6-a2fe-48480f3207cd', '795dd7aa-24c7-44df-acd2-44dbb529189c', 24) ON CONFLICT DO NOTHING;
INSERT INTO score_sheets (id, period_id, project_id, juror_id, status, comment, started_at, last_activity_at) VALUES ('0f998d77-7b8e-49ed-adef-9248fead3584', '3f9cabdb-61dc-45da-afa5-dbb1747cd8c8', 'f5a78224-c079-428b-a9be-b4ab0c8d0f38', '9d55d273-9fd8-4365-a294-404246566892', 'submitted', NULL, (timestamp '2024-06-17 09:00:00' + interval '21 hours 22 minutes') - interval '30 mins', (timestamp '2024-06-17 09:00:00' + interval '21 hours 22 minutes')) ON CONFLICT DO NOTHING;
INSERT INTO score_sheet_items (id, score_sheet_id, period_criterion_id, score_value) VALUES ('62ae01b2-0f89-45b3-a1a7-89a1c562a38b', '0f998d77-7b8e-49ed-adef-9248fead3584', '37ec86c1-bd1d-4155-a442-a1454ef973c5', 28) ON CONFLICT DO NOTHING;
INSERT INTO score_sheet_items (id, score_sheet_id, period_criterion_id, score_value) VALUES ('763b59d8-0faa-45f1-aaf6-5457b8eb9f44', '0f998d77-7b8e-49ed-adef-9248fead3584', '3ac872ec-e845-4aec-a4e4-c27376aa77e8', 31) ON CONFLICT DO NOTHING;
INSERT INTO score_sheet_items (id, score_sheet_id, period_criterion_id, score_value) VALUES ('c1a3d6b7-63a3-46b9-a8d1-0d069cc94a46', '0f998d77-7b8e-49ed-adef-9248fead3584', '795dd7aa-24c7-44df-acd2-44dbb529189c', 20) ON CONFLICT DO NOTHING;
INSERT INTO score_sheets (id, period_id, project_id, juror_id, status, comment, started_at, last_activity_at) VALUES ('200fbeff-1b3c-4580-a450-88ebe71d53b2', '3f9cabdb-61dc-45da-afa5-dbb1747cd8c8', 'd0db89a9-775d-40ee-a91b-cf5c28619847', '9d55d273-9fd8-4365-a294-404246566892', 'submitted', NULL, (timestamp '2024-06-17 09:00:00' + interval '60 hours 46 minutes') - interval '30 mins', (timestamp '2024-06-17 09:00:00' + interval '60 hours 46 minutes')) ON CONFLICT DO NOTHING;
INSERT INTO score_sheet_items (id, score_sheet_id, period_criterion_id, score_value) VALUES ('67bf0662-6a17-419c-a599-f78b502158f1', '200fbeff-1b3c-4580-a450-88ebe71d53b2', '37ec86c1-bd1d-4155-a442-a1454ef973c5', 28) ON CONFLICT DO NOTHING;
INSERT INTO score_sheet_items (id, score_sheet_id, period_criterion_id, score_value) VALUES ('28a87172-4679-4f57-a709-4536b28deca0', '200fbeff-1b3c-4580-a450-88ebe71d53b2', '3ac872ec-e845-4aec-a4e4-c27376aa77e8', 29) ON CONFLICT DO NOTHING;
INSERT INTO score_sheet_items (id, score_sheet_id, period_criterion_id, score_value) VALUES ('279e23a3-a41d-487c-a0aa-f9d4a8a0deea', '200fbeff-1b3c-4580-a450-88ebe71d53b2', '795dd7aa-24c7-44df-acd2-44dbb529189c', 19) ON CONFLICT DO NOTHING;
INSERT INTO score_sheets (id, period_id, project_id, juror_id, status, comment, started_at, last_activity_at) VALUES ('37594f2f-bc6c-4149-ae29-3e4909441639', '3f9cabdb-61dc-45da-afa5-dbb1747cd8c8', '288370eb-eecf-4262-af8a-42a65fcf99e9', '9d55d273-9fd8-4365-a294-404246566892', 'submitted', NULL, (timestamp '2024-06-17 09:00:00' + interval '53 hours 33 minutes') - interval '30 mins', (timestamp '2024-06-17 09:00:00' + interval '53 hours 33 minutes')) ON CONFLICT DO NOTHING;
INSERT INTO score_sheet_items (id, score_sheet_id, period_criterion_id, score_value) VALUES ('cbb9e26f-1894-4ab1-a658-e6365f9f88f4', '37594f2f-bc6c-4149-ae29-3e4909441639', '37ec86c1-bd1d-4155-a442-a1454ef973c5', 25) ON CONFLICT DO NOTHING;
INSERT INTO score_sheet_items (id, score_sheet_id, period_criterion_id, score_value) VALUES ('e888d0f9-bf0b-4e4d-a6ce-f68affa9cd2d', '37594f2f-bc6c-4149-ae29-3e4909441639', '3ac872ec-e845-4aec-a4e4-c27376aa77e8', 32) ON CONFLICT DO NOTHING;
INSERT INTO score_sheet_items (id, score_sheet_id, period_criterion_id, score_value) VALUES ('f3850af6-ddaa-491e-af0e-863401d6cd51', '37594f2f-bc6c-4149-ae29-3e4909441639', '795dd7aa-24c7-44df-acd2-44dbb529189c', 19) ON CONFLICT DO NOTHING;
INSERT INTO score_sheets (id, period_id, project_id, juror_id, status, comment, started_at, last_activity_at) VALUES ('3b761093-9383-4eb9-a34b-e73e95dac68a', '3f9cabdb-61dc-45da-afa5-dbb1747cd8c8', '5ce62c53-1cd3-4bf4-a65b-ed5ebbe3cfaa', '9d55d273-9fd8-4365-a294-404246566892', 'submitted', 'Minimum beklentiyi karşılıyor ama öne çıkmıyor.', (timestamp '2024-06-17 09:00:00' + interval '30 hours 3 minutes') - interval '30 mins', (timestamp '2024-06-17 09:00:00' + interval '30 hours 3 minutes')) ON CONFLICT DO NOTHING;
INSERT INTO score_sheet_items (id, score_sheet_id, period_criterion_id, score_value) VALUES ('fc707353-ba57-4840-a3d9-8116d1297e8e', '3b761093-9383-4eb9-a34b-e73e95dac68a', '37ec86c1-bd1d-4155-a442-a1454ef973c5', 21) ON CONFLICT DO NOTHING;
INSERT INTO score_sheet_items (id, score_sheet_id, period_criterion_id, score_value) VALUES ('2cbd101a-7096-44c1-a72d-c0a375b11ab1', '3b761093-9383-4eb9-a34b-e73e95dac68a', '3ac872ec-e845-4aec-a4e4-c27376aa77e8', 25) ON CONFLICT DO NOTHING;
INSERT INTO score_sheet_items (id, score_sheet_id, period_criterion_id, score_value) VALUES ('40defc02-7156-4bb3-aed9-b6dd4891f7c8', '3b761093-9383-4eb9-a34b-e73e95dac68a', '795dd7aa-24c7-44df-acd2-44dbb529189c', 16) ON CONFLICT DO NOTHING;
INSERT INTO score_sheets (id, period_id, project_id, juror_id, status, comment, started_at, last_activity_at) VALUES ('665761eb-7673-473e-a1b2-724e80f994f5', '3f9cabdb-61dc-45da-afa5-dbb1747cd8c8', '2b4ffb79-4c6f-43b3-a85e-6a16da7edfdf', '9d55d273-9fd8-4365-a294-404246566892', 'submitted', 'Makul bir çalışma, beklenen sonuçlar.', (timestamp '2024-06-17 09:00:00' + interval '25 hours 34 minutes') - interval '30 mins', (timestamp '2024-06-17 09:00:00' + interval '25 hours 34 minutes')) ON CONFLICT DO NOTHING;
INSERT INTO score_sheet_items (id, score_sheet_id, period_criterion_id, score_value) VALUES ('7fa21328-6c9e-4388-a28c-50acdf197596', '665761eb-7673-473e-a1b2-724e80f994f5', '37ec86c1-bd1d-4155-a442-a1454ef973c5', 25) ON CONFLICT DO NOTHING;
INSERT INTO score_sheet_items (id, score_sheet_id, period_criterion_id, score_value) VALUES ('6a8d5100-931d-4cc0-ac92-f08352ada323', '665761eb-7673-473e-a1b2-724e80f994f5', '3ac872ec-e845-4aec-a4e4-c27376aa77e8', 27) ON CONFLICT DO NOTHING;
INSERT INTO score_sheet_items (id, score_sheet_id, period_criterion_id, score_value) VALUES ('e23be499-7502-404f-a4fa-72501302ccfe', '665761eb-7673-473e-a1b2-724e80f994f5', '795dd7aa-24c7-44df-acd2-44dbb529189c', 18) ON CONFLICT DO NOTHING;
INSERT INTO score_sheets (id, period_id, project_id, juror_id, status, comment, started_at, last_activity_at) VALUES ('75cbfe99-9a20-4579-aa9a-fcae2d92f821', '6c44b363-4522-4cad-a251-06484b72b164', '7c08441a-9b1c-43b1-ab4b-a6d204c8f90d', 'f106ca15-dc12-414f-ac41-0b361db08f95', 'submitted', NULL, (timestamp '2026-07-14 09:00:00' + interval '60 hours 37 minutes') - interval '30 mins', (timestamp '2026-07-14 09:00:00' + interval '60 hours 37 minutes')) ON CONFLICT DO NOTHING;
INSERT INTO score_sheet_items (id, score_sheet_id, period_criterion_id, score_value) VALUES ('1ca2e6f2-6f3d-454f-afc5-9d96f6d27b3a', '75cbfe99-9a20-4579-aa9a-fcae2d92f821', 'bef0ee60-1170-401b-a860-190ae7af1d01', 28) ON CONFLICT DO NOTHING;
INSERT INTO score_sheet_items (id, score_sheet_id, period_criterion_id, score_value) VALUES ('494c7634-30cb-41b8-a933-899fa0e76dae', '75cbfe99-9a20-4579-aa9a-fcae2d92f821', '14b446ba-82d2-4360-a0d5-3d650c766907', 38) ON CONFLICT DO NOTHING;
INSERT INTO score_sheet_items (id, score_sheet_id, period_criterion_id, score_value) VALUES ('38f844a1-4f7c-41bc-a716-0783f8f7cc4c', '75cbfe99-9a20-4579-aa9a-fcae2d92f821', 'c7b88d63-b8b9-4151-ae69-d608d9cc4435', 30) ON CONFLICT DO NOTHING;
INSERT INTO score_sheets (id, period_id, project_id, juror_id, status, comment, started_at, last_activity_at) VALUES ('bb7bb81d-2c7c-44f5-ab33-1e59e7a4a1c6', '6c44b363-4522-4cad-a251-06484b72b164', 'ca11e01d-82af-4055-aa03-4640780aa91b', 'f106ca15-dc12-414f-ac41-0b361db08f95', 'submitted', NULL, (timestamp '2026-07-14 09:00:00' + interval '13 hours 53 minutes') - interval '30 mins', (timestamp '2026-07-14 09:00:00' + interval '13 hours 53 minutes')) ON CONFLICT DO NOTHING;
INSERT INTO score_sheet_items (id, score_sheet_id, period_criterion_id, score_value) VALUES ('fcd1369b-6a06-4afe-a4d7-3f71952bb2c5', 'bb7bb81d-2c7c-44f5-ab33-1e59e7a4a1c6', 'bef0ee60-1170-401b-a860-190ae7af1d01', 29) ON CONFLICT DO NOTHING;
INSERT INTO score_sheet_items (id, score_sheet_id, period_criterion_id, score_value) VALUES ('4612e8f3-e9aa-4c24-ab2c-bd468fa094e9', 'bb7bb81d-2c7c-44f5-ab33-1e59e7a4a1c6', '14b446ba-82d2-4360-a0d5-3d650c766907', 38) ON CONFLICT DO NOTHING;
INSERT INTO score_sheet_items (id, score_sheet_id, period_criterion_id, score_value) VALUES ('3ae15a1a-c676-4a7a-a2e9-148296939ab7', 'bb7bb81d-2c7c-44f5-ab33-1e59e7a4a1c6', 'c7b88d63-b8b9-4151-ae69-d608d9cc4435', 30) ON CONFLICT DO NOTHING;
INSERT INTO score_sheets (id, period_id, project_id, juror_id, status, comment, started_at, last_activity_at) VALUES ('6ff69422-f96c-4e25-a222-22a935c482ca', '6c44b363-4522-4cad-a251-06484b72b164', 'f587f2b0-2c8e-40bc-ac05-182f1d07cf58', 'f106ca15-dc12-414f-ac41-0b361db08f95', 'submitted', NULL, (timestamp '2026-07-14 09:00:00' + interval '36 hours 21 minutes') - interval '30 mins', (timestamp '2026-07-14 09:00:00' + interval '36 hours 21 minutes')) ON CONFLICT DO NOTHING;
INSERT INTO score_sheet_items (id, score_sheet_id, period_criterion_id, score_value) VALUES ('2c3be67c-850d-4608-ab33-4f6c6c2c152d', '6ff69422-f96c-4e25-a222-22a935c482ca', 'bef0ee60-1170-401b-a860-190ae7af1d01', 24) ON CONFLICT DO NOTHING;
INSERT INTO score_sheet_items (id, score_sheet_id, period_criterion_id, score_value) VALUES ('fa1a20e5-adc7-463d-a06f-e5ce4d594312', '6ff69422-f96c-4e25-a222-22a935c482ca', '14b446ba-82d2-4360-a0d5-3d650c766907', 31) ON CONFLICT DO NOTHING;
INSERT INTO score_sheet_items (id, score_sheet_id, period_criterion_id, score_value) VALUES ('2e8240a6-46b0-40a3-ae4e-feecc9199954', '6ff69422-f96c-4e25-a222-22a935c482ca', 'c7b88d63-b8b9-4151-ae69-d608d9cc4435', 23) ON CONFLICT DO NOTHING;
INSERT INTO score_sheets (id, period_id, project_id, juror_id, status, comment, started_at, last_activity_at) VALUES ('b3c1a82a-a72e-48f8-a579-713decdcfcc2', '6c44b363-4522-4cad-a251-06484b72b164', '32f1ec66-89dc-49f5-a867-7ec816ff6d07', 'f106ca15-dc12-414f-ac41-0b361db08f95', 'submitted', 'Well-rounded with good technical foundations.', (timestamp '2026-07-14 09:00:00' + interval '36 hours 44 minutes') - interval '30 mins', (timestamp '2026-07-14 09:00:00' + interval '36 hours 44 minutes')) ON CONFLICT DO NOTHING;
INSERT INTO score_sheet_items (id, score_sheet_id, period_criterion_id, score_value) VALUES ('720e00dd-3416-464f-abc3-f284b229ca0d', 'b3c1a82a-a72e-48f8-a579-713decdcfcc2', 'bef0ee60-1170-401b-a860-190ae7af1d01', 23) ON CONFLICT DO NOTHING;
INSERT INTO score_sheet_items (id, score_sheet_id, period_criterion_id, score_value) VALUES ('6faa7319-3372-4f3a-a589-5903db042d9f', 'b3c1a82a-a72e-48f8-a579-713decdcfcc2', '14b446ba-82d2-4360-a0d5-3d650c766907', 33) ON CONFLICT DO NOTHING;
INSERT INTO score_sheet_items (id, score_sheet_id, period_criterion_id, score_value) VALUES ('e4f4394c-ec9e-412a-a7ba-6486728ae434', 'b3c1a82a-a72e-48f8-a579-713decdcfcc2', 'c7b88d63-b8b9-4151-ae69-d608d9cc4435', 26) ON CONFLICT DO NOTHING;
INSERT INTO score_sheets (id, period_id, project_id, juror_id, status, comment, started_at, last_activity_at) VALUES ('9d72b76d-c8c4-479e-adf6-38d5b1926010', '6c44b363-4522-4cad-a251-06484b72b164', '5e784ee9-8ce7-4cae-a580-a07a1f11b557', 'f106ca15-dc12-414f-ac41-0b361db08f95', 'submitted', 'Consistently good — no weak spots.', (timestamp '2026-07-14 09:00:00' + interval '50 hours 26 minutes') - interval '30 mins', (timestamp '2026-07-14 09:00:00' + interval '50 hours 26 minutes')) ON CONFLICT DO NOTHING;
INSERT INTO score_sheet_items (id, score_sheet_id, period_criterion_id, score_value) VALUES ('08a2f9e5-c0b5-4cde-a612-4f03c6e67389', '9d72b76d-c8c4-479e-adf6-38d5b1926010', 'bef0ee60-1170-401b-a860-190ae7af1d01', 25) ON CONFLICT DO NOTHING;
INSERT INTO score_sheet_items (id, score_sheet_id, period_criterion_id, score_value) VALUES ('e6841e64-b419-4ccb-a1e9-272df1c69d7b', '9d72b76d-c8c4-479e-adf6-38d5b1926010', '14b446ba-82d2-4360-a0d5-3d650c766907', 34) ON CONFLICT DO NOTHING;
INSERT INTO score_sheet_items (id, score_sheet_id, period_criterion_id, score_value) VALUES ('fd8f87cb-3259-411c-aa8b-a15f4ad1e11d', '9d72b76d-c8c4-479e-adf6-38d5b1926010', 'c7b88d63-b8b9-4151-ae69-d608d9cc4435', 25) ON CONFLICT DO NOTHING;
INSERT INTO score_sheets (id, period_id, project_id, juror_id, status, comment, started_at, last_activity_at) VALUES ('a4f92ea4-43c9-4b94-aa92-c02b66024c50', '6c44b363-4522-4cad-a251-06484b72b164', 'acb58410-579f-4a67-a462-68dfd1beec2e', 'f106ca15-dc12-414f-ac41-0b361db08f95', 'in_progress', NULL, (timestamp '2026-07-14 09:00:00' + interval '30 hours 31 minutes') - interval '30 mins', (timestamp '2026-07-14 09:00:00' + interval '30 hours 31 minutes')) ON CONFLICT DO NOTHING;
INSERT INTO score_sheet_items (id, score_sheet_id, period_criterion_id, score_value) VALUES ('c428b7ad-e450-4f97-acbf-917314ddaeea', 'a4f92ea4-43c9-4b94-aa92-c02b66024c50', 'bef0ee60-1170-401b-a860-190ae7af1d01', 24) ON CONFLICT DO NOTHING;
INSERT INTO score_sheets (id, period_id, project_id, juror_id, status, comment, started_at, last_activity_at) VALUES ('cf8d04ab-1d74-47e7-ae8e-709356777ebd', '6c44b363-4522-4cad-a251-06484b72b164', '7c08441a-9b1c-43b1-ab4b-a6d204c8f90d', '2d3b2caa-0358-45c2-a122-c1c17cb9fbc5', 'submitted', NULL, (timestamp '2026-07-14 09:00:00' + interval '30 hours 36 minutes') - interval '30 mins', (timestamp '2026-07-14 09:00:00' + interval '30 hours 36 minutes')) ON CONFLICT DO NOTHING;
INSERT INTO score_sheet_items (id, score_sheet_id, period_criterion_id, score_value) VALUES ('e3e7c8a6-a4be-4358-abcf-cea65195f22c', 'cf8d04ab-1d74-47e7-ae8e-709356777ebd', 'bef0ee60-1170-401b-a860-190ae7af1d01', 27) ON CONFLICT DO NOTHING;
INSERT INTO score_sheet_items (id, score_sheet_id, period_criterion_id, score_value) VALUES ('a6394905-2fc6-48fa-a075-c34c41264d92', 'cf8d04ab-1d74-47e7-ae8e-709356777ebd', '14b446ba-82d2-4360-a0d5-3d650c766907', 38) ON CONFLICT DO NOTHING;
INSERT INTO score_sheet_items (id, score_sheet_id, period_criterion_id, score_value) VALUES ('eb4e84ce-4143-4572-a1ee-431c725c5bc7', 'cf8d04ab-1d74-47e7-ae8e-709356777ebd', 'c7b88d63-b8b9-4151-ae69-d608d9cc4435', 29) ON CONFLICT DO NOTHING;
INSERT INTO score_sheets (id, period_id, project_id, juror_id, status, comment, started_at, last_activity_at) VALUES ('37010bdd-58b6-4b0d-a160-b233e2c177d6', '6c44b363-4522-4cad-a251-06484b72b164', 'ca11e01d-82af-4055-aa03-4640780aa91b', '2d3b2caa-0358-45c2-a122-c1c17cb9fbc5', 'submitted', NULL, (timestamp '2026-07-14 09:00:00' + interval '47 hours 41 minutes') - interval '30 mins', (timestamp '2026-07-14 09:00:00' + interval '47 hours 41 minutes')) ON CONFLICT DO NOTHING;
INSERT INTO score_sheet_items (id, score_sheet_id, period_criterion_id, score_value) VALUES ('2f919106-5835-4832-aab3-6c1643df642f', '37010bdd-58b6-4b0d-a160-b233e2c177d6', 'bef0ee60-1170-401b-a860-190ae7af1d01', 26) ON CONFLICT DO NOTHING;
INSERT INTO score_sheet_items (id, score_sheet_id, period_criterion_id, score_value) VALUES ('e94f88e4-b0cf-4d0f-a59b-81701c44d896', '37010bdd-58b6-4b0d-a160-b233e2c177d6', '14b446ba-82d2-4360-a0d5-3d650c766907', 36) ON CONFLICT DO NOTHING;
INSERT INTO score_sheet_items (id, score_sheet_id, period_criterion_id, score_value) VALUES ('9e2bf3cc-951c-4355-ad69-e2308625076e', '37010bdd-58b6-4b0d-a160-b233e2c177d6', 'c7b88d63-b8b9-4151-ae69-d608d9cc4435', 26) ON CONFLICT DO NOTHING;
INSERT INTO score_sheets (id, period_id, project_id, juror_id, status, comment, started_at, last_activity_at) VALUES ('04177ee6-0ff2-4455-ac49-2dca32793d07', '6c44b363-4522-4cad-a251-06484b72b164', 'f587f2b0-2c8e-40bc-ac05-182f1d07cf58', '2d3b2caa-0358-45c2-a122-c1c17cb9fbc5', 'submitted', 'Solid engineering work with clear methodology.', (timestamp '2026-07-14 09:00:00' + interval '24 hours 16 minutes') - interval '30 mins', (timestamp '2026-07-14 09:00:00' + interval '24 hours 16 minutes')) ON CONFLICT DO NOTHING;
INSERT INTO score_sheet_items (id, score_sheet_id, period_criterion_id, score_value) VALUES ('6e4efd48-b7fb-4668-a0f5-f236eea6d99e', '04177ee6-0ff2-4455-ac49-2dca32793d07', 'bef0ee60-1170-401b-a860-190ae7af1d01', 23) ON CONFLICT DO NOTHING;
INSERT INTO score_sheet_items (id, score_sheet_id, period_criterion_id, score_value) VALUES ('f529777c-3a50-40e4-ac97-14f4245cb52c', '04177ee6-0ff2-4455-ac49-2dca32793d07', '14b446ba-82d2-4360-a0d5-3d650c766907', 31) ON CONFLICT DO NOTHING;
INSERT INTO score_sheet_items (id, score_sheet_id, period_criterion_id, score_value) VALUES ('9c0bfc3d-0234-49d6-a424-f7e0812cc532', '04177ee6-0ff2-4455-ac49-2dca32793d07', 'c7b88d63-b8b9-4151-ae69-d608d9cc4435', 22) ON CONFLICT DO NOTHING;
INSERT INTO score_sheets (id, period_id, project_id, juror_id, status, comment, started_at, last_activity_at) VALUES ('fadb3f85-b68f-40f3-a274-160e35d39826', '6c44b363-4522-4cad-a251-06484b72b164', '32f1ec66-89dc-49f5-a867-7ec816ff6d07', '2d3b2caa-0358-45c2-a122-c1c17cb9fbc5', 'submitted', 'Reliable execution and thorough documentation.', (timestamp '2026-07-14 09:00:00' + interval '15 hours 36 minutes') - interval '30 mins', (timestamp '2026-07-14 09:00:00' + interval '15 hours 36 minutes')) ON CONFLICT DO NOTHING;
INSERT INTO score_sheet_items (id, score_sheet_id, period_criterion_id, score_value) VALUES ('cb0d71e7-4344-4f67-af9f-7622929df6ed', 'fadb3f85-b68f-40f3-a274-160e35d39826', 'bef0ee60-1170-401b-a860-190ae7af1d01', 23) ON CONFLICT DO NOTHING;
INSERT INTO score_sheet_items (id, score_sheet_id, period_criterion_id, score_value) VALUES ('589487bb-260d-4930-a3f4-88b39de32ec8', 'fadb3f85-b68f-40f3-a274-160e35d39826', '14b446ba-82d2-4360-a0d5-3d650c766907', 31) ON CONFLICT DO NOTHING;
INSERT INTO score_sheet_items (id, score_sheet_id, period_criterion_id, score_value) VALUES ('44364d1c-4f52-4827-a28d-defd0a903650', 'fadb3f85-b68f-40f3-a274-160e35d39826', 'c7b88d63-b8b9-4151-ae69-d608d9cc4435', 23) ON CONFLICT DO NOTHING;
INSERT INTO score_sheets (id, period_id, project_id, juror_id, status, comment, started_at, last_activity_at) VALUES ('bcc9807c-0209-498b-aa23-5cf60ffae352', '6c44b363-4522-4cad-a251-06484b72b164', '5e784ee9-8ce7-4cae-a580-a07a1f11b557', '2d3b2caa-0358-45c2-a122-c1c17cb9fbc5', 'submitted', 'Balanced execution with attention to every criterion.', (timestamp '2026-07-14 09:00:00' + interval '3 hours 31 minutes') - interval '30 mins', (timestamp '2026-07-14 09:00:00' + interval '3 hours 31 minutes')) ON CONFLICT DO NOTHING;
INSERT INTO score_sheet_items (id, score_sheet_id, period_criterion_id, score_value) VALUES ('77b8e49d-977d-43a0-ae55-73690e4250b5', 'bcc9807c-0209-498b-aa23-5cf60ffae352', 'bef0ee60-1170-401b-a860-190ae7af1d01', 23) ON CONFLICT DO NOTHING;
INSERT INTO score_sheet_items (id, score_sheet_id, period_criterion_id, score_value) VALUES ('6bbe9b75-d140-4a17-a3c7-59e13957f5f2', 'bcc9807c-0209-498b-aa23-5cf60ffae352', '14b446ba-82d2-4360-a0d5-3d650c766907', 32) ON CONFLICT DO NOTHING;
INSERT INTO score_sheet_items (id, score_sheet_id, period_criterion_id, score_value) VALUES ('ebdd81a5-321d-41d7-a42d-6befe74794ea', 'bcc9807c-0209-498b-aa23-5cf60ffae352', 'c7b88d63-b8b9-4151-ae69-d608d9cc4435', 24) ON CONFLICT DO NOTHING;
INSERT INTO score_sheets (id, period_id, project_id, juror_id, status, comment, started_at, last_activity_at) VALUES ('f798c374-b407-4f77-a3a0-ac9b75e2b82c', '6c44b363-4522-4cad-a251-06484b72b164', 'acb58410-579f-4a67-a462-68dfd1beec2e', '2d3b2caa-0358-45c2-a122-c1c17cb9fbc5', 'submitted', 'Some brilliant moments alongside notable gaps.', (timestamp '2026-07-14 09:00:00' + interval '12 hours 54 minutes') - interval '30 mins', (timestamp '2026-07-14 09:00:00' + interval '12 hours 54 minutes')) ON CONFLICT DO NOTHING;
INSERT INTO score_sheet_items (id, score_sheet_id, period_criterion_id, score_value) VALUES ('b5f5c0d1-8b2b-44e1-a125-a2aabfbe6fee', 'f798c374-b407-4f77-a3a0-ac9b75e2b82c', 'bef0ee60-1170-401b-a860-190ae7af1d01', 28) ON CONFLICT DO NOTHING;
INSERT INTO score_sheet_items (id, score_sheet_id, period_criterion_id, score_value) VALUES ('db01c092-aa07-4176-acd7-01bf5542d435', 'f798c374-b407-4f77-a3a0-ac9b75e2b82c', '14b446ba-82d2-4360-a0d5-3d650c766907', 34) ON CONFLICT DO NOTHING;
INSERT INTO score_sheet_items (id, score_sheet_id, period_criterion_id, score_value) VALUES ('e2ac704c-055a-492c-aa85-52b4298a5c1b', 'f798c374-b407-4f77-a3a0-ac9b75e2b82c', 'c7b88d63-b8b9-4151-ae69-d608d9cc4435', 28) ON CONFLICT DO NOTHING;
INSERT INTO score_sheets (id, period_id, project_id, juror_id, status, comment, started_at, last_activity_at) VALUES ('d16b12d8-67b7-4a41-a489-27169f03adfa', '6c44b363-4522-4cad-a251-06484b72b164', '32635f22-7ece-4fe8-a2e5-a0596659e09a', '2d3b2caa-0358-45c2-a122-c1c17cb9fbc5', 'submitted', NULL, (timestamp '2026-07-14 09:00:00' + interval '15 hours 14 minutes') - interval '30 mins', (timestamp '2026-07-14 09:00:00' + interval '15 hours 14 minutes')) ON CONFLICT DO NOTHING;
INSERT INTO score_sheet_items (id, score_sheet_id, period_criterion_id, score_value) VALUES ('5bf414fc-939e-4a75-a859-708f4b5d80d7', 'd16b12d8-67b7-4a41-a489-27169f03adfa', 'bef0ee60-1170-401b-a860-190ae7af1d01', 27) ON CONFLICT DO NOTHING;
INSERT INTO score_sheet_items (id, score_sheet_id, period_criterion_id, score_value) VALUES ('98827004-1cd7-4a66-a6d8-13335dbc2628', 'd16b12d8-67b7-4a41-a489-27169f03adfa', '14b446ba-82d2-4360-a0d5-3d650c766907', 36) ON CONFLICT DO NOTHING;
INSERT INTO score_sheet_items (id, score_sheet_id, period_criterion_id, score_value) VALUES ('d7926c26-8d8a-426b-a319-8d12df4630b4', 'd16b12d8-67b7-4a41-a489-27169f03adfa', 'c7b88d63-b8b9-4151-ae69-d608d9cc4435', 27) ON CONFLICT DO NOTHING;
INSERT INTO score_sheets (id, period_id, project_id, juror_id, status, comment, started_at, last_activity_at) VALUES ('06aec2f5-0e52-4bd1-af18-5bb8a92643a2', '6c44b363-4522-4cad-a251-06484b72b164', '07acad75-3870-4cca-a9e6-90ebcae9aa69', '2d3b2caa-0358-45c2-a122-c1c17cb9fbc5', 'submitted', 'Great team dynamics but technical execution falls short.', (timestamp '2026-07-14 09:00:00' + interval '32 hours 24 minutes') - interval '30 mins', (timestamp '2026-07-14 09:00:00' + interval '32 hours 24 minutes')) ON CONFLICT DO NOTHING;
INSERT INTO score_sheet_items (id, score_sheet_id, period_criterion_id, score_value) VALUES ('00b1ecec-fe87-4b92-ace7-9f4495d8a5e1', '06aec2f5-0e52-4bd1-af18-5bb8a92643a2', 'bef0ee60-1170-401b-a860-190ae7af1d01', 25) ON CONFLICT DO NOTHING;
INSERT INTO score_sheet_items (id, score_sheet_id, period_criterion_id, score_value) VALUES ('6174537f-b7a7-489f-a5df-900cbbb9ca7c', '06aec2f5-0e52-4bd1-af18-5bb8a92643a2', '14b446ba-82d2-4360-a0d5-3d650c766907', 22) ON CONFLICT DO NOTHING;
INSERT INTO score_sheet_items (id, score_sheet_id, period_criterion_id, score_value) VALUES ('e2655961-da9a-4e4c-a261-942e828f8cf0', '06aec2f5-0e52-4bd1-af18-5bb8a92643a2', 'c7b88d63-b8b9-4151-ae69-d608d9cc4435', 25) ON CONFLICT DO NOTHING;
INSERT INTO score_sheets (id, period_id, project_id, juror_id, status, comment, started_at, last_activity_at) VALUES ('4d8b4240-b180-43b0-a520-086a6932bbe9', '6c44b363-4522-4cad-a251-06484b72b164', 'ee36879d-c1a0-4042-ae3d-4785e41a000b', '2d3b2caa-0358-45c2-a122-c1c17cb9fbc5', 'submitted', NULL, (timestamp '2026-07-14 09:00:00' + interval '50 hours 30 minutes') - interval '30 mins', (timestamp '2026-07-14 09:00:00' + interval '50 hours 30 minutes')) ON CONFLICT DO NOTHING;
INSERT INTO score_sheet_items (id, score_sheet_id, period_criterion_id, score_value) VALUES ('9eb890cb-1f7d-4064-a619-c8655bd488d3', '4d8b4240-b180-43b0-a520-086a6932bbe9', 'bef0ee60-1170-401b-a860-190ae7af1d01', 27) ON CONFLICT DO NOTHING;
INSERT INTO score_sheet_items (id, score_sheet_id, period_criterion_id, score_value) VALUES ('ea614a11-c6de-4f44-a674-927eb2d15ce7', '4d8b4240-b180-43b0-a520-086a6932bbe9', '14b446ba-82d2-4360-a0d5-3d650c766907', 35) ON CONFLICT DO NOTHING;
INSERT INTO score_sheet_items (id, score_sheet_id, period_criterion_id, score_value) VALUES ('60c0de15-08c9-4539-ab01-e4ec542fac54', '4d8b4240-b180-43b0-a520-086a6932bbe9', 'c7b88d63-b8b9-4151-ae69-d608d9cc4435', 25) ON CONFLICT DO NOTHING;
INSERT INTO score_sheets (id, period_id, project_id, juror_id, status, comment, started_at, last_activity_at) VALUES ('cfbfbc18-cb7f-4715-a97b-4116ccac9ac1', '6c44b363-4522-4cad-a251-06484b72b164', '40a4601a-bd4f-420e-ad80-b3567e6178b3', '2d3b2caa-0358-45c2-a122-c1c17cb9fbc5', 'submitted', 'Meets minimum expectations but does not stand out.', (timestamp '2026-07-14 09:00:00' + interval '48 hours 0 minutes') - interval '30 mins', (timestamp '2026-07-14 09:00:00' + interval '48 hours 0 minutes')) ON CONFLICT DO NOTHING;
INSERT INTO score_sheet_items (id, score_sheet_id, period_criterion_id, score_value) VALUES ('be9a8b83-5371-4df1-ad61-737bb64d5019', 'cfbfbc18-cb7f-4715-a97b-4116ccac9ac1', 'bef0ee60-1170-401b-a860-190ae7af1d01', 17) ON CONFLICT DO NOTHING;
INSERT INTO score_sheet_items (id, score_sheet_id, period_criterion_id, score_value) VALUES ('31d95e17-d43e-4790-a408-c0f8e53f85bd', 'cfbfbc18-cb7f-4715-a97b-4116ccac9ac1', '14b446ba-82d2-4360-a0d5-3d650c766907', 27) ON CONFLICT DO NOTHING;
INSERT INTO score_sheet_items (id, score_sheet_id, period_criterion_id, score_value) VALUES ('d64b9322-188d-44d8-a71a-74a1564d42ea', 'cfbfbc18-cb7f-4715-a97b-4116ccac9ac1', 'c7b88d63-b8b9-4151-ae69-d608d9cc4435', 18) ON CONFLICT DO NOTHING;
INSERT INTO score_sheets (id, period_id, project_id, juror_id, status, comment, started_at, last_activity_at) VALUES ('6ebfd67a-009d-4199-a0e8-039bb909e06a', '6c44b363-4522-4cad-a251-06484b72b164', '7c08441a-9b1c-43b1-ab4b-a6d204c8f90d', '79ef4764-8e84-4a18-ad48-dbd780a5a027', 'submitted', NULL, (timestamp '2026-07-14 09:00:00' + interval '33 hours 19 minutes') - interval '30 mins', (timestamp '2026-07-14 09:00:00' + interval '33 hours 19 minutes')) ON CONFLICT DO NOTHING;
INSERT INTO score_sheet_items (id, score_sheet_id, period_criterion_id, score_value) VALUES ('f306486c-25b7-4bb6-abc4-5b10f13de4bd', '6ebfd67a-009d-4199-a0e8-039bb909e06a', 'bef0ee60-1170-401b-a860-190ae7af1d01', 26) ON CONFLICT DO NOTHING;
INSERT INTO score_sheet_items (id, score_sheet_id, period_criterion_id, score_value) VALUES ('08bc4f8a-abcb-4c1f-a5e6-4e29e071661a', '6ebfd67a-009d-4199-a0e8-039bb909e06a', '14b446ba-82d2-4360-a0d5-3d650c766907', 36) ON CONFLICT DO NOTHING;
INSERT INTO score_sheet_items (id, score_sheet_id, period_criterion_id, score_value) VALUES ('bb479b14-574b-4040-a510-8dce00159da9', '6ebfd67a-009d-4199-a0e8-039bb909e06a', 'c7b88d63-b8b9-4151-ae69-d608d9cc4435', 28) ON CONFLICT DO NOTHING;
INSERT INTO score_sheets (id, period_id, project_id, juror_id, status, comment, started_at, last_activity_at) VALUES ('80032ca7-f856-442a-aedc-29ff637024de', '6c44b363-4522-4cad-a251-06484b72b164', 'ca11e01d-82af-4055-aa03-4640780aa91b', '79ef4764-8e84-4a18-ad48-dbd780a5a027', 'submitted', NULL, (timestamp '2026-07-14 09:00:00' + interval '31 hours 33 minutes') - interval '30 mins', (timestamp '2026-07-14 09:00:00' + interval '31 hours 33 minutes')) ON CONFLICT DO NOTHING;
INSERT INTO score_sheet_items (id, score_sheet_id, period_criterion_id, score_value) VALUES ('cd9ddf55-1736-4c8b-a3e9-7d866e76f291', '80032ca7-f856-442a-aedc-29ff637024de', 'bef0ee60-1170-401b-a860-190ae7af1d01', 28) ON CONFLICT DO NOTHING;
INSERT INTO score_sheet_items (id, score_sheet_id, period_criterion_id, score_value) VALUES ('a3ebdf16-4343-4a9e-add0-0288fa56dfb1', '80032ca7-f856-442a-aedc-29ff637024de', '14b446ba-82d2-4360-a0d5-3d650c766907', 37) ON CONFLICT DO NOTHING;
INSERT INTO score_sheet_items (id, score_sheet_id, period_criterion_id, score_value) VALUES ('5aee8618-14a9-481e-a46c-01e5007f78e1', '80032ca7-f856-442a-aedc-29ff637024de', 'c7b88d63-b8b9-4151-ae69-d608d9cc4435', 27) ON CONFLICT DO NOTHING;
INSERT INTO score_sheets (id, period_id, project_id, juror_id, status, comment, started_at, last_activity_at) VALUES ('617a2171-6fef-4cfe-a82a-e5d0dd2373fb', '6c44b363-4522-4cad-a251-06484b72b164', 'f587f2b0-2c8e-40bc-ac05-182f1d07cf58', '79ef4764-8e84-4a18-ad48-dbd780a5a027', 'submitted', 'Good work overall. Fundamentally sound.', (timestamp '2026-07-14 09:00:00' + interval '48 hours 16 minutes') - interval '30 mins', (timestamp '2026-07-14 09:00:00' + interval '48 hours 16 minutes')) ON CONFLICT DO NOTHING;
INSERT INTO score_sheet_items (id, score_sheet_id, period_criterion_id, score_value) VALUES ('7a24a459-929b-4503-a6c2-b8fd8d68d0d2', '617a2171-6fef-4cfe-a82a-e5d0dd2373fb', 'bef0ee60-1170-401b-a860-190ae7af1d01', 23) ON CONFLICT DO NOTHING;
INSERT INTO score_sheet_items (id, score_sheet_id, period_criterion_id, score_value) VALUES ('10d10431-a606-4285-a344-b960f6314771', '617a2171-6fef-4cfe-a82a-e5d0dd2373fb', '14b446ba-82d2-4360-a0d5-3d650c766907', 31) ON CONFLICT DO NOTHING;
INSERT INTO score_sheet_items (id, score_sheet_id, period_criterion_id, score_value) VALUES ('7115e37a-1837-47f4-aaa6-de314808211c', '617a2171-6fef-4cfe-a82a-e5d0dd2373fb', 'c7b88d63-b8b9-4151-ae69-d608d9cc4435', 25) ON CONFLICT DO NOTHING;
INSERT INTO score_sheets (id, period_id, project_id, juror_id, status, comment, started_at, last_activity_at) VALUES ('7fee54c3-c026-4979-af00-37dda8ccf8c1', '6c44b363-4522-4cad-a251-06484b72b164', '32f1ec66-89dc-49f5-a867-7ec816ff6d07', '79ef4764-8e84-4a18-ad48-dbd780a5a027', 'submitted', 'Strong and consistent effort throughout.', (timestamp '2026-07-14 09:00:00' + interval '57 hours 1 minutes') - interval '30 mins', (timestamp '2026-07-14 09:00:00' + interval '57 hours 1 minutes')) ON CONFLICT DO NOTHING;
INSERT INTO score_sheet_items (id, score_sheet_id, period_criterion_id, score_value) VALUES ('8a0ecf63-2ec3-4f7e-a890-f6078f88cdd4', '7fee54c3-c026-4979-af00-37dda8ccf8c1', 'bef0ee60-1170-401b-a860-190ae7af1d01', 25) ON CONFLICT DO NOTHING;
INSERT INTO score_sheet_items (id, score_sheet_id, period_criterion_id, score_value) VALUES ('96281fbe-53c6-4adc-a496-7d2c4a83e671', '7fee54c3-c026-4979-af00-37dda8ccf8c1', '14b446ba-82d2-4360-a0d5-3d650c766907', 33) ON CONFLICT DO NOTHING;
INSERT INTO score_sheet_items (id, score_sheet_id, period_criterion_id, score_value) VALUES ('a062e33e-795f-4050-a48c-127c43e76cf7', '7fee54c3-c026-4979-af00-37dda8ccf8c1', 'c7b88d63-b8b9-4151-ae69-d608d9cc4435', 25) ON CONFLICT DO NOTHING;
INSERT INTO score_sheets (id, period_id, project_id, juror_id, status, comment, started_at, last_activity_at) VALUES ('1fdf42f5-238e-4e70-a584-fd44882d95f3', '6c44b363-4522-4cad-a251-06484b72b164', '5e784ee9-8ce7-4cae-a580-a07a1f11b557', '79ef4764-8e84-4a18-ad48-dbd780a5a027', 'submitted', 'Well-balanced project showing strength in all areas.', (timestamp '2026-07-14 09:00:00' + interval '54 hours 17 minutes') - interval '30 mins', (timestamp '2026-07-14 09:00:00' + interval '54 hours 17 minutes')) ON CONFLICT DO NOTHING;
INSERT INTO score_sheet_items (id, score_sheet_id, period_criterion_id, score_value) VALUES ('6a7e174f-3770-4b96-ae0f-76bde057bdc9', '1fdf42f5-238e-4e70-a584-fd44882d95f3', 'bef0ee60-1170-401b-a860-190ae7af1d01', 26) ON CONFLICT DO NOTHING;
INSERT INTO score_sheet_items (id, score_sheet_id, period_criterion_id, score_value) VALUES ('70508004-73e9-4716-ae5b-8be85b8f1f13', '1fdf42f5-238e-4e70-a584-fd44882d95f3', '14b446ba-82d2-4360-a0d5-3d650c766907', 32) ON CONFLICT DO NOTHING;
INSERT INTO score_sheet_items (id, score_sheet_id, period_criterion_id, score_value) VALUES ('a4ffb991-695f-4b02-aa60-e4cc330a07c1', '1fdf42f5-238e-4e70-a584-fd44882d95f3', 'c7b88d63-b8b9-4151-ae69-d608d9cc4435', 25) ON CONFLICT DO NOTHING;
INSERT INTO score_sheets (id, period_id, project_id, juror_id, status, comment, started_at, last_activity_at) VALUES ('ec8bfc84-9ea0-4bd7-aa7e-6ae768973a33', '6c44b363-4522-4cad-a251-06484b72b164', 'acb58410-579f-4a67-a462-68dfd1beec2e', '79ef4764-8e84-4a18-ad48-dbd780a5a027', 'submitted', 'Some brilliant moments alongside notable gaps.', (timestamp '2026-07-14 09:00:00' + interval '58 hours 19 minutes') - interval '30 mins', (timestamp '2026-07-14 09:00:00' + interval '58 hours 19 minutes')) ON CONFLICT DO NOTHING;
INSERT INTO score_sheet_items (id, score_sheet_id, period_criterion_id, score_value) VALUES ('cd198b44-f294-4c91-ad0e-5676506f85b7', 'ec8bfc84-9ea0-4bd7-aa7e-6ae768973a33', 'bef0ee60-1170-401b-a860-190ae7af1d01', 17) ON CONFLICT DO NOTHING;
INSERT INTO score_sheet_items (id, score_sheet_id, period_criterion_id, score_value) VALUES ('2b158d1e-f5e4-4192-a72d-d3b1f6f2f7f8', 'ec8bfc84-9ea0-4bd7-aa7e-6ae768973a33', '14b446ba-82d2-4360-a0d5-3d650c766907', 33) ON CONFLICT DO NOTHING;
INSERT INTO score_sheet_items (id, score_sheet_id, period_criterion_id, score_value) VALUES ('50e82a21-6d21-46e6-a267-5dd673f7d0f4', 'ec8bfc84-9ea0-4bd7-aa7e-6ae768973a33', 'c7b88d63-b8b9-4151-ae69-d608d9cc4435', 23) ON CONFLICT DO NOTHING;
INSERT INTO score_sheets (id, period_id, project_id, juror_id, status, comment, started_at, last_activity_at) VALUES ('cea3fd85-b045-4cc3-aa3e-d295994af227', '6c44b363-4522-4cad-a251-06484b72b164', '32635f22-7ece-4fe8-a2e5-a0596659e09a', '79ef4764-8e84-4a18-ad48-dbd780a5a027', 'submitted', NULL, (timestamp '2026-07-14 09:00:00' + interval '15 hours 52 minutes') - interval '30 mins', (timestamp '2026-07-14 09:00:00' + interval '15 hours 52 minutes')) ON CONFLICT DO NOTHING;
INSERT INTO score_sheet_items (id, score_sheet_id, period_criterion_id, score_value) VALUES ('f3343a27-9c28-4440-a3d3-6e2fac3213fe', 'cea3fd85-b045-4cc3-aa3e-d295994af227', 'bef0ee60-1170-401b-a860-190ae7af1d01', 27) ON CONFLICT DO NOTHING;
INSERT INTO score_sheet_items (id, score_sheet_id, period_criterion_id, score_value) VALUES ('05f7ce8a-3870-4357-ab8e-3a46ff0a5259', 'cea3fd85-b045-4cc3-aa3e-d295994af227', '14b446ba-82d2-4360-a0d5-3d650c766907', 36) ON CONFLICT DO NOTHING;
INSERT INTO score_sheet_items (id, score_sheet_id, period_criterion_id, score_value) VALUES ('9c2467ad-db82-453b-ae18-44683d889762', 'cea3fd85-b045-4cc3-aa3e-d295994af227', 'c7b88d63-b8b9-4151-ae69-d608d9cc4435', 27) ON CONFLICT DO NOTHING;
INSERT INTO score_sheets (id, period_id, project_id, juror_id, status, comment, started_at, last_activity_at) VALUES ('30852c5c-3381-4bb6-ad6e-a118937d3e6f', '6c44b363-4522-4cad-a251-06484b72b164', '07acad75-3870-4cca-a9e6-90ebcae9aa69', '79ef4764-8e84-4a18-ad48-dbd780a5a027', 'submitted', 'Strong collaboration; need to strengthen the technical core.', (timestamp '2026-07-14 09:00:00' + interval '16 hours 40 minutes') - interval '30 mins', (timestamp '2026-07-14 09:00:00' + interval '16 hours 40 minutes')) ON CONFLICT DO NOTHING;
INSERT INTO score_sheet_items (id, score_sheet_id, period_criterion_id, score_value) VALUES ('60256c95-82fb-4d26-af30-2aab59b9cc4b', '30852c5c-3381-4bb6-ad6e-a118937d3e6f', 'bef0ee60-1170-401b-a860-190ae7af1d01', 25) ON CONFLICT DO NOTHING;
INSERT INTO score_sheet_items (id, score_sheet_id, period_criterion_id, score_value) VALUES ('ad7d2780-f0b7-4be9-a707-2771a97b4fea', '30852c5c-3381-4bb6-ad6e-a118937d3e6f', '14b446ba-82d2-4360-a0d5-3d650c766907', 22) ON CONFLICT DO NOTHING;
INSERT INTO score_sheet_items (id, score_sheet_id, period_criterion_id, score_value) VALUES ('53db8c07-8c80-442e-abfd-6184f4e51e9b', '30852c5c-3381-4bb6-ad6e-a118937d3e6f', 'c7b88d63-b8b9-4151-ae69-d608d9cc4435', 25) ON CONFLICT DO NOTHING;
INSERT INTO score_sheets (id, period_id, project_id, juror_id, status, comment, started_at, last_activity_at) VALUES ('1b6292d9-00ee-4b21-a2d8-10adbb28a962', '6c44b363-4522-4cad-a251-06484b72b164', 'ee36879d-c1a0-4042-ae3d-4785e41a000b', '79ef4764-8e84-4a18-ad48-dbd780a5a027', 'submitted', 'Started slowly but finished very strongly.', (timestamp '2026-07-14 09:00:00' + interval '56 hours 18 minutes') - interval '30 mins', (timestamp '2026-07-14 09:00:00' + interval '56 hours 18 minutes')) ON CONFLICT DO NOTHING;
INSERT INTO score_sheet_items (id, score_sheet_id, period_criterion_id, score_value) VALUES ('25359951-4728-408f-a5c2-78bab74f8f58', '1b6292d9-00ee-4b21-a2d8-10adbb28a962', 'bef0ee60-1170-401b-a860-190ae7af1d01', 25) ON CONFLICT DO NOTHING;
INSERT INTO score_sheet_items (id, score_sheet_id, period_criterion_id, score_value) VALUES ('3d9f6109-8fc2-4f57-a8fa-a15b2ecd739d', '1b6292d9-00ee-4b21-a2d8-10adbb28a962', '14b446ba-82d2-4360-a0d5-3d650c766907', 35) ON CONFLICT DO NOTHING;
INSERT INTO score_sheet_items (id, score_sheet_id, period_criterion_id, score_value) VALUES ('17385bd4-6b33-4e84-a410-376461abbb97', '1b6292d9-00ee-4b21-a2d8-10adbb28a962', 'c7b88d63-b8b9-4151-ae69-d608d9cc4435', 26) ON CONFLICT DO NOTHING;
INSERT INTO score_sheets (id, period_id, project_id, juror_id, status, comment, started_at, last_activity_at) VALUES ('8a79be90-4731-47af-ae0f-83fb15f71a54', '6c44b363-4522-4cad-a251-06484b72b164', '40a4601a-bd4f-420e-ad80-b3567e6178b3', '79ef4764-8e84-4a18-ad48-dbd780a5a027', 'submitted', NULL, (timestamp '2026-07-14 09:00:00' + interval '48 hours 33 minutes') - interval '30 mins', (timestamp '2026-07-14 09:00:00' + interval '48 hours 33 minutes')) ON CONFLICT DO NOTHING;
INSERT INTO score_sheet_items (id, score_sheet_id, period_criterion_id, score_value) VALUES ('46361642-773c-4c2f-a3fb-9571b2701081', '8a79be90-4731-47af-ae0f-83fb15f71a54', 'bef0ee60-1170-401b-a860-190ae7af1d01', 17) ON CONFLICT DO NOTHING;
INSERT INTO score_sheet_items (id, score_sheet_id, period_criterion_id, score_value) VALUES ('89489af9-f66c-4839-ab28-04ba4d1c6c37', '8a79be90-4731-47af-ae0f-83fb15f71a54', '14b446ba-82d2-4360-a0d5-3d650c766907', 27) ON CONFLICT DO NOTHING;
INSERT INTO score_sheet_items (id, score_sheet_id, period_criterion_id, score_value) VALUES ('f393ae0d-a5b3-4c50-a8d9-5bad2fa9a5b1', '8a79be90-4731-47af-ae0f-83fb15f71a54', 'c7b88d63-b8b9-4151-ae69-d608d9cc4435', 19) ON CONFLICT DO NOTHING;
INSERT INTO score_sheets (id, period_id, project_id, juror_id, status, comment, started_at, last_activity_at) VALUES ('12309011-62f0-435b-a92c-78bd45454b49', '6c44b363-4522-4cad-a251-06484b72b164', '7c08441a-9b1c-43b1-ab4b-a6d204c8f90d', '37dfc66f-d341-4063-a83a-731796af67cf', 'submitted', 'Truly impressive innovation and mastery.', (timestamp '2026-07-14 09:00:00' + interval '8 hours 37 minutes') - interval '30 mins', (timestamp '2026-07-14 09:00:00' + interval '8 hours 37 minutes')) ON CONFLICT DO NOTHING;
INSERT INTO score_sheet_items (id, score_sheet_id, period_criterion_id, score_value) VALUES ('47ccb2e6-be21-4fa4-a757-4e876918ce64', '12309011-62f0-435b-a92c-78bd45454b49', 'bef0ee60-1170-401b-a860-190ae7af1d01', 28) ON CONFLICT DO NOTHING;
INSERT INTO score_sheet_items (id, score_sheet_id, period_criterion_id, score_value) VALUES ('a79a0b03-a84f-45a8-a33b-65b212793563', '12309011-62f0-435b-a92c-78bd45454b49', '14b446ba-82d2-4360-a0d5-3d650c766907', 39) ON CONFLICT DO NOTHING;
INSERT INTO score_sheet_items (id, score_sheet_id, period_criterion_id, score_value) VALUES ('6e5b7933-db96-4746-a0dd-7f0bbc6adbb4', '12309011-62f0-435b-a92c-78bd45454b49', 'c7b88d63-b8b9-4151-ae69-d608d9cc4435', 28) ON CONFLICT DO NOTHING;
INSERT INTO score_sheets (id, period_id, project_id, juror_id, status, comment, started_at, last_activity_at) VALUES ('d1160a8e-d862-4a65-adca-ec9b3df0f331', '6c44b363-4522-4cad-a251-06484b72b164', 'ca11e01d-82af-4055-aa03-4640780aa91b', '37dfc66f-d341-4063-a83a-731796af67cf', 'submitted', 'Remarkable quality — set the bar for the session.', (timestamp '2026-07-14 09:00:00' + interval '39 hours 16 minutes') - interval '30 mins', (timestamp '2026-07-14 09:00:00' + interval '39 hours 16 minutes')) ON CONFLICT DO NOTHING;
INSERT INTO score_sheet_items (id, score_sheet_id, period_criterion_id, score_value) VALUES ('53c1a6a3-8f54-4679-ae02-185351de8be0', 'd1160a8e-d862-4a65-adca-ec9b3df0f331', 'bef0ee60-1170-401b-a860-190ae7af1d01', 30) ON CONFLICT DO NOTHING;
INSERT INTO score_sheet_items (id, score_sheet_id, period_criterion_id, score_value) VALUES ('3ddffa31-af07-4e2b-a42b-e022da3e3256', 'd1160a8e-d862-4a65-adca-ec9b3df0f331', '14b446ba-82d2-4360-a0d5-3d650c766907', 37) ON CONFLICT DO NOTHING;
INSERT INTO score_sheet_items (id, score_sheet_id, period_criterion_id, score_value) VALUES ('19605e83-545c-45bd-aa06-e28f3d76e91f', 'd1160a8e-d862-4a65-adca-ec9b3df0f331', 'c7b88d63-b8b9-4151-ae69-d608d9cc4435', 29) ON CONFLICT DO NOTHING;
INSERT INTO score_sheets (id, period_id, project_id, juror_id, status, comment, started_at, last_activity_at) VALUES ('f3909b3a-75cf-4c53-a3cd-4aaa212f1372', '6c44b363-4522-4cad-a251-06484b72b164', 'f587f2b0-2c8e-40bc-ac05-182f1d07cf58', '37dfc66f-d341-4063-a83a-731796af67cf', 'submitted', 'Reliable execution and thorough documentation.', (timestamp '2026-07-14 09:00:00' + interval '48 hours 58 minutes') - interval '30 mins', (timestamp '2026-07-14 09:00:00' + interval '48 hours 58 minutes')) ON CONFLICT DO NOTHING;
INSERT INTO score_sheet_items (id, score_sheet_id, period_criterion_id, score_value) VALUES ('402902e6-b7e3-40bf-a8a5-9e60a9e8d40e', 'f3909b3a-75cf-4c53-a3cd-4aaa212f1372', 'bef0ee60-1170-401b-a860-190ae7af1d01', 24) ON CONFLICT DO NOTHING;
INSERT INTO score_sheet_items (id, score_sheet_id, period_criterion_id, score_value) VALUES ('d19e425c-ec32-4b54-a36f-55d4b7f502f3', 'f3909b3a-75cf-4c53-a3cd-4aaa212f1372', '14b446ba-82d2-4360-a0d5-3d650c766907', 31) ON CONFLICT DO NOTHING;
INSERT INTO score_sheet_items (id, score_sheet_id, period_criterion_id, score_value) VALUES ('b393bb8e-7a1c-49a0-a97a-5a4ee1c7fd16', 'f3909b3a-75cf-4c53-a3cd-4aaa212f1372', 'c7b88d63-b8b9-4151-ae69-d608d9cc4435', 22) ON CONFLICT DO NOTHING;
INSERT INTO score_sheets (id, period_id, project_id, juror_id, status, comment, started_at, last_activity_at) VALUES ('5d98c74c-63bd-4a57-a759-ef8b5720819a', '6c44b363-4522-4cad-a251-06484b72b164', '32f1ec66-89dc-49f5-a867-7ec816ff6d07', '37dfc66f-d341-4063-a83a-731796af67cf', 'submitted', NULL, (timestamp '2026-07-14 09:00:00' + interval '13 hours 19 minutes') - interval '30 mins', (timestamp '2026-07-14 09:00:00' + interval '13 hours 19 minutes')) ON CONFLICT DO NOTHING;
INSERT INTO score_sheet_items (id, score_sheet_id, period_criterion_id, score_value) VALUES ('8e5b004c-2c43-4b3f-aed8-dfd010cd6916', '5d98c74c-63bd-4a57-a759-ef8b5720819a', 'bef0ee60-1170-401b-a860-190ae7af1d01', 23) ON CONFLICT DO NOTHING;
INSERT INTO score_sheet_items (id, score_sheet_id, period_criterion_id, score_value) VALUES ('ccbadaaa-a615-4428-a887-f85af55ec75e', '5d98c74c-63bd-4a57-a759-ef8b5720819a', '14b446ba-82d2-4360-a0d5-3d650c766907', 34) ON CONFLICT DO NOTHING;
INSERT INTO score_sheet_items (id, score_sheet_id, period_criterion_id, score_value) VALUES ('e3639474-b1da-4fdd-a5a5-a545e44cdb7a', '5d98c74c-63bd-4a57-a759-ef8b5720819a', 'c7b88d63-b8b9-4151-ae69-d608d9cc4435', 24) ON CONFLICT DO NOTHING;
INSERT INTO score_sheets (id, period_id, project_id, juror_id, status, comment, started_at, last_activity_at) VALUES ('e5cba174-2db4-4101-aa62-050fd332a7dc', '6c44b363-4522-4cad-a251-06484b72b164', '5e784ee9-8ce7-4cae-a580-a07a1f11b557', '37dfc66f-d341-4063-a83a-731796af67cf', 'submitted', NULL, (timestamp '2026-07-14 09:00:00' + interval '35 hours 39 minutes') - interval '30 mins', (timestamp '2026-07-14 09:00:00' + interval '35 hours 39 minutes')) ON CONFLICT DO NOTHING;
INSERT INTO score_sheet_items (id, score_sheet_id, period_criterion_id, score_value) VALUES ('f08429e6-07bc-45b9-a220-bb51aa6fd840', 'e5cba174-2db4-4101-aa62-050fd332a7dc', 'bef0ee60-1170-401b-a860-190ae7af1d01', 23) ON CONFLICT DO NOTHING;
INSERT INTO score_sheet_items (id, score_sheet_id, period_criterion_id, score_value) VALUES ('dfd8def3-99c4-4479-aa03-88ed069c2ef5', 'e5cba174-2db4-4101-aa62-050fd332a7dc', '14b446ba-82d2-4360-a0d5-3d650c766907', 36) ON CONFLICT DO NOTHING;
INSERT INTO score_sheet_items (id, score_sheet_id, period_criterion_id, score_value) VALUES ('ca43dbfb-8ab8-4a0d-afba-b3d81d51e721', 'e5cba174-2db4-4101-aa62-050fd332a7dc', 'c7b88d63-b8b9-4151-ae69-d608d9cc4435', 24) ON CONFLICT DO NOTHING;
INSERT INTO score_sheets (id, period_id, project_id, juror_id, status, comment, started_at, last_activity_at) VALUES ('2dd3ed49-820f-4461-afc5-eb38a1c9e880', '6c44b363-4522-4cad-a251-06484b72b164', 'acb58410-579f-4a67-a462-68dfd1beec2e', '37dfc66f-d341-4063-a83a-731796af67cf', 'submitted', NULL, (timestamp '2026-07-14 09:00:00' + interval '23 hours 40 minutes') - interval '30 mins', (timestamp '2026-07-14 09:00:00' + interval '23 hours 40 minutes')) ON CONFLICT DO NOTHING;
INSERT INTO score_sheet_items (id, score_sheet_id, period_criterion_id, score_value) VALUES ('8e0abb1e-437b-4c4e-ac18-5d6b1ce0bb88', '2dd3ed49-820f-4461-afc5-eb38a1c9e880', 'bef0ee60-1170-401b-a860-190ae7af1d01', 30) ON CONFLICT DO NOTHING;
INSERT INTO score_sheet_items (id, score_sheet_id, period_criterion_id, score_value) VALUES ('e50d95c2-5278-4471-a51f-6a54760cedbb', '2dd3ed49-820f-4461-afc5-eb38a1c9e880', '14b446ba-82d2-4360-a0d5-3d650c766907', 26) ON CONFLICT DO NOTHING;
INSERT INTO score_sheet_items (id, score_sheet_id, period_criterion_id, score_value) VALUES ('8450b369-e8d1-480b-a75f-16dda3f5ef41', '2dd3ed49-820f-4461-afc5-eb38a1c9e880', 'c7b88d63-b8b9-4151-ae69-d608d9cc4435', 24) ON CONFLICT DO NOTHING;
INSERT INTO score_sheets (id, period_id, project_id, juror_id, status, comment, started_at, last_activity_at) VALUES ('3d2cbcb3-8b3b-45f8-a7d7-7654eb3a5b30', '6c44b363-4522-4cad-a251-06484b72b164', '32635f22-7ece-4fe8-a2e5-a0596659e09a', '37dfc66f-d341-4063-a83a-731796af67cf', 'submitted', NULL, (timestamp '2026-07-14 09:00:00' + interval '33 hours 19 minutes') - interval '30 mins', (timestamp '2026-07-14 09:00:00' + interval '33 hours 19 minutes')) ON CONFLICT DO NOTHING;
INSERT INTO score_sheet_items (id, score_sheet_id, period_criterion_id, score_value) VALUES ('914a4f4e-df4c-4ede-a266-5bda30e03905', '3d2cbcb3-8b3b-45f8-a7d7-7654eb3a5b30', 'bef0ee60-1170-401b-a860-190ae7af1d01', 28) ON CONFLICT DO NOTHING;
INSERT INTO score_sheet_items (id, score_sheet_id, period_criterion_id, score_value) VALUES ('e801daad-1af2-4d42-a1f2-634be2b4ece9', '3d2cbcb3-8b3b-45f8-a7d7-7654eb3a5b30', '14b446ba-82d2-4360-a0d5-3d650c766907', 37) ON CONFLICT DO NOTHING;
INSERT INTO score_sheet_items (id, score_sheet_id, period_criterion_id, score_value) VALUES ('ceced9b6-ecbb-4d6c-a161-53e619aefa21', '3d2cbcb3-8b3b-45f8-a7d7-7654eb3a5b30', 'c7b88d63-b8b9-4151-ae69-d608d9cc4435', 28) ON CONFLICT DO NOTHING;
INSERT INTO score_sheets (id, period_id, project_id, juror_id, status, comment, started_at, last_activity_at) VALUES ('42608955-441a-4cc4-ace7-0e48d9dec854', '6c44b363-4522-4cad-a251-06484b72b164', '07acad75-3870-4cca-a9e6-90ebcae9aa69', '37dfc66f-d341-4063-a83a-731796af67cf', 'submitted', NULL, (timestamp '2026-07-14 09:00:00' + interval '3 hours 41 minutes') - interval '30 mins', (timestamp '2026-07-14 09:00:00' + interval '3 hours 41 minutes')) ON CONFLICT DO NOTHING;
INSERT INTO score_sheet_items (id, score_sheet_id, period_criterion_id, score_value) VALUES ('96ccbd16-e496-40fa-a5f7-6b21bb5e9761', '42608955-441a-4cc4-ace7-0e48d9dec854', 'bef0ee60-1170-401b-a860-190ae7af1d01', 26) ON CONFLICT DO NOTHING;
INSERT INTO score_sheet_items (id, score_sheet_id, period_criterion_id, score_value) VALUES ('139a41c1-eb75-40d1-ac1f-659ab8492695', '42608955-441a-4cc4-ace7-0e48d9dec854', '14b446ba-82d2-4360-a0d5-3d650c766907', 22) ON CONFLICT DO NOTHING;
INSERT INTO score_sheet_items (id, score_sheet_id, period_criterion_id, score_value) VALUES ('6861740a-8624-4ace-abc5-b8868f6861c7', '42608955-441a-4cc4-ace7-0e48d9dec854', 'c7b88d63-b8b9-4151-ae69-d608d9cc4435', 26) ON CONFLICT DO NOTHING;
INSERT INTO score_sheets (id, period_id, project_id, juror_id, status, comment, started_at, last_activity_at) VALUES ('dc29024e-d003-4247-afea-e61cae0b88c8', '6c44b363-4522-4cad-a251-06484b72b164', 'ee36879d-c1a0-4042-ae3d-4785e41a000b', '37dfc66f-d341-4063-a83a-731796af67cf', 'submitted', 'Clear improvement trajectory throughout.', (timestamp '2026-07-14 09:00:00' + interval '38 hours 56 minutes') - interval '30 mins', (timestamp '2026-07-14 09:00:00' + interval '38 hours 56 minutes')) ON CONFLICT DO NOTHING;
INSERT INTO score_sheet_items (id, score_sheet_id, period_criterion_id, score_value) VALUES ('d8cb683a-6c9d-4157-ac64-e73f2abd7c72', 'dc29024e-d003-4247-afea-e61cae0b88c8', 'bef0ee60-1170-401b-a860-190ae7af1d01', 26) ON CONFLICT DO NOTHING;
INSERT INTO score_sheet_items (id, score_sheet_id, period_criterion_id, score_value) VALUES ('2623f70c-d53d-4d67-a7f8-fdedd8759fc0', 'dc29024e-d003-4247-afea-e61cae0b88c8', '14b446ba-82d2-4360-a0d5-3d650c766907', 33) ON CONFLICT DO NOTHING;
INSERT INTO score_sheet_items (id, score_sheet_id, period_criterion_id, score_value) VALUES ('b5f03043-4c43-4405-a10e-9028e52c2c81', 'dc29024e-d003-4247-afea-e61cae0b88c8', 'c7b88d63-b8b9-4151-ae69-d608d9cc4435', 24) ON CONFLICT DO NOTHING;
INSERT INTO score_sheets (id, period_id, project_id, juror_id, status, comment, started_at, last_activity_at) VALUES ('0af98023-c1e2-414b-a14d-baf37fc5c877', '6c44b363-4522-4cad-a251-06484b72b164', '40a4601a-bd4f-420e-ad80-b3567e6178b3', '37dfc66f-d341-4063-a83a-731796af67cf', 'submitted', 'Adequate but uninspired. More depth needed.', (timestamp '2026-07-14 09:00:00' + interval '18 hours 54 minutes') - interval '30 mins', (timestamp '2026-07-14 09:00:00' + interval '18 hours 54 minutes')) ON CONFLICT DO NOTHING;
INSERT INTO score_sheet_items (id, score_sheet_id, period_criterion_id, score_value) VALUES ('d702ece4-29bf-4e0e-a3ee-670278e65a96', '0af98023-c1e2-414b-a14d-baf37fc5c877', 'bef0ee60-1170-401b-a860-190ae7af1d01', 18) ON CONFLICT DO NOTHING;
INSERT INTO score_sheet_items (id, score_sheet_id, period_criterion_id, score_value) VALUES ('55e4ca01-8483-4fee-a765-cd85844cd793', '0af98023-c1e2-414b-a14d-baf37fc5c877', '14b446ba-82d2-4360-a0d5-3d650c766907', 26) ON CONFLICT DO NOTHING;
INSERT INTO score_sheet_items (id, score_sheet_id, period_criterion_id, score_value) VALUES ('da40da8c-c2c5-4ac1-adb1-c45a63d4dc5a', '0af98023-c1e2-414b-a14d-baf37fc5c877', 'c7b88d63-b8b9-4151-ae69-d608d9cc4435', 18) ON CONFLICT DO NOTHING;
INSERT INTO score_sheets (id, period_id, project_id, juror_id, status, comment, started_at, last_activity_at) VALUES ('10c768e1-0b38-4637-adbf-8689174b5639', '6c44b363-4522-4cad-a251-06484b72b164', '7c08441a-9b1c-43b1-ab4b-a6d204c8f90d', 'd1a703ee-801b-4a43-acb9-ab23cd6750b7', 'submitted', NULL, (timestamp '2026-07-14 09:00:00' + interval '45 hours 0 minutes') - interval '30 mins', (timestamp '2026-07-14 09:00:00' + interval '45 hours 0 minutes')) ON CONFLICT DO NOTHING;
INSERT INTO score_sheet_items (id, score_sheet_id, period_criterion_id, score_value) VALUES ('2fae19ad-014f-41be-a4f9-c86fdad3545f', '10c768e1-0b38-4637-adbf-8689174b5639', 'bef0ee60-1170-401b-a860-190ae7af1d01', 28) ON CONFLICT DO NOTHING;
INSERT INTO score_sheet_items (id, score_sheet_id, period_criterion_id, score_value) VALUES ('ad138015-dcf9-4d43-a577-7afbe9dc4416', '10c768e1-0b38-4637-adbf-8689174b5639', '14b446ba-82d2-4360-a0d5-3d650c766907', 39) ON CONFLICT DO NOTHING;
INSERT INTO score_sheet_items (id, score_sheet_id, period_criterion_id, score_value) VALUES ('54c2bf9b-d828-47d4-a51c-b0c2c903c9bf', '10c768e1-0b38-4637-adbf-8689174b5639', 'c7b88d63-b8b9-4151-ae69-d608d9cc4435', 30) ON CONFLICT DO NOTHING;
INSERT INTO score_sheets (id, period_id, project_id, juror_id, status, comment, started_at, last_activity_at) VALUES ('8814a166-5118-4c51-a535-91344dc0f626', '6c44b363-4522-4cad-a251-06484b72b164', 'ca11e01d-82af-4055-aa03-4640780aa91b', 'd1a703ee-801b-4a43-acb9-ab23cd6750b7', 'submitted', NULL, (timestamp '2026-07-14 09:00:00' + interval '49 hours 59 minutes') - interval '30 mins', (timestamp '2026-07-14 09:00:00' + interval '49 hours 59 minutes')) ON CONFLICT DO NOTHING;
INSERT INTO score_sheet_items (id, score_sheet_id, period_criterion_id, score_value) VALUES ('2098006e-41d2-450f-a0d6-148d4f2e1cc0', '8814a166-5118-4c51-a535-91344dc0f626', 'bef0ee60-1170-401b-a860-190ae7af1d01', 28) ON CONFLICT DO NOTHING;
INSERT INTO score_sheet_items (id, score_sheet_id, period_criterion_id, score_value) VALUES ('5d82ba71-c29e-464e-a808-36f5cb8dadc0', '8814a166-5118-4c51-a535-91344dc0f626', '14b446ba-82d2-4360-a0d5-3d650c766907', 39) ON CONFLICT DO NOTHING;
INSERT INTO score_sheet_items (id, score_sheet_id, period_criterion_id, score_value) VALUES ('a3db365d-b27f-451b-a9f3-8b1d7f5be695', '8814a166-5118-4c51-a535-91344dc0f626', 'c7b88d63-b8b9-4151-ae69-d608d9cc4435', 28) ON CONFLICT DO NOTHING;
INSERT INTO score_sheets (id, period_id, project_id, juror_id, status, comment, started_at, last_activity_at) VALUES ('90d20d3b-5c96-4f06-a4c6-bf3cb5bca694', '6c44b363-4522-4cad-a251-06484b72b164', 'f587f2b0-2c8e-40bc-ac05-182f1d07cf58', 'd1a703ee-801b-4a43-acb9-ab23cd6750b7', 'submitted', NULL, (timestamp '2026-07-14 09:00:00' + interval '8 hours 31 minutes') - interval '30 mins', (timestamp '2026-07-14 09:00:00' + interval '8 hours 31 minutes')) ON CONFLICT DO NOTHING;
INSERT INTO score_sheet_items (id, score_sheet_id, period_criterion_id, score_value) VALUES ('42b50a8b-3445-4e96-a459-8fa20fe22683', '90d20d3b-5c96-4f06-a4c6-bf3cb5bca694', 'bef0ee60-1170-401b-a860-190ae7af1d01', 24) ON CONFLICT DO NOTHING;
INSERT INTO score_sheet_items (id, score_sheet_id, period_criterion_id, score_value) VALUES ('2d8a3340-b35a-4fb8-a1de-24e311484c4c', '90d20d3b-5c96-4f06-a4c6-bf3cb5bca694', '14b446ba-82d2-4360-a0d5-3d650c766907', 30) ON CONFLICT DO NOTHING;
INSERT INTO score_sheet_items (id, score_sheet_id, period_criterion_id, score_value) VALUES ('8381c594-1df4-4cc9-a343-17c5bd233a77', '90d20d3b-5c96-4f06-a4c6-bf3cb5bca694', 'c7b88d63-b8b9-4151-ae69-d608d9cc4435', 22) ON CONFLICT DO NOTHING;
INSERT INTO score_sheets (id, period_id, project_id, juror_id, status, comment, started_at, last_activity_at) VALUES ('e7745ae5-65e8-4ff9-ae61-79916b5968d0', '6c44b363-4522-4cad-a251-06484b72b164', '32f1ec66-89dc-49f5-a867-7ec816ff6d07', 'd1a703ee-801b-4a43-acb9-ab23cd6750b7', 'submitted', NULL, (timestamp '2026-07-14 09:00:00' + interval '17 hours 12 minutes') - interval '30 mins', (timestamp '2026-07-14 09:00:00' + interval '17 hours 12 minutes')) ON CONFLICT DO NOTHING;
INSERT INTO score_sheet_items (id, score_sheet_id, period_criterion_id, score_value) VALUES ('703593ec-2136-48c0-aa16-dbc745eeca0e', 'e7745ae5-65e8-4ff9-ae61-79916b5968d0', 'bef0ee60-1170-401b-a860-190ae7af1d01', 24) ON CONFLICT DO NOTHING;
INSERT INTO score_sheet_items (id, score_sheet_id, period_criterion_id, score_value) VALUES ('1ab5b5c8-0090-4378-a521-2825f80e159f', 'e7745ae5-65e8-4ff9-ae61-79916b5968d0', '14b446ba-82d2-4360-a0d5-3d650c766907', 35) ON CONFLICT DO NOTHING;
INSERT INTO score_sheet_items (id, score_sheet_id, period_criterion_id, score_value) VALUES ('db780d0a-134f-4cd6-a6ff-633156530152', 'e7745ae5-65e8-4ff9-ae61-79916b5968d0', 'c7b88d63-b8b9-4151-ae69-d608d9cc4435', 22) ON CONFLICT DO NOTHING;
INSERT INTO score_sheets (id, period_id, project_id, juror_id, status, comment, started_at, last_activity_at) VALUES ('96457fc3-fdca-45a4-a613-f7baf03c6bac', '6c44b363-4522-4cad-a251-06484b72b164', '5e784ee9-8ce7-4cae-a580-a07a1f11b557', 'd1a703ee-801b-4a43-acb9-ab23cd6750b7', 'submitted', 'Balanced execution with attention to every criterion.', (timestamp '2026-07-14 09:00:00' + interval '27 hours 4 minutes') - interval '30 mins', (timestamp '2026-07-14 09:00:00' + interval '27 hours 4 minutes')) ON CONFLICT DO NOTHING;
INSERT INTO score_sheet_items (id, score_sheet_id, period_criterion_id, score_value) VALUES ('c1cbb0a4-87c7-4db0-aea3-503abfbdc6bd', '96457fc3-fdca-45a4-a613-f7baf03c6bac', 'bef0ee60-1170-401b-a860-190ae7af1d01', 24) ON CONFLICT DO NOTHING;
INSERT INTO score_sheet_items (id, score_sheet_id, period_criterion_id, score_value) VALUES ('770c5528-d2f6-485a-a54c-e3b64aef51f5', '96457fc3-fdca-45a4-a613-f7baf03c6bac', '14b446ba-82d2-4360-a0d5-3d650c766907', 35) ON CONFLICT DO NOTHING;
INSERT INTO score_sheet_items (id, score_sheet_id, period_criterion_id, score_value) VALUES ('522942f4-512b-4569-af0c-4878b6363030', '96457fc3-fdca-45a4-a613-f7baf03c6bac', 'c7b88d63-b8b9-4151-ae69-d608d9cc4435', 24) ON CONFLICT DO NOTHING;
INSERT INTO score_sheets (id, period_id, project_id, juror_id, status, comment, started_at, last_activity_at) VALUES ('b471e126-4e61-4ced-a14c-61422c4a8fc4', '6c44b363-4522-4cad-a251-06484b72b164', 'acb58410-579f-4a67-a462-68dfd1beec2e', 'd1a703ee-801b-4a43-acb9-ab23cd6750b7', 'submitted', NULL, (timestamp '2026-07-14 09:00:00' + interval '46 hours 26 minutes') - interval '30 mins', (timestamp '2026-07-14 09:00:00' + interval '46 hours 26 minutes')) ON CONFLICT DO NOTHING;
INSERT INTO score_sheet_items (id, score_sheet_id, period_criterion_id, score_value) VALUES ('bb2a658b-da53-463e-a1f6-c4162769225f', 'b471e126-4e61-4ced-a14c-61422c4a8fc4', 'bef0ee60-1170-401b-a860-190ae7af1d01', 27) ON CONFLICT DO NOTHING;
INSERT INTO score_sheet_items (id, score_sheet_id, period_criterion_id, score_value) VALUES ('66cbe73c-d092-4be3-a57c-27ca1abc8043', 'b471e126-4e61-4ced-a14c-61422c4a8fc4', '14b446ba-82d2-4360-a0d5-3d650c766907', 35) ON CONFLICT DO NOTHING;
INSERT INTO score_sheet_items (id, score_sheet_id, period_criterion_id, score_value) VALUES ('20dcd099-47c7-4e9c-a561-63930bb578ef', 'b471e126-4e61-4ced-a14c-61422c4a8fc4', 'c7b88d63-b8b9-4151-ae69-d608d9cc4435', 15) ON CONFLICT DO NOTHING;
INSERT INTO score_sheets (id, period_id, project_id, juror_id, status, comment, started_at, last_activity_at) VALUES ('9f2ef20c-69d6-4b69-a661-727c68eb445d', '6c44b363-4522-4cad-a251-06484b72b164', '32635f22-7ece-4fe8-a2e5-a0596659e09a', 'd1a703ee-801b-4a43-acb9-ab23cd6750b7', 'submitted', 'Very strong technically but communication needs improvement.', (timestamp '2026-07-14 09:00:00' + interval '54 hours 14 minutes') - interval '30 mins', (timestamp '2026-07-14 09:00:00' + interval '54 hours 14 minutes')) ON CONFLICT DO NOTHING;
INSERT INTO score_sheet_items (id, score_sheet_id, period_criterion_id, score_value) VALUES ('5d088b6a-77b6-46e7-a61f-f190393bc55e', '9f2ef20c-69d6-4b69-a661-727c68eb445d', 'bef0ee60-1170-401b-a860-190ae7af1d01', 28) ON CONFLICT DO NOTHING;
INSERT INTO score_sheet_items (id, score_sheet_id, period_criterion_id, score_value) VALUES ('bc62937e-ee36-4f03-af47-47b4dab8d0bf', '9f2ef20c-69d6-4b69-a661-727c68eb445d', '14b446ba-82d2-4360-a0d5-3d650c766907', 37) ON CONFLICT DO NOTHING;
INSERT INTO score_sheet_items (id, score_sheet_id, period_criterion_id, score_value) VALUES ('eb870781-b7b4-4a68-ad10-b4cd7eca678a', '9f2ef20c-69d6-4b69-a661-727c68eb445d', 'c7b88d63-b8b9-4151-ae69-d608d9cc4435', 28) ON CONFLICT DO NOTHING;
INSERT INTO score_sheets (id, period_id, project_id, juror_id, status, comment, started_at, last_activity_at) VALUES ('cc106aa7-d312-4fc4-abca-cdd67fdf6c07', '6c44b363-4522-4cad-a251-06484b72b164', '07acad75-3870-4cca-a9e6-90ebcae9aa69', 'd1a703ee-801b-4a43-acb9-ab23cd6750b7', 'submitted', 'Strong collaboration; need to strengthen the technical core.', (timestamp '2026-07-14 09:00:00' + interval '10 hours 20 minutes') - interval '30 mins', (timestamp '2026-07-14 09:00:00' + interval '10 hours 20 minutes')) ON CONFLICT DO NOTHING;
INSERT INTO score_sheet_items (id, score_sheet_id, period_criterion_id, score_value) VALUES ('8ba62a37-bbd8-4598-ad03-10bb853c4d71', 'cc106aa7-d312-4fc4-abca-cdd67fdf6c07', 'bef0ee60-1170-401b-a860-190ae7af1d01', 26) ON CONFLICT DO NOTHING;
INSERT INTO score_sheet_items (id, score_sheet_id, period_criterion_id, score_value) VALUES ('c08a24a1-0376-4fa9-a579-bb4d760b139c', 'cc106aa7-d312-4fc4-abca-cdd67fdf6c07', '14b446ba-82d2-4360-a0d5-3d650c766907', 22) ON CONFLICT DO NOTHING;
INSERT INTO score_sheet_items (id, score_sheet_id, period_criterion_id, score_value) VALUES ('40ac3dd5-a5ed-4204-a134-29e7b1d19d83', 'cc106aa7-d312-4fc4-abca-cdd67fdf6c07', 'c7b88d63-b8b9-4151-ae69-d608d9cc4435', 26) ON CONFLICT DO NOTHING;
INSERT INTO score_sheets (id, period_id, project_id, juror_id, status, comment, started_at, last_activity_at) VALUES ('573f3b33-8c2a-4877-ad95-5f6850c9deb8', '6c44b363-4522-4cad-a251-06484b72b164', 'ee36879d-c1a0-4042-ae3d-4785e41a000b', 'd1a703ee-801b-4a43-acb9-ab23cd6750b7', 'submitted', 'Late-blooming — final product exceeded early expectations.', (timestamp '2026-07-14 09:00:00' + interval '21 hours 10 minutes') - interval '30 mins', (timestamp '2026-07-14 09:00:00' + interval '21 hours 10 minutes')) ON CONFLICT DO NOTHING;
INSERT INTO score_sheet_items (id, score_sheet_id, period_criterion_id, score_value) VALUES ('81f23460-8fc9-4bb5-ad9a-7f92a0381d67', '573f3b33-8c2a-4877-ad95-5f6850c9deb8', 'bef0ee60-1170-401b-a860-190ae7af1d01', 26) ON CONFLICT DO NOTHING;
INSERT INTO score_sheet_items (id, score_sheet_id, period_criterion_id, score_value) VALUES ('841cd44e-6603-4805-a3f5-104b44f95f45', '573f3b33-8c2a-4877-ad95-5f6850c9deb8', '14b446ba-82d2-4360-a0d5-3d650c766907', 37) ON CONFLICT DO NOTHING;
INSERT INTO score_sheet_items (id, score_sheet_id, period_criterion_id, score_value) VALUES ('42f70c43-e360-4662-ad6f-3c06ecdb036a', '573f3b33-8c2a-4877-ad95-5f6850c9deb8', 'c7b88d63-b8b9-4151-ae69-d608d9cc4435', 27) ON CONFLICT DO NOTHING;
INSERT INTO score_sheets (id, period_id, project_id, juror_id, status, comment, started_at, last_activity_at) VALUES ('7aa8e5be-c3fa-4f2d-a716-226d904418a3', '6c44b363-4522-4cad-a251-06484b72b164', '40a4601a-bd4f-420e-ad80-b3567e6178b3', 'd1a703ee-801b-4a43-acb9-ab23cd6750b7', 'submitted', NULL, (timestamp '2026-07-14 09:00:00' + interval '27 hours 38 minutes') - interval '30 mins', (timestamp '2026-07-14 09:00:00' + interval '27 hours 38 minutes')) ON CONFLICT DO NOTHING;
INSERT INTO score_sheet_items (id, score_sheet_id, period_criterion_id, score_value) VALUES ('0f5fd4e0-fcee-4e06-a88d-088a4ae5e1bc', '7aa8e5be-c3fa-4f2d-a716-226d904418a3', 'bef0ee60-1170-401b-a860-190ae7af1d01', 21) ON CONFLICT DO NOTHING;
INSERT INTO score_sheet_items (id, score_sheet_id, period_criterion_id, score_value) VALUES ('7bea0ef2-cddc-491e-aaca-7ab74ceaa6cc', '7aa8e5be-c3fa-4f2d-a716-226d904418a3', '14b446ba-82d2-4360-a0d5-3d650c766907', 29) ON CONFLICT DO NOTHING;
INSERT INTO score_sheet_items (id, score_sheet_id, period_criterion_id, score_value) VALUES ('ae12b8a4-19cc-423b-a3ed-a5aaa937ee1f', '7aa8e5be-c3fa-4f2d-a716-226d904418a3', 'c7b88d63-b8b9-4151-ae69-d608d9cc4435', 18) ON CONFLICT DO NOTHING;
INSERT INTO score_sheets (id, period_id, project_id, juror_id, status, comment, started_at, last_activity_at) VALUES ('37e394cb-d584-4b1e-a060-2c44633abd72', '6c44b363-4522-4cad-a251-06484b72b164', '7c08441a-9b1c-43b1-ab4b-a6d204c8f90d', '8609d130-59d2-4796-a1f1-896ebea85de6', 'submitted', 'Remarkable quality — set the bar for the session.', (timestamp '2026-07-14 09:00:00' + interval '55 hours 50 minutes') - interval '30 mins', (timestamp '2026-07-14 09:00:00' + interval '55 hours 50 minutes')) ON CONFLICT DO NOTHING;
INSERT INTO score_sheet_items (id, score_sheet_id, period_criterion_id, score_value) VALUES ('c4b15417-944a-47be-accc-87e2435e6d58', '37e394cb-d584-4b1e-a060-2c44633abd72', 'bef0ee60-1170-401b-a860-190ae7af1d01', 25) ON CONFLICT DO NOTHING;
INSERT INTO score_sheet_items (id, score_sheet_id, period_criterion_id, score_value) VALUES ('060e77e0-305b-4ba7-a187-f2101e5a0f71', '37e394cb-d584-4b1e-a060-2c44633abd72', '14b446ba-82d2-4360-a0d5-3d650c766907', 37) ON CONFLICT DO NOTHING;
INSERT INTO score_sheet_items (id, score_sheet_id, period_criterion_id, score_value) VALUES ('07fbe0be-568d-44cb-aabb-172ea6e8655f', '37e394cb-d584-4b1e-a060-2c44633abd72', 'c7b88d63-b8b9-4151-ae69-d608d9cc4435', 27) ON CONFLICT DO NOTHING;
INSERT INTO score_sheets (id, period_id, project_id, juror_id, status, comment, started_at, last_activity_at) VALUES ('7ad45d8e-e9d5-41b8-a3f4-bb7d4374076f', '6c44b363-4522-4cad-a251-06484b72b164', 'ca11e01d-82af-4055-aa03-4640780aa91b', '8609d130-59d2-4796-a1f1-896ebea85de6', 'submitted', NULL, (timestamp '2026-07-14 09:00:00' + interval '15 hours 33 minutes') - interval '30 mins', (timestamp '2026-07-14 09:00:00' + interval '15 hours 33 minutes')) ON CONFLICT DO NOTHING;
INSERT INTO score_sheet_items (id, score_sheet_id, period_criterion_id, score_value) VALUES ('a414021c-4161-41e8-a0e6-e24557641821', '7ad45d8e-e9d5-41b8-a3f4-bb7d4374076f', 'bef0ee60-1170-401b-a860-190ae7af1d01', 25) ON CONFLICT DO NOTHING;
INSERT INTO score_sheet_items (id, score_sheet_id, period_criterion_id, score_value) VALUES ('73a65c86-21db-454a-a5be-9ffd7a946fc8', '7ad45d8e-e9d5-41b8-a3f4-bb7d4374076f', '14b446ba-82d2-4360-a0d5-3d650c766907', 34) ON CONFLICT DO NOTHING;
INSERT INTO score_sheet_items (id, score_sheet_id, period_criterion_id, score_value) VALUES ('76fab963-f69e-4fd0-ae85-0fa35f15cb94', '7ad45d8e-e9d5-41b8-a3f4-bb7d4374076f', 'c7b88d63-b8b9-4151-ae69-d608d9cc4435', 26) ON CONFLICT DO NOTHING;
INSERT INTO score_sheets (id, period_id, project_id, juror_id, status, comment, started_at, last_activity_at) VALUES ('4eedda73-087d-446f-ad55-fd3fbf7bf4b6', '6c44b363-4522-4cad-a251-06484b72b164', 'f587f2b0-2c8e-40bc-ac05-182f1d07cf58', '8609d130-59d2-4796-a1f1-896ebea85de6', 'submitted', NULL, (timestamp '2026-07-14 09:00:00' + interval '34 hours 22 minutes') - interval '30 mins', (timestamp '2026-07-14 09:00:00' + interval '34 hours 22 minutes')) ON CONFLICT DO NOTHING;
INSERT INTO score_sheet_items (id, score_sheet_id, period_criterion_id, score_value) VALUES ('9aa755bb-c5d1-4f54-a03e-5c9762a020e4', '4eedda73-087d-446f-ad55-fd3fbf7bf4b6', 'bef0ee60-1170-401b-a860-190ae7af1d01', 24) ON CONFLICT DO NOTHING;
INSERT INTO score_sheet_items (id, score_sheet_id, period_criterion_id, score_value) VALUES ('6f2b9802-c8a7-4bea-a5ec-69dadf5a2333', '4eedda73-087d-446f-ad55-fd3fbf7bf4b6', '14b446ba-82d2-4360-a0d5-3d650c766907', 30) ON CONFLICT DO NOTHING;
INSERT INTO score_sheet_items (id, score_sheet_id, period_criterion_id, score_value) VALUES ('a5c30ef0-d139-40d8-af79-c442e820d598', '4eedda73-087d-446f-ad55-fd3fbf7bf4b6', 'c7b88d63-b8b9-4151-ae69-d608d9cc4435', 23) ON CONFLICT DO NOTHING;
INSERT INTO score_sheets (id, period_id, project_id, juror_id, status, comment, started_at, last_activity_at) VALUES ('ac7d514e-83e7-4acb-a05e-bad044f94f19', '6c44b363-4522-4cad-a251-06484b72b164', '32f1ec66-89dc-49f5-a867-7ec816ff6d07', '8609d130-59d2-4796-a1f1-896ebea85de6', 'submitted', NULL, (timestamp '2026-07-14 09:00:00' + interval '27 hours 56 minutes') - interval '30 mins', (timestamp '2026-07-14 09:00:00' + interval '27 hours 56 minutes')) ON CONFLICT DO NOTHING;
INSERT INTO score_sheet_items (id, score_sheet_id, period_criterion_id, score_value) VALUES ('35748d77-47e6-4f12-a7fa-52a543144878', 'ac7d514e-83e7-4acb-a05e-bad044f94f19', 'bef0ee60-1170-401b-a860-190ae7af1d01', 23) ON CONFLICT DO NOTHING;
INSERT INTO score_sheet_items (id, score_sheet_id, period_criterion_id, score_value) VALUES ('dd69c401-5288-4be7-a72c-2f44c0d59c3b', 'ac7d514e-83e7-4acb-a05e-bad044f94f19', '14b446ba-82d2-4360-a0d5-3d650c766907', 28) ON CONFLICT DO NOTHING;
INSERT INTO score_sheet_items (id, score_sheet_id, period_criterion_id, score_value) VALUES ('7e130351-b01a-43da-a13a-43853df18a9e', 'ac7d514e-83e7-4acb-a05e-bad044f94f19', 'c7b88d63-b8b9-4151-ae69-d608d9cc4435', 22) ON CONFLICT DO NOTHING;
INSERT INTO score_sheets (id, period_id, project_id, juror_id, status, comment, started_at, last_activity_at) VALUES ('05423168-f090-40a8-ace1-4613f890bb44', '6c44b363-4522-4cad-a251-06484b72b164', '5e784ee9-8ce7-4cae-a580-a07a1f11b557', '8609d130-59d2-4796-a1f1-896ebea85de6', 'submitted', 'Consistently good — no weak spots.', (timestamp '2026-07-14 09:00:00' + interval '23 hours 46 minutes') - interval '30 mins', (timestamp '2026-07-14 09:00:00' + interval '23 hours 46 minutes')) ON CONFLICT DO NOTHING;
INSERT INTO score_sheet_items (id, score_sheet_id, period_criterion_id, score_value) VALUES ('b54965d8-04b1-469a-a446-7a0911dc4e9e', '05423168-f090-40a8-ace1-4613f890bb44', 'bef0ee60-1170-401b-a860-190ae7af1d01', 23) ON CONFLICT DO NOTHING;
INSERT INTO score_sheet_items (id, score_sheet_id, period_criterion_id, score_value) VALUES ('79aa5e62-70c5-4f79-a2a8-ef34882b246a', '05423168-f090-40a8-ace1-4613f890bb44', '14b446ba-82d2-4360-a0d5-3d650c766907', 32) ON CONFLICT DO NOTHING;
INSERT INTO score_sheet_items (id, score_sheet_id, period_criterion_id, score_value) VALUES ('bcc6b267-1ad6-4248-afbf-cd782e87d3d1', '05423168-f090-40a8-ace1-4613f890bb44', 'c7b88d63-b8b9-4151-ae69-d608d9cc4435', 22) ON CONFLICT DO NOTHING;
INSERT INTO score_sheets (id, period_id, project_id, juror_id, status, comment, started_at, last_activity_at) VALUES ('bca9a1a3-7fe1-44c3-a9fd-860f73a3c84b', '6c44b363-4522-4cad-a251-06484b72b164', 'acb58410-579f-4a67-a462-68dfd1beec2e', '8609d130-59d2-4796-a1f1-896ebea85de6', 'submitted', 'Uneven — strong in certain areas but inconsistent.', (timestamp '2026-07-14 09:00:00' + interval '32 hours 24 minutes') - interval '30 mins', (timestamp '2026-07-14 09:00:00' + interval '32 hours 24 minutes')) ON CONFLICT DO NOTHING;
INSERT INTO score_sheet_items (id, score_sheet_id, period_criterion_id, score_value) VALUES ('8aea594e-849c-4f77-a25b-85f56400ba9c', 'bca9a1a3-7fe1-44c3-a9fd-860f73a3c84b', 'bef0ee60-1170-401b-a860-190ae7af1d01', 23) ON CONFLICT DO NOTHING;
INSERT INTO score_sheet_items (id, score_sheet_id, period_criterion_id, score_value) VALUES ('47c83348-7980-4bee-a7ee-0a3a4c77ff3a', 'bca9a1a3-7fe1-44c3-a9fd-860f73a3c84b', '14b446ba-82d2-4360-a0d5-3d650c766907', 28) ON CONFLICT DO NOTHING;
INSERT INTO score_sheet_items (id, score_sheet_id, period_criterion_id, score_value) VALUES ('d385033e-1e33-44ab-a138-1df67cda9297', 'bca9a1a3-7fe1-44c3-a9fd-860f73a3c84b', 'c7b88d63-b8b9-4151-ae69-d608d9cc4435', 22) ON CONFLICT DO NOTHING;
INSERT INTO score_sheets (id, period_id, project_id, juror_id, status, comment, started_at, last_activity_at) VALUES ('a2980501-366e-4821-a485-151b81af3b76', '6c44b363-4522-4cad-a251-06484b72b164', '32635f22-7ece-4fe8-a2e5-a0596659e09a', '8609d130-59d2-4796-a1f1-896ebea85de6', 'submitted', NULL, (timestamp '2026-07-14 09:00:00' + interval '7 hours 11 minutes') - interval '30 mins', (timestamp '2026-07-14 09:00:00' + interval '7 hours 11 minutes')) ON CONFLICT DO NOTHING;
INSERT INTO score_sheet_items (id, score_sheet_id, period_criterion_id, score_value) VALUES ('24c4ef1f-8612-4e2c-ae16-5a3b839d4a8a', 'a2980501-366e-4821-a485-151b81af3b76', 'bef0ee60-1170-401b-a860-190ae7af1d01', 26) ON CONFLICT DO NOTHING;
INSERT INTO score_sheet_items (id, score_sheet_id, period_criterion_id, score_value) VALUES ('0b15a302-8938-4165-a111-cc9301922573', 'a2980501-366e-4821-a485-151b81af3b76', '14b446ba-82d2-4360-a0d5-3d650c766907', 35) ON CONFLICT DO NOTHING;
INSERT INTO score_sheet_items (id, score_sheet_id, period_criterion_id, score_value) VALUES ('35f5e9bb-a06d-4adb-ae03-1b13e66ff60c', 'a2980501-366e-4821-a485-151b81af3b76', 'c7b88d63-b8b9-4151-ae69-d608d9cc4435', 26) ON CONFLICT DO NOTHING;
INSERT INTO score_sheets (id, period_id, project_id, juror_id, status, comment, started_at, last_activity_at) VALUES ('32eb070b-ae59-4a4a-a8c3-a979e0aa4a69', '6c44b363-4522-4cad-a251-06484b72b164', '07acad75-3870-4cca-a9e6-90ebcae9aa69', '8609d130-59d2-4796-a1f1-896ebea85de6', 'submitted', NULL, (timestamp '2026-07-14 09:00:00' + interval '47 hours 51 minutes') - interval '30 mins', (timestamp '2026-07-14 09:00:00' + interval '47 hours 51 minutes')) ON CONFLICT DO NOTHING;
INSERT INTO score_sheet_items (id, score_sheet_id, period_criterion_id, score_value) VALUES ('2c7250d1-557a-492c-a533-d08d5fff23aa', '32eb070b-ae59-4a4a-a8c3-a979e0aa4a69', 'bef0ee60-1170-401b-a860-190ae7af1d01', 24) ON CONFLICT DO NOTHING;
INSERT INTO score_sheet_items (id, score_sheet_id, period_criterion_id, score_value) VALUES ('2863feb7-726c-4866-a753-1acf77954e95', '32eb070b-ae59-4a4a-a8c3-a979e0aa4a69', '14b446ba-82d2-4360-a0d5-3d650c766907', 21) ON CONFLICT DO NOTHING;
INSERT INTO score_sheet_items (id, score_sheet_id, period_criterion_id, score_value) VALUES ('bc9b4f50-f31c-46c6-a2c6-db39cc870b27', '32eb070b-ae59-4a4a-a8c3-a979e0aa4a69', 'c7b88d63-b8b9-4151-ae69-d608d9cc4435', 24) ON CONFLICT DO NOTHING;
INSERT INTO score_sheets (id, period_id, project_id, juror_id, status, comment, started_at, last_activity_at) VALUES ('55797a80-bb01-413a-afa2-1ac1eb1718c3', '6c44b363-4522-4cad-a251-06484b72b164', 'ee36879d-c1a0-4042-ae3d-4785e41a000b', '8609d130-59d2-4796-a1f1-896ebea85de6', 'submitted', NULL, (timestamp '2026-07-14 09:00:00' + interval '26 hours 37 minutes') - interval '30 mins', (timestamp '2026-07-14 09:00:00' + interval '26 hours 37 minutes')) ON CONFLICT DO NOTHING;
INSERT INTO score_sheet_items (id, score_sheet_id, period_criterion_id, score_value) VALUES ('96c47b93-d354-449a-ace6-a04fc05bceed', '55797a80-bb01-413a-afa2-1ac1eb1718c3', 'bef0ee60-1170-401b-a860-190ae7af1d01', 26) ON CONFLICT DO NOTHING;
INSERT INTO score_sheet_items (id, score_sheet_id, period_criterion_id, score_value) VALUES ('e1033c11-2079-4763-ad95-acf00e2a675e', '55797a80-bb01-413a-afa2-1ac1eb1718c3', '14b446ba-82d2-4360-a0d5-3d650c766907', 32) ON CONFLICT DO NOTHING;
INSERT INTO score_sheet_items (id, score_sheet_id, period_criterion_id, score_value) VALUES ('e29e6ad1-d12c-4ad7-a333-c23ab321034f', '55797a80-bb01-413a-afa2-1ac1eb1718c3', 'c7b88d63-b8b9-4151-ae69-d608d9cc4435', 24) ON CONFLICT DO NOTHING;
INSERT INTO score_sheets (id, period_id, project_id, juror_id, status, comment, started_at, last_activity_at) VALUES ('194ca7e4-5d43-49ad-a71e-c220b97d871b', '6c44b363-4522-4cad-a251-06484b72b164', '40a4601a-bd4f-420e-ad80-b3567e6178b3', '8609d130-59d2-4796-a1f1-896ebea85de6', 'submitted', 'On the edge — competent but room for improvement.', (timestamp '2026-07-14 09:00:00' + interval '20 hours 4 minutes') - interval '30 mins', (timestamp '2026-07-14 09:00:00' + interval '20 hours 4 minutes')) ON CONFLICT DO NOTHING;
INSERT INTO score_sheet_items (id, score_sheet_id, period_criterion_id, score_value) VALUES ('501adcc9-57ca-4361-a87c-df736e366e4d', '194ca7e4-5d43-49ad-a71e-c220b97d871b', 'bef0ee60-1170-401b-a860-190ae7af1d01', 17) ON CONFLICT DO NOTHING;
INSERT INTO score_sheet_items (id, score_sheet_id, period_criterion_id, score_value) VALUES ('ebe26e51-f6ab-46a2-acc4-f7292b7e2328', '194ca7e4-5d43-49ad-a71e-c220b97d871b', '14b446ba-82d2-4360-a0d5-3d650c766907', 27) ON CONFLICT DO NOTHING;
INSERT INTO score_sheet_items (id, score_sheet_id, period_criterion_id, score_value) VALUES ('7bf50210-d874-4f5d-a0df-28090dff68b3', '194ca7e4-5d43-49ad-a71e-c220b97d871b', 'c7b88d63-b8b9-4151-ae69-d608d9cc4435', 20) ON CONFLICT DO NOTHING;
INSERT INTO score_sheets (id, period_id, project_id, juror_id, status, comment, started_at, last_activity_at) VALUES ('7979f968-9a86-418f-a23a-7428a654f635', '318124ea-8614-4355-ad48-2486524dfc13', '558f6b14-f11f-4dc3-ad37-c9041ad4e145', 'f106ca15-dc12-414f-ac41-0b361db08f95', 'submitted', NULL, (timestamp '2025-07-13 09:00:00' + interval '17 hours 5 minutes') - interval '30 mins', (timestamp '2025-07-13 09:00:00' + interval '17 hours 5 minutes')) ON CONFLICT DO NOTHING;
INSERT INTO score_sheet_items (id, score_sheet_id, period_criterion_id, score_value) VALUES ('e69eb9d0-8d54-4a4a-a70c-82a738ea39f7', '7979f968-9a86-418f-a23a-7428a654f635', 'f9fff257-dd3c-402c-a751-be4cd5b12e92', 27) ON CONFLICT DO NOTHING;
INSERT INTO score_sheet_items (id, score_sheet_id, period_criterion_id, score_value) VALUES ('4580ccc7-b361-42c4-ad93-c02803808968', '7979f968-9a86-418f-a23a-7428a654f635', 'e64b33e7-ae8d-4c65-a011-618a8d31e2c4', 36) ON CONFLICT DO NOTHING;
INSERT INTO score_sheet_items (id, score_sheet_id, period_criterion_id, score_value) VALUES ('66a9dd5b-db72-47bc-a5e7-6493605ab7ea', '7979f968-9a86-418f-a23a-7428a654f635', '364bedf6-a50f-425c-aa45-3567c85d5ff8', 30) ON CONFLICT DO NOTHING;
INSERT INTO score_sheets (id, period_id, project_id, juror_id, status, comment, started_at, last_activity_at) VALUES ('a926c8fa-ca08-49bb-a6d5-d3ade6ce4ca3', '318124ea-8614-4355-ad48-2486524dfc13', 'e970c78e-aaff-43ef-a236-77caf54b07ce', 'f106ca15-dc12-414f-ac41-0b361db08f95', 'submitted', NULL, (timestamp '2025-07-13 09:00:00' + interval '31 hours 35 minutes') - interval '30 mins', (timestamp '2025-07-13 09:00:00' + interval '31 hours 35 minutes')) ON CONFLICT DO NOTHING;
INSERT INTO score_sheet_items (id, score_sheet_id, period_criterion_id, score_value) VALUES ('c27c19e3-2101-45db-a991-2c4ea395dfc7', 'a926c8fa-ca08-49bb-a6d5-d3ade6ce4ca3', 'f9fff257-dd3c-402c-a751-be4cd5b12e92', 25) ON CONFLICT DO NOTHING;
INSERT INTO score_sheet_items (id, score_sheet_id, period_criterion_id, score_value) VALUES ('63e8fb8d-d793-4195-a218-8122f0922ba0', 'a926c8fa-ca08-49bb-a6d5-d3ade6ce4ca3', 'e64b33e7-ae8d-4c65-a011-618a8d31e2c4', 33) ON CONFLICT DO NOTHING;
INSERT INTO score_sheet_items (id, score_sheet_id, period_criterion_id, score_value) VALUES ('542d83f1-7776-4f68-a409-b74e31a1840a', 'a926c8fa-ca08-49bb-a6d5-d3ade6ce4ca3', '364bedf6-a50f-425c-aa45-3567c85d5ff8', 25) ON CONFLICT DO NOTHING;
INSERT INTO score_sheets (id, period_id, project_id, juror_id, status, comment, started_at, last_activity_at) VALUES ('5b354c08-e00e-4831-ad92-68588dcb1df5', '318124ea-8614-4355-ad48-2486524dfc13', '9c450cf6-cae4-4390-a3ed-12f231962d02', 'f106ca15-dc12-414f-ac41-0b361db08f95', 'submitted', NULL, (timestamp '2025-07-13 09:00:00' + interval '18 hours 3 minutes') - interval '30 mins', (timestamp '2025-07-13 09:00:00' + interval '18 hours 3 minutes')) ON CONFLICT DO NOTHING;
INSERT INTO score_sheet_items (id, score_sheet_id, period_criterion_id, score_value) VALUES ('35b6113f-6432-4690-a6aa-2f9965a4288b', '5b354c08-e00e-4831-ad92-68588dcb1df5', 'f9fff257-dd3c-402c-a751-be4cd5b12e92', 25) ON CONFLICT DO NOTHING;
INSERT INTO score_sheet_items (id, score_sheet_id, period_criterion_id, score_value) VALUES ('51618d1b-abd2-4d04-a530-4260de0fa6ec', '5b354c08-e00e-4831-ad92-68588dcb1df5', 'e64b33e7-ae8d-4c65-a011-618a8d31e2c4', 32) ON CONFLICT DO NOTHING;
INSERT INTO score_sheet_items (id, score_sheet_id, period_criterion_id, score_value) VALUES ('6fab7807-c9ee-480f-a077-79f872e06744', '5b354c08-e00e-4831-ad92-68588dcb1df5', '364bedf6-a50f-425c-aa45-3567c85d5ff8', 23) ON CONFLICT DO NOTHING;
INSERT INTO score_sheets (id, period_id, project_id, juror_id, status, comment, started_at, last_activity_at) VALUES ('7e5b6155-b2e1-4545-a914-526bbfd1745d', '318124ea-8614-4355-ad48-2486524dfc13', '985b9ce9-1302-4ed5-ac37-74f7c3eebfc5', 'f106ca15-dc12-414f-ac41-0b361db08f95', 'submitted', 'Balanced execution with attention to every criterion.', (timestamp '2025-07-13 09:00:00' + interval '30 hours 53 minutes') - interval '30 mins', (timestamp '2025-07-13 09:00:00' + interval '30 hours 53 minutes')) ON CONFLICT DO NOTHING;
INSERT INTO score_sheet_items (id, score_sheet_id, period_criterion_id, score_value) VALUES ('e40cafd6-f11c-455c-a33d-c6906df5646a', '7e5b6155-b2e1-4545-a914-526bbfd1745d', 'f9fff257-dd3c-402c-a751-be4cd5b12e92', 25) ON CONFLICT DO NOTHING;
INSERT INTO score_sheet_items (id, score_sheet_id, period_criterion_id, score_value) VALUES ('49e6ec79-f3db-465f-a9b8-de823c82b152', '7e5b6155-b2e1-4545-a914-526bbfd1745d', 'e64b33e7-ae8d-4c65-a011-618a8d31e2c4', 32) ON CONFLICT DO NOTHING;
INSERT INTO score_sheet_items (id, score_sheet_id, period_criterion_id, score_value) VALUES ('020f37b4-7825-4f20-a58f-d22cd648e9a0', '7e5b6155-b2e1-4545-a914-526bbfd1745d', '364bedf6-a50f-425c-aa45-3567c85d5ff8', 26) ON CONFLICT DO NOTHING;
INSERT INTO score_sheets (id, period_id, project_id, juror_id, status, comment, started_at, last_activity_at) VALUES ('a4a5875d-6816-4c75-a1ca-122f394f8c10', '318124ea-8614-4355-ad48-2486524dfc13', 'cd611107-acdf-40c5-ade3-321c5d20b22b', 'f106ca15-dc12-414f-ac41-0b361db08f95', 'submitted', NULL, (timestamp '2025-07-13 09:00:00' + interval '27 hours 22 minutes') - interval '30 mins', (timestamp '2025-07-13 09:00:00' + interval '27 hours 22 minutes')) ON CONFLICT DO NOTHING;
INSERT INTO score_sheet_items (id, score_sheet_id, period_criterion_id, score_value) VALUES ('598c7e4e-2e2a-4d38-a776-ee8fda2b102d', 'a4a5875d-6816-4c75-a1ca-122f394f8c10', 'f9fff257-dd3c-402c-a751-be4cd5b12e92', 21) ON CONFLICT DO NOTHING;
INSERT INTO score_sheet_items (id, score_sheet_id, period_criterion_id, score_value) VALUES ('109b5d9b-a547-4446-a7ea-5f6dcda8474d', 'a4a5875d-6816-4c75-a1ca-122f394f8c10', 'e64b33e7-ae8d-4c65-a011-618a8d31e2c4', 37) ON CONFLICT DO NOTHING;
INSERT INTO score_sheet_items (id, score_sheet_id, period_criterion_id, score_value) VALUES ('7bba8ccd-f62a-47b7-a2d1-12eb9274916d', 'a4a5875d-6816-4c75-a1ca-122f394f8c10', '364bedf6-a50f-425c-aa45-3567c85d5ff8', 24) ON CONFLICT DO NOTHING;
INSERT INTO score_sheets (id, period_id, project_id, juror_id, status, comment, started_at, last_activity_at) VALUES ('4725b5af-c81c-4728-ac75-e753ccb96c26', '318124ea-8614-4355-ad48-2486524dfc13', 'fc0404be-5d8b-4521-a139-40d70ba3fcc4', 'f106ca15-dc12-414f-ac41-0b361db08f95', 'in_progress', NULL, (timestamp '2025-07-13 09:00:00' + interval '6 hours 20 minutes') - interval '30 mins', (timestamp '2025-07-13 09:00:00' + interval '6 hours 20 minutes')) ON CONFLICT DO NOTHING;
INSERT INTO score_sheet_items (id, score_sheet_id, period_criterion_id, score_value) VALUES ('3c4cee16-49f3-45c6-a976-cf8ff12ca82e', '4725b5af-c81c-4728-ac75-e753ccb96c26', 'f9fff257-dd3c-402c-a751-be4cd5b12e92', 28) ON CONFLICT DO NOTHING;
INSERT INTO score_sheets (id, period_id, project_id, juror_id, status, comment, started_at, last_activity_at) VALUES ('66d56768-6bed-469b-aa4c-e14bed9e745c', '318124ea-8614-4355-ad48-2486524dfc13', '558f6b14-f11f-4dc3-ad37-c9041ad4e145', '2d3b2caa-0358-45c2-a122-c1c17cb9fbc5', 'submitted', NULL, (timestamp '2025-07-13 09:00:00' + interval '42 hours 31 minutes') - interval '30 mins', (timestamp '2025-07-13 09:00:00' + interval '42 hours 31 minutes')) ON CONFLICT DO NOTHING;
INSERT INTO score_sheet_items (id, score_sheet_id, period_criterion_id, score_value) VALUES ('c2a83631-5a8a-4e48-a791-12cc60cd8dd8', '66d56768-6bed-469b-aa4c-e14bed9e745c', 'f9fff257-dd3c-402c-a751-be4cd5b12e92', 26) ON CONFLICT DO NOTHING;
INSERT INTO score_sheet_items (id, score_sheet_id, period_criterion_id, score_value) VALUES ('1cb1be32-9b05-4ab8-a773-e49734353795', '66d56768-6bed-469b-aa4c-e14bed9e745c', 'e64b33e7-ae8d-4c65-a011-618a8d31e2c4', 37) ON CONFLICT DO NOTHING;
INSERT INTO score_sheet_items (id, score_sheet_id, period_criterion_id, score_value) VALUES ('3b278013-5f94-49de-a63a-a2e5e4dc7317', '66d56768-6bed-469b-aa4c-e14bed9e745c', '364bedf6-a50f-425c-aa45-3567c85d5ff8', 27) ON CONFLICT DO NOTHING;
INSERT INTO score_sheets (id, period_id, project_id, juror_id, status, comment, started_at, last_activity_at) VALUES ('00e1fa80-c773-4f10-a7bd-8df343356665', '318124ea-8614-4355-ad48-2486524dfc13', 'e970c78e-aaff-43ef-a236-77caf54b07ce', '2d3b2caa-0358-45c2-a122-c1c17cb9fbc5', 'submitted', NULL, (timestamp '2025-07-13 09:00:00' + interval '59 hours 55 minutes') - interval '30 mins', (timestamp '2025-07-13 09:00:00' + interval '59 hours 55 minutes')) ON CONFLICT DO NOTHING;
INSERT INTO score_sheet_items (id, score_sheet_id, period_criterion_id, score_value) VALUES ('65a15e15-c03a-436c-a9ad-d6daf2536380', '00e1fa80-c773-4f10-a7bd-8df343356665', 'f9fff257-dd3c-402c-a751-be4cd5b12e92', 22) ON CONFLICT DO NOTHING;
INSERT INTO score_sheet_items (id, score_sheet_id, period_criterion_id, score_value) VALUES ('d2dd6d08-f5e1-49c1-af4e-9ab478a573fd', '00e1fa80-c773-4f10-a7bd-8df343356665', 'e64b33e7-ae8d-4c65-a011-618a8d31e2c4', 29) ON CONFLICT DO NOTHING;
INSERT INTO score_sheet_items (id, score_sheet_id, period_criterion_id, score_value) VALUES ('d7001a14-e624-4bf5-a8d7-1b86bad272d8', '00e1fa80-c773-4f10-a7bd-8df343356665', '364bedf6-a50f-425c-aa45-3567c85d5ff8', 25) ON CONFLICT DO NOTHING;
INSERT INTO score_sheets (id, period_id, project_id, juror_id, status, comment, started_at, last_activity_at) VALUES ('60784d8f-ce41-4809-a276-37c3f6be08e6', '318124ea-8614-4355-ad48-2486524dfc13', '9c450cf6-cae4-4390-a3ed-12f231962d02', '2d3b2caa-0358-45c2-a122-c1c17cb9fbc5', 'submitted', 'Reliable execution and thorough documentation.', (timestamp '2025-07-13 09:00:00' + interval '55 hours 0 minutes') - interval '30 mins', (timestamp '2025-07-13 09:00:00' + interval '55 hours 0 minutes')) ON CONFLICT DO NOTHING;
INSERT INTO score_sheet_items (id, score_sheet_id, period_criterion_id, score_value) VALUES ('a344724a-e38a-4553-a65a-cc6657677b90', '60784d8f-ce41-4809-a276-37c3f6be08e6', 'f9fff257-dd3c-402c-a751-be4cd5b12e92', 25) ON CONFLICT DO NOTHING;
INSERT INTO score_sheet_items (id, score_sheet_id, period_criterion_id, score_value) VALUES ('9c7587c5-9651-489b-a717-feafe1d6ce8d', '60784d8f-ce41-4809-a276-37c3f6be08e6', 'e64b33e7-ae8d-4c65-a011-618a8d31e2c4', 32) ON CONFLICT DO NOTHING;
INSERT INTO score_sheet_items (id, score_sheet_id, period_criterion_id, score_value) VALUES ('7a42201f-5a31-46c5-a60e-9f37959fc877', '60784d8f-ce41-4809-a276-37c3f6be08e6', '364bedf6-a50f-425c-aa45-3567c85d5ff8', 22) ON CONFLICT DO NOTHING;
INSERT INTO score_sheets (id, period_id, project_id, juror_id, status, comment, started_at, last_activity_at) VALUES ('9a780c0d-c5ba-4a15-ab3b-433365f5172a', '318124ea-8614-4355-ad48-2486524dfc13', '985b9ce9-1302-4ed5-ac37-74f7c3eebfc5', '2d3b2caa-0358-45c2-a122-c1c17cb9fbc5', 'submitted', 'Consistently good — no weak spots.', (timestamp '2025-07-13 09:00:00' + interval '50 hours 29 minutes') - interval '30 mins', (timestamp '2025-07-13 09:00:00' + interval '50 hours 29 minutes')) ON CONFLICT DO NOTHING;
INSERT INTO score_sheet_items (id, score_sheet_id, period_criterion_id, score_value) VALUES ('f0828dd1-50b2-4249-af75-5bdab92709c5', '9a780c0d-c5ba-4a15-ab3b-433365f5172a', 'f9fff257-dd3c-402c-a751-be4cd5b12e92', 24) ON CONFLICT DO NOTHING;
INSERT INTO score_sheet_items (id, score_sheet_id, period_criterion_id, score_value) VALUES ('d4a4078f-c2ba-46fe-aa23-ad2f7e2c6fa7', '9a780c0d-c5ba-4a15-ab3b-433365f5172a', 'e64b33e7-ae8d-4c65-a011-618a8d31e2c4', 34) ON CONFLICT DO NOTHING;
INSERT INTO score_sheet_items (id, score_sheet_id, period_criterion_id, score_value) VALUES ('76a63012-9d6b-47cc-a643-2b1dcb193b0a', '9a780c0d-c5ba-4a15-ab3b-433365f5172a', '364bedf6-a50f-425c-aa45-3567c85d5ff8', 25) ON CONFLICT DO NOTHING;
INSERT INTO score_sheets (id, period_id, project_id, juror_id, status, comment, started_at, last_activity_at) VALUES ('9f38ff1a-9ffe-4145-a8d0-77181325b156', '318124ea-8614-4355-ad48-2486524dfc13', 'cd611107-acdf-40c5-ade3-321c5d20b22b', '2d3b2caa-0358-45c2-a122-c1c17cb9fbc5', 'submitted', NULL, (timestamp '2025-07-13 09:00:00' + interval '37 hours 12 minutes') - interval '30 mins', (timestamp '2025-07-13 09:00:00' + interval '37 hours 12 minutes')) ON CONFLICT DO NOTHING;
INSERT INTO score_sheet_items (id, score_sheet_id, period_criterion_id, score_value) VALUES ('3850d732-1569-46de-a532-d464d8c8b736', '9f38ff1a-9ffe-4145-a8d0-77181325b156', 'f9fff257-dd3c-402c-a751-be4cd5b12e92', 20) ON CONFLICT DO NOTHING;
INSERT INTO score_sheet_items (id, score_sheet_id, period_criterion_id, score_value) VALUES ('d089a76b-152c-445e-ac57-faae916006e3', '9f38ff1a-9ffe-4145-a8d0-77181325b156', 'e64b33e7-ae8d-4c65-a011-618a8d31e2c4', 28) ON CONFLICT DO NOTHING;
INSERT INTO score_sheet_items (id, score_sheet_id, period_criterion_id, score_value) VALUES ('cbe7c159-ac2c-4769-add7-e7126205c02d', '9f38ff1a-9ffe-4145-a8d0-77181325b156', '364bedf6-a50f-425c-aa45-3567c85d5ff8', 20) ON CONFLICT DO NOTHING;
INSERT INTO score_sheets (id, period_id, project_id, juror_id, status, comment, started_at, last_activity_at) VALUES ('7edf43a6-25e6-408f-ad92-b38f7eefeb29', '318124ea-8614-4355-ad48-2486524dfc13', 'fc0404be-5d8b-4521-a139-40d70ba3fcc4', '2d3b2caa-0358-45c2-a122-c1c17cb9fbc5', 'submitted', NULL, (timestamp '2025-07-13 09:00:00' + interval '24 hours 11 minutes') - interval '30 mins', (timestamp '2025-07-13 09:00:00' + interval '24 hours 11 minutes')) ON CONFLICT DO NOTHING;
INSERT INTO score_sheet_items (id, score_sheet_id, period_criterion_id, score_value) VALUES ('6640808d-be87-43dd-a279-1594a048bfdb', '7edf43a6-25e6-408f-ad92-b38f7eefeb29', 'f9fff257-dd3c-402c-a751-be4cd5b12e92', 27) ON CONFLICT DO NOTHING;
INSERT INTO score_sheet_items (id, score_sheet_id, period_criterion_id, score_value) VALUES ('70902871-e7db-4106-a6d1-eb785c5add31', '7edf43a6-25e6-408f-ad92-b38f7eefeb29', 'e64b33e7-ae8d-4c65-a011-618a8d31e2c4', 36) ON CONFLICT DO NOTHING;
INSERT INTO score_sheet_items (id, score_sheet_id, period_criterion_id, score_value) VALUES ('94f70674-298e-4509-adf8-2f736d7c4016', '7edf43a6-25e6-408f-ad92-b38f7eefeb29', '364bedf6-a50f-425c-aa45-3567c85d5ff8', 27) ON CONFLICT DO NOTHING;
INSERT INTO score_sheets (id, period_id, project_id, juror_id, status, comment, started_at, last_activity_at) VALUES ('b8dd6950-e106-456d-a920-7a311eaa4677', '318124ea-8614-4355-ad48-2486524dfc13', '84581ca4-8e1a-4cc6-a71b-2f34be4c1a82', '2d3b2caa-0358-45c2-a122-c1c17cb9fbc5', 'submitted', 'On the edge — competent but room for improvement.', (timestamp '2025-07-13 09:00:00' + interval '46 hours 44 minutes') - interval '30 mins', (timestamp '2025-07-13 09:00:00' + interval '46 hours 44 minutes')) ON CONFLICT DO NOTHING;
INSERT INTO score_sheet_items (id, score_sheet_id, period_criterion_id, score_value) VALUES ('29e0b9c4-5195-4018-ab55-63464948e470', 'b8dd6950-e106-456d-a920-7a311eaa4677', 'f9fff257-dd3c-402c-a751-be4cd5b12e92', 20) ON CONFLICT DO NOTHING;
INSERT INTO score_sheet_items (id, score_sheet_id, period_criterion_id, score_value) VALUES ('c33c8dfe-b0f6-44ea-acb9-fa98a8f0499c', 'b8dd6950-e106-456d-a920-7a311eaa4677', 'e64b33e7-ae8d-4c65-a011-618a8d31e2c4', 26) ON CONFLICT DO NOTHING;
INSERT INTO score_sheet_items (id, score_sheet_id, period_criterion_id, score_value) VALUES ('b7c94ad1-4c59-4654-a037-67330a12adc0', 'b8dd6950-e106-456d-a920-7a311eaa4677', '364bedf6-a50f-425c-aa45-3567c85d5ff8', 18) ON CONFLICT DO NOTHING;
INSERT INTO score_sheets (id, period_id, project_id, juror_id, status, comment, started_at, last_activity_at) VALUES ('5cbef8a0-7cbc-477d-a3d5-08e1a81ac651', '318124ea-8614-4355-ad48-2486524dfc13', '0527c7f7-28f0-4560-aaf3-1118d5f48d63', '2d3b2caa-0358-45c2-a122-c1c17cb9fbc5', 'submitted', 'Competent execution across the board.', (timestamp '2025-07-13 09:00:00' + interval '43 hours 45 minutes') - interval '30 mins', (timestamp '2025-07-13 09:00:00' + interval '43 hours 45 minutes')) ON CONFLICT DO NOTHING;
INSERT INTO score_sheet_items (id, score_sheet_id, period_criterion_id, score_value) VALUES ('daf3abf5-6443-44ba-aa3d-cb7ce287145b', '5cbef8a0-7cbc-477d-a3d5-08e1a81ac651', 'f9fff257-dd3c-402c-a751-be4cd5b12e92', 20) ON CONFLICT DO NOTHING;
INSERT INTO score_sheet_items (id, score_sheet_id, period_criterion_id, score_value) VALUES ('44797d55-4a3b-4320-afe9-4f9c12d9ba67', '5cbef8a0-7cbc-477d-a3d5-08e1a81ac651', 'e64b33e7-ae8d-4c65-a011-618a8d31e2c4', 29) ON CONFLICT DO NOTHING;
INSERT INTO score_sheet_items (id, score_sheet_id, period_criterion_id, score_value) VALUES ('37c69589-b125-4610-a565-b82f8c3dbf21', '5cbef8a0-7cbc-477d-a3d5-08e1a81ac651', '364bedf6-a50f-425c-aa45-3567c85d5ff8', 23) ON CONFLICT DO NOTHING;
INSERT INTO score_sheets (id, period_id, project_id, juror_id, status, comment, started_at, last_activity_at) VALUES ('f4542652-e3c2-42f9-ae16-db036864a3ee', '318124ea-8614-4355-ad48-2486524dfc13', '558f6b14-f11f-4dc3-ad37-c9041ad4e145', '79ef4764-8e84-4a18-ad48-dbd780a5a027', 'submitted', NULL, (timestamp '2025-07-13 09:00:00' + interval '49 hours 56 minutes') - interval '30 mins', (timestamp '2025-07-13 09:00:00' + interval '49 hours 56 minutes')) ON CONFLICT DO NOTHING;
INSERT INTO score_sheet_items (id, score_sheet_id, period_criterion_id, score_value) VALUES ('61030c19-bd18-451a-a8ae-063530130650', 'f4542652-e3c2-42f9-ae16-db036864a3ee', 'f9fff257-dd3c-402c-a751-be4cd5b12e92', 28) ON CONFLICT DO NOTHING;
INSERT INTO score_sheet_items (id, score_sheet_id, period_criterion_id, score_value) VALUES ('6add09d7-9a81-4c7b-aca7-368059b58842', 'f4542652-e3c2-42f9-ae16-db036864a3ee', 'e64b33e7-ae8d-4c65-a011-618a8d31e2c4', 35) ON CONFLICT DO NOTHING;
INSERT INTO score_sheet_items (id, score_sheet_id, period_criterion_id, score_value) VALUES ('3e97f3ab-f282-4818-ae21-f71d69cf43ba', 'f4542652-e3c2-42f9-ae16-db036864a3ee', '364bedf6-a50f-425c-aa45-3567c85d5ff8', 28) ON CONFLICT DO NOTHING;
INSERT INTO score_sheets (id, period_id, project_id, juror_id, status, comment, started_at, last_activity_at) VALUES ('4334c82e-bde5-4237-a0a3-54753b2ebde5', '318124ea-8614-4355-ad48-2486524dfc13', 'e970c78e-aaff-43ef-a236-77caf54b07ce', '79ef4764-8e84-4a18-ad48-dbd780a5a027', 'submitted', NULL, (timestamp '2025-07-13 09:00:00' + interval '27 hours 16 minutes') - interval '30 mins', (timestamp '2025-07-13 09:00:00' + interval '27 hours 16 minutes')) ON CONFLICT DO NOTHING;
INSERT INTO score_sheet_items (id, score_sheet_id, period_criterion_id, score_value) VALUES ('cdf755f9-1425-4456-a3f7-e935071a76d1', '4334c82e-bde5-4237-a0a3-54753b2ebde5', 'f9fff257-dd3c-402c-a751-be4cd5b12e92', 23) ON CONFLICT DO NOTHING;
INSERT INTO score_sheet_items (id, score_sheet_id, period_criterion_id, score_value) VALUES ('583c2fec-4a6a-49a3-a26a-64e04f4fd953', '4334c82e-bde5-4237-a0a3-54753b2ebde5', 'e64b33e7-ae8d-4c65-a011-618a8d31e2c4', 32) ON CONFLICT DO NOTHING;
INSERT INTO score_sheet_items (id, score_sheet_id, period_criterion_id, score_value) VALUES ('a0ed4979-6bc7-419e-abac-d69cfcee701f', '4334c82e-bde5-4237-a0a3-54753b2ebde5', '364bedf6-a50f-425c-aa45-3567c85d5ff8', 25) ON CONFLICT DO NOTHING;
INSERT INTO score_sheets (id, period_id, project_id, juror_id, status, comment, started_at, last_activity_at) VALUES ('eeb61786-9fc6-4924-a22d-9458fce0b22b', '318124ea-8614-4355-ad48-2486524dfc13', '9c450cf6-cae4-4390-a3ed-12f231962d02', '79ef4764-8e84-4a18-ad48-dbd780a5a027', 'submitted', 'Well-rounded with good technical foundations.', (timestamp '2025-07-13 09:00:00' + interval '48 hours 59 minutes') - interval '30 mins', (timestamp '2025-07-13 09:00:00' + interval '48 hours 59 minutes')) ON CONFLICT DO NOTHING;
INSERT INTO score_sheet_items (id, score_sheet_id, period_criterion_id, score_value) VALUES ('ab039251-0885-4b42-a2e4-c74e0f66fd50', 'eeb61786-9fc6-4924-a22d-9458fce0b22b', 'f9fff257-dd3c-402c-a751-be4cd5b12e92', 25) ON CONFLICT DO NOTHING;
INSERT INTO score_sheet_items (id, score_sheet_id, period_criterion_id, score_value) VALUES ('5db36696-1cae-4901-a735-6aba77ba7a6e', 'eeb61786-9fc6-4924-a22d-9458fce0b22b', 'e64b33e7-ae8d-4c65-a011-618a8d31e2c4', 31) ON CONFLICT DO NOTHING;
INSERT INTO score_sheet_items (id, score_sheet_id, period_criterion_id, score_value) VALUES ('255fbb13-9c82-4268-a5ef-eee0f5a7b676', 'eeb61786-9fc6-4924-a22d-9458fce0b22b', '364bedf6-a50f-425c-aa45-3567c85d5ff8', 24) ON CONFLICT DO NOTHING;
INSERT INTO score_sheets (id, period_id, project_id, juror_id, status, comment, started_at, last_activity_at) VALUES ('73c1a7d0-3c54-4bef-a981-011a5090fadd', '318124ea-8614-4355-ad48-2486524dfc13', '985b9ce9-1302-4ed5-ac37-74f7c3eebfc5', '79ef4764-8e84-4a18-ad48-dbd780a5a027', 'submitted', NULL, (timestamp '2025-07-13 09:00:00' + interval '29 hours 46 minutes') - interval '30 mins', (timestamp '2025-07-13 09:00:00' + interval '29 hours 46 minutes')) ON CONFLICT DO NOTHING;
INSERT INTO score_sheet_items (id, score_sheet_id, period_criterion_id, score_value) VALUES ('0baf6d76-a6db-4375-ad52-882a46d88635', '73c1a7d0-3c54-4bef-a981-011a5090fadd', 'f9fff257-dd3c-402c-a751-be4cd5b12e92', 25) ON CONFLICT DO NOTHING;
INSERT INTO score_sheet_items (id, score_sheet_id, period_criterion_id, score_value) VALUES ('8d68b056-4309-4efb-accf-9662db5e1872', '73c1a7d0-3c54-4bef-a981-011a5090fadd', 'e64b33e7-ae8d-4c65-a011-618a8d31e2c4', 32) ON CONFLICT DO NOTHING;
INSERT INTO score_sheet_items (id, score_sheet_id, period_criterion_id, score_value) VALUES ('18e67512-5852-4c3b-a054-57d2b6b4e873', '73c1a7d0-3c54-4bef-a981-011a5090fadd', '364bedf6-a50f-425c-aa45-3567c85d5ff8', 23) ON CONFLICT DO NOTHING;
INSERT INTO score_sheets (id, period_id, project_id, juror_id, status, comment, started_at, last_activity_at) VALUES ('e1caa501-4256-4a7b-a9cc-b09622799f38', '318124ea-8614-4355-ad48-2486524dfc13', 'cd611107-acdf-40c5-ade3-321c5d20b22b', '79ef4764-8e84-4a18-ad48-dbd780a5a027', 'submitted', 'Ambitious scope with mixed execution.', (timestamp '2025-07-13 09:00:00' + interval '39 hours 19 minutes') - interval '30 mins', (timestamp '2025-07-13 09:00:00' + interval '39 hours 19 minutes')) ON CONFLICT DO NOTHING;
INSERT INTO score_sheet_items (id, score_sheet_id, period_criterion_id, score_value) VALUES ('a3e68187-2494-41a7-ab8a-e243cb60c889', 'e1caa501-4256-4a7b-a9cc-b09622799f38', 'f9fff257-dd3c-402c-a751-be4cd5b12e92', 20) ON CONFLICT DO NOTHING;
INSERT INTO score_sheet_items (id, score_sheet_id, period_criterion_id, score_value) VALUES ('dad974b4-4289-4cbc-ab95-a158998266cf', 'e1caa501-4256-4a7b-a9cc-b09622799f38', 'e64b33e7-ae8d-4c65-a011-618a8d31e2c4', 20) ON CONFLICT DO NOTHING;
INSERT INTO score_sheet_items (id, score_sheet_id, period_criterion_id, score_value) VALUES ('a3131fe7-ac26-456b-a4ca-48f5841c3fda', 'e1caa501-4256-4a7b-a9cc-b09622799f38', '364bedf6-a50f-425c-aa45-3567c85d5ff8', 15) ON CONFLICT DO NOTHING;
INSERT INTO score_sheets (id, period_id, project_id, juror_id, status, comment, started_at, last_activity_at) VALUES ('eadd0da4-5a7f-4076-a1b0-100c5e768660', '318124ea-8614-4355-ad48-2486524dfc13', 'fc0404be-5d8b-4521-a139-40d70ba3fcc4', '79ef4764-8e84-4a18-ad48-dbd780a5a027', 'submitted', NULL, (timestamp '2025-07-13 09:00:00' + interval '1 hours 55 minutes') - interval '30 mins', (timestamp '2025-07-13 09:00:00' + interval '1 hours 55 minutes')) ON CONFLICT DO NOTHING;
INSERT INTO score_sheet_items (id, score_sheet_id, period_criterion_id, score_value) VALUES ('acae58d1-762d-43d8-a64d-8fbf645f0f71', 'eadd0da4-5a7f-4076-a1b0-100c5e768660', 'f9fff257-dd3c-402c-a751-be4cd5b12e92', 27) ON CONFLICT DO NOTHING;
INSERT INTO score_sheet_items (id, score_sheet_id, period_criterion_id, score_value) VALUES ('eee9ead4-c07f-48c5-a581-cbb0045c58c6', 'eadd0da4-5a7f-4076-a1b0-100c5e768660', 'e64b33e7-ae8d-4c65-a011-618a8d31e2c4', 36) ON CONFLICT DO NOTHING;
INSERT INTO score_sheet_items (id, score_sheet_id, period_criterion_id, score_value) VALUES ('80ea4477-402d-47fb-a72f-4372b23aa5f5', 'eadd0da4-5a7f-4076-a1b0-100c5e768660', '364bedf6-a50f-425c-aa45-3567c85d5ff8', 27) ON CONFLICT DO NOTHING;
INSERT INTO score_sheets (id, period_id, project_id, juror_id, status, comment, started_at, last_activity_at) VALUES ('8484b010-dc86-48d9-aee5-c86aee3c1ab5', '318124ea-8614-4355-ad48-2486524dfc13', '84581ca4-8e1a-4cc6-a71b-2f34be4c1a82', '79ef4764-8e84-4a18-ad48-dbd780a5a027', 'submitted', 'On the edge — competent but room for improvement.', (timestamp '2025-07-13 09:00:00' + interval '3 hours 31 minutes') - interval '30 mins', (timestamp '2025-07-13 09:00:00' + interval '3 hours 31 minutes')) ON CONFLICT DO NOTHING;
INSERT INTO score_sheet_items (id, score_sheet_id, period_criterion_id, score_value) VALUES ('d15f5be6-4e09-437b-a960-0dd1ba4469c1', '8484b010-dc86-48d9-aee5-c86aee3c1ab5', 'f9fff257-dd3c-402c-a751-be4cd5b12e92', 19) ON CONFLICT DO NOTHING;
INSERT INTO score_sheet_items (id, score_sheet_id, period_criterion_id, score_value) VALUES ('edd3536d-8fc6-415b-aeea-e3391977dbb5', '8484b010-dc86-48d9-aee5-c86aee3c1ab5', 'e64b33e7-ae8d-4c65-a011-618a8d31e2c4', 23) ON CONFLICT DO NOTHING;
INSERT INTO score_sheet_items (id, score_sheet_id, period_criterion_id, score_value) VALUES ('ad7fbe3c-f927-471b-a103-18e460e6952c', '8484b010-dc86-48d9-aee5-c86aee3c1ab5', '364bedf6-a50f-425c-aa45-3567c85d5ff8', 18) ON CONFLICT DO NOTHING;
INSERT INTO score_sheets (id, period_id, project_id, juror_id, status, comment, started_at, last_activity_at) VALUES ('a9dac855-aa93-4012-a5f4-d9043cb7a28a', '318124ea-8614-4355-ad48-2486524dfc13', '0527c7f7-28f0-4560-aaf3-1118d5f48d63', '79ef4764-8e84-4a18-ad48-dbd780a5a027', 'submitted', NULL, (timestamp '2025-07-13 09:00:00' + interval '1 hours 23 minutes') - interval '30 mins', (timestamp '2025-07-13 09:00:00' + interval '1 hours 23 minutes')) ON CONFLICT DO NOTHING;
INSERT INTO score_sheet_items (id, score_sheet_id, period_criterion_id, score_value) VALUES ('28fabb52-12ca-435c-a4a2-19514ea81ad0', 'a9dac855-aa93-4012-a5f4-d9043cb7a28a', 'f9fff257-dd3c-402c-a751-be4cd5b12e92', 21) ON CONFLICT DO NOTHING;
INSERT INTO score_sheet_items (id, score_sheet_id, period_criterion_id, score_value) VALUES ('bdb52f26-c2ba-4cfa-a257-a50ef495383c', 'a9dac855-aa93-4012-a5f4-d9043cb7a28a', 'e64b33e7-ae8d-4c65-a011-618a8d31e2c4', 28) ON CONFLICT DO NOTHING;
INSERT INTO score_sheet_items (id, score_sheet_id, period_criterion_id, score_value) VALUES ('e9325d81-4ef5-4074-ad12-4b5659462b76', 'a9dac855-aa93-4012-a5f4-d9043cb7a28a', '364bedf6-a50f-425c-aa45-3567c85d5ff8', 20) ON CONFLICT DO NOTHING;
INSERT INTO score_sheets (id, period_id, project_id, juror_id, status, comment, started_at, last_activity_at) VALUES ('08bc5bc9-6d99-4536-a672-a6eb2468e718', '318124ea-8614-4355-ad48-2486524dfc13', '558f6b14-f11f-4dc3-ad37-c9041ad4e145', 'ff6ca131-706f-4f71-ad05-5179c879f50c', 'submitted', NULL, (timestamp '2025-07-13 09:00:00' + interval '10 hours 2 minutes') - interval '30 mins', (timestamp '2025-07-13 09:00:00' + interval '10 hours 2 minutes')) ON CONFLICT DO NOTHING;
INSERT INTO score_sheet_items (id, score_sheet_id, period_criterion_id, score_value) VALUES ('e90f30c8-557a-4777-a96c-4e98213b055c', '08bc5bc9-6d99-4536-a672-a6eb2468e718', 'f9fff257-dd3c-402c-a751-be4cd5b12e92', 25) ON CONFLICT DO NOTHING;
INSERT INTO score_sheet_items (id, score_sheet_id, period_criterion_id, score_value) VALUES ('6cf022af-ec8e-40a8-a370-9401c9ca4636', '08bc5bc9-6d99-4536-a672-a6eb2468e718', 'e64b33e7-ae8d-4c65-a011-618a8d31e2c4', 36) ON CONFLICT DO NOTHING;
INSERT INTO score_sheet_items (id, score_sheet_id, period_criterion_id, score_value) VALUES ('e4a12faa-da6b-42ce-af73-820d3560229a', '08bc5bc9-6d99-4536-a672-a6eb2468e718', '364bedf6-a50f-425c-aa45-3567c85d5ff8', 27) ON CONFLICT DO NOTHING;
INSERT INTO score_sheets (id, period_id, project_id, juror_id, status, comment, started_at, last_activity_at) VALUES ('6ac9f582-6569-47c1-a0b6-6a8c73118141', '318124ea-8614-4355-ad48-2486524dfc13', 'e970c78e-aaff-43ef-a236-77caf54b07ce', 'ff6ca131-706f-4f71-ad05-5179c879f50c', 'submitted', 'Well-rounded with good technical foundations.', (timestamp '2025-07-13 09:00:00' + interval '15 hours 47 minutes') - interval '30 mins', (timestamp '2025-07-13 09:00:00' + interval '15 hours 47 minutes')) ON CONFLICT DO NOTHING;
INSERT INTO score_sheet_items (id, score_sheet_id, period_criterion_id, score_value) VALUES ('8e1320ce-238e-4ca0-a18c-df8c7e9aa64c', '6ac9f582-6569-47c1-a0b6-6a8c73118141', 'f9fff257-dd3c-402c-a751-be4cd5b12e92', 22) ON CONFLICT DO NOTHING;
INSERT INTO score_sheet_items (id, score_sheet_id, period_criterion_id, score_value) VALUES ('d14e8e2b-3ab6-48dc-a9a8-18e979faaef9', '6ac9f582-6569-47c1-a0b6-6a8c73118141', 'e64b33e7-ae8d-4c65-a011-618a8d31e2c4', 33) ON CONFLICT DO NOTHING;
INSERT INTO score_sheet_items (id, score_sheet_id, period_criterion_id, score_value) VALUES ('5b6693b5-ceea-4aaf-ab87-ff8f1a2d0d87', '6ac9f582-6569-47c1-a0b6-6a8c73118141', '364bedf6-a50f-425c-aa45-3567c85d5ff8', 25) ON CONFLICT DO NOTHING;
INSERT INTO score_sheets (id, period_id, project_id, juror_id, status, comment, started_at, last_activity_at) VALUES ('3ea78e40-1b05-4a15-a2a2-a19130b11004', '318124ea-8614-4355-ad48-2486524dfc13', '9c450cf6-cae4-4390-a3ed-12f231962d02', 'ff6ca131-706f-4f71-ad05-5179c879f50c', 'submitted', 'Reliable execution and thorough documentation.', (timestamp '2025-07-13 09:00:00' + interval '49 hours 3 minutes') - interval '30 mins', (timestamp '2025-07-13 09:00:00' + interval '49 hours 3 minutes')) ON CONFLICT DO NOTHING;
INSERT INTO score_sheet_items (id, score_sheet_id, period_criterion_id, score_value) VALUES ('92dcf957-b8d0-4550-a281-c765fed667d1', '3ea78e40-1b05-4a15-a2a2-a19130b11004', 'f9fff257-dd3c-402c-a751-be4cd5b12e92', 24) ON CONFLICT DO NOTHING;
INSERT INTO score_sheet_items (id, score_sheet_id, period_criterion_id, score_value) VALUES ('12501fee-fc32-4daf-af59-b8373f9bde49', '3ea78e40-1b05-4a15-a2a2-a19130b11004', 'e64b33e7-ae8d-4c65-a011-618a8d31e2c4', 31) ON CONFLICT DO NOTHING;
INSERT INTO score_sheet_items (id, score_sheet_id, period_criterion_id, score_value) VALUES ('d30bfea6-7883-4919-afdf-fa48fcedb7b8', '3ea78e40-1b05-4a15-a2a2-a19130b11004', '364bedf6-a50f-425c-aa45-3567c85d5ff8', 25) ON CONFLICT DO NOTHING;
INSERT INTO score_sheets (id, period_id, project_id, juror_id, status, comment, started_at, last_activity_at) VALUES ('a9e446e1-d3a3-487f-a058-387e25eb6c44', '318124ea-8614-4355-ad48-2486524dfc13', '985b9ce9-1302-4ed5-ac37-74f7c3eebfc5', 'ff6ca131-706f-4f71-ad05-5179c879f50c', 'submitted', 'Balanced execution with attention to every criterion.', (timestamp '2025-07-13 09:00:00' + interval '33 hours 31 minutes') - interval '30 mins', (timestamp '2025-07-13 09:00:00' + interval '33 hours 31 minutes')) ON CONFLICT DO NOTHING;
INSERT INTO score_sheet_items (id, score_sheet_id, period_criterion_id, score_value) VALUES ('11069523-003a-4810-aed5-71216632a45c', 'a9e446e1-d3a3-487f-a058-387e25eb6c44', 'f9fff257-dd3c-402c-a751-be4cd5b12e92', 24) ON CONFLICT DO NOTHING;
INSERT INTO score_sheet_items (id, score_sheet_id, period_criterion_id, score_value) VALUES ('60b7a93b-c4db-4b85-a3f4-5f94b440c6ba', 'a9e446e1-d3a3-487f-a058-387e25eb6c44', 'e64b33e7-ae8d-4c65-a011-618a8d31e2c4', 31) ON CONFLICT DO NOTHING;
INSERT INTO score_sheet_items (id, score_sheet_id, period_criterion_id, score_value) VALUES ('64b3196a-cc56-4a09-a924-48937eee11b8', 'a9e446e1-d3a3-487f-a058-387e25eb6c44', '364bedf6-a50f-425c-aa45-3567c85d5ff8', 25) ON CONFLICT DO NOTHING;
INSERT INTO score_sheets (id, period_id, project_id, juror_id, status, comment, started_at, last_activity_at) VALUES ('c0ec3480-a89d-430a-ac1f-5236c2af3744', '318124ea-8614-4355-ad48-2486524dfc13', 'cd611107-acdf-40c5-ade3-321c5d20b22b', 'ff6ca131-706f-4f71-ad05-5179c879f50c', 'submitted', NULL, (timestamp '2025-07-13 09:00:00' + interval '26 hours 43 minutes') - interval '30 mins', (timestamp '2025-07-13 09:00:00' + interval '26 hours 43 minutes')) ON CONFLICT DO NOTHING;
INSERT INTO score_sheet_items (id, score_sheet_id, period_criterion_id, score_value) VALUES ('fcebed56-67e4-4d1b-af8f-5bfa7a141a35', 'c0ec3480-a89d-430a-ac1f-5236c2af3744', 'f9fff257-dd3c-402c-a751-be4cd5b12e92', 16) ON CONFLICT DO NOTHING;
INSERT INTO score_sheet_items (id, score_sheet_id, period_criterion_id, score_value) VALUES ('49f86594-f7b6-4558-a7af-8aa6b68149ff', 'c0ec3480-a89d-430a-ac1f-5236c2af3744', 'e64b33e7-ae8d-4c65-a011-618a8d31e2c4', 22) ON CONFLICT DO NOTHING;
INSERT INTO score_sheet_items (id, score_sheet_id, period_criterion_id, score_value) VALUES ('92fb22b1-90fe-406e-a671-bd9c8b7378f3', 'c0ec3480-a89d-430a-ac1f-5236c2af3744', '364bedf6-a50f-425c-aa45-3567c85d5ff8', 22) ON CONFLICT DO NOTHING;
INSERT INTO score_sheets (id, period_id, project_id, juror_id, status, comment, started_at, last_activity_at) VALUES ('2cda625e-0cbc-42aa-a8d6-a3c9b4ef4d79', '318124ea-8614-4355-ad48-2486524dfc13', 'fc0404be-5d8b-4521-a139-40d70ba3fcc4', 'ff6ca131-706f-4f71-ad05-5179c879f50c', 'submitted', 'Very strong technically but communication needs improvement.', (timestamp '2025-07-13 09:00:00' + interval '20 hours 49 minutes') - interval '30 mins', (timestamp '2025-07-13 09:00:00' + interval '20 hours 49 minutes')) ON CONFLICT DO NOTHING;
INSERT INTO score_sheet_items (id, score_sheet_id, period_criterion_id, score_value) VALUES ('f5a7f979-4931-480a-aa38-854142f5e86b', '2cda625e-0cbc-42aa-a8d6-a3c9b4ef4d79', 'f9fff257-dd3c-402c-a751-be4cd5b12e92', 26) ON CONFLICT DO NOTHING;
INSERT INTO score_sheet_items (id, score_sheet_id, period_criterion_id, score_value) VALUES ('cf3adf53-2d6d-46bd-a5a7-b7b72a9944b4', '2cda625e-0cbc-42aa-a8d6-a3c9b4ef4d79', 'e64b33e7-ae8d-4c65-a011-618a8d31e2c4', 35) ON CONFLICT DO NOTHING;
INSERT INTO score_sheet_items (id, score_sheet_id, period_criterion_id, score_value) VALUES ('a5dabd43-5e03-4a65-a27b-36c59dbe2788', '2cda625e-0cbc-42aa-a8d6-a3c9b4ef4d79', '364bedf6-a50f-425c-aa45-3567c85d5ff8', 26) ON CONFLICT DO NOTHING;
INSERT INTO score_sheets (id, period_id, project_id, juror_id, status, comment, started_at, last_activity_at) VALUES ('ffd71fad-59a8-4b39-ae01-8f6f91829f95', '318124ea-8614-4355-ad48-2486524dfc13', '84581ca4-8e1a-4cc6-a71b-2f34be4c1a82', 'ff6ca131-706f-4f71-ad05-5179c879f50c', 'submitted', NULL, (timestamp '2025-07-13 09:00:00' + interval '28 hours 13 minutes') - interval '30 mins', (timestamp '2025-07-13 09:00:00' + interval '28 hours 13 minutes')) ON CONFLICT DO NOTHING;
INSERT INTO score_sheet_items (id, score_sheet_id, period_criterion_id, score_value) VALUES ('0ccdb713-ca9d-40ad-a161-61dec3976e3e', 'ffd71fad-59a8-4b39-ae01-8f6f91829f95', 'f9fff257-dd3c-402c-a751-be4cd5b12e92', 21) ON CONFLICT DO NOTHING;
INSERT INTO score_sheet_items (id, score_sheet_id, period_criterion_id, score_value) VALUES ('e492856f-9d33-4acf-ae92-6d01f6071e07', 'ffd71fad-59a8-4b39-ae01-8f6f91829f95', 'e64b33e7-ae8d-4c65-a011-618a8d31e2c4', 26) ON CONFLICT DO NOTHING;
INSERT INTO score_sheet_items (id, score_sheet_id, period_criterion_id, score_value) VALUES ('6204efd2-d5c0-42e0-a42c-60078a034287', 'ffd71fad-59a8-4b39-ae01-8f6f91829f95', '364bedf6-a50f-425c-aa45-3567c85d5ff8', 20) ON CONFLICT DO NOTHING;
INSERT INTO score_sheets (id, period_id, project_id, juror_id, status, comment, started_at, last_activity_at) VALUES ('2cf23e66-7ba3-4c4d-a48b-bc40dd14d106', '318124ea-8614-4355-ad48-2486524dfc13', '0527c7f7-28f0-4560-aaf3-1118d5f48d63', 'ff6ca131-706f-4f71-ad05-5179c879f50c', 'submitted', NULL, (timestamp '2025-07-13 09:00:00' + interval '3 hours 8 minutes') - interval '30 mins', (timestamp '2025-07-13 09:00:00' + interval '3 hours 8 minutes')) ON CONFLICT DO NOTHING;
INSERT INTO score_sheet_items (id, score_sheet_id, period_criterion_id, score_value) VALUES ('3b65f802-eec7-4148-a2be-bffae8e0c0b1', '2cf23e66-7ba3-4c4d-a48b-bc40dd14d106', 'f9fff257-dd3c-402c-a751-be4cd5b12e92', 19) ON CONFLICT DO NOTHING;
INSERT INTO score_sheet_items (id, score_sheet_id, period_criterion_id, score_value) VALUES ('5888d9b2-143e-49b9-aabe-b7e35a952790', '2cf23e66-7ba3-4c4d-a48b-bc40dd14d106', 'e64b33e7-ae8d-4c65-a011-618a8d31e2c4', 27) ON CONFLICT DO NOTHING;
INSERT INTO score_sheet_items (id, score_sheet_id, period_criterion_id, score_value) VALUES ('f9d55ba0-2b40-4bd2-a43d-6746fe5e36e2', '2cf23e66-7ba3-4c4d-a48b-bc40dd14d106', '364bedf6-a50f-425c-aa45-3567c85d5ff8', 22) ON CONFLICT DO NOTHING;
INSERT INTO score_sheets (id, period_id, project_id, juror_id, status, comment, started_at, last_activity_at) VALUES ('cb5e7ae9-6655-4804-aa88-2e931a81bb12', '318124ea-8614-4355-ad48-2486524dfc13', '558f6b14-f11f-4dc3-ad37-c9041ad4e145', '37dfc66f-d341-4063-a83a-731796af67cf', 'submitted', NULL, (timestamp '2025-07-13 09:00:00' + interval '47 hours 5 minutes') - interval '30 mins', (timestamp '2025-07-13 09:00:00' + interval '47 hours 5 minutes')) ON CONFLICT DO NOTHING;
INSERT INTO score_sheet_items (id, score_sheet_id, period_criterion_id, score_value) VALUES ('e49868ee-10e9-4851-ab63-6f152cbfccb3', 'cb5e7ae9-6655-4804-aa88-2e931a81bb12', 'f9fff257-dd3c-402c-a751-be4cd5b12e92', 28) ON CONFLICT DO NOTHING;
INSERT INTO score_sheet_items (id, score_sheet_id, period_criterion_id, score_value) VALUES ('fc04e4f9-6e2d-42eb-a2ce-8069e0374f47', 'cb5e7ae9-6655-4804-aa88-2e931a81bb12', 'e64b33e7-ae8d-4c65-a011-618a8d31e2c4', 39) ON CONFLICT DO NOTHING;
INSERT INTO score_sheet_items (id, score_sheet_id, period_criterion_id, score_value) VALUES ('34017226-f0e6-4081-aabb-fea4886dcf72', 'cb5e7ae9-6655-4804-aa88-2e931a81bb12', '364bedf6-a50f-425c-aa45-3567c85d5ff8', 28) ON CONFLICT DO NOTHING;
INSERT INTO score_sheets (id, period_id, project_id, juror_id, status, comment, started_at, last_activity_at) VALUES ('2d8d15ba-cd78-4db3-af11-8ced3395c34c', '318124ea-8614-4355-ad48-2486524dfc13', 'e970c78e-aaff-43ef-a236-77caf54b07ce', '37dfc66f-d341-4063-a83a-731796af67cf', 'submitted', 'Solid engineering work with clear methodology.', (timestamp '2025-07-13 09:00:00' + interval '34 hours 5 minutes') - interval '30 mins', (timestamp '2025-07-13 09:00:00' + interval '34 hours 5 minutes')) ON CONFLICT DO NOTHING;
INSERT INTO score_sheet_items (id, score_sheet_id, period_criterion_id, score_value) VALUES ('9134352e-029a-44c6-ae99-c1002d672930', '2d8d15ba-cd78-4db3-af11-8ced3395c34c', 'f9fff257-dd3c-402c-a751-be4cd5b12e92', 23) ON CONFLICT DO NOTHING;
INSERT INTO score_sheet_items (id, score_sheet_id, period_criterion_id, score_value) VALUES ('5854e9dc-d233-41d2-a15d-34c38d1208f5', '2d8d15ba-cd78-4db3-af11-8ced3395c34c', 'e64b33e7-ae8d-4c65-a011-618a8d31e2c4', 32) ON CONFLICT DO NOTHING;
INSERT INTO score_sheet_items (id, score_sheet_id, period_criterion_id, score_value) VALUES ('807d5ad8-ab52-4c20-aa1b-e79bafef06c1', '2d8d15ba-cd78-4db3-af11-8ced3395c34c', '364bedf6-a50f-425c-aa45-3567c85d5ff8', 26) ON CONFLICT DO NOTHING;
INSERT INTO score_sheets (id, period_id, project_id, juror_id, status, comment, started_at, last_activity_at) VALUES ('b705f75e-3458-4b9b-a3ce-4c58f8459c20', '318124ea-8614-4355-ad48-2486524dfc13', '9c450cf6-cae4-4390-a3ed-12f231962d02', '37dfc66f-d341-4063-a83a-731796af67cf', 'submitted', NULL, (timestamp '2025-07-13 09:00:00' + interval '11 hours 54 minutes') - interval '30 mins', (timestamp '2025-07-13 09:00:00' + interval '11 hours 54 minutes')) ON CONFLICT DO NOTHING;
INSERT INTO score_sheet_items (id, score_sheet_id, period_criterion_id, score_value) VALUES ('a6f2d24d-301e-4a90-a288-66864bafc448', 'b705f75e-3458-4b9b-a3ce-4c58f8459c20', 'f9fff257-dd3c-402c-a751-be4cd5b12e92', 22) ON CONFLICT DO NOTHING;
INSERT INTO score_sheet_items (id, score_sheet_id, period_criterion_id, score_value) VALUES ('f90783d2-dc7e-481f-a94d-912bd1e45c0c', 'b705f75e-3458-4b9b-a3ce-4c58f8459c20', 'e64b33e7-ae8d-4c65-a011-618a8d31e2c4', 32) ON CONFLICT DO NOTHING;
INSERT INTO score_sheet_items (id, score_sheet_id, period_criterion_id, score_value) VALUES ('f7e1e7f3-3e58-4f7f-a51c-ad5ac897e386', 'b705f75e-3458-4b9b-a3ce-4c58f8459c20', '364bedf6-a50f-425c-aa45-3567c85d5ff8', 24) ON CONFLICT DO NOTHING;
INSERT INTO score_sheets (id, period_id, project_id, juror_id, status, comment, started_at, last_activity_at) VALUES ('ca2588d1-e925-4568-a826-f523f92160b9', '318124ea-8614-4355-ad48-2486524dfc13', '985b9ce9-1302-4ed5-ac37-74f7c3eebfc5', '37dfc66f-d341-4063-a83a-731796af67cf', 'submitted', NULL, (timestamp '2025-07-13 09:00:00' + interval '41 hours 39 minutes') - interval '30 mins', (timestamp '2025-07-13 09:00:00' + interval '41 hours 39 minutes')) ON CONFLICT DO NOTHING;
INSERT INTO score_sheet_items (id, score_sheet_id, period_criterion_id, score_value) VALUES ('ad372210-6b90-4df6-aa3f-4b163039007f', 'ca2588d1-e925-4568-a826-f523f92160b9', 'f9fff257-dd3c-402c-a751-be4cd5b12e92', 26) ON CONFLICT DO NOTHING;
INSERT INTO score_sheet_items (id, score_sheet_id, period_criterion_id, score_value) VALUES ('78182add-3e21-42a0-a474-e78901563069', 'ca2588d1-e925-4568-a826-f523f92160b9', 'e64b33e7-ae8d-4c65-a011-618a8d31e2c4', 33) ON CONFLICT DO NOTHING;
INSERT INTO score_sheet_items (id, score_sheet_id, period_criterion_id, score_value) VALUES ('7d7adf64-8e9b-40af-ac45-ea41afdaf783', 'ca2588d1-e925-4568-a826-f523f92160b9', '364bedf6-a50f-425c-aa45-3567c85d5ff8', 27) ON CONFLICT DO NOTHING;
INSERT INTO score_sheets (id, period_id, project_id, juror_id, status, comment, started_at, last_activity_at) VALUES ('5816db70-87b2-4e1f-aea9-dec3b67a6751', '318124ea-8614-4355-ad48-2486524dfc13', 'cd611107-acdf-40c5-ade3-321c5d20b22b', '37dfc66f-d341-4063-a83a-731796af67cf', 'submitted', 'Some brilliant moments alongside notable gaps.', (timestamp '2025-07-13 09:00:00' + interval '8 hours 55 minutes') - interval '30 mins', (timestamp '2025-07-13 09:00:00' + interval '8 hours 55 minutes')) ON CONFLICT DO NOTHING;
INSERT INTO score_sheet_items (id, score_sheet_id, period_criterion_id, score_value) VALUES ('e9febe51-ea92-47a4-aa06-89ba7cdbce21', '5816db70-87b2-4e1f-aea9-dec3b67a6751', 'f9fff257-dd3c-402c-a751-be4cd5b12e92', 21) ON CONFLICT DO NOTHING;
INSERT INTO score_sheet_items (id, score_sheet_id, period_criterion_id, score_value) VALUES ('3d73c50d-9bea-4ee3-a443-1383384c05d8', '5816db70-87b2-4e1f-aea9-dec3b67a6751', 'e64b33e7-ae8d-4c65-a011-618a8d31e2c4', 24) ON CONFLICT DO NOTHING;
INSERT INTO score_sheet_items (id, score_sheet_id, period_criterion_id, score_value) VALUES ('883b63dc-fdb4-4033-a0a5-6136761f5437', '5816db70-87b2-4e1f-aea9-dec3b67a6751', '364bedf6-a50f-425c-aa45-3567c85d5ff8', 16) ON CONFLICT DO NOTHING;
INSERT INTO score_sheets (id, period_id, project_id, juror_id, status, comment, started_at, last_activity_at) VALUES ('b0603e78-7cf9-4ea4-aa61-3bb68649ab60', '318124ea-8614-4355-ad48-2486524dfc13', 'fc0404be-5d8b-4521-a139-40d70ba3fcc4', '37dfc66f-d341-4063-a83a-731796af67cf', 'submitted', 'Excellent engineering depth let down by presentation.', (timestamp '2025-07-13 09:00:00' + interval '33 hours 20 minutes') - interval '30 mins', (timestamp '2025-07-13 09:00:00' + interval '33 hours 20 minutes')) ON CONFLICT DO NOTHING;
INSERT INTO score_sheet_items (id, score_sheet_id, period_criterion_id, score_value) VALUES ('3fb2ac45-9c0a-4c8c-ab7e-73564167eeca', 'b0603e78-7cf9-4ea4-aa61-3bb68649ab60', 'f9fff257-dd3c-402c-a751-be4cd5b12e92', 28) ON CONFLICT DO NOTHING;
INSERT INTO score_sheet_items (id, score_sheet_id, period_criterion_id, score_value) VALUES ('1609cd20-2b43-4be7-ac36-7e41cfc92a34', 'b0603e78-7cf9-4ea4-aa61-3bb68649ab60', 'e64b33e7-ae8d-4c65-a011-618a8d31e2c4', 37) ON CONFLICT DO NOTHING;
INSERT INTO score_sheet_items (id, score_sheet_id, period_criterion_id, score_value) VALUES ('017853d4-e50f-456d-a32b-97b6c40829ec', 'b0603e78-7cf9-4ea4-aa61-3bb68649ab60', '364bedf6-a50f-425c-aa45-3567c85d5ff8', 28) ON CONFLICT DO NOTHING;
INSERT INTO score_sheets (id, period_id, project_id, juror_id, status, comment, started_at, last_activity_at) VALUES ('7e7fbadf-fca4-4561-a2b2-3d3eb1706a13', '318124ea-8614-4355-ad48-2486524dfc13', '84581ca4-8e1a-4cc6-a71b-2f34be4c1a82', '37dfc66f-d341-4063-a83a-731796af67cf', 'submitted', 'Meets minimum expectations but does not stand out.', (timestamp '2025-07-13 09:00:00' + interval '22 hours 49 minutes') - interval '30 mins', (timestamp '2025-07-13 09:00:00' + interval '22 hours 49 minutes')) ON CONFLICT DO NOTHING;
INSERT INTO score_sheet_items (id, score_sheet_id, period_criterion_id, score_value) VALUES ('e0ad4766-ec65-4164-a482-236b69de7a8f', '7e7fbadf-fca4-4561-a2b2-3d3eb1706a13', 'f9fff257-dd3c-402c-a751-be4cd5b12e92', 19) ON CONFLICT DO NOTHING;
INSERT INTO score_sheet_items (id, score_sheet_id, period_criterion_id, score_value) VALUES ('681b1ef5-3177-4b6c-a958-1f3b70adb7a9', '7e7fbadf-fca4-4561-a2b2-3d3eb1706a13', 'e64b33e7-ae8d-4c65-a011-618a8d31e2c4', 24) ON CONFLICT DO NOTHING;
INSERT INTO score_sheet_items (id, score_sheet_id, period_criterion_id, score_value) VALUES ('20a31cd5-f988-4041-a7ed-b123baaae165', '7e7fbadf-fca4-4561-a2b2-3d3eb1706a13', '364bedf6-a50f-425c-aa45-3567c85d5ff8', 18) ON CONFLICT DO NOTHING;
INSERT INTO score_sheets (id, period_id, project_id, juror_id, status, comment, started_at, last_activity_at) VALUES ('65dd46f2-1f0a-4b79-a6ef-8a3d7b3fa476', '318124ea-8614-4355-ad48-2486524dfc13', '0527c7f7-28f0-4560-aaf3-1118d5f48d63', '37dfc66f-d341-4063-a83a-731796af67cf', 'submitted', 'Competent execution across the board.', (timestamp '2025-07-13 09:00:00' + interval '31 hours 56 minutes') - interval '30 mins', (timestamp '2025-07-13 09:00:00' + interval '31 hours 56 minutes')) ON CONFLICT DO NOTHING;
INSERT INTO score_sheet_items (id, score_sheet_id, period_criterion_id, score_value) VALUES ('f54cd2ab-2937-461e-a9b4-66da83cde655', '65dd46f2-1f0a-4b79-a6ef-8a3d7b3fa476', 'f9fff257-dd3c-402c-a751-be4cd5b12e92', 19) ON CONFLICT DO NOTHING;
INSERT INTO score_sheet_items (id, score_sheet_id, period_criterion_id, score_value) VALUES ('f8871876-55db-440b-a1bd-166dd269e66d', '65dd46f2-1f0a-4b79-a6ef-8a3d7b3fa476', 'e64b33e7-ae8d-4c65-a011-618a8d31e2c4', 30) ON CONFLICT DO NOTHING;
INSERT INTO score_sheet_items (id, score_sheet_id, period_criterion_id, score_value) VALUES ('4c138d89-31c9-415c-a5f0-efc67d0b68c8', '65dd46f2-1f0a-4b79-a6ef-8a3d7b3fa476', '364bedf6-a50f-425c-aa45-3567c85d5ff8', 22) ON CONFLICT DO NOTHING;
INSERT INTO score_sheets (id, period_id, project_id, juror_id, status, comment, started_at, last_activity_at) VALUES ('fc4b0e1c-c967-4e70-a84f-c35b5a11f8a4', 'b7014c23-db5e-4be5-a5d6-d9597e8578cc', '55964658-c936-45e8-ae7c-bccdb9dcfb20', 'f106ca15-dc12-414f-ac41-0b361db08f95', 'submitted', 'Exceptional work across all dimensions.', (timestamp '2024-07-14 09:00:00' + interval '43 hours 26 minutes') - interval '30 mins', (timestamp '2024-07-14 09:00:00' + interval '43 hours 26 minutes')) ON CONFLICT DO NOTHING;
INSERT INTO score_sheet_items (id, score_sheet_id, period_criterion_id, score_value) VALUES ('5c5902bc-55e6-4e22-a2a7-c566ff808bcb', 'fc4b0e1c-c967-4e70-a84f-c35b5a11f8a4', 'ba64aea1-ea3d-4194-a943-072cecebe7da', 29) ON CONFLICT DO NOTHING;
INSERT INTO score_sheet_items (id, score_sheet_id, period_criterion_id, score_value) VALUES ('6c1d62b3-a4c7-4e45-a7d2-4b85fa2ff9c8', 'fc4b0e1c-c967-4e70-a84f-c35b5a11f8a4', '98470b72-67ab-4567-a032-60878aa519ac', 39) ON CONFLICT DO NOTHING;
INSERT INTO score_sheet_items (id, score_sheet_id, period_criterion_id, score_value) VALUES ('18796fa9-0c23-4f4c-ad1e-0790f8860bcc', 'fc4b0e1c-c967-4e70-a84f-c35b5a11f8a4', '4ed2d550-6e1d-445e-a788-36a46c491f1a', 28) ON CONFLICT DO NOTHING;
INSERT INTO score_sheets (id, period_id, project_id, juror_id, status, comment, started_at, last_activity_at) VALUES ('7d0a4a3e-55ad-496b-ab42-442331ed2cac', 'b7014c23-db5e-4be5-a5d6-d9597e8578cc', 'bc3fe67d-937f-4744-ae90-a19293fc5d5c', 'f106ca15-dc12-414f-ac41-0b361db08f95', 'submitted', 'Well-rounded with good technical foundations.', (timestamp '2024-07-14 09:00:00' + interval '30 hours 8 minutes') - interval '30 mins', (timestamp '2024-07-14 09:00:00' + interval '30 hours 8 minutes')) ON CONFLICT DO NOTHING;
INSERT INTO score_sheet_items (id, score_sheet_id, period_criterion_id, score_value) VALUES ('b69b13fe-951d-40cc-a780-10e4401c016c', '7d0a4a3e-55ad-496b-ab42-442331ed2cac', 'ba64aea1-ea3d-4194-a943-072cecebe7da', 25) ON CONFLICT DO NOTHING;
INSERT INTO score_sheet_items (id, score_sheet_id, period_criterion_id, score_value) VALUES ('c398c107-f8b1-4b2d-ac9e-41ad1d2f7573', '7d0a4a3e-55ad-496b-ab42-442331ed2cac', '98470b72-67ab-4567-a032-60878aa519ac', 31) ON CONFLICT DO NOTHING;
INSERT INTO score_sheet_items (id, score_sheet_id, period_criterion_id, score_value) VALUES ('cf103c02-09df-445d-adb3-7747f35537ca', '7d0a4a3e-55ad-496b-ab42-442331ed2cac', '4ed2d550-6e1d-445e-a788-36a46c491f1a', 25) ON CONFLICT DO NOTHING;
INSERT INTO score_sheets (id, period_id, project_id, juror_id, status, comment, started_at, last_activity_at) VALUES ('c3acc94d-dc7e-4319-a64e-b2043c1a3613', 'b7014c23-db5e-4be5-a5d6-d9597e8578cc', 'e819a48d-0cd4-4027-aa05-4c5458518283', 'f106ca15-dc12-414f-ac41-0b361db08f95', 'submitted', NULL, (timestamp '2024-07-14 09:00:00' + interval '60 hours 5 minutes') - interval '30 mins', (timestamp '2024-07-14 09:00:00' + interval '60 hours 5 minutes')) ON CONFLICT DO NOTHING;
INSERT INTO score_sheet_items (id, score_sheet_id, period_criterion_id, score_value) VALUES ('1e1e7ff5-04fb-4aac-a1c0-1d74453da077', 'c3acc94d-dc7e-4319-a64e-b2043c1a3613', 'ba64aea1-ea3d-4194-a943-072cecebe7da', 26) ON CONFLICT DO NOTHING;
INSERT INTO score_sheet_items (id, score_sheet_id, period_criterion_id, score_value) VALUES ('d309fd7a-1e86-47bf-a452-25744b46fa1f', 'c3acc94d-dc7e-4319-a64e-b2043c1a3613', '98470b72-67ab-4567-a032-60878aa519ac', 30) ON CONFLICT DO NOTHING;
INSERT INTO score_sheet_items (id, score_sheet_id, period_criterion_id, score_value) VALUES ('9a36b53c-7f9c-4a53-aea8-d661d9693bab', 'c3acc94d-dc7e-4319-a64e-b2043c1a3613', '4ed2d550-6e1d-445e-a788-36a46c491f1a', 24) ON CONFLICT DO NOTHING;
INSERT INTO score_sheets (id, period_id, project_id, juror_id, status, comment, started_at, last_activity_at) VALUES ('88b22865-8084-4e67-ac29-dc2e5d5fe668', 'b7014c23-db5e-4be5-a5d6-d9597e8578cc', 'ab1fc3ab-1121-4eac-a869-537be94d5d4f', 'f106ca15-dc12-414f-ac41-0b361db08f95', 'in_progress', NULL, (timestamp '2024-07-14 09:00:00' + interval '38 hours 29 minutes') - interval '30 mins', (timestamp '2024-07-14 09:00:00' + interval '38 hours 29 minutes')) ON CONFLICT DO NOTHING;
INSERT INTO score_sheet_items (id, score_sheet_id, period_criterion_id, score_value) VALUES ('7042d0ae-d401-48a0-adb4-ce9970e311d2', '88b22865-8084-4e67-ac29-dc2e5d5fe668', 'ba64aea1-ea3d-4194-a943-072cecebe7da', 24) ON CONFLICT DO NOTHING;
INSERT INTO score_sheets (id, period_id, project_id, juror_id, status, comment, started_at, last_activity_at) VALUES ('62e47813-4edf-41f4-afcd-c2d576f0800a', 'b7014c23-db5e-4be5-a5d6-d9597e8578cc', '55964658-c936-45e8-ae7c-bccdb9dcfb20', '2d3b2caa-0358-45c2-a122-c1c17cb9fbc5', 'submitted', NULL, (timestamp '2024-07-14 09:00:00' + interval '33 hours 59 minutes') - interval '30 mins', (timestamp '2024-07-14 09:00:00' + interval '33 hours 59 minutes')) ON CONFLICT DO NOTHING;
INSERT INTO score_sheet_items (id, score_sheet_id, period_criterion_id, score_value) VALUES ('924e50dd-4917-4acb-a6f9-d06f5b40ecbe', '62e47813-4edf-41f4-afcd-c2d576f0800a', 'ba64aea1-ea3d-4194-a943-072cecebe7da', 27) ON CONFLICT DO NOTHING;
INSERT INTO score_sheet_items (id, score_sheet_id, period_criterion_id, score_value) VALUES ('11241b60-1491-4abf-adbd-ce6958878f90', '62e47813-4edf-41f4-afcd-c2d576f0800a', '98470b72-67ab-4567-a032-60878aa519ac', 38) ON CONFLICT DO NOTHING;
INSERT INTO score_sheet_items (id, score_sheet_id, period_criterion_id, score_value) VALUES ('2f99e5d7-996c-4447-ab1d-d32f561b2e14', '62e47813-4edf-41f4-afcd-c2d576f0800a', '4ed2d550-6e1d-445e-a788-36a46c491f1a', 27) ON CONFLICT DO NOTHING;
INSERT INTO score_sheets (id, period_id, project_id, juror_id, status, comment, started_at, last_activity_at) VALUES ('4f6cbb1d-0cb5-4b60-a075-a4dde6a4cce2', 'b7014c23-db5e-4be5-a5d6-d9597e8578cc', 'bc3fe67d-937f-4744-ae90-a19293fc5d5c', '2d3b2caa-0358-45c2-a122-c1c17cb9fbc5', 'submitted', NULL, (timestamp '2024-07-14 09:00:00' + interval '31 hours 8 minutes') - interval '30 mins', (timestamp '2024-07-14 09:00:00' + interval '31 hours 8 minutes')) ON CONFLICT DO NOTHING;
INSERT INTO score_sheet_items (id, score_sheet_id, period_criterion_id, score_value) VALUES ('0e907c1e-74d2-48d3-a7d0-108a7dcab4aa', '4f6cbb1d-0cb5-4b60-a075-a4dde6a4cce2', 'ba64aea1-ea3d-4194-a943-072cecebe7da', 23) ON CONFLICT DO NOTHING;
INSERT INTO score_sheet_items (id, score_sheet_id, period_criterion_id, score_value) VALUES ('dfb9554f-314a-4aff-a820-4b489ff4460e', '4f6cbb1d-0cb5-4b60-a075-a4dde6a4cce2', '98470b72-67ab-4567-a032-60878aa519ac', 33) ON CONFLICT DO NOTHING;
INSERT INTO score_sheet_items (id, score_sheet_id, period_criterion_id, score_value) VALUES ('a19c1d60-cad0-4be5-a9f2-ec6a5ab466c9', '4f6cbb1d-0cb5-4b60-a075-a4dde6a4cce2', '4ed2d550-6e1d-445e-a788-36a46c491f1a', 22) ON CONFLICT DO NOTHING;
INSERT INTO score_sheets (id, period_id, project_id, juror_id, status, comment, started_at, last_activity_at) VALUES ('f183722c-cf95-4e92-a2c1-14f1d7234a92', 'b7014c23-db5e-4be5-a5d6-d9597e8578cc', 'e819a48d-0cd4-4027-aa05-4c5458518283', '2d3b2caa-0358-45c2-a122-c1c17cb9fbc5', 'submitted', 'Well-rounded with good technical foundations.', (timestamp '2024-07-14 09:00:00' + interval '22 hours 53 minutes') - interval '30 mins', (timestamp '2024-07-14 09:00:00' + interval '22 hours 53 minutes')) ON CONFLICT DO NOTHING;
INSERT INTO score_sheet_items (id, score_sheet_id, period_criterion_id, score_value) VALUES ('ba2a03f8-30cf-43d1-a000-f1a6f0425925', 'f183722c-cf95-4e92-a2c1-14f1d7234a92', 'ba64aea1-ea3d-4194-a943-072cecebe7da', 22) ON CONFLICT DO NOTHING;
INSERT INTO score_sheet_items (id, score_sheet_id, period_criterion_id, score_value) VALUES ('026c2326-3826-4a6a-a32c-baffa1e58e75', 'f183722c-cf95-4e92-a2c1-14f1d7234a92', '98470b72-67ab-4567-a032-60878aa519ac', 32) ON CONFLICT DO NOTHING;
INSERT INTO score_sheet_items (id, score_sheet_id, period_criterion_id, score_value) VALUES ('efc6c9db-7a2d-4e33-ad4b-58575afef438', 'f183722c-cf95-4e92-a2c1-14f1d7234a92', '4ed2d550-6e1d-445e-a788-36a46c491f1a', 24) ON CONFLICT DO NOTHING;
INSERT INTO score_sheets (id, period_id, project_id, juror_id, status, comment, started_at, last_activity_at) VALUES ('c850e844-8218-496e-abfc-46dea29dacff', 'b7014c23-db5e-4be5-a5d6-d9597e8578cc', 'ab1fc3ab-1121-4eac-a869-537be94d5d4f', '2d3b2caa-0358-45c2-a122-c1c17cb9fbc5', 'submitted', NULL, (timestamp '2024-07-14 09:00:00' + interval '29 hours 15 minutes') - interval '30 mins', (timestamp '2024-07-14 09:00:00' + interval '29 hours 15 minutes')) ON CONFLICT DO NOTHING;
INSERT INTO score_sheet_items (id, score_sheet_id, period_criterion_id, score_value) VALUES ('0849367b-d607-4d23-a454-382da6026de8', 'c850e844-8218-496e-abfc-46dea29dacff', 'ba64aea1-ea3d-4194-a943-072cecebe7da', 27) ON CONFLICT DO NOTHING;
INSERT INTO score_sheet_items (id, score_sheet_id, period_criterion_id, score_value) VALUES ('73315fb4-8e57-45b6-aff0-8e8761660873', 'c850e844-8218-496e-abfc-46dea29dacff', '98470b72-67ab-4567-a032-60878aa519ac', 34) ON CONFLICT DO NOTHING;
INSERT INTO score_sheet_items (id, score_sheet_id, period_criterion_id, score_value) VALUES ('99cfe538-7d6f-4754-ac69-24b9f804ef45', 'c850e844-8218-496e-abfc-46dea29dacff', '4ed2d550-6e1d-445e-a788-36a46c491f1a', 15) ON CONFLICT DO NOTHING;
INSERT INTO score_sheets (id, period_id, project_id, juror_id, status, comment, started_at, last_activity_at) VALUES ('4703dd7c-0cbc-4b61-a00d-d6184170e96f', 'b7014c23-db5e-4be5-a5d6-d9597e8578cc', '48863d9f-885f-4f71-a929-d3313626b41b', '2d3b2caa-0358-45c2-a122-c1c17cb9fbc5', 'submitted', 'Adequate but uninspired. More depth needed.', (timestamp '2024-07-14 09:00:00' + interval '9 hours 54 minutes') - interval '30 mins', (timestamp '2024-07-14 09:00:00' + interval '9 hours 54 minutes')) ON CONFLICT DO NOTHING;
INSERT INTO score_sheet_items (id, score_sheet_id, period_criterion_id, score_value) VALUES ('a6567e07-d81b-4d74-ab78-1fbd8e66dcc5', '4703dd7c-0cbc-4b61-a00d-d6184170e96f', 'ba64aea1-ea3d-4194-a943-072cecebe7da', 18) ON CONFLICT DO NOTHING;
INSERT INTO score_sheet_items (id, score_sheet_id, period_criterion_id, score_value) VALUES ('9356a4c2-6e67-477d-af54-1146c94a529d', '4703dd7c-0cbc-4b61-a00d-d6184170e96f', '98470b72-67ab-4567-a032-60878aa519ac', 28) ON CONFLICT DO NOTHING;
INSERT INTO score_sheet_items (id, score_sheet_id, period_criterion_id, score_value) VALUES ('b105ec00-0894-4c2c-a43f-4fa7fd4e2776', '4703dd7c-0cbc-4b61-a00d-d6184170e96f', '4ed2d550-6e1d-445e-a788-36a46c491f1a', 17) ON CONFLICT DO NOTHING;
INSERT INTO score_sheets (id, period_id, project_id, juror_id, status, comment, started_at, last_activity_at) VALUES ('e620cfdc-6a9b-4d75-a5f6-0f22cf3b047f', 'b7014c23-db5e-4be5-a5d6-d9597e8578cc', 'dcfe3392-61a2-44e1-ae05-da975e5f46a2', '2d3b2caa-0358-45c2-a122-c1c17cb9fbc5', 'submitted', 'Competent execution across the board.', (timestamp '2024-07-14 09:00:00' + interval '5 hours 51 minutes') - interval '30 mins', (timestamp '2024-07-14 09:00:00' + interval '5 hours 51 minutes')) ON CONFLICT DO NOTHING;
INSERT INTO score_sheet_items (id, score_sheet_id, period_criterion_id, score_value) VALUES ('bd1e5f39-0e25-4f08-aea7-7474d51e5a43', 'e620cfdc-6a9b-4d75-a5f6-0f22cf3b047f', 'ba64aea1-ea3d-4194-a943-072cecebe7da', 21) ON CONFLICT DO NOTHING;
INSERT INTO score_sheet_items (id, score_sheet_id, period_criterion_id, score_value) VALUES ('ae2e638d-9ef9-4849-ae65-ecd4d7730371', 'e620cfdc-6a9b-4d75-a5f6-0f22cf3b047f', '98470b72-67ab-4567-a032-60878aa519ac', 30) ON CONFLICT DO NOTHING;
INSERT INTO score_sheet_items (id, score_sheet_id, period_criterion_id, score_value) VALUES ('ed7aad69-6aea-4b85-a731-ecfe913193d6', 'e620cfdc-6a9b-4d75-a5f6-0f22cf3b047f', '4ed2d550-6e1d-445e-a788-36a46c491f1a', 21) ON CONFLICT DO NOTHING;
INSERT INTO score_sheets (id, period_id, project_id, juror_id, status, comment, started_at, last_activity_at) VALUES ('0aa158ca-b1e8-47d3-a68f-10c2bd3c92e9', 'b7014c23-db5e-4be5-a5d6-d9597e8578cc', '55964658-c936-45e8-ae7c-bccdb9dcfb20', '79ef4764-8e84-4a18-ad48-dbd780a5a027', 'submitted', NULL, (timestamp '2024-07-14 09:00:00' + interval '57 hours 53 minutes') - interval '30 mins', (timestamp '2024-07-14 09:00:00' + interval '57 hours 53 minutes')) ON CONFLICT DO NOTHING;
INSERT INTO score_sheet_items (id, score_sheet_id, period_criterion_id, score_value) VALUES ('f3bde38a-fa71-496e-a483-f2d671cf0773', '0aa158ca-b1e8-47d3-a68f-10c2bd3c92e9', 'ba64aea1-ea3d-4194-a943-072cecebe7da', 28) ON CONFLICT DO NOTHING;
INSERT INTO score_sheet_items (id, score_sheet_id, period_criterion_id, score_value) VALUES ('92bf442d-a6bd-428f-ae7e-2891f02dd3ed', '0aa158ca-b1e8-47d3-a68f-10c2bd3c92e9', '98470b72-67ab-4567-a032-60878aa519ac', 36) ON CONFLICT DO NOTHING;
INSERT INTO score_sheet_items (id, score_sheet_id, period_criterion_id, score_value) VALUES ('0688937f-773f-44f7-a07b-ebf0a4867a77', '0aa158ca-b1e8-47d3-a68f-10c2bd3c92e9', '4ed2d550-6e1d-445e-a788-36a46c491f1a', 27) ON CONFLICT DO NOTHING;
INSERT INTO score_sheets (id, period_id, project_id, juror_id, status, comment, started_at, last_activity_at) VALUES ('14c455b1-7a85-47de-a8dc-7bc6a4f935f4', 'b7014c23-db5e-4be5-a5d6-d9597e8578cc', 'bc3fe67d-937f-4744-ae90-a19293fc5d5c', '79ef4764-8e84-4a18-ad48-dbd780a5a027', 'submitted', 'Well-rounded with good technical foundations.', (timestamp '2024-07-14 09:00:00' + interval '46 hours 46 minutes') - interval '30 mins', (timestamp '2024-07-14 09:00:00' + interval '46 hours 46 minutes')) ON CONFLICT DO NOTHING;
INSERT INTO score_sheet_items (id, score_sheet_id, period_criterion_id, score_value) VALUES ('d62f05b5-9215-4f46-abfc-20e91ea2423b', '14c455b1-7a85-47de-a8dc-7bc6a4f935f4', 'ba64aea1-ea3d-4194-a943-072cecebe7da', 23) ON CONFLICT DO NOTHING;
INSERT INTO score_sheet_items (id, score_sheet_id, period_criterion_id, score_value) VALUES ('a3fd4ee6-98ee-41d6-a9d0-55d7e9ce869a', '14c455b1-7a85-47de-a8dc-7bc6a4f935f4', '98470b72-67ab-4567-a032-60878aa519ac', 29) ON CONFLICT DO NOTHING;
INSERT INTO score_sheet_items (id, score_sheet_id, period_criterion_id, score_value) VALUES ('a8f8d513-5d8b-48c0-a22e-984addc20851', '14c455b1-7a85-47de-a8dc-7bc6a4f935f4', '4ed2d550-6e1d-445e-a788-36a46c491f1a', 24) ON CONFLICT DO NOTHING;
INSERT INTO score_sheets (id, period_id, project_id, juror_id, status, comment, started_at, last_activity_at) VALUES ('eff873df-6281-4d2a-a531-627f153ec575', 'b7014c23-db5e-4be5-a5d6-d9597e8578cc', 'e819a48d-0cd4-4027-aa05-4c5458518283', '79ef4764-8e84-4a18-ad48-dbd780a5a027', 'submitted', NULL, (timestamp '2024-07-14 09:00:00' + interval '52 hours 31 minutes') - interval '30 mins', (timestamp '2024-07-14 09:00:00' + interval '52 hours 31 minutes')) ON CONFLICT DO NOTHING;
INSERT INTO score_sheet_items (id, score_sheet_id, period_criterion_id, score_value) VALUES ('5629b3cc-46fb-40bf-a547-4ca775d89969', 'eff873df-6281-4d2a-a531-627f153ec575', 'ba64aea1-ea3d-4194-a943-072cecebe7da', 24) ON CONFLICT DO NOTHING;
INSERT INTO score_sheet_items (id, score_sheet_id, period_criterion_id, score_value) VALUES ('df0bbd5e-00e1-46eb-ab36-7e11590e2244', 'eff873df-6281-4d2a-a531-627f153ec575', '98470b72-67ab-4567-a032-60878aa519ac', 32) ON CONFLICT DO NOTHING;
INSERT INTO score_sheet_items (id, score_sheet_id, period_criterion_id, score_value) VALUES ('90abb740-90e6-429c-a23b-b0bad785565c', 'eff873df-6281-4d2a-a531-627f153ec575', '4ed2d550-6e1d-445e-a788-36a46c491f1a', 24) ON CONFLICT DO NOTHING;
INSERT INTO score_sheets (id, period_id, project_id, juror_id, status, comment, started_at, last_activity_at) VALUES ('6f918720-7992-461e-a2b5-ace2887795fb', 'b7014c23-db5e-4be5-a5d6-d9597e8578cc', 'ab1fc3ab-1121-4eac-a869-537be94d5d4f', '79ef4764-8e84-4a18-ad48-dbd780a5a027', 'submitted', 'Some brilliant moments alongside notable gaps.', (timestamp '2024-07-14 09:00:00' + interval '21 hours 47 minutes') - interval '30 mins', (timestamp '2024-07-14 09:00:00' + interval '21 hours 47 minutes')) ON CONFLICT DO NOTHING;
INSERT INTO score_sheet_items (id, score_sheet_id, period_criterion_id, score_value) VALUES ('93fab506-1413-46fb-aaa2-160c2f70e024', '6f918720-7992-461e-a2b5-ace2887795fb', 'ba64aea1-ea3d-4194-a943-072cecebe7da', 27) ON CONFLICT DO NOTHING;
INSERT INTO score_sheet_items (id, score_sheet_id, period_criterion_id, score_value) VALUES ('b2d1c475-9fe7-4c11-a643-079be17b5274', '6f918720-7992-461e-a2b5-ace2887795fb', '98470b72-67ab-4567-a032-60878aa519ac', 26) ON CONFLICT DO NOTHING;
INSERT INTO score_sheet_items (id, score_sheet_id, period_criterion_id, score_value) VALUES ('d597b043-05b0-4672-aa95-831c2a7de0f0', '6f918720-7992-461e-a2b5-ace2887795fb', '4ed2d550-6e1d-445e-a788-36a46c491f1a', 21) ON CONFLICT DO NOTHING;
INSERT INTO score_sheets (id, period_id, project_id, juror_id, status, comment, started_at, last_activity_at) VALUES ('cd296867-1e02-4d7c-a7d5-6e15268fdab7', 'b7014c23-db5e-4be5-a5d6-d9597e8578cc', '48863d9f-885f-4f71-a929-d3313626b41b', '79ef4764-8e84-4a18-ad48-dbd780a5a027', 'submitted', 'On the edge — competent but room for improvement.', (timestamp '2024-07-14 09:00:00' + interval '12 hours 40 minutes') - interval '30 mins', (timestamp '2024-07-14 09:00:00' + interval '12 hours 40 minutes')) ON CONFLICT DO NOTHING;
INSERT INTO score_sheet_items (id, score_sheet_id, period_criterion_id, score_value) VALUES ('db05b56b-a72d-4b42-aa62-7fb8c6b7c6dc', 'cd296867-1e02-4d7c-a7d5-6e15268fdab7', 'ba64aea1-ea3d-4194-a943-072cecebe7da', 19) ON CONFLICT DO NOTHING;
INSERT INTO score_sheet_items (id, score_sheet_id, period_criterion_id, score_value) VALUES ('0cc1b804-42f0-4e35-adb0-38c7545b9789', 'cd296867-1e02-4d7c-a7d5-6e15268fdab7', '98470b72-67ab-4567-a032-60878aa519ac', 28) ON CONFLICT DO NOTHING;
INSERT INTO score_sheet_items (id, score_sheet_id, period_criterion_id, score_value) VALUES ('c42aea75-8940-49c0-a8c1-3bdc96d95886', 'cd296867-1e02-4d7c-a7d5-6e15268fdab7', '4ed2d550-6e1d-445e-a788-36a46c491f1a', 18) ON CONFLICT DO NOTHING;
INSERT INTO score_sheets (id, period_id, project_id, juror_id, status, comment, started_at, last_activity_at) VALUES ('6ebc5267-8e7f-4e4c-a118-38ae322fae52', 'b7014c23-db5e-4be5-a5d6-d9597e8578cc', 'dcfe3392-61a2-44e1-ae05-da975e5f46a2', '79ef4764-8e84-4a18-ad48-dbd780a5a027', 'submitted', 'Competent execution across the board.', (timestamp '2024-07-14 09:00:00' + interval '25 hours 20 minutes') - interval '30 mins', (timestamp '2024-07-14 09:00:00' + interval '25 hours 20 minutes')) ON CONFLICT DO NOTHING;
INSERT INTO score_sheet_items (id, score_sheet_id, period_criterion_id, score_value) VALUES ('90d7d1ad-ffee-4c63-adc3-630c7ee938ec', '6ebc5267-8e7f-4e4c-a118-38ae322fae52', 'ba64aea1-ea3d-4194-a943-072cecebe7da', 22) ON CONFLICT DO NOTHING;
INSERT INTO score_sheet_items (id, score_sheet_id, period_criterion_id, score_value) VALUES ('1cf772b8-ee33-4e6d-adfd-2cf9737ad524', '6ebc5267-8e7f-4e4c-a118-38ae322fae52', '98470b72-67ab-4567-a032-60878aa519ac', 30) ON CONFLICT DO NOTHING;
INSERT INTO score_sheet_items (id, score_sheet_id, period_criterion_id, score_value) VALUES ('c0c03851-c8df-41aa-a24d-43654a932352', '6ebc5267-8e7f-4e4c-a118-38ae322fae52', '4ed2d550-6e1d-445e-a788-36a46c491f1a', 23) ON CONFLICT DO NOTHING;
INSERT INTO score_sheets (id, period_id, project_id, juror_id, status, comment, started_at, last_activity_at) VALUES ('15169228-0e59-478c-aeb7-a8712f8d9f17', '47979751-163d-48b3-ae56-a65586d18f1b', '7409c3d5-b62b-487e-aa60-8be8b736f7d9', '74499a66-86e7-4d92-ade1-70ba9b770ef0', 'submitted', 'Top-tier project. Clear problem definition, excellent execution.', (timestamp '2026-06-08 09:00:00' + interval '40 hours 42 minutes') - interval '30 mins', (timestamp '2026-06-08 09:00:00' + interval '40 hours 42 minutes')) ON CONFLICT DO NOTHING;
INSERT INTO score_sheet_items (id, score_sheet_id, period_criterion_id, score_value) VALUES ('1e377d5a-c116-46dd-a7e0-2a6139d6aa8a', '15169228-0e59-478c-aeb7-a8712f8d9f17', 'c33e7c6c-d2a0-4a2a-a56d-61625346ba0d', 18) ON CONFLICT DO NOTHING;
INSERT INTO score_sheet_items (id, score_sheet_id, period_criterion_id, score_value) VALUES ('ae571925-c687-4948-a83f-5b1f7492604e', '15169228-0e59-478c-aeb7-a8712f8d9f17', '02116bcb-cbfa-4011-ad98-97f3cf2c7f2d', 35) ON CONFLICT DO NOTHING;
INSERT INTO score_sheet_items (id, score_sheet_id, period_criterion_id, score_value) VALUES ('a2259566-8a02-47b3-acb8-10d86d6bfdf5', '15169228-0e59-478c-aeb7-a8712f8d9f17', '9ade7fa5-71bd-49c2-ab3b-54b92cad1f11', 23) ON CONFLICT DO NOTHING;
INSERT INTO score_sheet_items (id, score_sheet_id, period_criterion_id, score_value) VALUES ('32115ebd-b403-4ca8-aa61-b138b04061ce', '15169228-0e59-478c-aeb7-a8712f8d9f17', '18f89a44-f174-4ac6-a17a-56d22bfbca1c', 20) ON CONFLICT DO NOTHING;
INSERT INTO score_sheets (id, period_id, project_id, juror_id, status, comment, started_at, last_activity_at) VALUES ('d3eab466-95e1-4d2d-ada7-79a13d63af95', '47979751-163d-48b3-ae56-a65586d18f1b', 'd812e821-9cf5-4042-ae7b-7b45b9a7b922', '74499a66-86e7-4d92-ade1-70ba9b770ef0', 'submitted', 'Top-tier project. Clear problem definition, excellent execution.', (timestamp '2026-06-08 09:00:00' + interval '51 hours 23 minutes') - interval '30 mins', (timestamp '2026-06-08 09:00:00' + interval '51 hours 23 minutes')) ON CONFLICT DO NOTHING;
INSERT INTO score_sheet_items (id, score_sheet_id, period_criterion_id, score_value) VALUES ('feef8954-4b82-4c38-afca-9c0c82e9c1b4', 'd3eab466-95e1-4d2d-ada7-79a13d63af95', 'c33e7c6c-d2a0-4a2a-a56d-61625346ba0d', 20) ON CONFLICT DO NOTHING;
INSERT INTO score_sheet_items (id, score_sheet_id, period_criterion_id, score_value) VALUES ('4a41be9a-7def-4c6e-abd1-c61ed047265f', 'd3eab466-95e1-4d2d-ada7-79a13d63af95', '02116bcb-cbfa-4011-ad98-97f3cf2c7f2d', 34) ON CONFLICT DO NOTHING;
INSERT INTO score_sheet_items (id, score_sheet_id, period_criterion_id, score_value) VALUES ('e497c440-646d-43c8-a9af-e52418eb311a', 'd3eab466-95e1-4d2d-ada7-79a13d63af95', '9ade7fa5-71bd-49c2-ab3b-54b92cad1f11', 25) ON CONFLICT DO NOTHING;
INSERT INTO score_sheet_items (id, score_sheet_id, period_criterion_id, score_value) VALUES ('ea0a8da1-58f8-4f95-a35f-1acdfc1c2dbd', 'd3eab466-95e1-4d2d-ada7-79a13d63af95', '18f89a44-f174-4ac6-a17a-56d22bfbca1c', 18) ON CONFLICT DO NOTHING;
INSERT INTO score_sheets (id, period_id, project_id, juror_id, status, comment, started_at, last_activity_at) VALUES ('e56ae082-eaaa-4871-a16f-6ff4c0738538', '47979751-163d-48b3-ae56-a65586d18f1b', 'e3603c93-8069-4824-afa0-10fe733475e3', '74499a66-86e7-4d92-ade1-70ba9b770ef0', 'submitted', 'Well-rounded with good technical foundations.', (timestamp '2026-06-08 09:00:00' + interval '24 hours 59 minutes') - interval '30 mins', (timestamp '2026-06-08 09:00:00' + interval '24 hours 59 minutes')) ON CONFLICT DO NOTHING;
INSERT INTO score_sheet_items (id, score_sheet_id, period_criterion_id, score_value) VALUES ('cb55654d-36d1-49e8-ac11-60653ff58f4c', 'e56ae082-eaaa-4871-a16f-6ff4c0738538', 'c33e7c6c-d2a0-4a2a-a56d-61625346ba0d', 16) ON CONFLICT DO NOTHING;
INSERT INTO score_sheet_items (id, score_sheet_id, period_criterion_id, score_value) VALUES ('a03e7809-d54d-4315-a133-3868b952a2d4', 'e56ae082-eaaa-4871-a16f-6ff4c0738538', '02116bcb-cbfa-4011-ad98-97f3cf2c7f2d', 27) ON CONFLICT DO NOTHING;
INSERT INTO score_sheet_items (id, score_sheet_id, period_criterion_id, score_value) VALUES ('a937c336-c29b-4c8f-a4db-3dc551a703e7', 'e56ae082-eaaa-4871-a16f-6ff4c0738538', '9ade7fa5-71bd-49c2-ab3b-54b92cad1f11', 21) ON CONFLICT DO NOTHING;
INSERT INTO score_sheet_items (id, score_sheet_id, period_criterion_id, score_value) VALUES ('80073794-443e-4765-a53f-0a2351acaf64', 'e56ae082-eaaa-4871-a16f-6ff4c0738538', '18f89a44-f174-4ac6-a17a-56d22bfbca1c', 17) ON CONFLICT DO NOTHING;
INSERT INTO score_sheets (id, period_id, project_id, juror_id, status, comment, started_at, last_activity_at) VALUES ('1fc8b7d2-e0d4-4fbf-afd4-d8967b11a211', '47979751-163d-48b3-ae56-a65586d18f1b', '851c3941-dfa8-4feb-ae26-c58965626732', '74499a66-86e7-4d92-ade1-70ba9b770ef0', 'submitted', 'Well-rounded with good technical foundations.', (timestamp '2026-06-08 09:00:00' + interval '58 hours 0 minutes') - interval '30 mins', (timestamp '2026-06-08 09:00:00' + interval '58 hours 0 minutes')) ON CONFLICT DO NOTHING;
INSERT INTO score_sheet_items (id, score_sheet_id, period_criterion_id, score_value) VALUES ('4098bfee-61a0-40ae-adc1-188658efe65a', '1fc8b7d2-e0d4-4fbf-afd4-d8967b11a211', 'c33e7c6c-d2a0-4a2a-a56d-61625346ba0d', 16) ON CONFLICT DO NOTHING;
INSERT INTO score_sheet_items (id, score_sheet_id, period_criterion_id, score_value) VALUES ('06a0feda-bd27-4f21-afcc-af6b484b1750', '1fc8b7d2-e0d4-4fbf-afd4-d8967b11a211', '02116bcb-cbfa-4011-ad98-97f3cf2c7f2d', 27) ON CONFLICT DO NOTHING;
INSERT INTO score_sheet_items (id, score_sheet_id, period_criterion_id, score_value) VALUES ('031d368b-8ec7-43fd-aa2e-74065ab83818', '1fc8b7d2-e0d4-4fbf-afd4-d8967b11a211', '9ade7fa5-71bd-49c2-ab3b-54b92cad1f11', 19) ON CONFLICT DO NOTHING;
INSERT INTO score_sheet_items (id, score_sheet_id, period_criterion_id, score_value) VALUES ('459ac781-ce44-42ca-aa94-92c640be34c0', '1fc8b7d2-e0d4-4fbf-afd4-d8967b11a211', '18f89a44-f174-4ac6-a17a-56d22bfbca1c', 16) ON CONFLICT DO NOTHING;
INSERT INTO score_sheets (id, period_id, project_id, juror_id, status, comment, started_at, last_activity_at) VALUES ('3adeb371-d6d1-47d9-a387-4d9dcd44609c', '47979751-163d-48b3-ae56-a65586d18f1b', 'd4678ba7-7203-4cca-a7c5-d1f4fca3908e', '74499a66-86e7-4d92-ade1-70ba9b770ef0', 'in_progress', NULL, (timestamp '2026-06-08 09:00:00' + interval '34 hours 45 minutes') - interval '30 mins', (timestamp '2026-06-08 09:00:00' + interval '34 hours 45 minutes')) ON CONFLICT DO NOTHING;
INSERT INTO score_sheet_items (id, score_sheet_id, period_criterion_id, score_value) VALUES ('647b3b2c-823c-4728-ac43-30d0055d3f3c', '3adeb371-d6d1-47d9-a387-4d9dcd44609c', 'c33e7c6c-d2a0-4a2a-a56d-61625346ba0d', 18) ON CONFLICT DO NOTHING;
INSERT INTO score_sheet_items (id, score_sheet_id, period_criterion_id, score_value) VALUES ('565c29bf-be56-4df2-a24e-a7db269d4484', '3adeb371-d6d1-47d9-a387-4d9dcd44609c', '02116bcb-cbfa-4011-ad98-97f3cf2c7f2d', 30) ON CONFLICT DO NOTHING;
INSERT INTO score_sheets (id, period_id, project_id, juror_id, status, comment, started_at, last_activity_at) VALUES ('20bcdf28-c581-4565-a13f-7eb39e66faca', '47979751-163d-48b3-ae56-a65586d18f1b', '7409c3d5-b62b-487e-aa60-8be8b736f7d9', '4f32d322-afb7-4042-a9d1-ce0c17a09a30', 'submitted', NULL, (timestamp '2026-06-08 09:00:00' + interval '51 hours 20 minutes') - interval '30 mins', (timestamp '2026-06-08 09:00:00' + interval '51 hours 20 minutes')) ON CONFLICT DO NOTHING;
INSERT INTO score_sheet_items (id, score_sheet_id, period_criterion_id, score_value) VALUES ('1224c3bb-2202-4c44-acbb-1e462d2906c6', '20bcdf28-c581-4565-a13f-7eb39e66faca', 'c33e7c6c-d2a0-4a2a-a56d-61625346ba0d', 18) ON CONFLICT DO NOTHING;
INSERT INTO score_sheet_items (id, score_sheet_id, period_criterion_id, score_value) VALUES ('6b54a77e-a0ae-494b-aed3-e1de3314e66c', '20bcdf28-c581-4565-a13f-7eb39e66faca', '02116bcb-cbfa-4011-ad98-97f3cf2c7f2d', 32) ON CONFLICT DO NOTHING;
INSERT INTO score_sheet_items (id, score_sheet_id, period_criterion_id, score_value) VALUES ('922de6c5-ae80-4c5e-ac1a-2d5a99652195', '20bcdf28-c581-4565-a13f-7eb39e66faca', '9ade7fa5-71bd-49c2-ab3b-54b92cad1f11', 24) ON CONFLICT DO NOTHING;
INSERT INTO score_sheet_items (id, score_sheet_id, period_criterion_id, score_value) VALUES ('6eceec71-ed16-4368-a9bb-ab5c9496e3bb', '20bcdf28-c581-4565-a13f-7eb39e66faca', '18f89a44-f174-4ac6-a17a-56d22bfbca1c', 18) ON CONFLICT DO NOTHING;
INSERT INTO score_sheets (id, period_id, project_id, juror_id, status, comment, started_at, last_activity_at) VALUES ('8d72d442-2fd1-4e34-a01e-883adb3baac0', '47979751-163d-48b3-ae56-a65586d18f1b', 'd812e821-9cf5-4042-ae7b-7b45b9a7b922', '4f32d322-afb7-4042-a9d1-ce0c17a09a30', 'submitted', 'Truly impressive innovation and mastery.', (timestamp '2026-06-08 09:00:00' + interval '2 hours 50 minutes') - interval '30 mins', (timestamp '2026-06-08 09:00:00' + interval '2 hours 50 minutes')) ON CONFLICT DO NOTHING;
INSERT INTO score_sheet_items (id, score_sheet_id, period_criterion_id, score_value) VALUES ('58501528-43fd-4b32-a023-8ac571b407d5', '8d72d442-2fd1-4e34-a01e-883adb3baac0', 'c33e7c6c-d2a0-4a2a-a56d-61625346ba0d', 18) ON CONFLICT DO NOTHING;
INSERT INTO score_sheet_items (id, score_sheet_id, period_criterion_id, score_value) VALUES ('835ed8e4-6cb1-43a8-a6ee-0ed36fcd8050', '8d72d442-2fd1-4e34-a01e-883adb3baac0', '02116bcb-cbfa-4011-ad98-97f3cf2c7f2d', 30) ON CONFLICT DO NOTHING;
INSERT INTO score_sheet_items (id, score_sheet_id, period_criterion_id, score_value) VALUES ('423844a9-a6c1-4a31-a29a-1598aa169f9f', '8d72d442-2fd1-4e34-a01e-883adb3baac0', '9ade7fa5-71bd-49c2-ab3b-54b92cad1f11', 24) ON CONFLICT DO NOTHING;
INSERT INTO score_sheet_items (id, score_sheet_id, period_criterion_id, score_value) VALUES ('c7d3ad59-a2a5-4fe7-a4cb-ab6ed21058eb', '8d72d442-2fd1-4e34-a01e-883adb3baac0', '18f89a44-f174-4ac6-a17a-56d22bfbca1c', 19) ON CONFLICT DO NOTHING;
INSERT INTO score_sheets (id, period_id, project_id, juror_id, status, comment, started_at, last_activity_at) VALUES ('b237ef1c-0a07-4128-aa2f-d2ce2d11179f', '47979751-163d-48b3-ae56-a65586d18f1b', 'e3603c93-8069-4824-afa0-10fe733475e3', '4f32d322-afb7-4042-a9d1-ce0c17a09a30', 'submitted', NULL, (timestamp '2026-06-08 09:00:00' + interval '26 hours 43 minutes') - interval '30 mins', (timestamp '2026-06-08 09:00:00' + interval '26 hours 43 minutes')) ON CONFLICT DO NOTHING;
INSERT INTO score_sheet_items (id, score_sheet_id, period_criterion_id, score_value) VALUES ('c81b5f50-c85d-4e48-ae53-64f03c83a8fe', 'b237ef1c-0a07-4128-aa2f-d2ce2d11179f', 'c33e7c6c-d2a0-4a2a-a56d-61625346ba0d', 15) ON CONFLICT DO NOTHING;
INSERT INTO score_sheet_items (id, score_sheet_id, period_criterion_id, score_value) VALUES ('7a7bc5c3-127a-4a9e-ade2-de17ec05fa10', 'b237ef1c-0a07-4128-aa2f-d2ce2d11179f', '02116bcb-cbfa-4011-ad98-97f3cf2c7f2d', 25) ON CONFLICT DO NOTHING;
INSERT INTO score_sheet_items (id, score_sheet_id, period_criterion_id, score_value) VALUES ('da29513e-9ca3-41db-a92c-d6ad54ca70fc', 'b237ef1c-0a07-4128-aa2f-d2ce2d11179f', '9ade7fa5-71bd-49c2-ab3b-54b92cad1f11', 19) ON CONFLICT DO NOTHING;
INSERT INTO score_sheet_items (id, score_sheet_id, period_criterion_id, score_value) VALUES ('cdca6d12-1dd2-45f9-a271-8910f4b8c0e2', 'b237ef1c-0a07-4128-aa2f-d2ce2d11179f', '18f89a44-f174-4ac6-a17a-56d22bfbca1c', 15) ON CONFLICT DO NOTHING;
INSERT INTO score_sheets (id, period_id, project_id, juror_id, status, comment, started_at, last_activity_at) VALUES ('443ebeb1-664e-4fff-a660-d143c0f6ce71', '47979751-163d-48b3-ae56-a65586d18f1b', '851c3941-dfa8-4feb-ae26-c58965626732', '4f32d322-afb7-4042-a9d1-ce0c17a09a30', 'submitted', 'Good work overall. Fundamentally sound.', (timestamp '2026-06-08 09:00:00' + interval '11 hours 33 minutes') - interval '30 mins', (timestamp '2026-06-08 09:00:00' + interval '11 hours 33 minutes')) ON CONFLICT DO NOTHING;
INSERT INTO score_sheet_items (id, score_sheet_id, period_criterion_id, score_value) VALUES ('00afaf46-b70a-4030-a6a3-d18616de9a77', '443ebeb1-664e-4fff-a660-d143c0f6ce71', 'c33e7c6c-d2a0-4a2a-a56d-61625346ba0d', 17) ON CONFLICT DO NOTHING;
INSERT INTO score_sheet_items (id, score_sheet_id, period_criterion_id, score_value) VALUES ('0be6bb54-c7e5-41a6-a001-7463093172f6', '443ebeb1-664e-4fff-a660-d143c0f6ce71', '02116bcb-cbfa-4011-ad98-97f3cf2c7f2d', 26) ON CONFLICT DO NOTHING;
INSERT INTO score_sheet_items (id, score_sheet_id, period_criterion_id, score_value) VALUES ('420f800b-518b-4f03-a5a2-1528a3e76fe5', '443ebeb1-664e-4fff-a660-d143c0f6ce71', '9ade7fa5-71bd-49c2-ab3b-54b92cad1f11', 19) ON CONFLICT DO NOTHING;
INSERT INTO score_sheet_items (id, score_sheet_id, period_criterion_id, score_value) VALUES ('52c3f9e4-e7fc-4844-ab20-81710df0c3d1', '443ebeb1-664e-4fff-a660-d143c0f6ce71', '18f89a44-f174-4ac6-a17a-56d22bfbca1c', 15) ON CONFLICT DO NOTHING;
INSERT INTO score_sheets (id, period_id, project_id, juror_id, status, comment, started_at, last_activity_at) VALUES ('34fdc4d2-6d12-4bb4-adca-d796028705ee', '47979751-163d-48b3-ae56-a65586d18f1b', 'd4678ba7-7203-4cca-a7c5-d1f4fca3908e', '4f32d322-afb7-4042-a9d1-ce0c17a09a30', 'submitted', NULL, (timestamp '2026-06-08 09:00:00' + interval '59 hours 48 minutes') - interval '30 mins', (timestamp '2026-06-08 09:00:00' + interval '59 hours 48 minutes')) ON CONFLICT DO NOTHING;
INSERT INTO score_sheet_items (id, score_sheet_id, period_criterion_id, score_value) VALUES ('abcc30d3-b267-48f5-ab9b-a97fa6ff3402', '34fdc4d2-6d12-4bb4-adca-d796028705ee', 'c33e7c6c-d2a0-4a2a-a56d-61625346ba0d', 17) ON CONFLICT DO NOTHING;
INSERT INTO score_sheet_items (id, score_sheet_id, period_criterion_id, score_value) VALUES ('22c06cd9-7990-4255-a309-553df9a48b03', '34fdc4d2-6d12-4bb4-adca-d796028705ee', '02116bcb-cbfa-4011-ad98-97f3cf2c7f2d', 27) ON CONFLICT DO NOTHING;
INSERT INTO score_sheet_items (id, score_sheet_id, period_criterion_id, score_value) VALUES ('b259574c-060a-46d5-a960-9dd8b0ab8d79', '34fdc4d2-6d12-4bb4-adca-d796028705ee', '9ade7fa5-71bd-49c2-ab3b-54b92cad1f11', 20) ON CONFLICT DO NOTHING;
INSERT INTO score_sheet_items (id, score_sheet_id, period_criterion_id, score_value) VALUES ('28a16ba9-72de-43a3-a8c5-cc5fe9a4b1b0', '34fdc4d2-6d12-4bb4-adca-d796028705ee', '18f89a44-f174-4ac6-a17a-56d22bfbca1c', 16) ON CONFLICT DO NOTHING;
INSERT INTO score_sheets (id, period_id, project_id, juror_id, status, comment, started_at, last_activity_at) VALUES ('a180fbd4-db34-47f2-a6ee-4e285b759b12', '47979751-163d-48b3-ae56-a65586d18f1b', '0b4d032f-9552-4644-a0e2-3efe9c7f3f68', '4f32d322-afb7-4042-a9d1-ce0c17a09a30', 'submitted', 'Ambitious scope with mixed execution.', (timestamp '2026-06-08 09:00:00' + interval '39 hours 54 minutes') - interval '30 mins', (timestamp '2026-06-08 09:00:00' + interval '39 hours 54 minutes')) ON CONFLICT DO NOTHING;
INSERT INTO score_sheet_items (id, score_sheet_id, period_criterion_id, score_value) VALUES ('f2188988-ec6d-4202-a7a6-856c4883ad2c', 'a180fbd4-db34-47f2-a6ee-4e285b759b12', 'c33e7c6c-d2a0-4a2a-a56d-61625346ba0d', 18) ON CONFLICT DO NOTHING;
INSERT INTO score_sheet_items (id, score_sheet_id, period_criterion_id, score_value) VALUES ('9a02432c-7499-4c71-abf2-ebdaae934225', 'a180fbd4-db34-47f2-a6ee-4e285b759b12', '02116bcb-cbfa-4011-ad98-97f3cf2c7f2d', 27) ON CONFLICT DO NOTHING;
INSERT INTO score_sheet_items (id, score_sheet_id, period_criterion_id, score_value) VALUES ('55aa729c-ef80-467e-a97c-8c8c81b2568a', 'a180fbd4-db34-47f2-a6ee-4e285b759b12', '9ade7fa5-71bd-49c2-ab3b-54b92cad1f11', 13) ON CONFLICT DO NOTHING;
INSERT INTO score_sheet_items (id, score_sheet_id, period_criterion_id, score_value) VALUES ('94a2a610-a25a-40f8-a176-80ddbf5d1f3c', 'a180fbd4-db34-47f2-a6ee-4e285b759b12', '18f89a44-f174-4ac6-a17a-56d22bfbca1c', 20) ON CONFLICT DO NOTHING;
INSERT INTO score_sheets (id, period_id, project_id, juror_id, status, comment, started_at, last_activity_at) VALUES ('b127b4ed-f307-441e-afe2-84ba581d015d', '47979751-163d-48b3-ae56-a65586d18f1b', 'b028da5a-0017-4799-a2c7-27d29ed1687e', '4f32d322-afb7-4042-a9d1-ce0c17a09a30', 'submitted', 'Technical work is outstanding but poster is hard to follow.', (timestamp '2026-06-08 09:00:00' + interval '18 hours 58 minutes') - interval '30 mins', (timestamp '2026-06-08 09:00:00' + interval '18 hours 58 minutes')) ON CONFLICT DO NOTHING;
INSERT INTO score_sheet_items (id, score_sheet_id, period_criterion_id, score_value) VALUES ('055624cf-b933-4973-aeda-dc88bf072dff', 'b127b4ed-f307-441e-afe2-84ba581d015d', 'c33e7c6c-d2a0-4a2a-a56d-61625346ba0d', 18) ON CONFLICT DO NOTHING;
INSERT INTO score_sheet_items (id, score_sheet_id, period_criterion_id, score_value) VALUES ('1dd04fed-e975-4e79-a4d8-795aa2c62129', 'b127b4ed-f307-441e-afe2-84ba581d015d', '02116bcb-cbfa-4011-ad98-97f3cf2c7f2d', 30) ON CONFLICT DO NOTHING;
INSERT INTO score_sheet_items (id, score_sheet_id, period_criterion_id, score_value) VALUES ('8ff4b199-0d28-4427-a1ef-f6b0f45d41c2', 'b127b4ed-f307-441e-afe2-84ba581d015d', '9ade7fa5-71bd-49c2-ab3b-54b92cad1f11', 22) ON CONFLICT DO NOTHING;
INSERT INTO score_sheet_items (id, score_sheet_id, period_criterion_id, score_value) VALUES ('b166a181-cb29-43a2-a6d1-ee2e1be98d82', 'b127b4ed-f307-441e-afe2-84ba581d015d', '18f89a44-f174-4ac6-a17a-56d22bfbca1c', 18) ON CONFLICT DO NOTHING;
INSERT INTO score_sheets (id, period_id, project_id, juror_id, status, comment, started_at, last_activity_at) VALUES ('cf327103-3617-4466-a44d-a8719e1c5244', '47979751-163d-48b3-ae56-a65586d18f1b', '31c6101a-8ca5-468e-a298-f559a3b3dbfa', '4f32d322-afb7-4042-a9d1-ce0c17a09a30', 'submitted', 'Strong collaboration; need to strengthen the technical core.', (timestamp '2026-06-08 09:00:00' + interval '26 hours 21 minutes') - interval '30 mins', (timestamp '2026-06-08 09:00:00' + interval '26 hours 21 minutes')) ON CONFLICT DO NOTHING;
INSERT INTO score_sheet_items (id, score_sheet_id, period_criterion_id, score_value) VALUES ('fb93c705-6f25-4efc-a9ac-3e49acdc0042', 'cf327103-3617-4466-a44d-a8719e1c5244', 'c33e7c6c-d2a0-4a2a-a56d-61625346ba0d', 17) ON CONFLICT DO NOTHING;
INSERT INTO score_sheet_items (id, score_sheet_id, period_criterion_id, score_value) VALUES ('0ff6078a-8032-431e-ad01-aa6e9a154a66', 'cf327103-3617-4466-a44d-a8719e1c5244', '02116bcb-cbfa-4011-ad98-97f3cf2c7f2d', 28) ON CONFLICT DO NOTHING;
INSERT INTO score_sheet_items (id, score_sheet_id, period_criterion_id, score_value) VALUES ('924b8d98-9e96-4a7d-ade6-67e9a7b46b74', 'cf327103-3617-4466-a44d-a8719e1c5244', '9ade7fa5-71bd-49c2-ab3b-54b92cad1f11', 21) ON CONFLICT DO NOTHING;
INSERT INTO score_sheet_items (id, score_sheet_id, period_criterion_id, score_value) VALUES ('2b3ef5ae-45dc-4e84-a0fd-ab5128715979', 'cf327103-3617-4466-a44d-a8719e1c5244', '18f89a44-f174-4ac6-a17a-56d22bfbca1c', 17) ON CONFLICT DO NOTHING;
INSERT INTO score_sheets (id, period_id, project_id, juror_id, status, comment, started_at, last_activity_at) VALUES ('d4ecf599-fbaf-4745-a62c-01d3181638ac', '47979751-163d-48b3-ae56-a65586d18f1b', 'd40b8b02-6cb2-4d55-a234-e30758141de2', '4f32d322-afb7-4042-a9d1-ce0c17a09a30', 'submitted', 'Clear improvement trajectory throughout.', (timestamp '2026-06-08 09:00:00' + interval '20 hours 27 minutes') - interval '30 mins', (timestamp '2026-06-08 09:00:00' + interval '20 hours 27 minutes')) ON CONFLICT DO NOTHING;
INSERT INTO score_sheet_items (id, score_sheet_id, period_criterion_id, score_value) VALUES ('6c37830a-eb4d-4111-adf9-fce54d8d0148', 'd4ecf599-fbaf-4745-a62c-01d3181638ac', 'c33e7c6c-d2a0-4a2a-a56d-61625346ba0d', 18) ON CONFLICT DO NOTHING;
INSERT INTO score_sheet_items (id, score_sheet_id, period_criterion_id, score_value) VALUES ('37c9b9ac-cee4-44dd-a208-d1779366d957', 'd4ecf599-fbaf-4745-a62c-01d3181638ac', '02116bcb-cbfa-4011-ad98-97f3cf2c7f2d', 28) ON CONFLICT DO NOTHING;
INSERT INTO score_sheet_items (id, score_sheet_id, period_criterion_id, score_value) VALUES ('7b0759d3-99b8-43b6-a5b9-e7dccc56d4e1', 'd4ecf599-fbaf-4745-a62c-01d3181638ac', '9ade7fa5-71bd-49c2-ab3b-54b92cad1f11', 22) ON CONFLICT DO NOTHING;
INSERT INTO score_sheet_items (id, score_sheet_id, period_criterion_id, score_value) VALUES ('8cb8d167-c4bb-4a14-aea2-af5106bb9209', 'd4ecf599-fbaf-4745-a62c-01d3181638ac', '18f89a44-f174-4ac6-a17a-56d22bfbca1c', 16) ON CONFLICT DO NOTHING;
INSERT INTO score_sheets (id, period_id, project_id, juror_id, status, comment, started_at, last_activity_at) VALUES ('8f3561fd-fbba-4f7a-a060-68a1d3905480', '47979751-163d-48b3-ae56-a65586d18f1b', 'f020fcf5-946a-46b8-a84f-c5f04cb7b58f', '4f32d322-afb7-4042-a9d1-ce0c17a09a30', 'submitted', 'Meets minimum expectations but does not stand out.', (timestamp '2026-06-08 09:00:00' + interval '18 hours 0 minutes') - interval '30 mins', (timestamp '2026-06-08 09:00:00' + interval '18 hours 0 minutes')) ON CONFLICT DO NOTHING;
INSERT INTO score_sheet_items (id, score_sheet_id, period_criterion_id, score_value) VALUES ('74eac4e2-3b4e-4e44-a73f-7f4ca21372a8', '8f3561fd-fbba-4f7a-a060-68a1d3905480', 'c33e7c6c-d2a0-4a2a-a56d-61625346ba0d', 11) ON CONFLICT DO NOTHING;
INSERT INTO score_sheet_items (id, score_sheet_id, period_criterion_id, score_value) VALUES ('250669d7-0f27-42de-a72b-b14029c99ed2', '8f3561fd-fbba-4f7a-a060-68a1d3905480', '02116bcb-cbfa-4011-ad98-97f3cf2c7f2d', 23) ON CONFLICT DO NOTHING;
INSERT INTO score_sheet_items (id, score_sheet_id, period_criterion_id, score_value) VALUES ('90c81b57-d21f-4bc7-a70a-7ecfba9866a8', '8f3561fd-fbba-4f7a-a060-68a1d3905480', '9ade7fa5-71bd-49c2-ab3b-54b92cad1f11', 14) ON CONFLICT DO NOTHING;
INSERT INTO score_sheet_items (id, score_sheet_id, period_criterion_id, score_value) VALUES ('3fdb7929-59b4-4018-a6ce-b33fac378771', '8f3561fd-fbba-4f7a-a060-68a1d3905480', '18f89a44-f174-4ac6-a17a-56d22bfbca1c', 11) ON CONFLICT DO NOTHING;
INSERT INTO score_sheets (id, period_id, project_id, juror_id, status, comment, started_at, last_activity_at) VALUES ('419b87a7-fd24-409f-a9c4-bef8c0936456', '47979751-163d-48b3-ae56-a65586d18f1b', '7409c3d5-b62b-487e-aa60-8be8b736f7d9', 'a71bad63-0a65-47a2-a5a5-623ab35c9ba7', 'submitted', 'Exceptional work across all dimensions.', (timestamp '2026-06-08 09:00:00' + interval '46 hours 12 minutes') - interval '30 mins', (timestamp '2026-06-08 09:00:00' + interval '46 hours 12 minutes')) ON CONFLICT DO NOTHING;
INSERT INTO score_sheet_items (id, score_sheet_id, period_criterion_id, score_value) VALUES ('da00ebbd-3bcc-46d2-a900-be0f5d85912c', '419b87a7-fd24-409f-a9c4-bef8c0936456', 'c33e7c6c-d2a0-4a2a-a56d-61625346ba0d', 18) ON CONFLICT DO NOTHING;
INSERT INTO score_sheet_items (id, score_sheet_id, period_criterion_id, score_value) VALUES ('b67f0c25-d02b-400e-a259-ec2affd24d7b', '419b87a7-fd24-409f-a9c4-bef8c0936456', '02116bcb-cbfa-4011-ad98-97f3cf2c7f2d', 32) ON CONFLICT DO NOTHING;
INSERT INTO score_sheet_items (id, score_sheet_id, period_criterion_id, score_value) VALUES ('560a6a0b-0b93-488a-a0f1-816a7feab4a2', '419b87a7-fd24-409f-a9c4-bef8c0936456', '9ade7fa5-71bd-49c2-ab3b-54b92cad1f11', 23) ON CONFLICT DO NOTHING;
INSERT INTO score_sheet_items (id, score_sheet_id, period_criterion_id, score_value) VALUES ('033ffb7d-41c0-417f-aebc-7f3df0114523', '419b87a7-fd24-409f-a9c4-bef8c0936456', '18f89a44-f174-4ac6-a17a-56d22bfbca1c', 19) ON CONFLICT DO NOTHING;
INSERT INTO score_sheets (id, period_id, project_id, juror_id, status, comment, started_at, last_activity_at) VALUES ('09171edb-84dd-437c-a523-6c620a01dc1f', '47979751-163d-48b3-ae56-a65586d18f1b', 'd812e821-9cf5-4042-ae7b-7b45b9a7b922', 'a71bad63-0a65-47a2-a5a5-623ab35c9ba7', 'submitted', 'Exceptional work across all dimensions.', (timestamp '2026-06-08 09:00:00' + interval '37 hours 46 minutes') - interval '30 mins', (timestamp '2026-06-08 09:00:00' + interval '37 hours 46 minutes')) ON CONFLICT DO NOTHING;
INSERT INTO score_sheet_items (id, score_sheet_id, period_criterion_id, score_value) VALUES ('a59a2950-840e-4b71-a9c6-099b9910e795', '09171edb-84dd-437c-a523-6c620a01dc1f', 'c33e7c6c-d2a0-4a2a-a56d-61625346ba0d', 19) ON CONFLICT DO NOTHING;
INSERT INTO score_sheet_items (id, score_sheet_id, period_criterion_id, score_value) VALUES ('dd83a44f-51de-46ac-a408-b8f6d3f63f77', '09171edb-84dd-437c-a523-6c620a01dc1f', '02116bcb-cbfa-4011-ad98-97f3cf2c7f2d', 32) ON CONFLICT DO NOTHING;
INSERT INTO score_sheet_items (id, score_sheet_id, period_criterion_id, score_value) VALUES ('21ddaeed-393e-4574-ab6a-53aa186fa42c', '09171edb-84dd-437c-a523-6c620a01dc1f', '9ade7fa5-71bd-49c2-ab3b-54b92cad1f11', 23) ON CONFLICT DO NOTHING;
INSERT INTO score_sheet_items (id, score_sheet_id, period_criterion_id, score_value) VALUES ('39640822-01a4-40a3-a537-c2284c607b29', '09171edb-84dd-437c-a523-6c620a01dc1f', '18f89a44-f174-4ac6-a17a-56d22bfbca1c', 18) ON CONFLICT DO NOTHING;
INSERT INTO score_sheets (id, period_id, project_id, juror_id, status, comment, started_at, last_activity_at) VALUES ('8ff567b8-a856-4590-ad25-51afee83f279', '47979751-163d-48b3-ae56-a65586d18f1b', 'e3603c93-8069-4824-afa0-10fe733475e3', 'a71bad63-0a65-47a2-a5a5-623ab35c9ba7', 'submitted', 'Reliable execution and thorough documentation.', (timestamp '2026-06-08 09:00:00' + interval '48 hours 20 minutes') - interval '30 mins', (timestamp '2026-06-08 09:00:00' + interval '48 hours 20 minutes')) ON CONFLICT DO NOTHING;
INSERT INTO score_sheet_items (id, score_sheet_id, period_criterion_id, score_value) VALUES ('ea4ff343-03f2-4ea8-a795-e677df2081a4', '8ff567b8-a856-4590-ad25-51afee83f279', 'c33e7c6c-d2a0-4a2a-a56d-61625346ba0d', 15) ON CONFLICT DO NOTHING;
INSERT INTO score_sheet_items (id, score_sheet_id, period_criterion_id, score_value) VALUES ('39dd704e-f935-4cd1-ad1c-02998bb08830', '8ff567b8-a856-4590-ad25-51afee83f279', '02116bcb-cbfa-4011-ad98-97f3cf2c7f2d', 28) ON CONFLICT DO NOTHING;
INSERT INTO score_sheet_items (id, score_sheet_id, period_criterion_id, score_value) VALUES ('ee0f636c-4aea-4822-afaa-ff08102fa893', '8ff567b8-a856-4590-ad25-51afee83f279', '9ade7fa5-71bd-49c2-ab3b-54b92cad1f11', 18) ON CONFLICT DO NOTHING;
INSERT INTO score_sheet_items (id, score_sheet_id, period_criterion_id, score_value) VALUES ('43ef4d02-3bc9-419c-a92e-7662e3d06e5f', '8ff567b8-a856-4590-ad25-51afee83f279', '18f89a44-f174-4ac6-a17a-56d22bfbca1c', 15) ON CONFLICT DO NOTHING;
INSERT INTO score_sheets (id, period_id, project_id, juror_id, status, comment, started_at, last_activity_at) VALUES ('e50bc901-155e-4b9f-a2f7-06c24319864b', '47979751-163d-48b3-ae56-a65586d18f1b', '851c3941-dfa8-4feb-ae26-c58965626732', 'a71bad63-0a65-47a2-a5a5-623ab35c9ba7', 'submitted', 'Reliable execution and thorough documentation.', (timestamp '2026-06-08 09:00:00' + interval '12 hours 22 minutes') - interval '30 mins', (timestamp '2026-06-08 09:00:00' + interval '12 hours 22 minutes')) ON CONFLICT DO NOTHING;
INSERT INTO score_sheet_items (id, score_sheet_id, period_criterion_id, score_value) VALUES ('274a2c83-6939-4f42-a9ec-f7f1433da1f2', 'e50bc901-155e-4b9f-a2f7-06c24319864b', 'c33e7c6c-d2a0-4a2a-a56d-61625346ba0d', 17) ON CONFLICT DO NOTHING;
INSERT INTO score_sheet_items (id, score_sheet_id, period_criterion_id, score_value) VALUES ('2f7e2bde-91f9-4bc5-ab1f-4955148581de', 'e50bc901-155e-4b9f-a2f7-06c24319864b', '02116bcb-cbfa-4011-ad98-97f3cf2c7f2d', 26) ON CONFLICT DO NOTHING;
INSERT INTO score_sheet_items (id, score_sheet_id, period_criterion_id, score_value) VALUES ('fccd37ec-0281-4d82-ad8f-b82b122ff2f8', 'e50bc901-155e-4b9f-a2f7-06c24319864b', '9ade7fa5-71bd-49c2-ab3b-54b92cad1f11', 21) ON CONFLICT DO NOTHING;
INSERT INTO score_sheet_items (id, score_sheet_id, period_criterion_id, score_value) VALUES ('bac5149d-fd24-4b53-aa99-1c1d90350c9e', 'e50bc901-155e-4b9f-a2f7-06c24319864b', '18f89a44-f174-4ac6-a17a-56d22bfbca1c', 16) ON CONFLICT DO NOTHING;
INSERT INTO score_sheets (id, period_id, project_id, juror_id, status, comment, started_at, last_activity_at) VALUES ('769fd2ba-e4ac-40d9-a1e0-0469970db2a9', '47979751-163d-48b3-ae56-a65586d18f1b', 'd4678ba7-7203-4cca-a7c5-d1f4fca3908e', 'a71bad63-0a65-47a2-a5a5-623ab35c9ba7', 'submitted', 'Balanced execution with attention to every criterion.', (timestamp '2026-06-08 09:00:00' + interval '51 hours 5 minutes') - interval '30 mins', (timestamp '2026-06-08 09:00:00' + interval '51 hours 5 minutes')) ON CONFLICT DO NOTHING;
INSERT INTO score_sheet_items (id, score_sheet_id, period_criterion_id, score_value) VALUES ('d0f82993-cb8c-4d54-a8e5-06b60f0bcb99', '769fd2ba-e4ac-40d9-a1e0-0469970db2a9', 'c33e7c6c-d2a0-4a2a-a56d-61625346ba0d', 16) ON CONFLICT DO NOTHING;
INSERT INTO score_sheet_items (id, score_sheet_id, period_criterion_id, score_value) VALUES ('403db9b1-f6aa-4692-acd2-fcbdb48513e5', '769fd2ba-e4ac-40d9-a1e0-0469970db2a9', '02116bcb-cbfa-4011-ad98-97f3cf2c7f2d', 30) ON CONFLICT DO NOTHING;
INSERT INTO score_sheet_items (id, score_sheet_id, period_criterion_id, score_value) VALUES ('bab21ffa-e4cd-4ccc-a336-2044838a59fb', '769fd2ba-e4ac-40d9-a1e0-0469970db2a9', '9ade7fa5-71bd-49c2-ab3b-54b92cad1f11', 20) ON CONFLICT DO NOTHING;
INSERT INTO score_sheet_items (id, score_sheet_id, period_criterion_id, score_value) VALUES ('a2127fae-ce7b-492d-a5a5-3fc3dc8d1e0c', '769fd2ba-e4ac-40d9-a1e0-0469970db2a9', '18f89a44-f174-4ac6-a17a-56d22bfbca1c', 17) ON CONFLICT DO NOTHING;
INSERT INTO score_sheets (id, period_id, project_id, juror_id, status, comment, started_at, last_activity_at) VALUES ('7ca87255-3bd4-47bc-afcb-7356df95033b', '47979751-163d-48b3-ae56-a65586d18f1b', '0b4d032f-9552-4644-a0e2-3efe9c7f3f68', 'a71bad63-0a65-47a2-a5a5-623ab35c9ba7', 'submitted', NULL, (timestamp '2026-06-08 09:00:00' + interval '53 hours 16 minutes') - interval '30 mins', (timestamp '2026-06-08 09:00:00' + interval '53 hours 16 minutes')) ON CONFLICT DO NOTHING;
INSERT INTO score_sheet_items (id, score_sheet_id, period_criterion_id, score_value) VALUES ('4e03bd49-24ce-4b74-a477-8e512eb5a604', '7ca87255-3bd4-47bc-afcb-7356df95033b', 'c33e7c6c-d2a0-4a2a-a56d-61625346ba0d', 11) ON CONFLICT DO NOTHING;
INSERT INTO score_sheet_items (id, score_sheet_id, period_criterion_id, score_value) VALUES ('f1be6ba7-928b-4b5a-af5d-80d2abbcb0cb', '7ca87255-3bd4-47bc-afcb-7356df95033b', '02116bcb-cbfa-4011-ad98-97f3cf2c7f2d', 20) ON CONFLICT DO NOTHING;
INSERT INTO score_sheet_items (id, score_sheet_id, period_criterion_id, score_value) VALUES ('978890cd-d907-453e-a1c2-bd6fadd8f3fc', '7ca87255-3bd4-47bc-afcb-7356df95033b', '9ade7fa5-71bd-49c2-ab3b-54b92cad1f11', 16) ON CONFLICT DO NOTHING;
INSERT INTO score_sheet_items (id, score_sheet_id, period_criterion_id, score_value) VALUES ('dc10018f-8957-429d-ab29-462d140f7256', '7ca87255-3bd4-47bc-afcb-7356df95033b', '18f89a44-f174-4ac6-a17a-56d22bfbca1c', 19) ON CONFLICT DO NOTHING;
INSERT INTO score_sheets (id, period_id, project_id, juror_id, status, comment, started_at, last_activity_at) VALUES ('3d8ab343-7042-4c69-a0cd-5bc6b8fbaa34', '47979751-163d-48b3-ae56-a65586d18f1b', 'b028da5a-0017-4799-a2c7-27d29ed1687e', 'a71bad63-0a65-47a2-a5a5-623ab35c9ba7', 'submitted', 'Excellent engineering depth let down by presentation.', (timestamp '2026-06-08 09:00:00' + interval '9 hours 7 minutes') - interval '30 mins', (timestamp '2026-06-08 09:00:00' + interval '9 hours 7 minutes')) ON CONFLICT DO NOTHING;
INSERT INTO score_sheet_items (id, score_sheet_id, period_criterion_id, score_value) VALUES ('d9229f8d-3347-414a-a8a7-47e64b98f0ea', '3d8ab343-7042-4c69-a0cd-5bc6b8fbaa34', 'c33e7c6c-d2a0-4a2a-a56d-61625346ba0d', 18) ON CONFLICT DO NOTHING;
INSERT INTO score_sheet_items (id, score_sheet_id, period_criterion_id, score_value) VALUES ('6cfaeebb-87f1-48dc-a689-02bd18d1d825', '3d8ab343-7042-4c69-a0cd-5bc6b8fbaa34', '02116bcb-cbfa-4011-ad98-97f3cf2c7f2d', 31) ON CONFLICT DO NOTHING;
INSERT INTO score_sheet_items (id, score_sheet_id, period_criterion_id, score_value) VALUES ('6e542dda-e384-4c10-a746-cebe79f7a239', '3d8ab343-7042-4c69-a0cd-5bc6b8fbaa34', '9ade7fa5-71bd-49c2-ab3b-54b92cad1f11', 22) ON CONFLICT DO NOTHING;
INSERT INTO score_sheet_items (id, score_sheet_id, period_criterion_id, score_value) VALUES ('d7dd1ccc-5bea-4bec-aeef-57d86be6b406', '3d8ab343-7042-4c69-a0cd-5bc6b8fbaa34', '18f89a44-f174-4ac6-a17a-56d22bfbca1c', 18) ON CONFLICT DO NOTHING;
INSERT INTO score_sheets (id, period_id, project_id, juror_id, status, comment, started_at, last_activity_at) VALUES ('05d09bb3-1713-4477-a029-53a1bde440d8', '47979751-163d-48b3-ae56-a65586d18f1b', '31c6101a-8ca5-468e-a298-f559a3b3dbfa', 'a71bad63-0a65-47a2-a5a5-623ab35c9ba7', 'submitted', 'Great team dynamics but technical execution falls short.', (timestamp '2026-06-08 09:00:00' + interval '20 hours 27 minutes') - interval '30 mins', (timestamp '2026-06-08 09:00:00' + interval '20 hours 27 minutes')) ON CONFLICT DO NOTHING;
INSERT INTO score_sheet_items (id, score_sheet_id, period_criterion_id, score_value) VALUES ('4c54882f-884a-4ce8-af78-f8900202be11', '05d09bb3-1713-4477-a029-53a1bde440d8', 'c33e7c6c-d2a0-4a2a-a56d-61625346ba0d', 17) ON CONFLICT DO NOTHING;
INSERT INTO score_sheet_items (id, score_sheet_id, period_criterion_id, score_value) VALUES ('9bdbd430-d90d-42f2-a3f6-ea7cdaa76507', '05d09bb3-1713-4477-a029-53a1bde440d8', '02116bcb-cbfa-4011-ad98-97f3cf2c7f2d', 29) ON CONFLICT DO NOTHING;
INSERT INTO score_sheet_items (id, score_sheet_id, period_criterion_id, score_value) VALUES ('6cd4236f-6a41-435f-a5cd-c501e21b666c', '05d09bb3-1713-4477-a029-53a1bde440d8', '9ade7fa5-71bd-49c2-ab3b-54b92cad1f11', 21) ON CONFLICT DO NOTHING;
INSERT INTO score_sheet_items (id, score_sheet_id, period_criterion_id, score_value) VALUES ('dc41fe67-e718-437e-aff5-736869174790', '05d09bb3-1713-4477-a029-53a1bde440d8', '18f89a44-f174-4ac6-a17a-56d22bfbca1c', 17) ON CONFLICT DO NOTHING;
INSERT INTO score_sheets (id, period_id, project_id, juror_id, status, comment, started_at, last_activity_at) VALUES ('13b2241f-919b-4027-ad31-1ee1aad5b01f', '47979751-163d-48b3-ae56-a65586d18f1b', 'd40b8b02-6cb2-4d55-a234-e30758141de2', 'a71bad63-0a65-47a2-a5a5-623ab35c9ba7', 'submitted', 'Started slowly but finished very strongly.', (timestamp '2026-06-08 09:00:00' + interval '52 hours 28 minutes') - interval '30 mins', (timestamp '2026-06-08 09:00:00' + interval '52 hours 28 minutes')) ON CONFLICT DO NOTHING;
INSERT INTO score_sheet_items (id, score_sheet_id, period_criterion_id, score_value) VALUES ('f592d3d4-bff0-4d1f-add9-5bec88ed3a0a', '13b2241f-919b-4027-ad31-1ee1aad5b01f', 'c33e7c6c-d2a0-4a2a-a56d-61625346ba0d', 17) ON CONFLICT DO NOTHING;
INSERT INTO score_sheet_items (id, score_sheet_id, period_criterion_id, score_value) VALUES ('f1375837-45b3-4ec8-ae09-210a6e7ad64a', '13b2241f-919b-4027-ad31-1ee1aad5b01f', '02116bcb-cbfa-4011-ad98-97f3cf2c7f2d', 30) ON CONFLICT DO NOTHING;
INSERT INTO score_sheet_items (id, score_sheet_id, period_criterion_id, score_value) VALUES ('f659c3e7-270b-40d1-a352-bb3bc590fddf', '13b2241f-919b-4027-ad31-1ee1aad5b01f', '9ade7fa5-71bd-49c2-ab3b-54b92cad1f11', 23) ON CONFLICT DO NOTHING;
INSERT INTO score_sheet_items (id, score_sheet_id, period_criterion_id, score_value) VALUES ('e697fc5f-a53f-491f-a8b0-b731e561bdb5', '13b2241f-919b-4027-ad31-1ee1aad5b01f', '18f89a44-f174-4ac6-a17a-56d22bfbca1c', 17) ON CONFLICT DO NOTHING;
INSERT INTO score_sheets (id, period_id, project_id, juror_id, status, comment, started_at, last_activity_at) VALUES ('ed833cc0-7f43-4762-afa7-b8af97c058c5', '47979751-163d-48b3-ae56-a65586d18f1b', 'f020fcf5-946a-46b8-a84f-c5f04cb7b58f', 'a71bad63-0a65-47a2-a5a5-623ab35c9ba7', 'submitted', NULL, (timestamp '2026-06-08 09:00:00' + interval '43 hours 8 minutes') - interval '30 mins', (timestamp '2026-06-08 09:00:00' + interval '43 hours 8 minutes')) ON CONFLICT DO NOTHING;
INSERT INTO score_sheet_items (id, score_sheet_id, period_criterion_id, score_value) VALUES ('da4fa73d-1e86-4c35-ac41-d83c23034f63', 'ed833cc0-7f43-4762-afa7-b8af97c058c5', 'c33e7c6c-d2a0-4a2a-a56d-61625346ba0d', 12) ON CONFLICT DO NOTHING;
INSERT INTO score_sheet_items (id, score_sheet_id, period_criterion_id, score_value) VALUES ('45d1f023-0c5b-4439-a23c-ce910e2f0abf', 'ed833cc0-7f43-4762-afa7-b8af97c058c5', '02116bcb-cbfa-4011-ad98-97f3cf2c7f2d', 23) ON CONFLICT DO NOTHING;
INSERT INTO score_sheet_items (id, score_sheet_id, period_criterion_id, score_value) VALUES ('de2983e4-34e6-47ea-af9b-b9c70c3882af', 'ed833cc0-7f43-4762-afa7-b8af97c058c5', '9ade7fa5-71bd-49c2-ab3b-54b92cad1f11', 15) ON CONFLICT DO NOTHING;
INSERT INTO score_sheet_items (id, score_sheet_id, period_criterion_id, score_value) VALUES ('3a2c35f3-4bae-4677-a25e-5007a4932932', 'ed833cc0-7f43-4762-afa7-b8af97c058c5', '18f89a44-f174-4ac6-a17a-56d22bfbca1c', 12) ON CONFLICT DO NOTHING;
INSERT INTO score_sheets (id, period_id, project_id, juror_id, status, comment, started_at, last_activity_at) VALUES ('1e64aa17-c861-49f5-aaf6-72b3e98b57c0', '47979751-163d-48b3-ae56-a65586d18f1b', '7409c3d5-b62b-487e-aa60-8be8b736f7d9', 'a9485bd7-418b-4214-aa61-d62783e538a7', 'submitted', 'Truly impressive innovation and mastery.', (timestamp '2026-06-08 09:00:00' + interval '1 hours 45 minutes') - interval '30 mins', (timestamp '2026-06-08 09:00:00' + interval '1 hours 45 minutes')) ON CONFLICT DO NOTHING;
INSERT INTO score_sheet_items (id, score_sheet_id, period_criterion_id, score_value) VALUES ('93af61d5-ca83-4892-a763-252a808eda53', '1e64aa17-c861-49f5-aaf6-72b3e98b57c0', 'c33e7c6c-d2a0-4a2a-a56d-61625346ba0d', 19) ON CONFLICT DO NOTHING;
INSERT INTO score_sheet_items (id, score_sheet_id, period_criterion_id, score_value) VALUES ('67c117bc-d8cf-41c7-a1de-97f31d2b5253', '1e64aa17-c861-49f5-aaf6-72b3e98b57c0', '02116bcb-cbfa-4011-ad98-97f3cf2c7f2d', 35) ON CONFLICT DO NOTHING;
INSERT INTO score_sheet_items (id, score_sheet_id, period_criterion_id, score_value) VALUES ('29d7b11a-c3ff-4f3b-a21f-b843543788f5', '1e64aa17-c861-49f5-aaf6-72b3e98b57c0', '9ade7fa5-71bd-49c2-ab3b-54b92cad1f11', 25) ON CONFLICT DO NOTHING;
INSERT INTO score_sheet_items (id, score_sheet_id, period_criterion_id, score_value) VALUES ('ef28936f-65be-4282-aac4-8856e76b8485', '1e64aa17-c861-49f5-aaf6-72b3e98b57c0', '18f89a44-f174-4ac6-a17a-56d22bfbca1c', 20) ON CONFLICT DO NOTHING;
INSERT INTO score_sheets (id, period_id, project_id, juror_id, status, comment, started_at, last_activity_at) VALUES ('f4f91187-1c26-4235-a2a9-ff59e24a62db', '47979751-163d-48b3-ae56-a65586d18f1b', 'd812e821-9cf5-4042-ae7b-7b45b9a7b922', 'a9485bd7-418b-4214-aa61-d62783e538a7', 'submitted', NULL, (timestamp '2026-06-08 09:00:00' + interval '9 hours 45 minutes') - interval '30 mins', (timestamp '2026-06-08 09:00:00' + interval '9 hours 45 minutes')) ON CONFLICT DO NOTHING;
INSERT INTO score_sheet_items (id, score_sheet_id, period_criterion_id, score_value) VALUES ('95377864-9ba2-4616-aa36-0a1e12cd3307', 'f4f91187-1c26-4235-a2a9-ff59e24a62db', 'c33e7c6c-d2a0-4a2a-a56d-61625346ba0d', 20) ON CONFLICT DO NOTHING;
INSERT INTO score_sheet_items (id, score_sheet_id, period_criterion_id, score_value) VALUES ('69bef89f-0bb6-4e03-af07-5ab03d8c621f', 'f4f91187-1c26-4235-a2a9-ff59e24a62db', '02116bcb-cbfa-4011-ad98-97f3cf2c7f2d', 33) ON CONFLICT DO NOTHING;
INSERT INTO score_sheet_items (id, score_sheet_id, period_criterion_id, score_value) VALUES ('63e78a21-db1b-417f-acd1-a04d6a3474e1', 'f4f91187-1c26-4235-a2a9-ff59e24a62db', '9ade7fa5-71bd-49c2-ab3b-54b92cad1f11', 25) ON CONFLICT DO NOTHING;
INSERT INTO score_sheet_items (id, score_sheet_id, period_criterion_id, score_value) VALUES ('e8f738b6-6dc9-4409-a029-7e325a050f27', 'f4f91187-1c26-4235-a2a9-ff59e24a62db', '18f89a44-f174-4ac6-a17a-56d22bfbca1c', 20) ON CONFLICT DO NOTHING;
INSERT INTO score_sheets (id, period_id, project_id, juror_id, status, comment, started_at, last_activity_at) VALUES ('4bfa55f0-56b0-4b5b-a8cf-505f7c66de06', '47979751-163d-48b3-ae56-a65586d18f1b', 'e3603c93-8069-4824-afa0-10fe733475e3', 'a9485bd7-418b-4214-aa61-d62783e538a7', 'submitted', NULL, (timestamp '2026-06-08 09:00:00' + interval '5 hours 15 minutes') - interval '30 mins', (timestamp '2026-06-08 09:00:00' + interval '5 hours 15 minutes')) ON CONFLICT DO NOTHING;
INSERT INTO score_sheet_items (id, score_sheet_id, period_criterion_id, score_value) VALUES ('9667908b-fa4f-45d9-af49-a7b391544d2a', '4bfa55f0-56b0-4b5b-a8cf-505f7c66de06', 'c33e7c6c-d2a0-4a2a-a56d-61625346ba0d', 15) ON CONFLICT DO NOTHING;
INSERT INTO score_sheet_items (id, score_sheet_id, period_criterion_id, score_value) VALUES ('99b66f4c-6ee2-4ac0-af29-ef00ba5423c1', '4bfa55f0-56b0-4b5b-a8cf-505f7c66de06', '02116bcb-cbfa-4011-ad98-97f3cf2c7f2d', 27) ON CONFLICT DO NOTHING;
INSERT INTO score_sheet_items (id, score_sheet_id, period_criterion_id, score_value) VALUES ('e01ae4b2-0d88-47b7-ac22-55e0cf9b39bd', '4bfa55f0-56b0-4b5b-a8cf-505f7c66de06', '9ade7fa5-71bd-49c2-ab3b-54b92cad1f11', 19) ON CONFLICT DO NOTHING;
INSERT INTO score_sheet_items (id, score_sheet_id, period_criterion_id, score_value) VALUES ('69885664-394a-4ae8-af1a-bf7eea206878', '4bfa55f0-56b0-4b5b-a8cf-505f7c66de06', '18f89a44-f174-4ac6-a17a-56d22bfbca1c', 16) ON CONFLICT DO NOTHING;
INSERT INTO score_sheets (id, period_id, project_id, juror_id, status, comment, started_at, last_activity_at) VALUES ('f900feb5-3740-4abf-a833-270f54e5a408', '47979751-163d-48b3-ae56-a65586d18f1b', '851c3941-dfa8-4feb-ae26-c58965626732', 'a9485bd7-418b-4214-aa61-d62783e538a7', 'submitted', 'Strong and consistent effort throughout.', (timestamp '2026-06-08 09:00:00' + interval '13 hours 44 minutes') - interval '30 mins', (timestamp '2026-06-08 09:00:00' + interval '13 hours 44 minutes')) ON CONFLICT DO NOTHING;
INSERT INTO score_sheet_items (id, score_sheet_id, period_criterion_id, score_value) VALUES ('b9b41170-d247-474b-a00a-e266d09598c5', 'f900feb5-3740-4abf-a833-270f54e5a408', 'c33e7c6c-d2a0-4a2a-a56d-61625346ba0d', 16) ON CONFLICT DO NOTHING;
INSERT INTO score_sheet_items (id, score_sheet_id, period_criterion_id, score_value) VALUES ('d009575b-3dbf-46b4-ad0a-d06939c4e845', 'f900feb5-3740-4abf-a833-270f54e5a408', '02116bcb-cbfa-4011-ad98-97f3cf2c7f2d', 27) ON CONFLICT DO NOTHING;
INSERT INTO score_sheet_items (id, score_sheet_id, period_criterion_id, score_value) VALUES ('0e1aadb1-4085-4b14-a965-85b2c30aee33', 'f900feb5-3740-4abf-a833-270f54e5a408', '9ade7fa5-71bd-49c2-ab3b-54b92cad1f11', 20) ON CONFLICT DO NOTHING;
INSERT INTO score_sheet_items (id, score_sheet_id, period_criterion_id, score_value) VALUES ('a66b8852-45e5-413b-a7ef-86596f26a24e', 'f900feb5-3740-4abf-a833-270f54e5a408', '18f89a44-f174-4ac6-a17a-56d22bfbca1c', 16) ON CONFLICT DO NOTHING;
INSERT INTO score_sheets (id, period_id, project_id, juror_id, status, comment, started_at, last_activity_at) VALUES ('a01a70f0-4d89-489c-a948-7b435b54f59c', '47979751-163d-48b3-ae56-a65586d18f1b', 'd4678ba7-7203-4cca-a7c5-d1f4fca3908e', 'a9485bd7-418b-4214-aa61-d62783e538a7', 'submitted', 'Well-balanced project showing strength in all areas.', (timestamp '2026-06-08 09:00:00' + interval '55 hours 21 minutes') - interval '30 mins', (timestamp '2026-06-08 09:00:00' + interval '55 hours 21 minutes')) ON CONFLICT DO NOTHING;
INSERT INTO score_sheet_items (id, score_sheet_id, period_criterion_id, score_value) VALUES ('f109f3d1-ad9f-4eff-a739-d0df2922da11', 'a01a70f0-4d89-489c-a948-7b435b54f59c', 'c33e7c6c-d2a0-4a2a-a56d-61625346ba0d', 18) ON CONFLICT DO NOTHING;
INSERT INTO score_sheet_items (id, score_sheet_id, period_criterion_id, score_value) VALUES ('928d6991-adc8-4b91-aab0-185e74c0f4ec', 'a01a70f0-4d89-489c-a948-7b435b54f59c', '02116bcb-cbfa-4011-ad98-97f3cf2c7f2d', 30) ON CONFLICT DO NOTHING;
INSERT INTO score_sheet_items (id, score_sheet_id, period_criterion_id, score_value) VALUES ('89f33c29-f343-42d2-ae6e-920d5c3e033b', 'a01a70f0-4d89-489c-a948-7b435b54f59c', '9ade7fa5-71bd-49c2-ab3b-54b92cad1f11', 21) ON CONFLICT DO NOTHING;
INSERT INTO score_sheet_items (id, score_sheet_id, period_criterion_id, score_value) VALUES ('6cf541ca-0012-4d4b-a11f-3a95ee3a2c81', 'a01a70f0-4d89-489c-a948-7b435b54f59c', '18f89a44-f174-4ac6-a17a-56d22bfbca1c', 17) ON CONFLICT DO NOTHING;
INSERT INTO score_sheets (id, period_id, project_id, juror_id, status, comment, started_at, last_activity_at) VALUES ('4f07f407-36bf-4987-a907-9048de95c38a', '47979751-163d-48b3-ae56-a65586d18f1b', '0b4d032f-9552-4644-a0e2-3efe9c7f3f68', 'a9485bd7-418b-4214-aa61-d62783e538a7', 'submitted', 'Ambitious scope with mixed execution.', (timestamp '2026-06-08 09:00:00' + interval '5 hours 1 minutes') - interval '30 mins', (timestamp '2026-06-08 09:00:00' + interval '5 hours 1 minutes')) ON CONFLICT DO NOTHING;
INSERT INTO score_sheet_items (id, score_sheet_id, period_criterion_id, score_value) VALUES ('31de0843-ef57-4003-a5b0-551f2336f983', '4f07f407-36bf-4987-a907-9048de95c38a', 'c33e7c6c-d2a0-4a2a-a56d-61625346ba0d', 19) ON CONFLICT DO NOTHING;
INSERT INTO score_sheet_items (id, score_sheet_id, period_criterion_id, score_value) VALUES ('c551877b-a784-4c3c-a797-3820f57c4542', '4f07f407-36bf-4987-a907-9048de95c38a', '02116bcb-cbfa-4011-ad98-97f3cf2c7f2d', 24) ON CONFLICT DO NOTHING;
INSERT INTO score_sheet_items (id, score_sheet_id, period_criterion_id, score_value) VALUES ('2cbd415b-f4e6-4f57-aef2-6a47a33e66ae', '4f07f407-36bf-4987-a907-9048de95c38a', '9ade7fa5-71bd-49c2-ab3b-54b92cad1f11', 16) ON CONFLICT DO NOTHING;
INSERT INTO score_sheet_items (id, score_sheet_id, period_criterion_id, score_value) VALUES ('86d6b23e-3bbc-4a8e-aa85-97941a2508aa', '4f07f407-36bf-4987-a907-9048de95c38a', '18f89a44-f174-4ac6-a17a-56d22bfbca1c', 15) ON CONFLICT DO NOTHING;
INSERT INTO score_sheets (id, period_id, project_id, juror_id, status, comment, started_at, last_activity_at) VALUES ('16068980-7925-43d5-ace6-3c38e2ee070e', '47979751-163d-48b3-ae56-a65586d18f1b', 'b028da5a-0017-4799-a2c7-27d29ed1687e', 'a9485bd7-418b-4214-aa61-d62783e538a7', 'submitted', 'Excellent engineering depth let down by presentation.', (timestamp '2026-06-08 09:00:00' + interval '39 hours 35 minutes') - interval '30 mins', (timestamp '2026-06-08 09:00:00' + interval '39 hours 35 minutes')) ON CONFLICT DO NOTHING;
INSERT INTO score_sheet_items (id, score_sheet_id, period_criterion_id, score_value) VALUES ('1d2853b1-1a75-428f-a50c-bf99d8c60116', '16068980-7925-43d5-ace6-3c38e2ee070e', 'c33e7c6c-d2a0-4a2a-a56d-61625346ba0d', 19) ON CONFLICT DO NOTHING;
INSERT INTO score_sheet_items (id, score_sheet_id, period_criterion_id, score_value) VALUES ('3dae515a-71f0-43be-a120-0dcd8645c386', '16068980-7925-43d5-ace6-3c38e2ee070e', '02116bcb-cbfa-4011-ad98-97f3cf2c7f2d', 33) ON CONFLICT DO NOTHING;
INSERT INTO score_sheet_items (id, score_sheet_id, period_criterion_id, score_value) VALUES ('dab1f63e-9a56-483e-a5db-50248436118e', '16068980-7925-43d5-ace6-3c38e2ee070e', '9ade7fa5-71bd-49c2-ab3b-54b92cad1f11', 23) ON CONFLICT DO NOTHING;
INSERT INTO score_sheet_items (id, score_sheet_id, period_criterion_id, score_value) VALUES ('24ae0ea4-5e2a-4926-ae26-76b55da54c12', '16068980-7925-43d5-ace6-3c38e2ee070e', '18f89a44-f174-4ac6-a17a-56d22bfbca1c', 19) ON CONFLICT DO NOTHING;
INSERT INTO score_sheets (id, period_id, project_id, juror_id, status, comment, started_at, last_activity_at) VALUES ('c14953f0-27e1-4ed1-ab21-4c34157d80ea', '47979751-163d-48b3-ae56-a65586d18f1b', '31c6101a-8ca5-468e-a298-f559a3b3dbfa', 'a9485bd7-418b-4214-aa61-d62783e538a7', 'submitted', 'Great team dynamics but technical execution falls short.', (timestamp '2026-06-08 09:00:00' + interval '49 hours 55 minutes') - interval '30 mins', (timestamp '2026-06-08 09:00:00' + interval '49 hours 55 minutes')) ON CONFLICT DO NOTHING;
INSERT INTO score_sheet_items (id, score_sheet_id, period_criterion_id, score_value) VALUES ('e28f66ea-578e-4fae-ac00-d54915020ff5', 'c14953f0-27e1-4ed1-ab21-4c34157d80ea', 'c33e7c6c-d2a0-4a2a-a56d-61625346ba0d', 18) ON CONFLICT DO NOTHING;
INSERT INTO score_sheet_items (id, score_sheet_id, period_criterion_id, score_value) VALUES ('fbee7b02-a39b-41ea-a27e-fcfb9665260a', 'c14953f0-27e1-4ed1-ab21-4c34157d80ea', '02116bcb-cbfa-4011-ad98-97f3cf2c7f2d', 30) ON CONFLICT DO NOTHING;
INSERT INTO score_sheet_items (id, score_sheet_id, period_criterion_id, score_value) VALUES ('c343f2c8-5e41-433e-a28d-3894daa2ea19', 'c14953f0-27e1-4ed1-ab21-4c34157d80ea', '9ade7fa5-71bd-49c2-ab3b-54b92cad1f11', 22) ON CONFLICT DO NOTHING;
INSERT INTO score_sheet_items (id, score_sheet_id, period_criterion_id, score_value) VALUES ('56f7f2e5-8dba-494e-a2bb-4b8a011f749e', 'c14953f0-27e1-4ed1-ab21-4c34157d80ea', '18f89a44-f174-4ac6-a17a-56d22bfbca1c', 18) ON CONFLICT DO NOTHING;
INSERT INTO score_sheets (id, period_id, project_id, juror_id, status, comment, started_at, last_activity_at) VALUES ('c42451e9-57f5-4578-ab88-7952141d20bf', '47979751-163d-48b3-ae56-a65586d18f1b', 'd40b8b02-6cb2-4d55-a234-e30758141de2', 'a9485bd7-418b-4214-aa61-d62783e538a7', 'submitted', 'Late-blooming — final product exceeded early expectations.', (timestamp '2026-06-08 09:00:00' + interval '39 hours 21 minutes') - interval '30 mins', (timestamp '2026-06-08 09:00:00' + interval '39 hours 21 minutes')) ON CONFLICT DO NOTHING;
INSERT INTO score_sheet_items (id, score_sheet_id, period_criterion_id, score_value) VALUES ('f06c89d7-33ca-4f0a-a92e-dff79e860ce8', 'c42451e9-57f5-4578-ab88-7952141d20bf', 'c33e7c6c-d2a0-4a2a-a56d-61625346ba0d', 18) ON CONFLICT DO NOTHING;
INSERT INTO score_sheet_items (id, score_sheet_id, period_criterion_id, score_value) VALUES ('5c3e815d-dec9-46d7-ad93-a53e0c1cd1f7', 'c42451e9-57f5-4578-ab88-7952141d20bf', '02116bcb-cbfa-4011-ad98-97f3cf2c7f2d', 34) ON CONFLICT DO NOTHING;
INSERT INTO score_sheet_items (id, score_sheet_id, period_criterion_id, score_value) VALUES ('6bb863c3-2a28-476c-ac6d-45ea4f341e8e', 'c42451e9-57f5-4578-ab88-7952141d20bf', '9ade7fa5-71bd-49c2-ab3b-54b92cad1f11', 23) ON CONFLICT DO NOTHING;
INSERT INTO score_sheet_items (id, score_sheet_id, period_criterion_id, score_value) VALUES ('ffee8bef-a15c-4135-aee7-30c4af8abaed', 'c42451e9-57f5-4578-ab88-7952141d20bf', '18f89a44-f174-4ac6-a17a-56d22bfbca1c', 18) ON CONFLICT DO NOTHING;
INSERT INTO score_sheets (id, period_id, project_id, juror_id, status, comment, started_at, last_activity_at) VALUES ('704d4f37-a389-48a4-a0bc-a0f4015e0ded', '47979751-163d-48b3-ae56-a65586d18f1b', 'f020fcf5-946a-46b8-a84f-c5f04cb7b58f', 'a9485bd7-418b-4214-aa61-d62783e538a7', 'submitted', NULL, (timestamp '2026-06-08 09:00:00' + interval '21 hours 3 minutes') - interval '30 mins', (timestamp '2026-06-08 09:00:00' + interval '21 hours 3 minutes')) ON CONFLICT DO NOTHING;
INSERT INTO score_sheet_items (id, score_sheet_id, period_criterion_id, score_value) VALUES ('0e1b2267-2d7c-42a5-a2ea-0347296264af', '704d4f37-a389-48a4-a0bc-a0f4015e0ded', 'c33e7c6c-d2a0-4a2a-a56d-61625346ba0d', 13) ON CONFLICT DO NOTHING;
INSERT INTO score_sheet_items (id, score_sheet_id, period_criterion_id, score_value) VALUES ('b61f5177-3568-4b58-acd9-3d59cc77f347', '704d4f37-a389-48a4-a0bc-a0f4015e0ded', '02116bcb-cbfa-4011-ad98-97f3cf2c7f2d', 24) ON CONFLICT DO NOTHING;
INSERT INTO score_sheet_items (id, score_sheet_id, period_criterion_id, score_value) VALUES ('b073636f-aa68-4114-a338-e91a8fbcb15e', '704d4f37-a389-48a4-a0bc-a0f4015e0ded', '9ade7fa5-71bd-49c2-ab3b-54b92cad1f11', 17) ON CONFLICT DO NOTHING;
INSERT INTO score_sheet_items (id, score_sheet_id, period_criterion_id, score_value) VALUES ('7807a8fd-c357-4fdd-a46d-72cc657f6af2', '704d4f37-a389-48a4-a0bc-a0f4015e0ded', '18f89a44-f174-4ac6-a17a-56d22bfbca1c', 13) ON CONFLICT DO NOTHING;
INSERT INTO score_sheets (id, period_id, project_id, juror_id, status, comment, started_at, last_activity_at) VALUES ('cca096ad-2dfd-46d0-a47a-fd0c4d7b013b', '47979751-163d-48b3-ae56-a65586d18f1b', '7409c3d5-b62b-487e-aa60-8be8b736f7d9', 'e0e30ae1-8d26-4ec3-a954-62f49fbcf54b', 'submitted', 'Outstanding technical depth and professional presentation.', (timestamp '2026-06-08 09:00:00' + interval '19 hours 9 minutes') - interval '30 mins', (timestamp '2026-06-08 09:00:00' + interval '19 hours 9 minutes')) ON CONFLICT DO NOTHING;
INSERT INTO score_sheet_items (id, score_sheet_id, period_criterion_id, score_value) VALUES ('857d2e52-bd0c-46fa-a8a3-a42929d386c6', 'cca096ad-2dfd-46d0-a47a-fd0c4d7b013b', 'c33e7c6c-d2a0-4a2a-a56d-61625346ba0d', 18) ON CONFLICT DO NOTHING;
INSERT INTO score_sheet_items (id, score_sheet_id, period_criterion_id, score_value) VALUES ('0db37540-3ecb-40fa-a1cc-9572b224466a', 'cca096ad-2dfd-46d0-a47a-fd0c4d7b013b', '02116bcb-cbfa-4011-ad98-97f3cf2c7f2d', 29) ON CONFLICT DO NOTHING;
INSERT INTO score_sheet_items (id, score_sheet_id, period_criterion_id, score_value) VALUES ('2b7ace2b-c79d-47c0-af8d-142105f55355', 'cca096ad-2dfd-46d0-a47a-fd0c4d7b013b', '9ade7fa5-71bd-49c2-ab3b-54b92cad1f11', 23) ON CONFLICT DO NOTHING;
INSERT INTO score_sheet_items (id, score_sheet_id, period_criterion_id, score_value) VALUES ('af6b9b6e-ef8b-4857-a13c-fb0d2601b27e', 'cca096ad-2dfd-46d0-a47a-fd0c4d7b013b', '18f89a44-f174-4ac6-a17a-56d22bfbca1c', 16) ON CONFLICT DO NOTHING;
INSERT INTO score_sheets (id, period_id, project_id, juror_id, status, comment, started_at, last_activity_at) VALUES ('d58f90ea-08d7-4b9b-abb0-eb1408d81848', '47979751-163d-48b3-ae56-a65586d18f1b', 'd812e821-9cf5-4042-ae7b-7b45b9a7b922', 'e0e30ae1-8d26-4ec3-a954-62f49fbcf54b', 'submitted', NULL, (timestamp '2026-06-08 09:00:00' + interval '33 hours 49 minutes') - interval '30 mins', (timestamp '2026-06-08 09:00:00' + interval '33 hours 49 minutes')) ON CONFLICT DO NOTHING;
INSERT INTO score_sheet_items (id, score_sheet_id, period_criterion_id, score_value) VALUES ('0415ec5f-09a6-4b27-abb6-3126be48b87b', 'd58f90ea-08d7-4b9b-abb0-eb1408d81848', 'c33e7c6c-d2a0-4a2a-a56d-61625346ba0d', 17) ON CONFLICT DO NOTHING;
INSERT INTO score_sheet_items (id, score_sheet_id, period_criterion_id, score_value) VALUES ('81a0416a-15a9-4807-ac2e-05b3bb091f9e', 'd58f90ea-08d7-4b9b-abb0-eb1408d81848', '02116bcb-cbfa-4011-ad98-97f3cf2c7f2d', 32) ON CONFLICT DO NOTHING;
INSERT INTO score_sheet_items (id, score_sheet_id, period_criterion_id, score_value) VALUES ('1686504d-cffa-4a26-a154-7a4358fccec8', 'd58f90ea-08d7-4b9b-abb0-eb1408d81848', '9ade7fa5-71bd-49c2-ab3b-54b92cad1f11', 21) ON CONFLICT DO NOTHING;
INSERT INTO score_sheet_items (id, score_sheet_id, period_criterion_id, score_value) VALUES ('1884c93a-a257-4444-af86-458767f9d4bc', 'd58f90ea-08d7-4b9b-abb0-eb1408d81848', '18f89a44-f174-4ac6-a17a-56d22bfbca1c', 18) ON CONFLICT DO NOTHING;
INSERT INTO score_sheets (id, period_id, project_id, juror_id, status, comment, started_at, last_activity_at) VALUES ('aca36f95-117d-48e8-aab9-b0fd994c8e87', '47979751-163d-48b3-ae56-a65586d18f1b', 'e3603c93-8069-4824-afa0-10fe733475e3', 'e0e30ae1-8d26-4ec3-a954-62f49fbcf54b', 'submitted', NULL, (timestamp '2026-06-08 09:00:00' + interval '49 hours 57 minutes') - interval '30 mins', (timestamp '2026-06-08 09:00:00' + interval '49 hours 57 minutes')) ON CONFLICT DO NOTHING;
INSERT INTO score_sheet_items (id, score_sheet_id, period_criterion_id, score_value) VALUES ('ddf526a3-a3db-483b-adf6-4bf0403620ae', 'aca36f95-117d-48e8-aab9-b0fd994c8e87', 'c33e7c6c-d2a0-4a2a-a56d-61625346ba0d', 14) ON CONFLICT DO NOTHING;
INSERT INTO score_sheet_items (id, score_sheet_id, period_criterion_id, score_value) VALUES ('c1481409-b517-4bc1-aaa5-7bb0d75a8c05', 'aca36f95-117d-48e8-aab9-b0fd994c8e87', '02116bcb-cbfa-4011-ad98-97f3cf2c7f2d', 25) ON CONFLICT DO NOTHING;
INSERT INTO score_sheet_items (id, score_sheet_id, period_criterion_id, score_value) VALUES ('462c7d94-9d13-4af0-a928-ae8a233e68a8', 'aca36f95-117d-48e8-aab9-b0fd994c8e87', '9ade7fa5-71bd-49c2-ab3b-54b92cad1f11', 20) ON CONFLICT DO NOTHING;
INSERT INTO score_sheet_items (id, score_sheet_id, period_criterion_id, score_value) VALUES ('872e147e-5f09-4513-ab06-700dca295164', 'aca36f95-117d-48e8-aab9-b0fd994c8e87', '18f89a44-f174-4ac6-a17a-56d22bfbca1c', 15) ON CONFLICT DO NOTHING;
INSERT INTO score_sheets (id, period_id, project_id, juror_id, status, comment, started_at, last_activity_at) VALUES ('07534718-78cc-4d6b-ab73-75fb7f93cabb', '47979751-163d-48b3-ae56-a65586d18f1b', '851c3941-dfa8-4feb-ae26-c58965626732', 'e0e30ae1-8d26-4ec3-a954-62f49fbcf54b', 'submitted', 'Reliable execution and thorough documentation.', (timestamp '2026-06-08 09:00:00' + interval '12 hours 48 minutes') - interval '30 mins', (timestamp '2026-06-08 09:00:00' + interval '12 hours 48 minutes')) ON CONFLICT DO NOTHING;
INSERT INTO score_sheet_items (id, score_sheet_id, period_criterion_id, score_value) VALUES ('259b73e1-72dd-448f-a250-e60f4851f5d8', '07534718-78cc-4d6b-ab73-75fb7f93cabb', 'c33e7c6c-d2a0-4a2a-a56d-61625346ba0d', 16) ON CONFLICT DO NOTHING;
INSERT INTO score_sheet_items (id, score_sheet_id, period_criterion_id, score_value) VALUES ('6c8e8548-cf9d-47ac-a896-78a4cd317f8b', '07534718-78cc-4d6b-ab73-75fb7f93cabb', '02116bcb-cbfa-4011-ad98-97f3cf2c7f2d', 28) ON CONFLICT DO NOTHING;
INSERT INTO score_sheet_items (id, score_sheet_id, period_criterion_id, score_value) VALUES ('1dd82314-82a6-4a8c-a14d-04c105845bdc', '07534718-78cc-4d6b-ab73-75fb7f93cabb', '9ade7fa5-71bd-49c2-ab3b-54b92cad1f11', 19) ON CONFLICT DO NOTHING;
INSERT INTO score_sheet_items (id, score_sheet_id, period_criterion_id, score_value) VALUES ('2f3f5df3-c283-49f9-a103-b851e0aa42f6', '07534718-78cc-4d6b-ab73-75fb7f93cabb', '18f89a44-f174-4ac6-a17a-56d22bfbca1c', 14) ON CONFLICT DO NOTHING;
INSERT INTO score_sheets (id, period_id, project_id, juror_id, status, comment, started_at, last_activity_at) VALUES ('6a53c5eb-6700-40ee-a9bd-1e6b596ba4c7', '47979751-163d-48b3-ae56-a65586d18f1b', 'd4678ba7-7203-4cca-a7c5-d1f4fca3908e', 'e0e30ae1-8d26-4ec3-a954-62f49fbcf54b', 'submitted', NULL, (timestamp '2026-06-08 09:00:00' + interval '10 hours 11 minutes') - interval '30 mins', (timestamp '2026-06-08 09:00:00' + interval '10 hours 11 minutes')) ON CONFLICT DO NOTHING;
INSERT INTO score_sheet_items (id, score_sheet_id, period_criterion_id, score_value) VALUES ('0612d460-5c80-428f-a6a3-5c3f84eb9e8d', '6a53c5eb-6700-40ee-a9bd-1e6b596ba4c7', 'c33e7c6c-d2a0-4a2a-a56d-61625346ba0d', 15) ON CONFLICT DO NOTHING;
INSERT INTO score_sheet_items (id, score_sheet_id, period_criterion_id, score_value) VALUES ('1d5162e8-a086-45f9-afab-7e0adabd7818', '6a53c5eb-6700-40ee-a9bd-1e6b596ba4c7', '02116bcb-cbfa-4011-ad98-97f3cf2c7f2d', 29) ON CONFLICT DO NOTHING;
INSERT INTO score_sheet_items (id, score_sheet_id, period_criterion_id, score_value) VALUES ('168bf871-684e-49f1-a2d7-fb7a3e9b8d49', '6a53c5eb-6700-40ee-a9bd-1e6b596ba4c7', '9ade7fa5-71bd-49c2-ab3b-54b92cad1f11', 19) ON CONFLICT DO NOTHING;
INSERT INTO score_sheet_items (id, score_sheet_id, period_criterion_id, score_value) VALUES ('fdec820f-388b-4a42-ac5d-0b208ec2bc02', '6a53c5eb-6700-40ee-a9bd-1e6b596ba4c7', '18f89a44-f174-4ac6-a17a-56d22bfbca1c', 15) ON CONFLICT DO NOTHING;
INSERT INTO score_sheets (id, period_id, project_id, juror_id, status, comment, started_at, last_activity_at) VALUES ('5a57f324-c656-4b7c-a9ca-d9a675ed6167', '47979751-163d-48b3-ae56-a65586d18f1b', '0b4d032f-9552-4644-a0e2-3efe9c7f3f68', 'e0e30ae1-8d26-4ec3-a954-62f49fbcf54b', 'submitted', 'Ambitious scope with mixed execution.', (timestamp '2026-06-08 09:00:00' + interval '12 hours 44 minutes') - interval '30 mins', (timestamp '2026-06-08 09:00:00' + interval '12 hours 44 minutes')) ON CONFLICT DO NOTHING;
INSERT INTO score_sheet_items (id, score_sheet_id, period_criterion_id, score_value) VALUES ('898a4aa5-4237-48e1-a055-b16cbcb0366e', '5a57f324-c656-4b7c-a9ca-d9a675ed6167', 'c33e7c6c-d2a0-4a2a-a56d-61625346ba0d', 12) ON CONFLICT DO NOTHING;
INSERT INTO score_sheet_items (id, score_sheet_id, period_criterion_id, score_value) VALUES ('8a15a0d6-66a8-4560-a45d-ecd37550f210', '5a57f324-c656-4b7c-a9ca-d9a675ed6167', '02116bcb-cbfa-4011-ad98-97f3cf2c7f2d', 29) ON CONFLICT DO NOTHING;
INSERT INTO score_sheet_items (id, score_sheet_id, period_criterion_id, score_value) VALUES ('f6be8b68-8a63-4e6a-aa06-7416bbc383d1', '5a57f324-c656-4b7c-a9ca-d9a675ed6167', '9ade7fa5-71bd-49c2-ab3b-54b92cad1f11', 15) ON CONFLICT DO NOTHING;
INSERT INTO score_sheet_items (id, score_sheet_id, period_criterion_id, score_value) VALUES ('3d394103-ec2c-414d-a2ee-59fe3af1fb41', '5a57f324-c656-4b7c-a9ca-d9a675ed6167', '18f89a44-f174-4ac6-a17a-56d22bfbca1c', 18) ON CONFLICT DO NOTHING;
INSERT INTO score_sheets (id, period_id, project_id, juror_id, status, comment, started_at, last_activity_at) VALUES ('d67d4460-bd33-4b66-aadd-4f684c866da4', '47979751-163d-48b3-ae56-a65586d18f1b', 'b028da5a-0017-4799-a2c7-27d29ed1687e', 'e0e30ae1-8d26-4ec3-a954-62f49fbcf54b', 'submitted', 'Very strong technically but communication needs improvement.', (timestamp '2026-06-08 09:00:00' + interval '59 hours 58 minutes') - interval '30 mins', (timestamp '2026-06-08 09:00:00' + interval '59 hours 58 minutes')) ON CONFLICT DO NOTHING;
INSERT INTO score_sheet_items (id, score_sheet_id, period_criterion_id, score_value) VALUES ('a21afea2-5251-409f-aa6a-aacd180b0a98', 'd67d4460-bd33-4b66-aadd-4f684c866da4', 'c33e7c6c-d2a0-4a2a-a56d-61625346ba0d', 17) ON CONFLICT DO NOTHING;
INSERT INTO score_sheet_items (id, score_sheet_id, period_criterion_id, score_value) VALUES ('b75c4ef8-564d-4fa5-ae72-c6cc766ede89', 'd67d4460-bd33-4b66-aadd-4f684c866da4', '02116bcb-cbfa-4011-ad98-97f3cf2c7f2d', 29) ON CONFLICT DO NOTHING;
INSERT INTO score_sheet_items (id, score_sheet_id, period_criterion_id, score_value) VALUES ('25d18440-46f5-4c60-a1a3-3bee6bb852ed', 'd67d4460-bd33-4b66-aadd-4f684c866da4', '9ade7fa5-71bd-49c2-ab3b-54b92cad1f11', 21) ON CONFLICT DO NOTHING;
INSERT INTO score_sheet_items (id, score_sheet_id, period_criterion_id, score_value) VALUES ('b1b13751-b697-490b-a4ee-8e10322a4cc8', 'd67d4460-bd33-4b66-aadd-4f684c866da4', '18f89a44-f174-4ac6-a17a-56d22bfbca1c', 17) ON CONFLICT DO NOTHING;
INSERT INTO score_sheets (id, period_id, project_id, juror_id, status, comment, started_at, last_activity_at) VALUES ('bf3cc9d6-ee75-4f08-a5bc-f7cf6a65f9b1', '47979751-163d-48b3-ae56-a65586d18f1b', '31c6101a-8ca5-468e-a298-f559a3b3dbfa', 'e0e30ae1-8d26-4ec3-a954-62f49fbcf54b', 'submitted', NULL, (timestamp '2026-06-08 09:00:00' + interval '4 hours 16 minutes') - interval '30 mins', (timestamp '2026-06-08 09:00:00' + interval '4 hours 16 minutes')) ON CONFLICT DO NOTHING;
INSERT INTO score_sheet_items (id, score_sheet_id, period_criterion_id, score_value) VALUES ('86698146-4373-4f64-a709-c65667a0033c', 'bf3cc9d6-ee75-4f08-a5bc-f7cf6a65f9b1', 'c33e7c6c-d2a0-4a2a-a56d-61625346ba0d', 16) ON CONFLICT DO NOTHING;
INSERT INTO score_sheet_items (id, score_sheet_id, period_criterion_id, score_value) VALUES ('ff01e696-5f3f-4bfc-a5c4-48c884aa58cf', 'bf3cc9d6-ee75-4f08-a5bc-f7cf6a65f9b1', '02116bcb-cbfa-4011-ad98-97f3cf2c7f2d', 28) ON CONFLICT DO NOTHING;
INSERT INTO score_sheet_items (id, score_sheet_id, period_criterion_id, score_value) VALUES ('fd860d4b-5926-4ef4-a402-c3b05fa85f69', 'bf3cc9d6-ee75-4f08-a5bc-f7cf6a65f9b1', '9ade7fa5-71bd-49c2-ab3b-54b92cad1f11', 20) ON CONFLICT DO NOTHING;
INSERT INTO score_sheet_items (id, score_sheet_id, period_criterion_id, score_value) VALUES ('6cd1a242-c19d-4f32-ac60-9210dbb1736a', 'bf3cc9d6-ee75-4f08-a5bc-f7cf6a65f9b1', '18f89a44-f174-4ac6-a17a-56d22bfbca1c', 16) ON CONFLICT DO NOTHING;
INSERT INTO score_sheets (id, period_id, project_id, juror_id, status, comment, started_at, last_activity_at) VALUES ('bb4d7457-6ff8-4988-a85e-19a38821091a', '47979751-163d-48b3-ae56-a65586d18f1b', 'd40b8b02-6cb2-4d55-a234-e30758141de2', 'e0e30ae1-8d26-4ec3-a954-62f49fbcf54b', 'submitted', 'Late-blooming — final product exceeded early expectations.', (timestamp '2026-06-08 09:00:00' + interval '33 hours 26 minutes') - interval '30 mins', (timestamp '2026-06-08 09:00:00' + interval '33 hours 26 minutes')) ON CONFLICT DO NOTHING;
INSERT INTO score_sheet_items (id, score_sheet_id, period_criterion_id, score_value) VALUES ('5f4d531a-1109-4b4d-a585-e8746f59dfdf', 'bb4d7457-6ff8-4988-a85e-19a38821091a', 'c33e7c6c-d2a0-4a2a-a56d-61625346ba0d', 16) ON CONFLICT DO NOTHING;
INSERT INTO score_sheet_items (id, score_sheet_id, period_criterion_id, score_value) VALUES ('7b927112-259f-4cb6-a32e-06aa25058e8a', 'bb4d7457-6ff8-4988-a85e-19a38821091a', '02116bcb-cbfa-4011-ad98-97f3cf2c7f2d', 27) ON CONFLICT DO NOTHING;
INSERT INTO score_sheet_items (id, score_sheet_id, period_criterion_id, score_value) VALUES ('1e03ebd9-ccdc-4e84-aae2-48332bc86d25', 'bb4d7457-6ff8-4988-a85e-19a38821091a', '9ade7fa5-71bd-49c2-ab3b-54b92cad1f11', 21) ON CONFLICT DO NOTHING;
INSERT INTO score_sheet_items (id, score_sheet_id, period_criterion_id, score_value) VALUES ('9152c2be-766d-40de-a6f8-2e868408f307', 'bb4d7457-6ff8-4988-a85e-19a38821091a', '18f89a44-f174-4ac6-a17a-56d22bfbca1c', 16) ON CONFLICT DO NOTHING;
INSERT INTO score_sheets (id, period_id, project_id, juror_id, status, comment, started_at, last_activity_at) VALUES ('b713e62d-540e-43ad-a41d-1ee674c1a8e4', '47979751-163d-48b3-ae56-a65586d18f1b', 'f020fcf5-946a-46b8-a84f-c5f04cb7b58f', 'e0e30ae1-8d26-4ec3-a954-62f49fbcf54b', 'submitted', NULL, (timestamp '2026-06-08 09:00:00' + interval '50 hours 58 minutes') - interval '30 mins', (timestamp '2026-06-08 09:00:00' + interval '50 hours 58 minutes')) ON CONFLICT DO NOTHING;
INSERT INTO score_sheet_items (id, score_sheet_id, period_criterion_id, score_value) VALUES ('f627a848-5837-48ad-a688-d96a39b01609', 'b713e62d-540e-43ad-a41d-1ee674c1a8e4', 'c33e7c6c-d2a0-4a2a-a56d-61625346ba0d', 12) ON CONFLICT DO NOTHING;
INSERT INTO score_sheet_items (id, score_sheet_id, period_criterion_id, score_value) VALUES ('dd1b84f1-bba9-44c8-a399-a124eedf49f3', 'b713e62d-540e-43ad-a41d-1ee674c1a8e4', '02116bcb-cbfa-4011-ad98-97f3cf2c7f2d', 20) ON CONFLICT DO NOTHING;
INSERT INTO score_sheet_items (id, score_sheet_id, period_criterion_id, score_value) VALUES ('5e11191d-bac1-4f1f-a049-305cfa1268dc', 'b713e62d-540e-43ad-a41d-1ee674c1a8e4', '9ade7fa5-71bd-49c2-ab3b-54b92cad1f11', 16) ON CONFLICT DO NOTHING;
INSERT INTO score_sheet_items (id, score_sheet_id, period_criterion_id, score_value) VALUES ('5329b718-2e34-46ea-a59e-4ab4688856e6', 'b713e62d-540e-43ad-a41d-1ee674c1a8e4', '18f89a44-f174-4ac6-a17a-56d22bfbca1c', 11) ON CONFLICT DO NOTHING;
INSERT INTO score_sheets (id, period_id, project_id, juror_id, status, comment, started_at, last_activity_at) VALUES ('9a6d6799-9abb-40f6-ab88-ca2bef6bfadb', '47979751-163d-48b3-ae56-a65586d18f1b', '7409c3d5-b62b-487e-aa60-8be8b736f7d9', '29a8a829-b0e2-41d4-a752-95d7c4955638', 'submitted', 'Exceptional work across all dimensions.', (timestamp '2026-06-08 09:00:00' + interval '30 hours 50 minutes') - interval '30 mins', (timestamp '2026-06-08 09:00:00' + interval '30 hours 50 minutes')) ON CONFLICT DO NOTHING;
INSERT INTO score_sheet_items (id, score_sheet_id, period_criterion_id, score_value) VALUES ('06c88515-0988-43e3-a03b-92e558839679', '9a6d6799-9abb-40f6-ab88-ca2bef6bfadb', 'c33e7c6c-d2a0-4a2a-a56d-61625346ba0d', 19) ON CONFLICT DO NOTHING;
INSERT INTO score_sheet_items (id, score_sheet_id, period_criterion_id, score_value) VALUES ('7135c4d8-5f17-417f-a01c-e74fe8aad599', '9a6d6799-9abb-40f6-ab88-ca2bef6bfadb', '02116bcb-cbfa-4011-ad98-97f3cf2c7f2d', 34) ON CONFLICT DO NOTHING;
INSERT INTO score_sheet_items (id, score_sheet_id, period_criterion_id, score_value) VALUES ('40e2bc5b-9c00-4c6d-ac20-a8103bbc71e5', '9a6d6799-9abb-40f6-ab88-ca2bef6bfadb', '9ade7fa5-71bd-49c2-ab3b-54b92cad1f11', 23) ON CONFLICT DO NOTHING;
INSERT INTO score_sheet_items (id, score_sheet_id, period_criterion_id, score_value) VALUES ('2d658ffe-e164-4888-a9c1-e6a1f223984a', '9a6d6799-9abb-40f6-ab88-ca2bef6bfadb', '18f89a44-f174-4ac6-a17a-56d22bfbca1c', 19) ON CONFLICT DO NOTHING;
INSERT INTO score_sheets (id, period_id, project_id, juror_id, status, comment, started_at, last_activity_at) VALUES ('ef14037f-2ef5-4120-aeb8-c54e57cfc5a2', '47979751-163d-48b3-ae56-a65586d18f1b', 'd812e821-9cf5-4042-ae7b-7b45b9a7b922', '29a8a829-b0e2-41d4-a752-95d7c4955638', 'submitted', 'Top-tier project. Clear problem definition, excellent execution.', (timestamp '2026-06-08 09:00:00' + interval '19 hours 13 minutes') - interval '30 mins', (timestamp '2026-06-08 09:00:00' + interval '19 hours 13 minutes')) ON CONFLICT DO NOTHING;
INSERT INTO score_sheet_items (id, score_sheet_id, period_criterion_id, score_value) VALUES ('6f928167-ec3e-47d4-af19-e2ffcf9c2c3a', 'ef14037f-2ef5-4120-aeb8-c54e57cfc5a2', 'c33e7c6c-d2a0-4a2a-a56d-61625346ba0d', 20) ON CONFLICT DO NOTHING;
INSERT INTO score_sheet_items (id, score_sheet_id, period_criterion_id, score_value) VALUES ('0a7621c1-98be-4adc-a14a-b77830a88f58', 'ef14037f-2ef5-4120-aeb8-c54e57cfc5a2', '02116bcb-cbfa-4011-ad98-97f3cf2c7f2d', 34) ON CONFLICT DO NOTHING;
INSERT INTO score_sheet_items (id, score_sheet_id, period_criterion_id, score_value) VALUES ('b3c8f82e-2921-477d-a48b-37af8bcba17b', 'ef14037f-2ef5-4120-aeb8-c54e57cfc5a2', '9ade7fa5-71bd-49c2-ab3b-54b92cad1f11', 24) ON CONFLICT DO NOTHING;
INSERT INTO score_sheet_items (id, score_sheet_id, period_criterion_id, score_value) VALUES ('2558bf57-9ba1-48cc-a51b-04369b3dcffc', 'ef14037f-2ef5-4120-aeb8-c54e57cfc5a2', '18f89a44-f174-4ac6-a17a-56d22bfbca1c', 19) ON CONFLICT DO NOTHING;
INSERT INTO score_sheets (id, period_id, project_id, juror_id, status, comment, started_at, last_activity_at) VALUES ('9416c7a6-61cd-4761-a0b0-61b4837c5a6f', '47979751-163d-48b3-ae56-a65586d18f1b', 'e3603c93-8069-4824-afa0-10fe733475e3', '29a8a829-b0e2-41d4-a752-95d7c4955638', 'submitted', 'Strong and consistent effort throughout.', (timestamp '2026-06-08 09:00:00' + interval '19 hours 46 minutes') - interval '30 mins', (timestamp '2026-06-08 09:00:00' + interval '19 hours 46 minutes')) ON CONFLICT DO NOTHING;
INSERT INTO score_sheet_items (id, score_sheet_id, period_criterion_id, score_value) VALUES ('3aafd33d-3b34-4c1e-ae33-90006653f02c', '9416c7a6-61cd-4761-a0b0-61b4837c5a6f', 'c33e7c6c-d2a0-4a2a-a56d-61625346ba0d', 18) ON CONFLICT DO NOTHING;
INSERT INTO score_sheet_items (id, score_sheet_id, period_criterion_id, score_value) VALUES ('69f73a45-767d-489d-af28-85f60daca4ae', '9416c7a6-61cd-4761-a0b0-61b4837c5a6f', '02116bcb-cbfa-4011-ad98-97f3cf2c7f2d', 27) ON CONFLICT DO NOTHING;
INSERT INTO score_sheet_items (id, score_sheet_id, period_criterion_id, score_value) VALUES ('81f04038-3d1e-481b-a599-4af66903ceba', '9416c7a6-61cd-4761-a0b0-61b4837c5a6f', '9ade7fa5-71bd-49c2-ab3b-54b92cad1f11', 21) ON CONFLICT DO NOTHING;
INSERT INTO score_sheet_items (id, score_sheet_id, period_criterion_id, score_value) VALUES ('91f3d819-fcf5-474b-a0a0-f1b498cf2b18', '9416c7a6-61cd-4761-a0b0-61b4837c5a6f', '18f89a44-f174-4ac6-a17a-56d22bfbca1c', 16) ON CONFLICT DO NOTHING;
INSERT INTO score_sheets (id, period_id, project_id, juror_id, status, comment, started_at, last_activity_at) VALUES ('33481d08-b007-43a0-a043-b8549391bacd', '47979751-163d-48b3-ae56-a65586d18f1b', '851c3941-dfa8-4feb-ae26-c58965626732', '29a8a829-b0e2-41d4-a752-95d7c4955638', 'submitted', NULL, (timestamp '2026-06-08 09:00:00' + interval '50 hours 39 minutes') - interval '30 mins', (timestamp '2026-06-08 09:00:00' + interval '50 hours 39 minutes')) ON CONFLICT DO NOTHING;
INSERT INTO score_sheet_items (id, score_sheet_id, period_criterion_id, score_value) VALUES ('4ab33bda-7954-451d-aa59-591a79b901bc', '33481d08-b007-43a0-a043-b8549391bacd', 'c33e7c6c-d2a0-4a2a-a56d-61625346ba0d', 16) ON CONFLICT DO NOTHING;
INSERT INTO score_sheet_items (id, score_sheet_id, period_criterion_id, score_value) VALUES ('7952074c-1d0c-4443-a34a-8dd5eedd0ed6', '33481d08-b007-43a0-a043-b8549391bacd', '02116bcb-cbfa-4011-ad98-97f3cf2c7f2d', 30) ON CONFLICT DO NOTHING;
INSERT INTO score_sheet_items (id, score_sheet_id, period_criterion_id, score_value) VALUES ('dc1fa0ff-dd2f-4b01-a0c9-1776b83103dc', '33481d08-b007-43a0-a043-b8549391bacd', '9ade7fa5-71bd-49c2-ab3b-54b92cad1f11', 19) ON CONFLICT DO NOTHING;
INSERT INTO score_sheet_items (id, score_sheet_id, period_criterion_id, score_value) VALUES ('5731695d-c523-4f71-a6b8-a15b6a577bdb', '33481d08-b007-43a0-a043-b8549391bacd', '18f89a44-f174-4ac6-a17a-56d22bfbca1c', 17) ON CONFLICT DO NOTHING;
INSERT INTO score_sheets (id, period_id, project_id, juror_id, status, comment, started_at, last_activity_at) VALUES ('0ce51bc8-06fa-4cc4-ab6f-5f2baaad5980', '47979751-163d-48b3-ae56-a65586d18f1b', 'd4678ba7-7203-4cca-a7c5-d1f4fca3908e', '29a8a829-b0e2-41d4-a752-95d7c4955638', 'submitted', 'Well-balanced project showing strength in all areas.', (timestamp '2026-06-08 09:00:00' + interval '30 hours 53 minutes') - interval '30 mins', (timestamp '2026-06-08 09:00:00' + interval '30 hours 53 minutes')) ON CONFLICT DO NOTHING;
INSERT INTO score_sheet_items (id, score_sheet_id, period_criterion_id, score_value) VALUES ('0145677a-3f7d-4e86-a69d-9d424af87d36', '0ce51bc8-06fa-4cc4-ab6f-5f2baaad5980', 'c33e7c6c-d2a0-4a2a-a56d-61625346ba0d', 16) ON CONFLICT DO NOTHING;
INSERT INTO score_sheet_items (id, score_sheet_id, period_criterion_id, score_value) VALUES ('b19b5158-35f2-45cb-ab73-275bcb7e4d89', '0ce51bc8-06fa-4cc4-ab6f-5f2baaad5980', '02116bcb-cbfa-4011-ad98-97f3cf2c7f2d', 32) ON CONFLICT DO NOTHING;
INSERT INTO score_sheet_items (id, score_sheet_id, period_criterion_id, score_value) VALUES ('8a4de856-4cc4-4057-ae4b-2d6b561ad183', '0ce51bc8-06fa-4cc4-ab6f-5f2baaad5980', '9ade7fa5-71bd-49c2-ab3b-54b92cad1f11', 22) ON CONFLICT DO NOTHING;
INSERT INTO score_sheet_items (id, score_sheet_id, period_criterion_id, score_value) VALUES ('d25ca37e-e514-482f-a7fc-9d7975fe839c', '0ce51bc8-06fa-4cc4-ab6f-5f2baaad5980', '18f89a44-f174-4ac6-a17a-56d22bfbca1c', 18) ON CONFLICT DO NOTHING;
INSERT INTO score_sheets (id, period_id, project_id, juror_id, status, comment, started_at, last_activity_at) VALUES ('b71ef870-7d7e-40c5-a035-6364d9ec6e48', '47979751-163d-48b3-ae56-a65586d18f1b', '0b4d032f-9552-4644-a0e2-3efe9c7f3f68', '29a8a829-b0e2-41d4-a752-95d7c4955638', 'submitted', 'Some brilliant moments alongside notable gaps.', (timestamp '2026-06-08 09:00:00' + interval '56 hours 6 minutes') - interval '30 mins', (timestamp '2026-06-08 09:00:00' + interval '56 hours 6 minutes')) ON CONFLICT DO NOTHING;
INSERT INTO score_sheet_items (id, score_sheet_id, period_criterion_id, score_value) VALUES ('210115d6-5bca-44d5-a45f-280b912f1398', 'b71ef870-7d7e-40c5-a035-6364d9ec6e48', 'c33e7c6c-d2a0-4a2a-a56d-61625346ba0d', 11) ON CONFLICT DO NOTHING;
INSERT INTO score_sheet_items (id, score_sheet_id, period_criterion_id, score_value) VALUES ('368acd2c-b77e-4c4a-ab0a-22f648c232dc', 'b71ef870-7d7e-40c5-a035-6364d9ec6e48', '02116bcb-cbfa-4011-ad98-97f3cf2c7f2d', 22) ON CONFLICT DO NOTHING;
INSERT INTO score_sheet_items (id, score_sheet_id, period_criterion_id, score_value) VALUES ('fa70a9c9-e668-455f-a70c-d7bfba7fd2f9', 'b71ef870-7d7e-40c5-a035-6364d9ec6e48', '9ade7fa5-71bd-49c2-ab3b-54b92cad1f11', 25) ON CONFLICT DO NOTHING;
INSERT INTO score_sheet_items (id, score_sheet_id, period_criterion_id, score_value) VALUES ('6e10e458-3acc-440f-aa7b-f25cb3433aa6', 'b71ef870-7d7e-40c5-a035-6364d9ec6e48', '18f89a44-f174-4ac6-a17a-56d22bfbca1c', 17) ON CONFLICT DO NOTHING;
INSERT INTO score_sheets (id, period_id, project_id, juror_id, status, comment, started_at, last_activity_at) VALUES ('ae260651-3265-4cba-a1d3-1ccb96ea762f', '47979751-163d-48b3-ae56-a65586d18f1b', 'b028da5a-0017-4799-a2c7-27d29ed1687e', '29a8a829-b0e2-41d4-a752-95d7c4955638', 'submitted', 'Technical work is outstanding but poster is hard to follow.', (timestamp '2026-06-08 09:00:00' + interval '20 hours 7 minutes') - interval '30 mins', (timestamp '2026-06-08 09:00:00' + interval '20 hours 7 minutes')) ON CONFLICT DO NOTHING;
INSERT INTO score_sheet_items (id, score_sheet_id, period_criterion_id, score_value) VALUES ('46efe7a4-9cdd-4d7f-a18f-c8e8b91abf2f', 'ae260651-3265-4cba-a1d3-1ccb96ea762f', 'c33e7c6c-d2a0-4a2a-a56d-61625346ba0d', 19) ON CONFLICT DO NOTHING;
INSERT INTO score_sheet_items (id, score_sheet_id, period_criterion_id, score_value) VALUES ('150f497b-aebd-40ea-a4d5-e79591a8a417', 'ae260651-3265-4cba-a1d3-1ccb96ea762f', '02116bcb-cbfa-4011-ad98-97f3cf2c7f2d', 33) ON CONFLICT DO NOTHING;
INSERT INTO score_sheet_items (id, score_sheet_id, period_criterion_id, score_value) VALUES ('6dae0606-13b8-46ee-aa3d-4da9483a2683', 'ae260651-3265-4cba-a1d3-1ccb96ea762f', '9ade7fa5-71bd-49c2-ab3b-54b92cad1f11', 23) ON CONFLICT DO NOTHING;
INSERT INTO score_sheet_items (id, score_sheet_id, period_criterion_id, score_value) VALUES ('3f7a5347-7f8e-4360-ab78-b8d8817aa543', 'ae260651-3265-4cba-a1d3-1ccb96ea762f', '18f89a44-f174-4ac6-a17a-56d22bfbca1c', 19) ON CONFLICT DO NOTHING;
INSERT INTO score_sheets (id, period_id, project_id, juror_id, status, comment, started_at, last_activity_at) VALUES ('71d49a50-6140-40fe-af82-1866b93f5851', '47979751-163d-48b3-ae56-a65586d18f1b', '31c6101a-8ca5-468e-a298-f559a3b3dbfa', '29a8a829-b0e2-41d4-a752-95d7c4955638', 'submitted', NULL, (timestamp '2026-06-08 09:00:00' + interval '5 hours 53 minutes') - interval '30 mins', (timestamp '2026-06-08 09:00:00' + interval '5 hours 53 minutes')) ON CONFLICT DO NOTHING;
INSERT INTO score_sheet_items (id, score_sheet_id, period_criterion_id, score_value) VALUES ('613d35c2-8a44-43b1-a32d-e4c9580c4f97', '71d49a50-6140-40fe-af82-1866b93f5851', 'c33e7c6c-d2a0-4a2a-a56d-61625346ba0d', 18) ON CONFLICT DO NOTHING;
INSERT INTO score_sheet_items (id, score_sheet_id, period_criterion_id, score_value) VALUES ('a9ecc9cd-a597-471a-abaa-c0cc2d4555b2', '71d49a50-6140-40fe-af82-1866b93f5851', '02116bcb-cbfa-4011-ad98-97f3cf2c7f2d', 31) ON CONFLICT DO NOTHING;
INSERT INTO score_sheet_items (id, score_sheet_id, period_criterion_id, score_value) VALUES ('49ce16eb-83c3-4ba0-a8c9-cdfa53fecc28', '71d49a50-6140-40fe-af82-1866b93f5851', '9ade7fa5-71bd-49c2-ab3b-54b92cad1f11', 22) ON CONFLICT DO NOTHING;
INSERT INTO score_sheet_items (id, score_sheet_id, period_criterion_id, score_value) VALUES ('d99509ec-2ab1-4328-a392-b787a602d2ae', '71d49a50-6140-40fe-af82-1866b93f5851', '18f89a44-f174-4ac6-a17a-56d22bfbca1c', 18) ON CONFLICT DO NOTHING;
INSERT INTO score_sheets (id, period_id, project_id, juror_id, status, comment, started_at, last_activity_at) VALUES ('a362ffbf-2911-46d3-aee7-b0ec4c331115', '47979751-163d-48b3-ae56-a65586d18f1b', 'd40b8b02-6cb2-4d55-a234-e30758141de2', '29a8a829-b0e2-41d4-a752-95d7c4955638', 'submitted', 'Started slowly but finished very strongly.', (timestamp '2026-06-08 09:00:00' + interval '14 hours 33 minutes') - interval '30 mins', (timestamp '2026-06-08 09:00:00' + interval '14 hours 33 minutes')) ON CONFLICT DO NOTHING;
INSERT INTO score_sheet_items (id, score_sheet_id, period_criterion_id, score_value) VALUES ('d076a1e2-2d8f-41e7-af09-4f0e5477461d', 'a362ffbf-2911-46d3-aee7-b0ec4c331115', 'c33e7c6c-d2a0-4a2a-a56d-61625346ba0d', 19) ON CONFLICT DO NOTHING;
INSERT INTO score_sheet_items (id, score_sheet_id, period_criterion_id, score_value) VALUES ('4d7a2826-322a-4c6a-a0ea-36fa64857ec9', 'a362ffbf-2911-46d3-aee7-b0ec4c331115', '02116bcb-cbfa-4011-ad98-97f3cf2c7f2d', 33) ON CONFLICT DO NOTHING;
INSERT INTO score_sheet_items (id, score_sheet_id, period_criterion_id, score_value) VALUES ('fb940cfd-ce79-46c7-ae2f-1a5344ef15f8', 'a362ffbf-2911-46d3-aee7-b0ec4c331115', '9ade7fa5-71bd-49c2-ab3b-54b92cad1f11', 23) ON CONFLICT DO NOTHING;
INSERT INTO score_sheet_items (id, score_sheet_id, period_criterion_id, score_value) VALUES ('58d5d29c-fd8f-4e71-a5dd-5de1ac848826', 'a362ffbf-2911-46d3-aee7-b0ec4c331115', '18f89a44-f174-4ac6-a17a-56d22bfbca1c', 18) ON CONFLICT DO NOTHING;
INSERT INTO score_sheets (id, period_id, project_id, juror_id, status, comment, started_at, last_activity_at) VALUES ('a07d855a-5f9f-4333-aaa4-906dc9909957', '47979751-163d-48b3-ae56-a65586d18f1b', 'f020fcf5-946a-46b8-a84f-c5f04cb7b58f', '29a8a829-b0e2-41d4-a752-95d7c4955638', 'submitted', 'Adequate but uninspired. More depth needed.', (timestamp '2026-06-08 09:00:00' + interval '41 hours 34 minutes') - interval '30 mins', (timestamp '2026-06-08 09:00:00' + interval '41 hours 34 minutes')) ON CONFLICT DO NOTHING;
INSERT INTO score_sheet_items (id, score_sheet_id, period_criterion_id, score_value) VALUES ('2940665d-b5c3-4289-ae61-cb1cb0783331', 'a07d855a-5f9f-4333-aaa4-906dc9909957', 'c33e7c6c-d2a0-4a2a-a56d-61625346ba0d', 14) ON CONFLICT DO NOTHING;
INSERT INTO score_sheet_items (id, score_sheet_id, period_criterion_id, score_value) VALUES ('b6e658b0-e6ee-4013-a3fb-6b9c89194890', 'a07d855a-5f9f-4333-aaa4-906dc9909957', '02116bcb-cbfa-4011-ad98-97f3cf2c7f2d', 24) ON CONFLICT DO NOTHING;
INSERT INTO score_sheet_items (id, score_sheet_id, period_criterion_id, score_value) VALUES ('0a0972d5-6f38-4edb-a3b2-dfedc31b088d', 'a07d855a-5f9f-4333-aaa4-906dc9909957', '9ade7fa5-71bd-49c2-ab3b-54b92cad1f11', 16) ON CONFLICT DO NOTHING;
INSERT INTO score_sheet_items (id, score_sheet_id, period_criterion_id, score_value) VALUES ('96f155e5-e602-4ac4-ae78-f085fa23597f', 'a07d855a-5f9f-4333-aaa4-906dc9909957', '18f89a44-f174-4ac6-a17a-56d22bfbca1c', 15) ON CONFLICT DO NOTHING;
INSERT INTO score_sheets (id, period_id, project_id, juror_id, status, comment, started_at, last_activity_at) VALUES ('4e38b495-1483-4f37-ade4-6b1508512cd3', '10abd4e8-0cb9-4853-a17c-ac40da311bff', 'bfe219aa-e626-4093-acb4-0a8d92229438', '74499a66-86e7-4d92-ade1-70ba9b770ef0', 'submitted', 'Outstanding technical depth and professional presentation.', (timestamp '2025-06-09 09:00:00' + interval '31 hours 33 minutes') - interval '30 mins', (timestamp '2025-06-09 09:00:00' + interval '31 hours 33 minutes')) ON CONFLICT DO NOTHING;
INSERT INTO score_sheet_items (id, score_sheet_id, period_criterion_id, score_value) VALUES ('c0af5c88-af9f-4c66-ab56-0d14bacba410', '4e38b495-1483-4f37-ade4-6b1508512cd3', '2d275ae4-9bda-42d7-a98b-0c5c22a7346f', 19) ON CONFLICT DO NOTHING;
INSERT INTO score_sheet_items (id, score_sheet_id, period_criterion_id, score_value) VALUES ('0d3ae18e-7a31-4638-a778-276ee5026cd8', '4e38b495-1483-4f37-ade4-6b1508512cd3', 'b5706a3d-f4c5-46a9-a86c-4b4e3082665c', 32) ON CONFLICT DO NOTHING;
INSERT INTO score_sheet_items (id, score_sheet_id, period_criterion_id, score_value) VALUES ('dfc00e67-33ef-432c-a8a1-7f8829f9076b', '4e38b495-1483-4f37-ade4-6b1508512cd3', '73155527-14c8-4fff-a5a3-8847cbf901cc', 25) ON CONFLICT DO NOTHING;
INSERT INTO score_sheet_items (id, score_sheet_id, period_criterion_id, score_value) VALUES ('bcc9f349-4610-4cf1-a5d0-606d8feb84b9', '4e38b495-1483-4f37-ade4-6b1508512cd3', '93da0efc-1f68-4c82-afa8-15b5afd72df7', 18) ON CONFLICT DO NOTHING;
INSERT INTO score_sheets (id, period_id, project_id, juror_id, status, comment, started_at, last_activity_at) VALUES ('fd158ce4-d9fa-458c-a4a1-5650268ab0b0', '10abd4e8-0cb9-4853-a17c-ac40da311bff', '667b7df9-720b-44ea-a5c0-47ee35ca31b7', '74499a66-86e7-4d92-ade1-70ba9b770ef0', 'submitted', NULL, (timestamp '2025-06-09 09:00:00' + interval '30 hours 27 minutes') - interval '30 mins', (timestamp '2025-06-09 09:00:00' + interval '30 hours 27 minutes')) ON CONFLICT DO NOTHING;
INSERT INTO score_sheet_items (id, score_sheet_id, period_criterion_id, score_value) VALUES ('3edaa9ae-352f-4ea7-acd5-80fcd492140e', 'fd158ce4-d9fa-458c-a4a1-5650268ab0b0', '2d275ae4-9bda-42d7-a98b-0c5c22a7346f', 15) ON CONFLICT DO NOTHING;
INSERT INTO score_sheet_items (id, score_sheet_id, period_criterion_id, score_value) VALUES ('c2daa6bc-fbe3-47a8-af17-8ac2d0259628', 'fd158ce4-d9fa-458c-a4a1-5650268ab0b0', 'b5706a3d-f4c5-46a9-a86c-4b4e3082665c', 29) ON CONFLICT DO NOTHING;
INSERT INTO score_sheet_items (id, score_sheet_id, period_criterion_id, score_value) VALUES ('b675433e-7e23-4f56-a5ea-44e5c0b0a87e', 'fd158ce4-d9fa-458c-a4a1-5650268ab0b0', '73155527-14c8-4fff-a5a3-8847cbf901cc', 20) ON CONFLICT DO NOTHING;
INSERT INTO score_sheet_items (id, score_sheet_id, period_criterion_id, score_value) VALUES ('5bd6ab01-675e-4f40-ae28-54c1cfb75e65', 'fd158ce4-d9fa-458c-a4a1-5650268ab0b0', '93da0efc-1f68-4c82-afa8-15b5afd72df7', 16) ON CONFLICT DO NOTHING;
INSERT INTO score_sheets (id, period_id, project_id, juror_id, status, comment, started_at, last_activity_at) VALUES ('c1f43929-34c9-4c92-a83a-43c25833e3d6', '10abd4e8-0cb9-4853-a17c-ac40da311bff', '77459bde-2dda-4848-a5c5-22decb273d5e', '74499a66-86e7-4d92-ade1-70ba9b770ef0', 'submitted', 'Solid engineering work with clear methodology.', (timestamp '2025-06-09 09:00:00' + interval '4 hours 8 minutes') - interval '30 mins', (timestamp '2025-06-09 09:00:00' + interval '4 hours 8 minutes')) ON CONFLICT DO NOTHING;
INSERT INTO score_sheet_items (id, score_sheet_id, period_criterion_id, score_value) VALUES ('6f59d775-db4d-4191-a204-621471688451', 'c1f43929-34c9-4c92-a83a-43c25833e3d6', '2d275ae4-9bda-42d7-a98b-0c5c22a7346f', 16) ON CONFLICT DO NOTHING;
INSERT INTO score_sheet_items (id, score_sheet_id, period_criterion_id, score_value) VALUES ('c24360c3-a1e4-41dd-aee6-d755ea8c4af2', 'c1f43929-34c9-4c92-a83a-43c25833e3d6', 'b5706a3d-f4c5-46a9-a86c-4b4e3082665c', 29) ON CONFLICT DO NOTHING;
INSERT INTO score_sheet_items (id, score_sheet_id, period_criterion_id, score_value) VALUES ('41b1600d-a2b6-41bb-a9a1-27323807a4fb', 'c1f43929-34c9-4c92-a83a-43c25833e3d6', '73155527-14c8-4fff-a5a3-8847cbf901cc', 22) ON CONFLICT DO NOTHING;
INSERT INTO score_sheet_items (id, score_sheet_id, period_criterion_id, score_value) VALUES ('ed84de2a-8552-4687-af57-4af309d03e47', 'c1f43929-34c9-4c92-a83a-43c25833e3d6', '93da0efc-1f68-4c82-afa8-15b5afd72df7', 16) ON CONFLICT DO NOTHING;
INSERT INTO score_sheets (id, period_id, project_id, juror_id, status, comment, started_at, last_activity_at) VALUES ('7a955cd2-6bf5-4fff-ad65-0446a9e56327', '10abd4e8-0cb9-4853-a17c-ac40da311bff', '773e8005-abb3-4115-aa62-224c65426bd5', '74499a66-86e7-4d92-ade1-70ba9b770ef0', 'submitted', 'Well-balanced project showing strength in all areas.', (timestamp '2025-06-09 09:00:00' + interval '17 hours 18 minutes') - interval '30 mins', (timestamp '2025-06-09 09:00:00' + interval '17 hours 18 minutes')) ON CONFLICT DO NOTHING;
INSERT INTO score_sheet_items (id, score_sheet_id, period_criterion_id, score_value) VALUES ('705b4fa8-109e-4e08-adcc-6669259815e1', '7a955cd2-6bf5-4fff-ad65-0446a9e56327', '2d275ae4-9bda-42d7-a98b-0c5c22a7346f', 18) ON CONFLICT DO NOTHING;
INSERT INTO score_sheet_items (id, score_sheet_id, period_criterion_id, score_value) VALUES ('85cfbb3f-f6f9-4ab2-a6f9-d01db1486d90', '7a955cd2-6bf5-4fff-ad65-0446a9e56327', 'b5706a3d-f4c5-46a9-a86c-4b4e3082665c', 29) ON CONFLICT DO NOTHING;
INSERT INTO score_sheet_items (id, score_sheet_id, period_criterion_id, score_value) VALUES ('f2c93ed2-f8db-4669-a6f5-55244d061536', '7a955cd2-6bf5-4fff-ad65-0446a9e56327', '73155527-14c8-4fff-a5a3-8847cbf901cc', 22) ON CONFLICT DO NOTHING;
INSERT INTO score_sheet_items (id, score_sheet_id, period_criterion_id, score_value) VALUES ('79771490-01e6-4727-a3bd-7ef70966680e', '7a955cd2-6bf5-4fff-ad65-0446a9e56327', '93da0efc-1f68-4c82-afa8-15b5afd72df7', 17) ON CONFLICT DO NOTHING;
INSERT INTO score_sheets (id, period_id, project_id, juror_id, status, comment, started_at, last_activity_at) VALUES ('20d7d387-9cd7-4b9f-a9c5-9a220fdd507c', '10abd4e8-0cb9-4853-a17c-ac40da311bff', '3306ba65-62d0-4044-a435-d9f457938b61', '74499a66-86e7-4d92-ade1-70ba9b770ef0', 'in_progress', NULL, (timestamp '2025-06-09 09:00:00' + interval '32 hours 21 minutes') - interval '30 mins', (timestamp '2025-06-09 09:00:00' + interval '32 hours 21 minutes')) ON CONFLICT DO NOTHING;
INSERT INTO score_sheet_items (id, score_sheet_id, period_criterion_id, score_value) VALUES ('e9da2333-178e-4c3d-a55c-03b41db4acca', '20d7d387-9cd7-4b9f-a9c5-9a220fdd507c', '2d275ae4-9bda-42d7-a98b-0c5c22a7346f', 18) ON CONFLICT DO NOTHING;
INSERT INTO score_sheet_items (id, score_sheet_id, period_criterion_id, score_value) VALUES ('3487a765-55bf-423e-ae2f-30d6ba2b6274', '20d7d387-9cd7-4b9f-a9c5-9a220fdd507c', 'b5706a3d-f4c5-46a9-a86c-4b4e3082665c', 28) ON CONFLICT DO NOTHING;
INSERT INTO score_sheets (id, period_id, project_id, juror_id, status, comment, started_at, last_activity_at) VALUES ('e0038701-67bf-468b-a274-97a85487c175', '10abd4e8-0cb9-4853-a17c-ac40da311bff', 'bfe219aa-e626-4093-acb4-0a8d92229438', '4f32d322-afb7-4042-a9d1-ce0c17a09a30', 'submitted', 'Top-tier project. Clear problem definition, excellent execution.', (timestamp '2025-06-09 09:00:00' + interval '12 hours 22 minutes') - interval '30 mins', (timestamp '2025-06-09 09:00:00' + interval '12 hours 22 minutes')) ON CONFLICT DO NOTHING;
INSERT INTO score_sheet_items (id, score_sheet_id, period_criterion_id, score_value) VALUES ('a0d3b42c-0352-47bc-a4c9-d9e6e64e80ac', 'e0038701-67bf-468b-a274-97a85487c175', '2d275ae4-9bda-42d7-a98b-0c5c22a7346f', 17) ON CONFLICT DO NOTHING;
INSERT INTO score_sheet_items (id, score_sheet_id, period_criterion_id, score_value) VALUES ('1bb81a47-4e16-4d85-a038-ba1f01c5cc61', 'e0038701-67bf-468b-a274-97a85487c175', 'b5706a3d-f4c5-46a9-a86c-4b4e3082665c', 31) ON CONFLICT DO NOTHING;
INSERT INTO score_sheet_items (id, score_sheet_id, period_criterion_id, score_value) VALUES ('efb46b07-dec8-4fa3-adef-ff127995ef9b', 'e0038701-67bf-468b-a274-97a85487c175', '73155527-14c8-4fff-a5a3-8847cbf901cc', 23) ON CONFLICT DO NOTHING;
INSERT INTO score_sheet_items (id, score_sheet_id, period_criterion_id, score_value) VALUES ('20542663-9485-496e-a38e-edb03a579c07', 'e0038701-67bf-468b-a274-97a85487c175', '93da0efc-1f68-4c82-afa8-15b5afd72df7', 17) ON CONFLICT DO NOTHING;
INSERT INTO score_sheets (id, period_id, project_id, juror_id, status, comment, started_at, last_activity_at) VALUES ('19da8637-f6c7-4d26-a56d-b3b9942fc208', '10abd4e8-0cb9-4853-a17c-ac40da311bff', '667b7df9-720b-44ea-a5c0-47ee35ca31b7', '4f32d322-afb7-4042-a9d1-ce0c17a09a30', 'submitted', NULL, (timestamp '2025-06-09 09:00:00' + interval '16 hours 28 minutes') - interval '30 mins', (timestamp '2025-06-09 09:00:00' + interval '16 hours 28 minutes')) ON CONFLICT DO NOTHING;
INSERT INTO score_sheet_items (id, score_sheet_id, period_criterion_id, score_value) VALUES ('177a7c3a-da65-461b-a88a-cf029c85f98a', '19da8637-f6c7-4d26-a56d-b3b9942fc208', '2d275ae4-9bda-42d7-a98b-0c5c22a7346f', 16) ON CONFLICT DO NOTHING;
INSERT INTO score_sheet_items (id, score_sheet_id, period_criterion_id, score_value) VALUES ('952ffe5f-5875-4807-a0bf-1ce9834f5d18', '19da8637-f6c7-4d26-a56d-b3b9942fc208', 'b5706a3d-f4c5-46a9-a86c-4b4e3082665c', 26) ON CONFLICT DO NOTHING;
INSERT INTO score_sheet_items (id, score_sheet_id, period_criterion_id, score_value) VALUES ('da1acb3a-66c3-4a26-a302-bcaddf107a6f', '19da8637-f6c7-4d26-a56d-b3b9942fc208', '73155527-14c8-4fff-a5a3-8847cbf901cc', 20) ON CONFLICT DO NOTHING;
INSERT INTO score_sheet_items (id, score_sheet_id, period_criterion_id, score_value) VALUES ('0dee4780-72bd-43c3-ab30-11f540fcb619', '19da8637-f6c7-4d26-a56d-b3b9942fc208', '93da0efc-1f68-4c82-afa8-15b5afd72df7', 16) ON CONFLICT DO NOTHING;
INSERT INTO score_sheets (id, period_id, project_id, juror_id, status, comment, started_at, last_activity_at) VALUES ('aa87b4f6-8f97-4c8b-ab9d-b302b69e4e45', '10abd4e8-0cb9-4853-a17c-ac40da311bff', '77459bde-2dda-4848-a5c5-22decb273d5e', '4f32d322-afb7-4042-a9d1-ce0c17a09a30', 'submitted', 'Well-rounded with good technical foundations.', (timestamp '2025-06-09 09:00:00' + interval '51 hours 20 minutes') - interval '30 mins', (timestamp '2025-06-09 09:00:00' + interval '51 hours 20 minutes')) ON CONFLICT DO NOTHING;
INSERT INTO score_sheet_items (id, score_sheet_id, period_criterion_id, score_value) VALUES ('a193cfaf-88fd-4dc4-a5f5-1b3f810119fb', 'aa87b4f6-8f97-4c8b-ab9d-b302b69e4e45', '2d275ae4-9bda-42d7-a98b-0c5c22a7346f', 16) ON CONFLICT DO NOTHING;
INSERT INTO score_sheet_items (id, score_sheet_id, period_criterion_id, score_value) VALUES ('85a5c43b-2f50-4c9f-a184-ec334e2c19c8', 'aa87b4f6-8f97-4c8b-ab9d-b302b69e4e45', 'b5706a3d-f4c5-46a9-a86c-4b4e3082665c', 28) ON CONFLICT DO NOTHING;
INSERT INTO score_sheet_items (id, score_sheet_id, period_criterion_id, score_value) VALUES ('57eb2e21-7c0a-4fe8-afbd-6122dbf25ca8', 'aa87b4f6-8f97-4c8b-ab9d-b302b69e4e45', '73155527-14c8-4fff-a5a3-8847cbf901cc', 19) ON CONFLICT DO NOTHING;
INSERT INTO score_sheet_items (id, score_sheet_id, period_criterion_id, score_value) VALUES ('7cc348b8-2a03-4008-ae35-cba0e59ce0e4', 'aa87b4f6-8f97-4c8b-ab9d-b302b69e4e45', '93da0efc-1f68-4c82-afa8-15b5afd72df7', 15) ON CONFLICT DO NOTHING;
INSERT INTO score_sheets (id, period_id, project_id, juror_id, status, comment, started_at, last_activity_at) VALUES ('dd439b69-fb62-438d-a366-ef361edc9094', '10abd4e8-0cb9-4853-a17c-ac40da311bff', '773e8005-abb3-4115-aa62-224c65426bd5', '4f32d322-afb7-4042-a9d1-ce0c17a09a30', 'submitted', NULL, (timestamp '2025-06-09 09:00:00' + interval '44 hours 56 minutes') - interval '30 mins', (timestamp '2025-06-09 09:00:00' + interval '44 hours 56 minutes')) ON CONFLICT DO NOTHING;
INSERT INTO score_sheet_items (id, score_sheet_id, period_criterion_id, score_value) VALUES ('ec2b09bb-3237-47c5-aaf2-e40af07976c3', 'dd439b69-fb62-438d-a366-ef361edc9094', '2d275ae4-9bda-42d7-a98b-0c5c22a7346f', 17) ON CONFLICT DO NOTHING;
INSERT INTO score_sheet_items (id, score_sheet_id, period_criterion_id, score_value) VALUES ('9d9cda18-40c6-49ff-a81a-f8382b5b7a6f', 'dd439b69-fb62-438d-a366-ef361edc9094', 'b5706a3d-f4c5-46a9-a86c-4b4e3082665c', 27) ON CONFLICT DO NOTHING;
INSERT INTO score_sheet_items (id, score_sheet_id, period_criterion_id, score_value) VALUES ('432166ae-4f1a-417c-ac90-92087ac71bbf', 'dd439b69-fb62-438d-a366-ef361edc9094', '73155527-14c8-4fff-a5a3-8847cbf901cc', 20) ON CONFLICT DO NOTHING;
INSERT INTO score_sheet_items (id, score_sheet_id, period_criterion_id, score_value) VALUES ('81e07770-1f8d-4898-a6dc-550f3105e2ac', 'dd439b69-fb62-438d-a366-ef361edc9094', '93da0efc-1f68-4c82-afa8-15b5afd72df7', 17) ON CONFLICT DO NOTHING;
INSERT INTO score_sheets (id, period_id, project_id, juror_id, status, comment, started_at, last_activity_at) VALUES ('1193174b-01e3-4165-ae43-96f5f6aa90d2', '10abd4e8-0cb9-4853-a17c-ac40da311bff', '3306ba65-62d0-4044-a435-d9f457938b61', '4f32d322-afb7-4042-a9d1-ce0c17a09a30', 'submitted', NULL, (timestamp '2025-06-09 09:00:00' + interval '47 hours 18 minutes') - interval '30 mins', (timestamp '2025-06-09 09:00:00' + interval '47 hours 18 minutes')) ON CONFLICT DO NOTHING;
INSERT INTO score_sheet_items (id, score_sheet_id, period_criterion_id, score_value) VALUES ('5d8db86a-b1ed-4760-a30b-65975552b4b5', '1193174b-01e3-4165-ae43-96f5f6aa90d2', '2d275ae4-9bda-42d7-a98b-0c5c22a7346f', 10) ON CONFLICT DO NOTHING;
INSERT INTO score_sheet_items (id, score_sheet_id, period_criterion_id, score_value) VALUES ('bfa0cb0b-f6b0-44d0-a370-9154599b6184', '1193174b-01e3-4165-ae43-96f5f6aa90d2', 'b5706a3d-f4c5-46a9-a86c-4b4e3082665c', 28) ON CONFLICT DO NOTHING;
INSERT INTO score_sheet_items (id, score_sheet_id, period_criterion_id, score_value) VALUES ('ae721362-aa38-4698-aca4-0908d79eae44', '1193174b-01e3-4165-ae43-96f5f6aa90d2', '73155527-14c8-4fff-a5a3-8847cbf901cc', 21) ON CONFLICT DO NOTHING;
INSERT INTO score_sheet_items (id, score_sheet_id, period_criterion_id, score_value) VALUES ('dbfedae5-1284-49e3-ac8e-89796808d52d', '1193174b-01e3-4165-ae43-96f5f6aa90d2', '93da0efc-1f68-4c82-afa8-15b5afd72df7', 12) ON CONFLICT DO NOTHING;
INSERT INTO score_sheets (id, period_id, project_id, juror_id, status, comment, started_at, last_activity_at) VALUES ('da4e2c87-943e-42ea-af48-30514d809177', '10abd4e8-0cb9-4853-a17c-ac40da311bff', '566b1cba-0607-4bc3-ab75-001d836f52fd', '4f32d322-afb7-4042-a9d1-ce0c17a09a30', 'submitted', NULL, (timestamp '2025-06-09 09:00:00' + interval '47 hours 54 minutes') - interval '30 mins', (timestamp '2025-06-09 09:00:00' + interval '47 hours 54 minutes')) ON CONFLICT DO NOTHING;
INSERT INTO score_sheet_items (id, score_sheet_id, period_criterion_id, score_value) VALUES ('7c3462a2-977d-4150-a26b-ca922914b900', 'da4e2c87-943e-42ea-af48-30514d809177', '2d275ae4-9bda-42d7-a98b-0c5c22a7346f', 18) ON CONFLICT DO NOTHING;
INSERT INTO score_sheet_items (id, score_sheet_id, period_criterion_id, score_value) VALUES ('1b339164-57b4-4b39-a761-bb44f46d7afb', 'da4e2c87-943e-42ea-af48-30514d809177', 'b5706a3d-f4c5-46a9-a86c-4b4e3082665c', 30) ON CONFLICT DO NOTHING;
INSERT INTO score_sheet_items (id, score_sheet_id, period_criterion_id, score_value) VALUES ('f13d1a03-bcbe-404a-a219-ccb3fe87e86f', 'da4e2c87-943e-42ea-af48-30514d809177', '73155527-14c8-4fff-a5a3-8847cbf901cc', 22) ON CONFLICT DO NOTHING;
INSERT INTO score_sheet_items (id, score_sheet_id, period_criterion_id, score_value) VALUES ('a0990347-ddf9-4448-a85a-9ec557c4d2f1', 'da4e2c87-943e-42ea-af48-30514d809177', '93da0efc-1f68-4c82-afa8-15b5afd72df7', 18) ON CONFLICT DO NOTHING;
INSERT INTO score_sheets (id, period_id, project_id, juror_id, status, comment, started_at, last_activity_at) VALUES ('d5823030-a49f-4c8a-abd4-5c2c18908eb2', '10abd4e8-0cb9-4853-a17c-ac40da311bff', '8e77b600-33f8-4c60-ab99-8877d4b5e3cb', '4f32d322-afb7-4042-a9d1-ce0c17a09a30', 'submitted', 'Adequate but uninspired. More depth needed.', (timestamp '2025-06-09 09:00:00' + interval '5 hours 47 minutes') - interval '30 mins', (timestamp '2025-06-09 09:00:00' + interval '5 hours 47 minutes')) ON CONFLICT DO NOTHING;
INSERT INTO score_sheet_items (id, score_sheet_id, period_criterion_id, score_value) VALUES ('657ce277-c4cc-43fa-a674-b05bd6ee4376', 'd5823030-a49f-4c8a-abd4-5c2c18908eb2', '2d275ae4-9bda-42d7-a98b-0c5c22a7346f', 14) ON CONFLICT DO NOTHING;
INSERT INTO score_sheet_items (id, score_sheet_id, period_criterion_id, score_value) VALUES ('953d1009-f407-4ffb-a14d-b82f6305c4df', 'd5823030-a49f-4c8a-abd4-5c2c18908eb2', 'b5706a3d-f4c5-46a9-a86c-4b4e3082665c', 22) ON CONFLICT DO NOTHING;
INSERT INTO score_sheet_items (id, score_sheet_id, period_criterion_id, score_value) VALUES ('39f5e45c-f080-4431-a031-c3bdacad080a', 'd5823030-a49f-4c8a-abd4-5c2c18908eb2', '73155527-14c8-4fff-a5a3-8847cbf901cc', 16) ON CONFLICT DO NOTHING;
INSERT INTO score_sheet_items (id, score_sheet_id, period_criterion_id, score_value) VALUES ('2923737d-9a59-4ab1-ad01-a66561bb96dc', 'd5823030-a49f-4c8a-abd4-5c2c18908eb2', '93da0efc-1f68-4c82-afa8-15b5afd72df7', 12) ON CONFLICT DO NOTHING;
INSERT INTO score_sheets (id, period_id, project_id, juror_id, status, comment, started_at, last_activity_at) VALUES ('05ee206a-69a3-48d9-a989-a3ac073b3cdf', '10abd4e8-0cb9-4853-a17c-ac40da311bff', '497d7e77-85d4-4805-a55d-14f26b24df0a', '4f32d322-afb7-4042-a9d1-ce0c17a09a30', 'submitted', 'Reasonable effort with expected results.', (timestamp '2025-06-09 09:00:00' + interval '41 hours 52 minutes') - interval '30 mins', (timestamp '2025-06-09 09:00:00' + interval '41 hours 52 minutes')) ON CONFLICT DO NOTHING;
INSERT INTO score_sheet_items (id, score_sheet_id, period_criterion_id, score_value) VALUES ('20272752-06cc-431a-a333-227a082c06f2', '05ee206a-69a3-48d9-a989-a3ac073b3cdf', '2d275ae4-9bda-42d7-a98b-0c5c22a7346f', 15) ON CONFLICT DO NOTHING;
INSERT INTO score_sheet_items (id, score_sheet_id, period_criterion_id, score_value) VALUES ('7ef6fd96-1a82-4b65-aae7-87fcec41e32b', '05ee206a-69a3-48d9-a989-a3ac073b3cdf', 'b5706a3d-f4c5-46a9-a86c-4b4e3082665c', 24) ON CONFLICT DO NOTHING;
INSERT INTO score_sheet_items (id, score_sheet_id, period_criterion_id, score_value) VALUES ('0ab2c812-5b46-4f80-a2dc-11e12560dccf', '05ee206a-69a3-48d9-a989-a3ac073b3cdf', '73155527-14c8-4fff-a5a3-8847cbf901cc', 19) ON CONFLICT DO NOTHING;
INSERT INTO score_sheet_items (id, score_sheet_id, period_criterion_id, score_value) VALUES ('100f6991-e39d-4d0d-a517-60f4dc9dfd5a', '05ee206a-69a3-48d9-a989-a3ac073b3cdf', '93da0efc-1f68-4c82-afa8-15b5afd72df7', 14) ON CONFLICT DO NOTHING;
INSERT INTO score_sheets (id, period_id, project_id, juror_id, status, comment, started_at, last_activity_at) VALUES ('f9d4087d-c341-4c99-ab2e-90b8415fd7d2', '10abd4e8-0cb9-4853-a17c-ac40da311bff', 'bfe219aa-e626-4093-acb4-0a8d92229438', 'a71bad63-0a65-47a2-a5a5-623ab35c9ba7', 'submitted', 'Remarkable quality — set the bar for the session.', (timestamp '2025-06-09 09:00:00' + interval '52 hours 19 minutes') - interval '30 mins', (timestamp '2025-06-09 09:00:00' + interval '52 hours 19 minutes')) ON CONFLICT DO NOTHING;
INSERT INTO score_sheet_items (id, score_sheet_id, period_criterion_id, score_value) VALUES ('f18d6d5d-22ab-4cbf-a41d-23f8c5e362fb', 'f9d4087d-c341-4c99-ab2e-90b8415fd7d2', '2d275ae4-9bda-42d7-a98b-0c5c22a7346f', 18) ON CONFLICT DO NOTHING;
INSERT INTO score_sheet_items (id, score_sheet_id, period_criterion_id, score_value) VALUES ('68e49490-3983-4b58-af1a-653ad37b0ec8', 'f9d4087d-c341-4c99-ab2e-90b8415fd7d2', 'b5706a3d-f4c5-46a9-a86c-4b4e3082665c', 34) ON CONFLICT DO NOTHING;
INSERT INTO score_sheet_items (id, score_sheet_id, period_criterion_id, score_value) VALUES ('75503be5-a448-4394-a8aa-722047d33046', 'f9d4087d-c341-4c99-ab2e-90b8415fd7d2', '73155527-14c8-4fff-a5a3-8847cbf901cc', 22) ON CONFLICT DO NOTHING;
INSERT INTO score_sheet_items (id, score_sheet_id, period_criterion_id, score_value) VALUES ('6514d660-c3a1-4805-a7cc-1bcd394bd987', 'f9d4087d-c341-4c99-ab2e-90b8415fd7d2', '93da0efc-1f68-4c82-afa8-15b5afd72df7', 19) ON CONFLICT DO NOTHING;
INSERT INTO score_sheets (id, period_id, project_id, juror_id, status, comment, started_at, last_activity_at) VALUES ('47f3897b-50c6-48d5-afd6-b6a397a0e726', '10abd4e8-0cb9-4853-a17c-ac40da311bff', '667b7df9-720b-44ea-a5c0-47ee35ca31b7', 'a71bad63-0a65-47a2-a5a5-623ab35c9ba7', 'submitted', NULL, (timestamp '2025-06-09 09:00:00' + interval '12 hours 37 minutes') - interval '30 mins', (timestamp '2025-06-09 09:00:00' + interval '12 hours 37 minutes')) ON CONFLICT DO NOTHING;
INSERT INTO score_sheet_items (id, score_sheet_id, period_criterion_id, score_value) VALUES ('21af0703-ecb4-4346-af6d-47b7221e5573', '47f3897b-50c6-48d5-afd6-b6a397a0e726', '2d275ae4-9bda-42d7-a98b-0c5c22a7346f', 17) ON CONFLICT DO NOTHING;
INSERT INTO score_sheet_items (id, score_sheet_id, period_criterion_id, score_value) VALUES ('95713384-cd24-4b8c-a54a-a2bc6a7486ba', '47f3897b-50c6-48d5-afd6-b6a397a0e726', 'b5706a3d-f4c5-46a9-a86c-4b4e3082665c', 29) ON CONFLICT DO NOTHING;
INSERT INTO score_sheet_items (id, score_sheet_id, period_criterion_id, score_value) VALUES ('f7876564-6687-434e-ac15-7dea8cc6504d', '47f3897b-50c6-48d5-afd6-b6a397a0e726', '73155527-14c8-4fff-a5a3-8847cbf901cc', 20) ON CONFLICT DO NOTHING;
INSERT INTO score_sheet_items (id, score_sheet_id, period_criterion_id, score_value) VALUES ('2a52abbc-d95d-45dc-a82f-1365af29c207', '47f3897b-50c6-48d5-afd6-b6a397a0e726', '93da0efc-1f68-4c82-afa8-15b5afd72df7', 17) ON CONFLICT DO NOTHING;
INSERT INTO score_sheets (id, period_id, project_id, juror_id, status, comment, started_at, last_activity_at) VALUES ('70758308-1534-42ef-af57-9bee35d3cbf3', '10abd4e8-0cb9-4853-a17c-ac40da311bff', '77459bde-2dda-4848-a5c5-22decb273d5e', 'a71bad63-0a65-47a2-a5a5-623ab35c9ba7', 'submitted', 'Solid engineering work with clear methodology.', (timestamp '2025-06-09 09:00:00' + interval '45 hours 36 minutes') - interval '30 mins', (timestamp '2025-06-09 09:00:00' + interval '45 hours 36 minutes')) ON CONFLICT DO NOTHING;
INSERT INTO score_sheet_items (id, score_sheet_id, period_criterion_id, score_value) VALUES ('ddeabe7f-d588-4d56-a853-f2067cedff21', '70758308-1534-42ef-af57-9bee35d3cbf3', '2d275ae4-9bda-42d7-a98b-0c5c22a7346f', 15) ON CONFLICT DO NOTHING;
INSERT INTO score_sheet_items (id, score_sheet_id, period_criterion_id, score_value) VALUES ('34e61bdc-ca91-4e2d-a992-6223d7513f46', '70758308-1534-42ef-af57-9bee35d3cbf3', 'b5706a3d-f4c5-46a9-a86c-4b4e3082665c', 29) ON CONFLICT DO NOTHING;
INSERT INTO score_sheet_items (id, score_sheet_id, period_criterion_id, score_value) VALUES ('d387b9c0-8a62-4a33-a21e-e4c0ad40717f', '70758308-1534-42ef-af57-9bee35d3cbf3', '73155527-14c8-4fff-a5a3-8847cbf901cc', 20) ON CONFLICT DO NOTHING;
INSERT INTO score_sheet_items (id, score_sheet_id, period_criterion_id, score_value) VALUES ('a0b902e0-f8f7-4aea-a339-61552e7a0cb5', '70758308-1534-42ef-af57-9bee35d3cbf3', '93da0efc-1f68-4c82-afa8-15b5afd72df7', 14) ON CONFLICT DO NOTHING;
INSERT INTO score_sheets (id, period_id, project_id, juror_id, status, comment, started_at, last_activity_at) VALUES ('f864eb37-3077-44c1-ae8f-3e4f379382a7', '10abd4e8-0cb9-4853-a17c-ac40da311bff', '773e8005-abb3-4115-aa62-224c65426bd5', 'a71bad63-0a65-47a2-a5a5-623ab35c9ba7', 'submitted', 'Well-balanced project showing strength in all areas.', (timestamp '2025-06-09 09:00:00' + interval '27 hours 25 minutes') - interval '30 mins', (timestamp '2025-06-09 09:00:00' + interval '27 hours 25 minutes')) ON CONFLICT DO NOTHING;
INSERT INTO score_sheet_items (id, score_sheet_id, period_criterion_id, score_value) VALUES ('8707196a-dfb2-4019-ac34-918d4deabc32', 'f864eb37-3077-44c1-ae8f-3e4f379382a7', '2d275ae4-9bda-42d7-a98b-0c5c22a7346f', 17) ON CONFLICT DO NOTHING;
INSERT INTO score_sheet_items (id, score_sheet_id, period_criterion_id, score_value) VALUES ('dbed1114-6322-479c-a947-33f6559bab1c', 'f864eb37-3077-44c1-ae8f-3e4f379382a7', 'b5706a3d-f4c5-46a9-a86c-4b4e3082665c', 28) ON CONFLICT DO NOTHING;
INSERT INTO score_sheet_items (id, score_sheet_id, period_criterion_id, score_value) VALUES ('3237eec5-0608-4d84-a752-cee77c0eed78', 'f864eb37-3077-44c1-ae8f-3e4f379382a7', '73155527-14c8-4fff-a5a3-8847cbf901cc', 20) ON CONFLICT DO NOTHING;
INSERT INTO score_sheet_items (id, score_sheet_id, period_criterion_id, score_value) VALUES ('b1c5171e-b329-43d0-a0ca-610c5698732c', 'f864eb37-3077-44c1-ae8f-3e4f379382a7', '93da0efc-1f68-4c82-afa8-15b5afd72df7', 15) ON CONFLICT DO NOTHING;
INSERT INTO score_sheets (id, period_id, project_id, juror_id, status, comment, started_at, last_activity_at) VALUES ('e9223ac7-6493-4f6c-a121-bca429a8342e', '10abd4e8-0cb9-4853-a17c-ac40da311bff', '3306ba65-62d0-4044-a435-d9f457938b61', 'a71bad63-0a65-47a2-a5a5-623ab35c9ba7', 'submitted', NULL, (timestamp '2025-06-09 09:00:00' + interval '8 hours 48 minutes') - interval '30 mins', (timestamp '2025-06-09 09:00:00' + interval '8 hours 48 minutes')) ON CONFLICT DO NOTHING;
INSERT INTO score_sheet_items (id, score_sheet_id, period_criterion_id, score_value) VALUES ('453b9b5e-e70f-4c0e-ac0d-eefbee4f7f71', 'e9223ac7-6493-4f6c-a121-bca429a8342e', '2d275ae4-9bda-42d7-a98b-0c5c22a7346f', 15) ON CONFLICT DO NOTHING;
INSERT INTO score_sheet_items (id, score_sheet_id, period_criterion_id, score_value) VALUES ('ff6f95cb-7204-42ac-af2b-891c7c1fd217', 'e9223ac7-6493-4f6c-a121-bca429a8342e', 'b5706a3d-f4c5-46a9-a86c-4b4e3082665c', 30) ON CONFLICT DO NOTHING;
INSERT INTO score_sheet_items (id, score_sheet_id, period_criterion_id, score_value) VALUES ('418b4f46-5aa5-4155-aaf2-c9f36e5a594b', 'e9223ac7-6493-4f6c-a121-bca429a8342e', '73155527-14c8-4fff-a5a3-8847cbf901cc', 13) ON CONFLICT DO NOTHING;
INSERT INTO score_sheet_items (id, score_sheet_id, period_criterion_id, score_value) VALUES ('7b8715a6-bf0f-4bb4-ae2f-c41508c53dac', 'e9223ac7-6493-4f6c-a121-bca429a8342e', '93da0efc-1f68-4c82-afa8-15b5afd72df7', 17) ON CONFLICT DO NOTHING;
INSERT INTO score_sheets (id, period_id, project_id, juror_id, status, comment, started_at, last_activity_at) VALUES ('9e359c90-aaf5-4cb3-a68b-4ef4d3cb5ab1', '10abd4e8-0cb9-4853-a17c-ac40da311bff', '566b1cba-0607-4bc3-ab75-001d836f52fd', 'a71bad63-0a65-47a2-a5a5-623ab35c9ba7', 'submitted', NULL, (timestamp '2025-06-09 09:00:00' + interval '53 hours 27 minutes') - interval '30 mins', (timestamp '2025-06-09 09:00:00' + interval '53 hours 27 minutes')) ON CONFLICT DO NOTHING;
INSERT INTO score_sheet_items (id, score_sheet_id, period_criterion_id, score_value) VALUES ('9038a6b1-aaec-43ff-aec1-3c52d8b0ea36', '9e359c90-aaf5-4cb3-a68b-4ef4d3cb5ab1', '2d275ae4-9bda-42d7-a98b-0c5c22a7346f', 18) ON CONFLICT DO NOTHING;
INSERT INTO score_sheet_items (id, score_sheet_id, period_criterion_id, score_value) VALUES ('866500be-16cd-49f6-a803-a492b4885897', '9e359c90-aaf5-4cb3-a68b-4ef4d3cb5ab1', 'b5706a3d-f4c5-46a9-a86c-4b4e3082665c', 31) ON CONFLICT DO NOTHING;
INSERT INTO score_sheet_items (id, score_sheet_id, period_criterion_id, score_value) VALUES ('c1735f65-c802-4c5b-a6ea-39937aef04f7', '9e359c90-aaf5-4cb3-a68b-4ef4d3cb5ab1', '73155527-14c8-4fff-a5a3-8847cbf901cc', 22) ON CONFLICT DO NOTHING;
INSERT INTO score_sheet_items (id, score_sheet_id, period_criterion_id, score_value) VALUES ('32895a63-50b5-4cb6-a1f6-0cc16d360d6e', '9e359c90-aaf5-4cb3-a68b-4ef4d3cb5ab1', '93da0efc-1f68-4c82-afa8-15b5afd72df7', 18) ON CONFLICT DO NOTHING;
INSERT INTO score_sheets (id, period_id, project_id, juror_id, status, comment, started_at, last_activity_at) VALUES ('807dcc55-4d33-42f3-a1f8-216baf12697e', '10abd4e8-0cb9-4853-a17c-ac40da311bff', '8e77b600-33f8-4c60-ab99-8877d4b5e3cb', 'a71bad63-0a65-47a2-a5a5-623ab35c9ba7', 'submitted', NULL, (timestamp '2025-06-09 09:00:00' + interval '21 hours 11 minutes') - interval '30 mins', (timestamp '2025-06-09 09:00:00' + interval '21 hours 11 minutes')) ON CONFLICT DO NOTHING;
INSERT INTO score_sheet_items (id, score_sheet_id, period_criterion_id, score_value) VALUES ('fa037863-f487-4901-a585-8f7b4cbd9e1a', '807dcc55-4d33-42f3-a1f8-216baf12697e', '2d275ae4-9bda-42d7-a98b-0c5c22a7346f', 13) ON CONFLICT DO NOTHING;
INSERT INTO score_sheet_items (id, score_sheet_id, period_criterion_id, score_value) VALUES ('90952ee8-8c6b-442d-a890-9241efeaf22f', '807dcc55-4d33-42f3-a1f8-216baf12697e', 'b5706a3d-f4c5-46a9-a86c-4b4e3082665c', 25) ON CONFLICT DO NOTHING;
INSERT INTO score_sheet_items (id, score_sheet_id, period_criterion_id, score_value) VALUES ('4ddf8299-1995-47c7-ae61-6e03ebdf6270', '807dcc55-4d33-42f3-a1f8-216baf12697e', '73155527-14c8-4fff-a5a3-8847cbf901cc', 15) ON CONFLICT DO NOTHING;
INSERT INTO score_sheet_items (id, score_sheet_id, period_criterion_id, score_value) VALUES ('24585a62-8fd9-4aa1-ad84-8ce5b9c84226', '807dcc55-4d33-42f3-a1f8-216baf12697e', '93da0efc-1f68-4c82-afa8-15b5afd72df7', 12) ON CONFLICT DO NOTHING;
INSERT INTO score_sheets (id, period_id, project_id, juror_id, status, comment, started_at, last_activity_at) VALUES ('0ae78636-0cb8-4327-adf6-d080e4b16712', '10abd4e8-0cb9-4853-a17c-ac40da311bff', '497d7e77-85d4-4805-a55d-14f26b24df0a', 'a71bad63-0a65-47a2-a5a5-623ab35c9ba7', 'submitted', NULL, (timestamp '2025-06-09 09:00:00' + interval '59 hours 47 minutes') - interval '30 mins', (timestamp '2025-06-09 09:00:00' + interval '59 hours 47 minutes')) ON CONFLICT DO NOTHING;
INSERT INTO score_sheet_items (id, score_sheet_id, period_criterion_id, score_value) VALUES ('565d8380-789f-49e3-a1e6-603a4b2247b6', '0ae78636-0cb8-4327-adf6-d080e4b16712', '2d275ae4-9bda-42d7-a98b-0c5c22a7346f', 15) ON CONFLICT DO NOTHING;
INSERT INTO score_sheet_items (id, score_sheet_id, period_criterion_id, score_value) VALUES ('a4ce89aa-13a5-4adc-ab60-c42ef1bbf9cd', '0ae78636-0cb8-4327-adf6-d080e4b16712', 'b5706a3d-f4c5-46a9-a86c-4b4e3082665c', 23) ON CONFLICT DO NOTHING;
INSERT INTO score_sheet_items (id, score_sheet_id, period_criterion_id, score_value) VALUES ('2cbd8e13-875c-4e5e-af4b-c74135dab21e', '0ae78636-0cb8-4327-adf6-d080e4b16712', '73155527-14c8-4fff-a5a3-8847cbf901cc', 17) ON CONFLICT DO NOTHING;
INSERT INTO score_sheet_items (id, score_sheet_id, period_criterion_id, score_value) VALUES ('a03f3904-bd64-426c-adfe-39ade8f53687', '0ae78636-0cb8-4327-adf6-d080e4b16712', '93da0efc-1f68-4c82-afa8-15b5afd72df7', 13) ON CONFLICT DO NOTHING;
INSERT INTO score_sheets (id, period_id, project_id, juror_id, status, comment, started_at, last_activity_at) VALUES ('6c24b1af-aff7-49a5-ac96-dd2607b48bd3', '10abd4e8-0cb9-4853-a17c-ac40da311bff', 'bfe219aa-e626-4093-acb4-0a8d92229438', '90b0f6e9-df50-48dd-a681-07bd983240ab', 'submitted', 'Exceptional work across all dimensions.', (timestamp '2025-06-09 09:00:00' + interval '52 hours 57 minutes') - interval '30 mins', (timestamp '2025-06-09 09:00:00' + interval '52 hours 57 minutes')) ON CONFLICT DO NOTHING;
INSERT INTO score_sheet_items (id, score_sheet_id, period_criterion_id, score_value) VALUES ('70894c91-e5f0-407e-ab19-a8c177c6ddec', '6c24b1af-aff7-49a5-ac96-dd2607b48bd3', '2d275ae4-9bda-42d7-a98b-0c5c22a7346f', 18) ON CONFLICT DO NOTHING;
INSERT INTO score_sheet_items (id, score_sheet_id, period_criterion_id, score_value) VALUES ('ea43e515-51e5-4daa-a3a3-66b568533fb5', '6c24b1af-aff7-49a5-ac96-dd2607b48bd3', 'b5706a3d-f4c5-46a9-a86c-4b4e3082665c', 31) ON CONFLICT DO NOTHING;
INSERT INTO score_sheet_items (id, score_sheet_id, period_criterion_id, score_value) VALUES ('662c78f0-ca61-4fb4-a8ec-487774335a85', '6c24b1af-aff7-49a5-ac96-dd2607b48bd3', '73155527-14c8-4fff-a5a3-8847cbf901cc', 23) ON CONFLICT DO NOTHING;
INSERT INTO score_sheet_items (id, score_sheet_id, period_criterion_id, score_value) VALUES ('5e4dfdf7-0d6a-47eb-a655-6655c3be0a52', '6c24b1af-aff7-49a5-ac96-dd2607b48bd3', '93da0efc-1f68-4c82-afa8-15b5afd72df7', 18) ON CONFLICT DO NOTHING;
INSERT INTO score_sheets (id, period_id, project_id, juror_id, status, comment, started_at, last_activity_at) VALUES ('87f71b3d-681f-4d83-a6b6-1f355f9221e4', '10abd4e8-0cb9-4853-a17c-ac40da311bff', '667b7df9-720b-44ea-a5c0-47ee35ca31b7', '90b0f6e9-df50-48dd-a681-07bd983240ab', 'submitted', NULL, (timestamp '2025-06-09 09:00:00' + interval '26 hours 59 minutes') - interval '30 mins', (timestamp '2025-06-09 09:00:00' + interval '26 hours 59 minutes')) ON CONFLICT DO NOTHING;
INSERT INTO score_sheet_items (id, score_sheet_id, period_criterion_id, score_value) VALUES ('03b6444f-cd85-41d6-aab8-8fdfada3337c', '87f71b3d-681f-4d83-a6b6-1f355f9221e4', '2d275ae4-9bda-42d7-a98b-0c5c22a7346f', 17) ON CONFLICT DO NOTHING;
INSERT INTO score_sheet_items (id, score_sheet_id, period_criterion_id, score_value) VALUES ('6744c038-0e26-4b99-a1a6-d860d3bb07a9', '87f71b3d-681f-4d83-a6b6-1f355f9221e4', 'b5706a3d-f4c5-46a9-a86c-4b4e3082665c', 27) ON CONFLICT DO NOTHING;
INSERT INTO score_sheet_items (id, score_sheet_id, period_criterion_id, score_value) VALUES ('fcc29e55-8bd9-4a16-ae36-1872260d4446', '87f71b3d-681f-4d83-a6b6-1f355f9221e4', '73155527-14c8-4fff-a5a3-8847cbf901cc', 19) ON CONFLICT DO NOTHING;
INSERT INTO score_sheet_items (id, score_sheet_id, period_criterion_id, score_value) VALUES ('5ddddac1-e7e8-474a-aaf1-4ec79c0c70f4', '87f71b3d-681f-4d83-a6b6-1f355f9221e4', '93da0efc-1f68-4c82-afa8-15b5afd72df7', 14) ON CONFLICT DO NOTHING;
INSERT INTO score_sheets (id, period_id, project_id, juror_id, status, comment, started_at, last_activity_at) VALUES ('d5042768-e2f0-47ed-afca-c0a19efba006', '10abd4e8-0cb9-4853-a17c-ac40da311bff', '77459bde-2dda-4848-a5c5-22decb273d5e', '90b0f6e9-df50-48dd-a681-07bd983240ab', 'submitted', NULL, (timestamp '2025-06-09 09:00:00' + interval '12 hours 0 minutes') - interval '30 mins', (timestamp '2025-06-09 09:00:00' + interval '12 hours 0 minutes')) ON CONFLICT DO NOTHING;
INSERT INTO score_sheet_items (id, score_sheet_id, period_criterion_id, score_value) VALUES ('f97ae833-28cd-4b7f-a462-88d091f24bfd', 'd5042768-e2f0-47ed-afca-c0a19efba006', '2d275ae4-9bda-42d7-a98b-0c5c22a7346f', 16) ON CONFLICT DO NOTHING;
INSERT INTO score_sheet_items (id, score_sheet_id, period_criterion_id, score_value) VALUES ('1403ca92-2c06-4058-a408-530a74618497', 'd5042768-e2f0-47ed-afca-c0a19efba006', 'b5706a3d-f4c5-46a9-a86c-4b4e3082665c', 26) ON CONFLICT DO NOTHING;
INSERT INTO score_sheet_items (id, score_sheet_id, period_criterion_id, score_value) VALUES ('42604fe2-6915-4d3b-a4f6-b36e6d7f119e', 'd5042768-e2f0-47ed-afca-c0a19efba006', '73155527-14c8-4fff-a5a3-8847cbf901cc', 19) ON CONFLICT DO NOTHING;
INSERT INTO score_sheet_items (id, score_sheet_id, period_criterion_id, score_value) VALUES ('77ea3a6f-07b0-4b4d-abe5-fd01861cced4', 'd5042768-e2f0-47ed-afca-c0a19efba006', '93da0efc-1f68-4c82-afa8-15b5afd72df7', 16) ON CONFLICT DO NOTHING;
INSERT INTO score_sheets (id, period_id, project_id, juror_id, status, comment, started_at, last_activity_at) VALUES ('84ad268c-ffce-49cf-af53-639355962b1f', '10abd4e8-0cb9-4853-a17c-ac40da311bff', '773e8005-abb3-4115-aa62-224c65426bd5', '90b0f6e9-df50-48dd-a681-07bd983240ab', 'submitted', NULL, (timestamp '2025-06-09 09:00:00' + interval '43 hours 32 minutes') - interval '30 mins', (timestamp '2025-06-09 09:00:00' + interval '43 hours 32 minutes')) ON CONFLICT DO NOTHING;
INSERT INTO score_sheet_items (id, score_sheet_id, period_criterion_id, score_value) VALUES ('74c68de2-0697-4fb8-a724-927fbdda80e0', '84ad268c-ffce-49cf-af53-639355962b1f', '2d275ae4-9bda-42d7-a98b-0c5c22a7346f', 16) ON CONFLICT DO NOTHING;
INSERT INTO score_sheet_items (id, score_sheet_id, period_criterion_id, score_value) VALUES ('58314372-a84e-4183-a3f0-5f82136fd05a', '84ad268c-ffce-49cf-af53-639355962b1f', 'b5706a3d-f4c5-46a9-a86c-4b4e3082665c', 27) ON CONFLICT DO NOTHING;
INSERT INTO score_sheet_items (id, score_sheet_id, period_criterion_id, score_value) VALUES ('fd6ce6dc-9742-4bfe-ae3b-5aed1aafb071', '84ad268c-ffce-49cf-af53-639355962b1f', '73155527-14c8-4fff-a5a3-8847cbf901cc', 19) ON CONFLICT DO NOTHING;
INSERT INTO score_sheet_items (id, score_sheet_id, period_criterion_id, score_value) VALUES ('3aac38ce-f848-4b6a-ad39-d42d7deef3fd', '84ad268c-ffce-49cf-af53-639355962b1f', '93da0efc-1f68-4c82-afa8-15b5afd72df7', 16) ON CONFLICT DO NOTHING;
INSERT INTO score_sheets (id, period_id, project_id, juror_id, status, comment, started_at, last_activity_at) VALUES ('4c4e2fe8-2a8d-4643-aa56-bc0dad6b6f3e', '10abd4e8-0cb9-4853-a17c-ac40da311bff', '3306ba65-62d0-4044-a435-d9f457938b61', '90b0f6e9-df50-48dd-a681-07bd983240ab', 'submitted', NULL, (timestamp '2025-06-09 09:00:00' + interval '31 hours 19 minutes') - interval '30 mins', (timestamp '2025-06-09 09:00:00' + interval '31 hours 19 minutes')) ON CONFLICT DO NOTHING;
INSERT INTO score_sheet_items (id, score_sheet_id, period_criterion_id, score_value) VALUES ('8cbd7a21-c874-4e6f-a171-1c59fedd10dc', '4c4e2fe8-2a8d-4643-aa56-bc0dad6b6f3e', '2d275ae4-9bda-42d7-a98b-0c5c22a7346f', 13) ON CONFLICT DO NOTHING;
INSERT INTO score_sheet_items (id, score_sheet_id, period_criterion_id, score_value) VALUES ('7c1d2249-40f0-42b8-af49-993619b3dd9e', '4c4e2fe8-2a8d-4643-aa56-bc0dad6b6f3e', 'b5706a3d-f4c5-46a9-a86c-4b4e3082665c', 33) ON CONFLICT DO NOTHING;
INSERT INTO score_sheet_items (id, score_sheet_id, period_criterion_id, score_value) VALUES ('f6c0ccae-3fb5-4b81-a704-22d094533a04', '4c4e2fe8-2a8d-4643-aa56-bc0dad6b6f3e', '73155527-14c8-4fff-a5a3-8847cbf901cc', 19) ON CONFLICT DO NOTHING;
INSERT INTO score_sheet_items (id, score_sheet_id, period_criterion_id, score_value) VALUES ('ce0d7a28-d5de-494c-a1d8-2e67db453843', '4c4e2fe8-2a8d-4643-aa56-bc0dad6b6f3e', '93da0efc-1f68-4c82-afa8-15b5afd72df7', 15) ON CONFLICT DO NOTHING;
INSERT INTO score_sheets (id, period_id, project_id, juror_id, status, comment, started_at, last_activity_at) VALUES ('260df1d5-4f76-4c4e-ad8d-a8cc2f843ae1', '10abd4e8-0cb9-4853-a17c-ac40da311bff', '566b1cba-0607-4bc3-ab75-001d836f52fd', '90b0f6e9-df50-48dd-a681-07bd983240ab', 'submitted', NULL, (timestamp '2025-06-09 09:00:00' + interval '55 hours 25 minutes') - interval '30 mins', (timestamp '2025-06-09 09:00:00' + interval '55 hours 25 minutes')) ON CONFLICT DO NOTHING;
INSERT INTO score_sheet_items (id, score_sheet_id, period_criterion_id, score_value) VALUES ('2a5e69b9-9233-48f9-af22-37c9d1281c36', '260df1d5-4f76-4c4e-ad8d-a8cc2f843ae1', '2d275ae4-9bda-42d7-a98b-0c5c22a7346f', 18) ON CONFLICT DO NOTHING;
INSERT INTO score_sheet_items (id, score_sheet_id, period_criterion_id, score_value) VALUES ('3b1c736b-1295-4f33-a69d-f0ce38a666b2', '260df1d5-4f76-4c4e-ad8d-a8cc2f843ae1', 'b5706a3d-f4c5-46a9-a86c-4b4e3082665c', 31) ON CONFLICT DO NOTHING;
INSERT INTO score_sheet_items (id, score_sheet_id, period_criterion_id, score_value) VALUES ('d2f5a18e-a29d-45f9-af55-61093a73b636', '260df1d5-4f76-4c4e-ad8d-a8cc2f843ae1', '73155527-14c8-4fff-a5a3-8847cbf901cc', 22) ON CONFLICT DO NOTHING;
INSERT INTO score_sheet_items (id, score_sheet_id, period_criterion_id, score_value) VALUES ('4502ea27-cb77-4e3a-a76b-b0b5c46f5f27', '260df1d5-4f76-4c4e-ad8d-a8cc2f843ae1', '93da0efc-1f68-4c82-afa8-15b5afd72df7', 18) ON CONFLICT DO NOTHING;
INSERT INTO score_sheets (id, period_id, project_id, juror_id, status, comment, started_at, last_activity_at) VALUES ('8ec00c20-10f2-4810-a1e7-718910475d90', '10abd4e8-0cb9-4853-a17c-ac40da311bff', '8e77b600-33f8-4c60-ab99-8877d4b5e3cb', '90b0f6e9-df50-48dd-a681-07bd983240ab', 'submitted', NULL, (timestamp '2025-06-09 09:00:00' + interval '55 hours 0 minutes') - interval '30 mins', (timestamp '2025-06-09 09:00:00' + interval '55 hours 0 minutes')) ON CONFLICT DO NOTHING;
INSERT INTO score_sheet_items (id, score_sheet_id, period_criterion_id, score_value) VALUES ('d0cd1dfa-c208-4c5d-aa36-8620b75a928d', '8ec00c20-10f2-4810-a1e7-718910475d90', '2d275ae4-9bda-42d7-a98b-0c5c22a7346f', 12) ON CONFLICT DO NOTHING;
INSERT INTO score_sheet_items (id, score_sheet_id, period_criterion_id, score_value) VALUES ('d5b8def3-291c-4776-a07e-06a00d33d855', '8ec00c20-10f2-4810-a1e7-718910475d90', 'b5706a3d-f4c5-46a9-a86c-4b4e3082665c', 23) ON CONFLICT DO NOTHING;
INSERT INTO score_sheet_items (id, score_sheet_id, period_criterion_id, score_value) VALUES ('78dc1c46-f265-4015-aafb-7eba759bb64b', '8ec00c20-10f2-4810-a1e7-718910475d90', '73155527-14c8-4fff-a5a3-8847cbf901cc', 15) ON CONFLICT DO NOTHING;
INSERT INTO score_sheet_items (id, score_sheet_id, period_criterion_id, score_value) VALUES ('eef27a2f-9bbb-447a-a09d-ef6efd503375', '8ec00c20-10f2-4810-a1e7-718910475d90', '93da0efc-1f68-4c82-afa8-15b5afd72df7', 14) ON CONFLICT DO NOTHING;
INSERT INTO score_sheets (id, period_id, project_id, juror_id, status, comment, started_at, last_activity_at) VALUES ('dafb0622-e2b8-4cc9-af9e-130795ae64f9', '10abd4e8-0cb9-4853-a17c-ac40da311bff', '497d7e77-85d4-4805-a55d-14f26b24df0a', '90b0f6e9-df50-48dd-a681-07bd983240ab', 'submitted', 'Reasonable effort with expected results.', (timestamp '2025-06-09 09:00:00' + interval '55 hours 25 minutes') - interval '30 mins', (timestamp '2025-06-09 09:00:00' + interval '55 hours 25 minutes')) ON CONFLICT DO NOTHING;
INSERT INTO score_sheet_items (id, score_sheet_id, period_criterion_id, score_value) VALUES ('e8614571-eb99-46ed-a61b-3b9f83080c6e', 'dafb0622-e2b8-4cc9-af9e-130795ae64f9', '2d275ae4-9bda-42d7-a98b-0c5c22a7346f', 15) ON CONFLICT DO NOTHING;
INSERT INTO score_sheet_items (id, score_sheet_id, period_criterion_id, score_value) VALUES ('62d73b54-6a93-4bac-a60e-e664b2833aab', 'dafb0622-e2b8-4cc9-af9e-130795ae64f9', 'b5706a3d-f4c5-46a9-a86c-4b4e3082665c', 26) ON CONFLICT DO NOTHING;
INSERT INTO score_sheet_items (id, score_sheet_id, period_criterion_id, score_value) VALUES ('3a7fc587-a5fc-4f9d-aa10-52a63d7d2c51', 'dafb0622-e2b8-4cc9-af9e-130795ae64f9', '73155527-14c8-4fff-a5a3-8847cbf901cc', 17) ON CONFLICT DO NOTHING;
INSERT INTO score_sheet_items (id, score_sheet_id, period_criterion_id, score_value) VALUES ('3e52d4af-d8ac-441c-a8b2-3f05532ee63f', 'dafb0622-e2b8-4cc9-af9e-130795ae64f9', '93da0efc-1f68-4c82-afa8-15b5afd72df7', 13) ON CONFLICT DO NOTHING;
INSERT INTO score_sheets (id, period_id, project_id, juror_id, status, comment, started_at, last_activity_at) VALUES ('507e883c-fc09-45f7-a084-ffe14751f2ca', '10abd4e8-0cb9-4853-a17c-ac40da311bff', 'bfe219aa-e626-4093-acb4-0a8d92229438', 'a9485bd7-418b-4214-aa61-d62783e538a7', 'submitted', 'Remarkable quality — set the bar for the session.', (timestamp '2025-06-09 09:00:00' + interval '23 hours 40 minutes') - interval '30 mins', (timestamp '2025-06-09 09:00:00' + interval '23 hours 40 minutes')) ON CONFLICT DO NOTHING;
INSERT INTO score_sheet_items (id, score_sheet_id, period_criterion_id, score_value) VALUES ('c973fb33-54ad-432f-a0f4-8c4085a2002b', '507e883c-fc09-45f7-a084-ffe14751f2ca', '2d275ae4-9bda-42d7-a98b-0c5c22a7346f', 20) ON CONFLICT DO NOTHING;
INSERT INTO score_sheet_items (id, score_sheet_id, period_criterion_id, score_value) VALUES ('dd17378c-2404-4978-a17b-208cf23db6ca', '507e883c-fc09-45f7-a084-ffe14751f2ca', 'b5706a3d-f4c5-46a9-a86c-4b4e3082665c', 33) ON CONFLICT DO NOTHING;
INSERT INTO score_sheet_items (id, score_sheet_id, period_criterion_id, score_value) VALUES ('2c3b8e8a-9dd3-4b02-af1e-b4f7106b9acf', '507e883c-fc09-45f7-a084-ffe14751f2ca', '73155527-14c8-4fff-a5a3-8847cbf901cc', 23) ON CONFLICT DO NOTHING;
INSERT INTO score_sheet_items (id, score_sheet_id, period_criterion_id, score_value) VALUES ('3b3680ee-27c6-41be-ad81-14b11b0445a3', '507e883c-fc09-45f7-a084-ffe14751f2ca', '93da0efc-1f68-4c82-afa8-15b5afd72df7', 20) ON CONFLICT DO NOTHING;
INSERT INTO score_sheets (id, period_id, project_id, juror_id, status, comment, started_at, last_activity_at) VALUES ('be5f51ff-146f-4816-a33d-932333c54af7', '10abd4e8-0cb9-4853-a17c-ac40da311bff', '667b7df9-720b-44ea-a5c0-47ee35ca31b7', 'a9485bd7-418b-4214-aa61-d62783e538a7', 'submitted', NULL, (timestamp '2025-06-09 09:00:00' + interval '6 hours 48 minutes') - interval '30 mins', (timestamp '2025-06-09 09:00:00' + interval '6 hours 48 minutes')) ON CONFLICT DO NOTHING;
INSERT INTO score_sheet_items (id, score_sheet_id, period_criterion_id, score_value) VALUES ('7f2bdfd0-6198-4da9-a0e4-bd0fd1f79536', 'be5f51ff-146f-4816-a33d-932333c54af7', '2d275ae4-9bda-42d7-a98b-0c5c22a7346f', 15) ON CONFLICT DO NOTHING;
INSERT INTO score_sheet_items (id, score_sheet_id, period_criterion_id, score_value) VALUES ('c763b756-8da1-4bde-ab06-8a789ca80352', 'be5f51ff-146f-4816-a33d-932333c54af7', 'b5706a3d-f4c5-46a9-a86c-4b4e3082665c', 30) ON CONFLICT DO NOTHING;
INSERT INTO score_sheet_items (id, score_sheet_id, period_criterion_id, score_value) VALUES ('337c9842-5420-4009-ad22-2e4f044e5332', 'be5f51ff-146f-4816-a33d-932333c54af7', '73155527-14c8-4fff-a5a3-8847cbf901cc', 21) ON CONFLICT DO NOTHING;
INSERT INTO score_sheet_items (id, score_sheet_id, period_criterion_id, score_value) VALUES ('8a79ec1c-eaf5-4d82-a25a-c188bcf5e19f', 'be5f51ff-146f-4816-a33d-932333c54af7', '93da0efc-1f68-4c82-afa8-15b5afd72df7', 16) ON CONFLICT DO NOTHING;
INSERT INTO score_sheets (id, period_id, project_id, juror_id, status, comment, started_at, last_activity_at) VALUES ('c37f4c52-d7ab-479e-a1ec-c34caae667c5', '10abd4e8-0cb9-4853-a17c-ac40da311bff', '77459bde-2dda-4848-a5c5-22decb273d5e', 'a9485bd7-418b-4214-aa61-d62783e538a7', 'submitted', NULL, (timestamp '2025-06-09 09:00:00' + interval '30 hours 51 minutes') - interval '30 mins', (timestamp '2025-06-09 09:00:00' + interval '30 hours 51 minutes')) ON CONFLICT DO NOTHING;
INSERT INTO score_sheet_items (id, score_sheet_id, period_criterion_id, score_value) VALUES ('f180544b-c8ca-4c5f-a41a-46263b154b02', 'c37f4c52-d7ab-479e-a1ec-c34caae667c5', '2d275ae4-9bda-42d7-a98b-0c5c22a7346f', 17) ON CONFLICT DO NOTHING;
INSERT INTO score_sheet_items (id, score_sheet_id, period_criterion_id, score_value) VALUES ('00abafab-3517-48d4-a647-da35db4a89f0', 'c37f4c52-d7ab-479e-a1ec-c34caae667c5', 'b5706a3d-f4c5-46a9-a86c-4b4e3082665c', 29) ON CONFLICT DO NOTHING;
INSERT INTO score_sheet_items (id, score_sheet_id, period_criterion_id, score_value) VALUES ('c8ffab49-9b7c-47f7-a221-42c12179d218', 'c37f4c52-d7ab-479e-a1ec-c34caae667c5', '73155527-14c8-4fff-a5a3-8847cbf901cc', 20) ON CONFLICT DO NOTHING;
INSERT INTO score_sheet_items (id, score_sheet_id, period_criterion_id, score_value) VALUES ('a006f683-2ad6-4b2f-ade6-86dbcfd04c13', 'c37f4c52-d7ab-479e-a1ec-c34caae667c5', '93da0efc-1f68-4c82-afa8-15b5afd72df7', 16) ON CONFLICT DO NOTHING;
INSERT INTO score_sheets (id, period_id, project_id, juror_id, status, comment, started_at, last_activity_at) VALUES ('d9c3a3ee-e392-4409-a074-0f740e2205e4', '10abd4e8-0cb9-4853-a17c-ac40da311bff', '773e8005-abb3-4115-aa62-224c65426bd5', 'a9485bd7-418b-4214-aa61-d62783e538a7', 'submitted', NULL, (timestamp '2025-06-09 09:00:00' + interval '12 hours 19 minutes') - interval '30 mins', (timestamp '2025-06-09 09:00:00' + interval '12 hours 19 minutes')) ON CONFLICT DO NOTHING;
INSERT INTO score_sheet_items (id, score_sheet_id, period_criterion_id, score_value) VALUES ('9275a40d-ece9-4bfc-a682-fb92c735ed84', 'd9c3a3ee-e392-4409-a074-0f740e2205e4', '2d275ae4-9bda-42d7-a98b-0c5c22a7346f', 17) ON CONFLICT DO NOTHING;
INSERT INTO score_sheet_items (id, score_sheet_id, period_criterion_id, score_value) VALUES ('3a7e848d-ba66-4274-ae2a-6c41ea7f3bec', 'd9c3a3ee-e392-4409-a074-0f740e2205e4', 'b5706a3d-f4c5-46a9-a86c-4b4e3082665c', 32) ON CONFLICT DO NOTHING;
INSERT INTO score_sheet_items (id, score_sheet_id, period_criterion_id, score_value) VALUES ('d9b5b80e-aaa1-48b2-a6e5-856b4bb50278', 'd9c3a3ee-e392-4409-a074-0f740e2205e4', '73155527-14c8-4fff-a5a3-8847cbf901cc', 23) ON CONFLICT DO NOTHING;
INSERT INTO score_sheet_items (id, score_sheet_id, period_criterion_id, score_value) VALUES ('b25d71d5-52b8-4292-a21d-d9ebd6ddcbec', 'd9c3a3ee-e392-4409-a074-0f740e2205e4', '93da0efc-1f68-4c82-afa8-15b5afd72df7', 18) ON CONFLICT DO NOTHING;
INSERT INTO score_sheets (id, period_id, project_id, juror_id, status, comment, started_at, last_activity_at) VALUES ('10fa181a-c2dc-4961-aaa8-2e2d38a06c20', '10abd4e8-0cb9-4853-a17c-ac40da311bff', '3306ba65-62d0-4044-a435-d9f457938b61', 'a9485bd7-418b-4214-aa61-d62783e538a7', 'submitted', 'Shows potential but needs more polish.', (timestamp '2025-06-09 09:00:00' + interval '19 hours 2 minutes') - interval '30 mins', (timestamp '2025-06-09 09:00:00' + interval '19 hours 2 minutes')) ON CONFLICT DO NOTHING;
INSERT INTO score_sheet_items (id, score_sheet_id, period_criterion_id, score_value) VALUES ('bd302edb-4d5d-446f-a203-b97b023903c5', '10fa181a-c2dc-4961-aaa8-2e2d38a06c20', '2d275ae4-9bda-42d7-a98b-0c5c22a7346f', 20) ON CONFLICT DO NOTHING;
INSERT INTO score_sheet_items (id, score_sheet_id, period_criterion_id, score_value) VALUES ('9ddc62f0-4a91-42fb-a344-789cb6d9c8f3', '10fa181a-c2dc-4961-aaa8-2e2d38a06c20', 'b5706a3d-f4c5-46a9-a86c-4b4e3082665c', 27) ON CONFLICT DO NOTHING;
INSERT INTO score_sheet_items (id, score_sheet_id, period_criterion_id, score_value) VALUES ('6ad618e7-fdce-482b-a43e-32d53e297a1c', '10fa181a-c2dc-4961-aaa8-2e2d38a06c20', '73155527-14c8-4fff-a5a3-8847cbf901cc', 25) ON CONFLICT DO NOTHING;
INSERT INTO score_sheet_items (id, score_sheet_id, period_criterion_id, score_value) VALUES ('8a204178-5e9b-4b52-a7cf-ccfef139a2eb', '10fa181a-c2dc-4961-aaa8-2e2d38a06c20', '93da0efc-1f68-4c82-afa8-15b5afd72df7', 20) ON CONFLICT DO NOTHING;
INSERT INTO score_sheets (id, period_id, project_id, juror_id, status, comment, started_at, last_activity_at) VALUES ('7a372034-2453-4d87-ac5f-e002545ca7ef', '10abd4e8-0cb9-4853-a17c-ac40da311bff', '566b1cba-0607-4bc3-ab75-001d836f52fd', 'a9485bd7-418b-4214-aa61-d62783e538a7', 'submitted', NULL, (timestamp '2025-06-09 09:00:00' + interval '54 hours 7 minutes') - interval '30 mins', (timestamp '2025-06-09 09:00:00' + interval '54 hours 7 minutes')) ON CONFLICT DO NOTHING;
INSERT INTO score_sheet_items (id, score_sheet_id, period_criterion_id, score_value) VALUES ('31194c49-1cb8-4793-ae99-0ed07ccc67ec', '7a372034-2453-4d87-ac5f-e002545ca7ef', '2d275ae4-9bda-42d7-a98b-0c5c22a7346f', 19) ON CONFLICT DO NOTHING;
INSERT INTO score_sheet_items (id, score_sheet_id, period_criterion_id, score_value) VALUES ('b6a21ec7-6d99-4a52-a9f9-4f9c60f59f0a', '7a372034-2453-4d87-ac5f-e002545ca7ef', 'b5706a3d-f4c5-46a9-a86c-4b4e3082665c', 33) ON CONFLICT DO NOTHING;
INSERT INTO score_sheet_items (id, score_sheet_id, period_criterion_id, score_value) VALUES ('db51e455-a3f7-4401-ad8b-af22662a5b1d', '7a372034-2453-4d87-ac5f-e002545ca7ef', '73155527-14c8-4fff-a5a3-8847cbf901cc', 23) ON CONFLICT DO NOTHING;
INSERT INTO score_sheet_items (id, score_sheet_id, period_criterion_id, score_value) VALUES ('0b8bfc00-6088-4857-a0d7-c7b6406a2426', '7a372034-2453-4d87-ac5f-e002545ca7ef', '93da0efc-1f68-4c82-afa8-15b5afd72df7', 19) ON CONFLICT DO NOTHING;
INSERT INTO score_sheets (id, period_id, project_id, juror_id, status, comment, started_at, last_activity_at) VALUES ('72ca716b-d75b-4e76-a2a3-1f035e484ba1', '10abd4e8-0cb9-4853-a17c-ac40da311bff', '8e77b600-33f8-4c60-ab99-8877d4b5e3cb', 'a9485bd7-418b-4214-aa61-d62783e538a7', 'submitted', 'On the edge — competent but room for improvement.', (timestamp '2025-06-09 09:00:00' + interval '18 hours 17 minutes') - interval '30 mins', (timestamp '2025-06-09 09:00:00' + interval '18 hours 17 minutes')) ON CONFLICT DO NOTHING;
INSERT INTO score_sheet_items (id, score_sheet_id, period_criterion_id, score_value) VALUES ('637c6139-7fb2-4e44-addc-b0a4f6428567', '72ca716b-d75b-4e76-a2a3-1f035e484ba1', '2d275ae4-9bda-42d7-a98b-0c5c22a7346f', 15) ON CONFLICT DO NOTHING;
INSERT INTO score_sheet_items (id, score_sheet_id, period_criterion_id, score_value) VALUES ('90ddf555-9a47-4a5c-ac19-2ef39fbde717', '72ca716b-d75b-4e76-a2a3-1f035e484ba1', 'b5706a3d-f4c5-46a9-a86c-4b4e3082665c', 21) ON CONFLICT DO NOTHING;
INSERT INTO score_sheet_items (id, score_sheet_id, period_criterion_id, score_value) VALUES ('80776dda-c20a-4c8f-a90b-a4854b70008c', '72ca716b-d75b-4e76-a2a3-1f035e484ba1', '73155527-14c8-4fff-a5a3-8847cbf901cc', 17) ON CONFLICT DO NOTHING;
INSERT INTO score_sheet_items (id, score_sheet_id, period_criterion_id, score_value) VALUES ('1800f868-c9a3-4f16-ae48-3b46e48be73d', '72ca716b-d75b-4e76-a2a3-1f035e484ba1', '93da0efc-1f68-4c82-afa8-15b5afd72df7', 12) ON CONFLICT DO NOTHING;
INSERT INTO score_sheets (id, period_id, project_id, juror_id, status, comment, started_at, last_activity_at) VALUES ('a98bcd2b-7eb8-4e49-a754-359f2e9f0588', '10abd4e8-0cb9-4853-a17c-ac40da311bff', '497d7e77-85d4-4805-a55d-14f26b24df0a', 'a9485bd7-418b-4214-aa61-d62783e538a7', 'submitted', 'Competent execution across the board.', (timestamp '2025-06-09 09:00:00' + interval '5 hours 3 minutes') - interval '30 mins', (timestamp '2025-06-09 09:00:00' + interval '5 hours 3 minutes')) ON CONFLICT DO NOTHING;
INSERT INTO score_sheet_items (id, score_sheet_id, period_criterion_id, score_value) VALUES ('c4474758-b995-4b1b-a564-b4964ce10e80', 'a98bcd2b-7eb8-4e49-a754-359f2e9f0588', '2d275ae4-9bda-42d7-a98b-0c5c22a7346f', 15) ON CONFLICT DO NOTHING;
INSERT INTO score_sheet_items (id, score_sheet_id, period_criterion_id, score_value) VALUES ('4d848551-0785-4314-a45e-8bce08b02571', 'a98bcd2b-7eb8-4e49-a754-359f2e9f0588', 'b5706a3d-f4c5-46a9-a86c-4b4e3082665c', 26) ON CONFLICT DO NOTHING;
INSERT INTO score_sheet_items (id, score_sheet_id, period_criterion_id, score_value) VALUES ('78659c67-e78f-4b7b-a631-ee50b81f4b28', 'a98bcd2b-7eb8-4e49-a754-359f2e9f0588', '73155527-14c8-4fff-a5a3-8847cbf901cc', 17) ON CONFLICT DO NOTHING;
INSERT INTO score_sheet_items (id, score_sheet_id, period_criterion_id, score_value) VALUES ('c7fb3875-d34d-4e4f-ad09-a675259584e2', 'a98bcd2b-7eb8-4e49-a754-359f2e9f0588', '93da0efc-1f68-4c82-afa8-15b5afd72df7', 15) ON CONFLICT DO NOTHING;
INSERT INTO score_sheets (id, period_id, project_id, juror_id, status, comment, started_at, last_activity_at) VALUES ('af131002-5d56-4645-afa5-16930300e221', '9f49cd18-d850-4b1e-ae53-c08253910f4e', '8b01cc7c-13ab-422f-adc9-8a0a796c8dc4', '74499a66-86e7-4d92-ade1-70ba9b770ef0', 'submitted', 'Remarkable quality — set the bar for the session.', (timestamp '2024-06-10 09:00:00' + interval '40 hours 28 minutes') - interval '30 mins', (timestamp '2024-06-10 09:00:00' + interval '40 hours 28 minutes')) ON CONFLICT DO NOTHING;
INSERT INTO score_sheet_items (id, score_sheet_id, period_criterion_id, score_value) VALUES ('e4bf84c6-349a-4238-a3c6-4114aa8419e4', 'af131002-5d56-4645-afa5-16930300e221', '70699916-5835-4002-a228-fa884a6cef12', 19) ON CONFLICT DO NOTHING;
INSERT INTO score_sheet_items (id, score_sheet_id, period_criterion_id, score_value) VALUES ('17bea45c-cbee-4a58-ad00-c595f3f8b727', 'af131002-5d56-4645-afa5-16930300e221', '542366fd-6437-4188-a080-ccf790202f3b', 35) ON CONFLICT DO NOTHING;
INSERT INTO score_sheet_items (id, score_sheet_id, period_criterion_id, score_value) VALUES ('7db03a15-f90b-48f0-af33-f81be92bbe54', 'af131002-5d56-4645-afa5-16930300e221', 'bb8a742e-e337-4eb1-a91a-befa45d4e30e', 24) ON CONFLICT DO NOTHING;
INSERT INTO score_sheet_items (id, score_sheet_id, period_criterion_id, score_value) VALUES ('019b753e-d968-4c41-a803-305d3b4647dc', 'af131002-5d56-4645-afa5-16930300e221', '327d79df-1a6a-4e5e-af2d-ece7cff070bd', 19) ON CONFLICT DO NOTHING;
INSERT INTO score_sheets (id, period_id, project_id, juror_id, status, comment, started_at, last_activity_at) VALUES ('a9f721ac-ba26-45b9-a2ac-272011493b3d', '9f49cd18-d850-4b1e-ae53-c08253910f4e', '15713af0-a06b-43ac-a10b-867a682f2409', '74499a66-86e7-4d92-ade1-70ba9b770ef0', 'submitted', NULL, (timestamp '2024-06-10 09:00:00' + interval '44 hours 13 minutes') - interval '30 mins', (timestamp '2024-06-10 09:00:00' + interval '44 hours 13 minutes')) ON CONFLICT DO NOTHING;
INSERT INTO score_sheet_items (id, score_sheet_id, period_criterion_id, score_value) VALUES ('a6c38c5c-5ecb-4c71-ad70-2bac073682bd', 'a9f721ac-ba26-45b9-a2ac-272011493b3d', '70699916-5835-4002-a228-fa884a6cef12', 16) ON CONFLICT DO NOTHING;
INSERT INTO score_sheet_items (id, score_sheet_id, period_criterion_id, score_value) VALUES ('4306e77f-ce21-4e37-a9c2-e950e6dd488a', 'a9f721ac-ba26-45b9-a2ac-272011493b3d', '542366fd-6437-4188-a080-ccf790202f3b', 27) ON CONFLICT DO NOTHING;
INSERT INTO score_sheet_items (id, score_sheet_id, period_criterion_id, score_value) VALUES ('f444d410-1011-4b97-a0bb-1f0b002c5e9b', 'a9f721ac-ba26-45b9-a2ac-272011493b3d', 'bb8a742e-e337-4eb1-a91a-befa45d4e30e', 20) ON CONFLICT DO NOTHING;
INSERT INTO score_sheet_items (id, score_sheet_id, period_criterion_id, score_value) VALUES ('f2d006d2-04b5-4252-aaa6-514e1ec53646', 'a9f721ac-ba26-45b9-a2ac-272011493b3d', '327d79df-1a6a-4e5e-af2d-ece7cff070bd', 17) ON CONFLICT DO NOTHING;
INSERT INTO score_sheets (id, period_id, project_id, juror_id, status, comment, started_at, last_activity_at) VALUES ('304daff6-e37a-475d-acd1-b591b6dfc5b1', '9f49cd18-d850-4b1e-ae53-c08253910f4e', '71ed11c1-d2ae-4664-a535-f668a29adab5', '74499a66-86e7-4d92-ade1-70ba9b770ef0', 'in_progress', NULL, (timestamp '2024-06-10 09:00:00' + interval '33 hours 42 minutes') - interval '30 mins', (timestamp '2024-06-10 09:00:00' + interval '33 hours 42 minutes')) ON CONFLICT DO NOTHING;
INSERT INTO score_sheet_items (id, score_sheet_id, period_criterion_id, score_value) VALUES ('c68edd46-d975-44c5-ac2e-189c6f9554d6', '304daff6-e37a-475d-acd1-b591b6dfc5b1', '70699916-5835-4002-a228-fa884a6cef12', 15) ON CONFLICT DO NOTHING;
INSERT INTO score_sheet_items (id, score_sheet_id, period_criterion_id, score_value) VALUES ('e27446ef-a71a-4a12-a370-703bf504e643', '304daff6-e37a-475d-acd1-b591b6dfc5b1', '542366fd-6437-4188-a080-ccf790202f3b', 26) ON CONFLICT DO NOTHING;
INSERT INTO score_sheets (id, period_id, project_id, juror_id, status, comment, started_at, last_activity_at) VALUES ('cab61f4a-c840-4191-a528-a041ec043d2b', '9f49cd18-d850-4b1e-ae53-c08253910f4e', '8b01cc7c-13ab-422f-adc9-8a0a796c8dc4', '4f32d322-afb7-4042-a9d1-ce0c17a09a30', 'submitted', 'Top-tier project. Clear problem definition, excellent execution.', (timestamp '2024-06-10 09:00:00' + interval '3 hours 4 minutes') - interval '30 mins', (timestamp '2024-06-10 09:00:00' + interval '3 hours 4 minutes')) ON CONFLICT DO NOTHING;
INSERT INTO score_sheet_items (id, score_sheet_id, period_criterion_id, score_value) VALUES ('0203ee70-85f0-46af-a44f-a763fd69641c', 'cab61f4a-c840-4191-a528-a041ec043d2b', '70699916-5835-4002-a228-fa884a6cef12', 18) ON CONFLICT DO NOTHING;
INSERT INTO score_sheet_items (id, score_sheet_id, period_criterion_id, score_value) VALUES ('f34a905f-2a09-4d19-af96-4615f0eac464', 'cab61f4a-c840-4191-a528-a041ec043d2b', '542366fd-6437-4188-a080-ccf790202f3b', 31) ON CONFLICT DO NOTHING;
INSERT INTO score_sheet_items (id, score_sheet_id, period_criterion_id, score_value) VALUES ('62fb5d65-e184-400b-a4d5-773679524e3b', 'cab61f4a-c840-4191-a528-a041ec043d2b', 'bb8a742e-e337-4eb1-a91a-befa45d4e30e', 24) ON CONFLICT DO NOTHING;
INSERT INTO score_sheet_items (id, score_sheet_id, period_criterion_id, score_value) VALUES ('b6466424-584b-48c7-a4aa-b43596da7b9b', 'cab61f4a-c840-4191-a528-a041ec043d2b', '327d79df-1a6a-4e5e-af2d-ece7cff070bd', 18) ON CONFLICT DO NOTHING;
INSERT INTO score_sheets (id, period_id, project_id, juror_id, status, comment, started_at, last_activity_at) VALUES ('ae8408c0-c3e9-4376-ad7d-c60833cf2526', '9f49cd18-d850-4b1e-ae53-c08253910f4e', '15713af0-a06b-43ac-a10b-867a682f2409', '4f32d322-afb7-4042-a9d1-ce0c17a09a30', 'submitted', NULL, (timestamp '2024-06-10 09:00:00' + interval '37 hours 26 minutes') - interval '30 mins', (timestamp '2024-06-10 09:00:00' + interval '37 hours 26 minutes')) ON CONFLICT DO NOTHING;
INSERT INTO score_sheet_items (id, score_sheet_id, period_criterion_id, score_value) VALUES ('9ae0606b-832f-4085-aff1-2560954a4f53', 'ae8408c0-c3e9-4376-ad7d-c60833cf2526', '70699916-5835-4002-a228-fa884a6cef12', 16) ON CONFLICT DO NOTHING;
INSERT INTO score_sheet_items (id, score_sheet_id, period_criterion_id, score_value) VALUES ('373528b3-ea39-44f5-a00d-3bcd275dfaa6', 'ae8408c0-c3e9-4376-ad7d-c60833cf2526', '542366fd-6437-4188-a080-ccf790202f3b', 25) ON CONFLICT DO NOTHING;
INSERT INTO score_sheet_items (id, score_sheet_id, period_criterion_id, score_value) VALUES ('ecc4ef44-72da-42b6-ae21-49ac2c8bd5fa', 'ae8408c0-c3e9-4376-ad7d-c60833cf2526', 'bb8a742e-e337-4eb1-a91a-befa45d4e30e', 19) ON CONFLICT DO NOTHING;
INSERT INTO score_sheet_items (id, score_sheet_id, period_criterion_id, score_value) VALUES ('25f6513a-884a-4a4d-a8fc-9063bef7a7b3', 'ae8408c0-c3e9-4376-ad7d-c60833cf2526', '327d79df-1a6a-4e5e-af2d-ece7cff070bd', 16) ON CONFLICT DO NOTHING;
INSERT INTO score_sheets (id, period_id, project_id, juror_id, status, comment, started_at, last_activity_at) VALUES ('3209719f-b20e-4e62-ae6d-b9e054646a5e', '9f49cd18-d850-4b1e-ae53-c08253910f4e', '71ed11c1-d2ae-4664-a535-f668a29adab5', '4f32d322-afb7-4042-a9d1-ce0c17a09a30', 'submitted', NULL, (timestamp '2024-06-10 09:00:00' + interval '53 hours 57 minutes') - interval '30 mins', (timestamp '2024-06-10 09:00:00' + interval '53 hours 57 minutes')) ON CONFLICT DO NOTHING;
INSERT INTO score_sheet_items (id, score_sheet_id, period_criterion_id, score_value) VALUES ('44391183-25f3-4f95-a66d-72074980e396', '3209719f-b20e-4e62-ae6d-b9e054646a5e', '70699916-5835-4002-a228-fa884a6cef12', 15) ON CONFLICT DO NOTHING;
INSERT INTO score_sheet_items (id, score_sheet_id, period_criterion_id, score_value) VALUES ('034b5409-d2b4-46b2-a474-3a6e9fc976aa', '3209719f-b20e-4e62-ae6d-b9e054646a5e', '542366fd-6437-4188-a080-ccf790202f3b', 28) ON CONFLICT DO NOTHING;
INSERT INTO score_sheet_items (id, score_sheet_id, period_criterion_id, score_value) VALUES ('77e32174-6334-4208-a67d-320d15145950', '3209719f-b20e-4e62-ae6d-b9e054646a5e', 'bb8a742e-e337-4eb1-a91a-befa45d4e30e', 18) ON CONFLICT DO NOTHING;
INSERT INTO score_sheet_items (id, score_sheet_id, period_criterion_id, score_value) VALUES ('4b401d6a-e13e-4a80-a0ef-98d07c4fee1e', '3209719f-b20e-4e62-ae6d-b9e054646a5e', '327d79df-1a6a-4e5e-af2d-ece7cff070bd', 16) ON CONFLICT DO NOTHING;
INSERT INTO score_sheets (id, period_id, project_id, juror_id, status, comment, started_at, last_activity_at) VALUES ('f816c299-9429-42b2-ac92-a30e0015e79f', '9f49cd18-d850-4b1e-ae53-c08253910f4e', '25395f4a-1f2c-4990-a5c8-653c43148c99', '4f32d322-afb7-4042-a9d1-ce0c17a09a30', 'submitted', 'Shows potential but needs more polish.', (timestamp '2024-06-10 09:00:00' + interval '40 hours 45 minutes') - interval '30 mins', (timestamp '2024-06-10 09:00:00' + interval '40 hours 45 minutes')) ON CONFLICT DO NOTHING;
INSERT INTO score_sheet_items (id, score_sheet_id, period_criterion_id, score_value) VALUES ('232cb07a-a0b7-43ee-a0e4-ca90223850dd', 'f816c299-9429-42b2-ac92-a30e0015e79f', '70699916-5835-4002-a228-fa884a6cef12', 14) ON CONFLICT DO NOTHING;
INSERT INTO score_sheet_items (id, score_sheet_id, period_criterion_id, score_value) VALUES ('224d56cd-6abb-41b2-ae3b-6d4f537ad057', 'f816c299-9429-42b2-ac92-a30e0015e79f', '542366fd-6437-4188-a080-ccf790202f3b', 19) ON CONFLICT DO NOTHING;
INSERT INTO score_sheet_items (id, score_sheet_id, period_criterion_id, score_value) VALUES ('27fc2b3e-8eb6-4727-a903-6581f3bf9899', 'f816c299-9429-42b2-ac92-a30e0015e79f', 'bb8a742e-e337-4eb1-a91a-befa45d4e30e', 16) ON CONFLICT DO NOTHING;
INSERT INTO score_sheet_items (id, score_sheet_id, period_criterion_id, score_value) VALUES ('a2755d7c-06ca-4347-af21-e0dae448da8a', 'f816c299-9429-42b2-ac92-a30e0015e79f', '327d79df-1a6a-4e5e-af2d-ece7cff070bd', 11) ON CONFLICT DO NOTHING;
INSERT INTO score_sheets (id, period_id, project_id, juror_id, status, comment, started_at, last_activity_at) VALUES ('4ac816ec-3c14-4ecd-a9d7-1bf721d6c17d', '9f49cd18-d850-4b1e-ae53-c08253910f4e', 'e4f166c7-899d-4b1c-a809-f2cc2ff6de1a', '4f32d322-afb7-4042-a9d1-ce0c17a09a30', 'submitted', NULL, (timestamp '2024-06-10 09:00:00' + interval '8 hours 12 minutes') - interval '30 mins', (timestamp '2024-06-10 09:00:00' + interval '8 hours 12 minutes')) ON CONFLICT DO NOTHING;
INSERT INTO score_sheet_items (id, score_sheet_id, period_criterion_id, score_value) VALUES ('c483d9f1-d2b9-49be-af3d-043e5fa0b2c4', '4ac816ec-3c14-4ecd-a9d7-1bf721d6c17d', '70699916-5835-4002-a228-fa884a6cef12', 12) ON CONFLICT DO NOTHING;
INSERT INTO score_sheet_items (id, score_sheet_id, period_criterion_id, score_value) VALUES ('1f46da4f-9b31-495e-a8bd-52b959876a0e', '4ac816ec-3c14-4ecd-a9d7-1bf721d6c17d', '542366fd-6437-4188-a080-ccf790202f3b', 22) ON CONFLICT DO NOTHING;
INSERT INTO score_sheet_items (id, score_sheet_id, period_criterion_id, score_value) VALUES ('c8772ab6-16da-41e4-a260-770a49080d56', '4ac816ec-3c14-4ecd-a9d7-1bf721d6c17d', 'bb8a742e-e337-4eb1-a91a-befa45d4e30e', 17) ON CONFLICT DO NOTHING;
INSERT INTO score_sheet_items (id, score_sheet_id, period_criterion_id, score_value) VALUES ('927df2ee-1f38-4889-a50f-882f917dfeca', '4ac816ec-3c14-4ecd-a9d7-1bf721d6c17d', '327d79df-1a6a-4e5e-af2d-ece7cff070bd', 12) ON CONFLICT DO NOTHING;
INSERT INTO score_sheets (id, period_id, project_id, juror_id, status, comment, started_at, last_activity_at) VALUES ('2baf8844-cc26-4862-a778-c659e40da169', '9f49cd18-d850-4b1e-ae53-c08253910f4e', '936c6454-b5ce-426c-ab65-292bd991fa1f', '4f32d322-afb7-4042-a9d1-ce0c17a09a30', 'submitted', 'Standard work that meets requirements.', (timestamp '2024-06-10 09:00:00' + interval '40 hours 8 minutes') - interval '30 mins', (timestamp '2024-06-10 09:00:00' + interval '40 hours 8 minutes')) ON CONFLICT DO NOTHING;
INSERT INTO score_sheet_items (id, score_sheet_id, period_criterion_id, score_value) VALUES ('a0310ba3-ca18-49fb-a6d0-11ce89db7d46', '2baf8844-cc26-4862-a778-c659e40da169', '70699916-5835-4002-a228-fa884a6cef12', 13) ON CONFLICT DO NOTHING;
INSERT INTO score_sheet_items (id, score_sheet_id, period_criterion_id, score_value) VALUES ('6b712474-c98e-4021-a48e-406ea73bf548', '2baf8844-cc26-4862-a778-c659e40da169', '542366fd-6437-4188-a080-ccf790202f3b', 22) ON CONFLICT DO NOTHING;
INSERT INTO score_sheet_items (id, score_sheet_id, period_criterion_id, score_value) VALUES ('b5f07560-a4f0-43cc-aa36-4f1c86fd144b', '2baf8844-cc26-4862-a778-c659e40da169', 'bb8a742e-e337-4eb1-a91a-befa45d4e30e', 18) ON CONFLICT DO NOTHING;
INSERT INTO score_sheet_items (id, score_sheet_id, period_criterion_id, score_value) VALUES ('b5c4f7b5-0066-4031-a4b8-864144cc9c5a', '2baf8844-cc26-4862-a778-c659e40da169', '327d79df-1a6a-4e5e-af2d-ece7cff070bd', 15) ON CONFLICT DO NOTHING;
INSERT INTO score_sheets (id, period_id, project_id, juror_id, status, comment, started_at, last_activity_at) VALUES ('8075ce2c-25e6-4739-afb7-952abc6b6efb', '9f49cd18-d850-4b1e-ae53-c08253910f4e', '8b01cc7c-13ab-422f-adc9-8a0a796c8dc4', 'a71bad63-0a65-47a2-a5a5-623ab35c9ba7', 'submitted', 'Exceptional work across all dimensions.', (timestamp '2024-06-10 09:00:00' + interval '9 hours 25 minutes') - interval '30 mins', (timestamp '2024-06-10 09:00:00' + interval '9 hours 25 minutes')) ON CONFLICT DO NOTHING;
INSERT INTO score_sheet_items (id, score_sheet_id, period_criterion_id, score_value) VALUES ('e25f9bc8-4d3a-435f-a194-2ab7750ef650', '8075ce2c-25e6-4739-afb7-952abc6b6efb', '70699916-5835-4002-a228-fa884a6cef12', 18) ON CONFLICT DO NOTHING;
INSERT INTO score_sheet_items (id, score_sheet_id, period_criterion_id, score_value) VALUES ('66e1df2c-5520-4d23-a5da-1a09792de817', '8075ce2c-25e6-4739-afb7-952abc6b6efb', '542366fd-6437-4188-a080-ccf790202f3b', 31) ON CONFLICT DO NOTHING;
INSERT INTO score_sheet_items (id, score_sheet_id, period_criterion_id, score_value) VALUES ('418ebf1f-ebd8-4e02-a0d2-f4e25c822a70', '8075ce2c-25e6-4739-afb7-952abc6b6efb', 'bb8a742e-e337-4eb1-a91a-befa45d4e30e', 24) ON CONFLICT DO NOTHING;
INSERT INTO score_sheet_items (id, score_sheet_id, period_criterion_id, score_value) VALUES ('b84d6427-0276-4779-a196-88e6a21a3ca0', '8075ce2c-25e6-4739-afb7-952abc6b6efb', '327d79df-1a6a-4e5e-af2d-ece7cff070bd', 19) ON CONFLICT DO NOTHING;
INSERT INTO score_sheets (id, period_id, project_id, juror_id, status, comment, started_at, last_activity_at) VALUES ('ccc94f14-9e07-4e2e-a1b3-3462182e8199', '9f49cd18-d850-4b1e-ae53-c08253910f4e', '15713af0-a06b-43ac-a10b-867a682f2409', 'a71bad63-0a65-47a2-a5a5-623ab35c9ba7', 'submitted', NULL, (timestamp '2024-06-10 09:00:00' + interval '19 hours 31 minutes') - interval '30 mins', (timestamp '2024-06-10 09:00:00' + interval '19 hours 31 minutes')) ON CONFLICT DO NOTHING;
INSERT INTO score_sheet_items (id, score_sheet_id, period_criterion_id, score_value) VALUES ('2d589558-0e28-494c-a3cb-6343e4599880', 'ccc94f14-9e07-4e2e-a1b3-3462182e8199', '70699916-5835-4002-a228-fa884a6cef12', 16) ON CONFLICT DO NOTHING;
INSERT INTO score_sheet_items (id, score_sheet_id, period_criterion_id, score_value) VALUES ('f7797214-22a4-419f-a3f4-b0fc6ddc2a98', 'ccc94f14-9e07-4e2e-a1b3-3462182e8199', '542366fd-6437-4188-a080-ccf790202f3b', 28) ON CONFLICT DO NOTHING;
INSERT INTO score_sheet_items (id, score_sheet_id, period_criterion_id, score_value) VALUES ('a87a1b9d-90c5-4364-a4b9-09b3cae35ef3', 'ccc94f14-9e07-4e2e-a1b3-3462182e8199', 'bb8a742e-e337-4eb1-a91a-befa45d4e30e', 19) ON CONFLICT DO NOTHING;
INSERT INTO score_sheet_items (id, score_sheet_id, period_criterion_id, score_value) VALUES ('50c36481-2595-4666-ae8b-746bb9e22b0a', 'ccc94f14-9e07-4e2e-a1b3-3462182e8199', '327d79df-1a6a-4e5e-af2d-ece7cff070bd', 15) ON CONFLICT DO NOTHING;
INSERT INTO score_sheets (id, period_id, project_id, juror_id, status, comment, started_at, last_activity_at) VALUES ('27e8cbe9-9f9d-48ba-ab41-f5aac83f9fb2', '9f49cd18-d850-4b1e-ae53-c08253910f4e', '71ed11c1-d2ae-4664-a535-f668a29adab5', 'a71bad63-0a65-47a2-a5a5-623ab35c9ba7', 'submitted', 'Strong and consistent effort throughout.', (timestamp '2024-06-10 09:00:00' + interval '23 hours 26 minutes') - interval '30 mins', (timestamp '2024-06-10 09:00:00' + interval '23 hours 26 minutes')) ON CONFLICT DO NOTHING;
INSERT INTO score_sheet_items (id, score_sheet_id, period_criterion_id, score_value) VALUES ('586c0725-1595-44fa-ab27-cb6bf4531c5c', '27e8cbe9-9f9d-48ba-ab41-f5aac83f9fb2', '70699916-5835-4002-a228-fa884a6cef12', 16) ON CONFLICT DO NOTHING;
INSERT INTO score_sheet_items (id, score_sheet_id, period_criterion_id, score_value) VALUES ('ed7f3dd8-e4e5-485f-a0e5-3c3ebb5a19fe', '27e8cbe9-9f9d-48ba-ab41-f5aac83f9fb2', '542366fd-6437-4188-a080-ccf790202f3b', 26) ON CONFLICT DO NOTHING;
INSERT INTO score_sheet_items (id, score_sheet_id, period_criterion_id, score_value) VALUES ('d62fd3bb-43db-4cbf-a57a-8d2ffa2066ec', '27e8cbe9-9f9d-48ba-ab41-f5aac83f9fb2', 'bb8a742e-e337-4eb1-a91a-befa45d4e30e', 20) ON CONFLICT DO NOTHING;
INSERT INTO score_sheet_items (id, score_sheet_id, period_criterion_id, score_value) VALUES ('3a6c1994-2d98-4956-a403-00a309941088', '27e8cbe9-9f9d-48ba-ab41-f5aac83f9fb2', '327d79df-1a6a-4e5e-af2d-ece7cff070bd', 15) ON CONFLICT DO NOTHING;
INSERT INTO score_sheets (id, period_id, project_id, juror_id, status, comment, started_at, last_activity_at) VALUES ('0de5027e-e269-4475-ad4a-9241560652fa', '9f49cd18-d850-4b1e-ae53-c08253910f4e', '25395f4a-1f2c-4990-a5c8-653c43148c99', 'a71bad63-0a65-47a2-a5a5-623ab35c9ba7', 'submitted', 'Uneven — strong in certain areas but inconsistent.', (timestamp '2024-06-10 09:00:00' + interval '2 hours 23 minutes') - interval '30 mins', (timestamp '2024-06-10 09:00:00' + interval '2 hours 23 minutes')) ON CONFLICT DO NOTHING;
INSERT INTO score_sheet_items (id, score_sheet_id, period_criterion_id, score_value) VALUES ('96f5352a-f0e5-4f7b-a584-6aecbac0144a', '0de5027e-e269-4475-ad4a-9241560652fa', '70699916-5835-4002-a228-fa884a6cef12', 19) ON CONFLICT DO NOTHING;
INSERT INTO score_sheet_items (id, score_sheet_id, period_criterion_id, score_value) VALUES ('1b061aa3-07c9-48fb-a45f-f869f126901d', '0de5027e-e269-4475-ad4a-9241560652fa', '542366fd-6437-4188-a080-ccf790202f3b', 27) ON CONFLICT DO NOTHING;
INSERT INTO score_sheet_items (id, score_sheet_id, period_criterion_id, score_value) VALUES ('8a29df39-73fd-4342-a558-c3ea7e1a6b3c', '0de5027e-e269-4475-ad4a-9241560652fa', 'bb8a742e-e337-4eb1-a91a-befa45d4e30e', 17) ON CONFLICT DO NOTHING;
INSERT INTO score_sheet_items (id, score_sheet_id, period_criterion_id, score_value) VALUES ('5066c71f-3986-4b47-a4b9-7d8b60e6dc17', '0de5027e-e269-4475-ad4a-9241560652fa', '327d79df-1a6a-4e5e-af2d-ece7cff070bd', 10) ON CONFLICT DO NOTHING;
INSERT INTO score_sheets (id, period_id, project_id, juror_id, status, comment, started_at, last_activity_at) VALUES ('3ec47b08-4390-4749-a8ad-5e523f9c1b2b', '9f49cd18-d850-4b1e-ae53-c08253910f4e', 'e4f166c7-899d-4b1c-a809-f2cc2ff6de1a', 'a71bad63-0a65-47a2-a5a5-623ab35c9ba7', 'submitted', NULL, (timestamp '2024-06-10 09:00:00' + interval '33 hours 8 minutes') - interval '30 mins', (timestamp '2024-06-10 09:00:00' + interval '33 hours 8 minutes')) ON CONFLICT DO NOTHING;
INSERT INTO score_sheet_items (id, score_sheet_id, period_criterion_id, score_value) VALUES ('ce53305b-3d3a-486a-af56-23be9caac48d', '3ec47b08-4390-4749-a8ad-5e523f9c1b2b', '70699916-5835-4002-a228-fa884a6cef12', 13) ON CONFLICT DO NOTHING;
INSERT INTO score_sheet_items (id, score_sheet_id, period_criterion_id, score_value) VALUES ('3c2adadd-da61-4614-ad8e-e64990d8fd3c', '3ec47b08-4390-4749-a8ad-5e523f9c1b2b', '542366fd-6437-4188-a080-ccf790202f3b', 22) ON CONFLICT DO NOTHING;
INSERT INTO score_sheet_items (id, score_sheet_id, period_criterion_id, score_value) VALUES ('b26d20e8-b9fd-411e-a4b2-d20b7c9d6112', '3ec47b08-4390-4749-a8ad-5e523f9c1b2b', 'bb8a742e-e337-4eb1-a91a-befa45d4e30e', 16) ON CONFLICT DO NOTHING;
INSERT INTO score_sheet_items (id, score_sheet_id, period_criterion_id, score_value) VALUES ('bce6fbfa-43e9-46dd-a140-a93e68106ff7', '3ec47b08-4390-4749-a8ad-5e523f9c1b2b', '327d79df-1a6a-4e5e-af2d-ece7cff070bd', 13) ON CONFLICT DO NOTHING;
INSERT INTO score_sheets (id, period_id, project_id, juror_id, status, comment, started_at, last_activity_at) VALUES ('ad5274bb-a60b-4d90-af39-e9f8ffd9d451', '9f49cd18-d850-4b1e-ae53-c08253910f4e', '936c6454-b5ce-426c-ab65-292bd991fa1f', 'a71bad63-0a65-47a2-a5a5-623ab35c9ba7', 'submitted', 'Competent execution across the board.', (timestamp '2024-06-10 09:00:00' + interval '26 hours 2 minutes') - interval '30 mins', (timestamp '2024-06-10 09:00:00' + interval '26 hours 2 minutes')) ON CONFLICT DO NOTHING;
INSERT INTO score_sheet_items (id, score_sheet_id, period_criterion_id, score_value) VALUES ('506d0183-2c11-46ee-a36e-53cdfd913a5c', 'ad5274bb-a60b-4d90-af39-e9f8ffd9d451', '70699916-5835-4002-a228-fa884a6cef12', 13) ON CONFLICT DO NOTHING;
INSERT INTO score_sheet_items (id, score_sheet_id, period_criterion_id, score_value) VALUES ('d59ebf79-8be4-405d-ac30-d49c53564463', 'ad5274bb-a60b-4d90-af39-e9f8ffd9d451', '542366fd-6437-4188-a080-ccf790202f3b', 23) ON CONFLICT DO NOTHING;
INSERT INTO score_sheet_items (id, score_sheet_id, period_criterion_id, score_value) VALUES ('c8b695d0-373c-4836-a204-32c502fad6b8', 'ad5274bb-a60b-4d90-af39-e9f8ffd9d451', 'bb8a742e-e337-4eb1-a91a-befa45d4e30e', 16) ON CONFLICT DO NOTHING;
INSERT INTO score_sheet_items (id, score_sheet_id, period_criterion_id, score_value) VALUES ('59e91a91-42ec-4b97-a71d-93d17835822a', 'ad5274bb-a60b-4d90-af39-e9f8ffd9d451', '327d79df-1a6a-4e5e-af2d-ece7cff070bd', 13) ON CONFLICT DO NOTHING;

-- Entry Tokens
INSERT INTO entry_tokens (id, period_id, token_hash, token_plain, is_revoked, expires_at, last_used_at, created_at) VALUES ('ebfe0c97-cc98-41ac-ab4f-9fc539fc187e', 'a0d6f60d-ece4-40f8-aca2-955b4abc5d88', '10339b20835f389b19b96e2ef25dbf0ab834dea947e6cea4269a1a1d87c2539b', '69bbcd11-703f-4f85-abcf-05841375db2d', false, (timestamp '2026-05-10 09:00:00' + interval '48 hours 0 minutes'), (timestamp '2026-05-10 09:00:00' + interval '8 hours 38 minutes'), (timestamp '2026-05-10 09:00:00' - interval '93 hours 5 minutes')) ON CONFLICT DO NOTHING;
INSERT INTO entry_tokens (id, period_id, token_hash, token_plain, is_revoked, expires_at, last_used_at, created_at) VALUES ('149bee54-eb12-4dfb-a677-fd194357ffef', 'a0d6f60d-ece4-40f8-aca2-955b4abc5d88', 'e337166e3fba0e56f7586693bb9cf1b30216b68057fb0b394078fac7cfd2a0d6', 'f12fbebf-883f-4e7a-ad55-81eef9fb4691', false, (timestamp '2026-05-10 09:00:00' + interval '72 hours 0 minutes'), (timestamp '2026-05-10 09:00:00' + interval '10 hours 49 minutes'), (timestamp '2026-05-10 09:00:00' - interval '103 hours 57 minutes')) ON CONFLICT DO NOTHING;
INSERT INTO entry_tokens (id, period_id, token_hash, token_plain, is_revoked, expires_at, last_used_at, created_at) VALUES ('6148a0fd-17fe-4ce5-a00e-ad37158d1c95', 'a0d6f60d-ece4-40f8-aca2-955b4abc5d88', '64ec31523057a5dbc35523878719c4fe73f3858a7e145604a125f34f383d7aca', '1bd3290c-f62b-492a-a630-68be8bbcffd9', true, (timestamp '2026-05-10 09:00:00' + interval '72 hours 0 minutes'), (timestamp '2026-05-10 09:00:00' - interval '30 hours 15 minutes'), (timestamp '2026-05-10 09:00:00' - interval '135 hours 14 minutes')) ON CONFLICT DO NOTHING;
INSERT INTO entry_tokens (id, period_id, token_hash, token_plain, is_revoked, expires_at, last_used_at, created_at) VALUES ('d1ef7b94-c256-4a88-a0ce-4206be558267', '952dd05e-8ff2-44a7-a13b-9a22958f57fb', '86bc0ca6342cf41e5a98fc66e109fa669bf3dad9f4df2376fcb8394582042383', '653d229b-4a60-4dce-aa57-3d1ba291c141', false, (timestamp '2025-12-06 09:00:00' + interval '96 hours 0 minutes'), (timestamp '2025-12-06 09:00:00' + interval '19 hours 55 minutes'), (timestamp '2025-12-06 09:00:00' - interval '101 hours 45 minutes')) ON CONFLICT DO NOTHING;
INSERT INTO entry_tokens (id, period_id, token_hash, token_plain, is_revoked, expires_at, last_used_at, created_at) VALUES ('3097f9f1-3914-4717-a2a5-5da24d89568f', '952dd05e-8ff2-44a7-a13b-9a22958f57fb', '5b1d68237c5c41f3649523dfad484efb7c1a1985d537ea61b6b4c45d5eb715c3', '97a04dba-f6e2-434b-ae0d-838ed5cd9f59', false, (timestamp '2025-12-06 09:00:00' + interval '96 hours 0 minutes'), NULL, (timestamp '2025-12-06 09:00:00' - interval '172 hours 42 minutes')) ON CONFLICT DO NOTHING;
INSERT INTO entry_tokens (id, period_id, token_hash, token_plain, is_revoked, expires_at, last_used_at, created_at) VALUES ('0dec035b-f57b-4ad9-a768-c43ddb0aaa44', '952dd05e-8ff2-44a7-a13b-9a22958f57fb', 'dbdb0cc641707be49ed5ae72bbeede1a62c0315414b40b11d113e0af4dabe154', '1e406d26-4b63-4b73-ac47-0213116d69cc', true, (timestamp '2025-12-06 09:00:00' + interval '96 hours 0 minutes'), (timestamp '2025-12-06 09:00:00' + interval '6 hours 2 minutes'), (timestamp '2025-12-06 09:00:00' - interval '129 hours 15 minutes')) ON CONFLICT DO NOTHING;
INSERT INTO entry_tokens (id, period_id, token_hash, token_plain, is_revoked, expires_at, last_used_at, created_at) VALUES ('e0158cfd-84cd-42cd-afc0-a0fba901b99f', 'e55e0820-93f2-487f-abaa-4ae64a77e93e', '1dea54ac71469f127dfe85e674e2a0cd1b8e720d8feeebc229fbce5bd6878573', 'f0b447d9-f7ff-4396-a07a-52d0627df26e', false, (timestamp '2025-05-10 09:00:00' + interval '96 hours 0 minutes'), (timestamp '2025-05-10 09:00:00' + interval '16 hours 47 minutes'), (timestamp '2025-05-10 09:00:00' - interval '224 hours 20 minutes')) ON CONFLICT DO NOTHING;
INSERT INTO entry_tokens (id, period_id, token_hash, token_plain, is_revoked, expires_at, last_used_at, created_at) VALUES ('031435fd-f811-4671-a45a-7cef935dcada', 'e55e0820-93f2-487f-abaa-4ae64a77e93e', '6e0f1d8866b72da53eac8737881c16927ad530291c4834d78d1af1b057f761fc', 'fb0ed251-ac1a-4f4a-a1fc-528c4f8d4ae5', false, (timestamp '2025-05-10 09:00:00' + interval '96 hours 0 minutes'), NULL, (timestamp '2025-05-10 09:00:00' - interval '177 hours 15 minutes')) ON CONFLICT DO NOTHING;
INSERT INTO entry_tokens (id, period_id, token_hash, token_plain, is_revoked, expires_at, last_used_at, created_at) VALUES ('25a22f0e-97b6-4a59-a3f1-98d71ccc79bb', 'e55e0820-93f2-487f-abaa-4ae64a77e93e', '1c26a13a73b362fae8adda05cc7905e63212a1a571ec933d92b8fa4a86cd6979', '0dc313e0-07ed-45f1-ad83-b62e01fa8371', true, (timestamp '2025-05-10 09:00:00' + interval '96 hours 0 minutes'), (timestamp '2025-05-10 09:00:00' + interval '8 hours 1 minutes'), (timestamp '2025-05-10 09:00:00' - interval '210 hours 38 minutes')) ON CONFLICT DO NOTHING;
INSERT INTO entry_tokens (id, period_id, token_hash, token_plain, is_revoked, expires_at, last_used_at, created_at) VALUES ('c4ccd83f-519e-4847-ae6c-f19773cba0e3', '10078594-2707-4c3f-a212-42add04fbd84', '943b3f5b33c46debb98fc7aa56aa5925457dfd00ff64bd0ea974ce6e56e2e5b7', 'fae76ff2-b57c-43d7-a623-59398c0f95fd', false, (timestamp '2024-12-07 09:00:00' + interval '96 hours 0 minutes'), (timestamp '2024-12-07 09:00:00' + interval '2 hours 23 minutes'), (timestamp '2024-12-07 09:00:00' - interval '130 hours 42 minutes')) ON CONFLICT DO NOTHING;
INSERT INTO entry_tokens (id, period_id, token_hash, token_plain, is_revoked, expires_at, last_used_at, created_at) VALUES ('6a4aed31-d4cb-47f2-a56e-7b488f2b4002', '10078594-2707-4c3f-a212-42add04fbd84', '908cd9dc229145bfb9bf60e5acb1b7ec93b2259d5cbd5e41db47535e862986ea', '850ae558-5235-4cfc-ab5a-071545268354', false, (timestamp '2024-12-07 09:00:00' + interval '96 hours 0 minutes'), NULL, (timestamp '2024-12-07 09:00:00' - interval '171 hours 27 minutes')) ON CONFLICT DO NOTHING;
INSERT INTO entry_tokens (id, period_id, token_hash, token_plain, is_revoked, expires_at, last_used_at, created_at) VALUES ('3ee84bde-c05f-4a74-ae71-6bb97390f4d6', '10078594-2707-4c3f-a212-42add04fbd84', 'fc0170d360ab57d1f3386406c8027e4cbda014b1b1efe670ded502eb2408e5e4', 'aac93cfa-0cbb-43df-ae7c-8db455404022', true, (timestamp '2024-12-07 09:00:00' + interval '96 hours 0 minutes'), (timestamp '2024-12-07 09:00:00' + interval '5 hours 24 minutes'), (timestamp '2024-12-07 09:00:00' - interval '177 hours 18 minutes')) ON CONFLICT DO NOTHING;
INSERT INTO entry_tokens (id, period_id, token_hash, token_plain, is_revoked, expires_at, last_used_at, created_at) VALUES ('2ab5fddb-1189-4baa-aae6-70d148f9d727', 'e14683dc-6ac1-4c73-a2cb-da24e9e4f45f', '767db70428d7215edd8117b8e2dea7c17af399fc76c330c6db137a44eff0a3a2', 'f95ee5e6-d56e-4707-a6a8-2e369c8701a8', false, (timestamp '2026-05-15 09:00:00' + interval '48 hours 0 minutes'), (timestamp '2026-05-15 09:00:00' + interval '11 hours 2 minutes'), (timestamp '2026-05-15 09:00:00' - interval '158 hours 39 minutes')) ON CONFLICT DO NOTHING;
INSERT INTO entry_tokens (id, period_id, token_hash, token_plain, is_revoked, expires_at, last_used_at, created_at) VALUES ('518d022f-595e-4d61-abb9-0a1a31e6e3d7', 'e14683dc-6ac1-4c73-a2cb-da24e9e4f45f', 'db3d64a7a9547a18f67e4fdaa2fc8ba71fb58a61e2d2cc9e6e0cbb3902bb6961', '01d17bb5-d4b4-4eb6-a0cc-0641a71807d6', false, (timestamp '2026-05-15 09:00:00' + interval '72 hours 0 minutes'), (timestamp '2026-05-15 09:00:00' + interval '1 hours 9 minutes'), (timestamp '2026-05-15 09:00:00' - interval '157 hours 15 minutes')) ON CONFLICT DO NOTHING;
INSERT INTO entry_tokens (id, period_id, token_hash, token_plain, is_revoked, expires_at, last_used_at, created_at) VALUES ('dc9b646b-fc83-4f43-a203-a5a37247b667', 'e14683dc-6ac1-4c73-a2cb-da24e9e4f45f', '45cb9a6b9b5fee553b7bbdb3bbcb19d3295d52fb7cf453f4fb9979f738cc54a7', '87ccdf44-74f2-4098-adc7-9cbac74f1a8d', true, (timestamp '2026-05-15 09:00:00' + interval '72 hours 0 minutes'), (timestamp '2026-05-15 09:00:00' - interval '47 hours 4 minutes'), (timestamp '2026-05-15 09:00:00' - interval '80 hours 9 minutes')) ON CONFLICT DO NOTHING;
INSERT INTO entry_tokens (id, period_id, token_hash, token_plain, is_revoked, expires_at, last_used_at, created_at) VALUES ('a500f228-6406-4617-ad87-62c38dbd794f', 'b90e1112-88c7-44fa-a275-25bc0ad2d96d', 'bbec682f70840240eab845ac59781ea0dacceb63992a7fa145861bec9bb7bb0a', '617efa7b-61ef-4905-aea9-4d31c43bdba6', false, (timestamp '2025-12-11 09:00:00' + interval '96 hours 0 minutes'), (timestamp '2025-12-11 09:00:00' + interval '3 hours 33 minutes'), (timestamp '2025-12-11 09:00:00' - interval '174 hours 36 minutes')) ON CONFLICT DO NOTHING;
INSERT INTO entry_tokens (id, period_id, token_hash, token_plain, is_revoked, expires_at, last_used_at, created_at) VALUES ('caa7eb9a-20e0-4b86-a741-42667142cd0e', 'b90e1112-88c7-44fa-a275-25bc0ad2d96d', 'fbe4eb4bddd1e2d344efbf4411b3bd708bf02e4e8bb3a751c76a68f06da0ea31', '5301e075-921e-4e2d-a95a-275ccd9dbba3', false, (timestamp '2025-12-11 09:00:00' + interval '96 hours 0 minutes'), NULL, (timestamp '2025-12-11 09:00:00' - interval '195 hours 30 minutes')) ON CONFLICT DO NOTHING;
INSERT INTO entry_tokens (id, period_id, token_hash, token_plain, is_revoked, expires_at, last_used_at, created_at) VALUES ('3303a3fc-8801-4d87-a6c4-410d19c91c85', 'b90e1112-88c7-44fa-a275-25bc0ad2d96d', '3d671b9caa390ba9f56c1dabcd5b45a19a7bdb251a59fb0f0b6957a2f929b501', '61042cbd-0559-4a5d-a344-8b08f4104c65', true, (timestamp '2025-12-11 09:00:00' + interval '96 hours 0 minutes'), (timestamp '2025-12-11 09:00:00' + interval '4 hours 12 minutes'), (timestamp '2025-12-11 09:00:00' - interval '102 hours 58 minutes')) ON CONFLICT DO NOTHING;
INSERT INTO entry_tokens (id, period_id, token_hash, token_plain, is_revoked, expires_at, last_used_at, created_at) VALUES ('b5ad2ed4-e3bf-475c-ac45-3656103377c7', '0e963024-a53f-4722-a9e0-5db7a47b4419', '61ba941e76dc7d1162f389d3b24f6f3d7c2873ea5a7badad316a8501186bb26d', '1c5ef275-3fe5-4931-a5da-b69e622d6481', false, (timestamp '2025-05-14 09:00:00' + interval '96 hours 0 minutes'), (timestamp '2025-05-14 09:00:00' + interval '3 hours 57 minutes'), (timestamp '2025-05-14 09:00:00' - interval '197 hours 23 minutes')) ON CONFLICT DO NOTHING;
INSERT INTO entry_tokens (id, period_id, token_hash, token_plain, is_revoked, expires_at, last_used_at, created_at) VALUES ('2734a8b8-255e-4629-abab-1041cec319d5', '0e963024-a53f-4722-a9e0-5db7a47b4419', '122a4d41eda3848ce1c3202de1f8445a1a2fb1121e6488f194472de82735b7e3', 'b3cc49cf-e7ef-4551-a6c1-8d582a28cc4b', false, (timestamp '2025-05-14 09:00:00' + interval '96 hours 0 minutes'), NULL, (timestamp '2025-05-14 09:00:00' - interval '144 hours 17 minutes')) ON CONFLICT DO NOTHING;
INSERT INTO entry_tokens (id, period_id, token_hash, token_plain, is_revoked, expires_at, last_used_at, created_at) VALUES ('7ada0da0-7f52-4fe3-a021-4e7bb609c589', '0e963024-a53f-4722-a9e0-5db7a47b4419', 'a2234182f77705317851c043ec17c8940fe2497883a017fe9ae542210e0dbe10', '3f6fe507-b3a2-4b2e-a47d-25025487ee74', true, (timestamp '2025-05-14 09:00:00' + interval '96 hours 0 minutes'), (timestamp '2025-05-14 09:00:00' + interval '7 hours 29 minutes'), (timestamp '2025-05-14 09:00:00' - interval '133 hours 48 minutes')) ON CONFLICT DO NOTHING;
INSERT INTO entry_tokens (id, period_id, token_hash, token_plain, is_revoked, expires_at, last_used_at, created_at) VALUES ('9000471c-1e30-4ff5-a91e-5cec936a80f3', 'f8c01197-da4a-4646-a42d-8dc74715e3bc', '63a607288d9c2bbcf865cb1905268f8ebc49f68197c5ab3be311a6dac5bdbba8', 'd4add0f1-8ac0-4503-ae2b-edcc43a9f739', false, (timestamp '2024-12-12 09:00:00' + interval '96 hours 0 minutes'), (timestamp '2024-12-12 09:00:00' + interval '17 hours 5 minutes'), (timestamp '2024-12-12 09:00:00' - interval '129 hours 40 minutes')) ON CONFLICT DO NOTHING;
INSERT INTO entry_tokens (id, period_id, token_hash, token_plain, is_revoked, expires_at, last_used_at, created_at) VALUES ('bbcc1ee9-738c-4fb3-a07d-c1da3f96e7f5', 'f8c01197-da4a-4646-a42d-8dc74715e3bc', 'c5e5dcdc5e0fb83c8f52457a649bab8c726923417dce358427500c0393c20dcc', '02c5d394-e7aa-4f82-a3b1-010b650da9d1', false, (timestamp '2024-12-12 09:00:00' + interval '96 hours 0 minutes'), NULL, (timestamp '2024-12-12 09:00:00' - interval '212 hours 7 minutes')) ON CONFLICT DO NOTHING;
INSERT INTO entry_tokens (id, period_id, token_hash, token_plain, is_revoked, expires_at, last_used_at, created_at) VALUES ('7576156f-68a9-410e-a637-f1b7ab272608', 'f8c01197-da4a-4646-a42d-8dc74715e3bc', '649777f2a010449613389c57bc94af47edfcb35ca35b2b2f6000e8241be0a29f', '36ad7398-417e-4f73-ad99-30c0b4de315e', true, (timestamp '2024-12-12 09:00:00' + interval '96 hours 0 minutes'), (timestamp '2024-12-12 09:00:00' + interval '3 hours 26 minutes'), (timestamp '2024-12-12 09:00:00' - interval '143 hours 8 minutes')) ON CONFLICT DO NOTHING;
INSERT INTO entry_tokens (id, period_id, token_hash, token_plain, is_revoked, expires_at, last_used_at, created_at) VALUES ('0d310e3a-82e6-4a81-a2b7-c07ecc13b605', 'e77bf882-fc32-461c-acab-6ee1696df0c7', '0ed1fc504ef719a8e1d8f2574d98886ee05b553704251d9e6096071d8f82bd1a', 'c492418b-b59a-4d96-aaaf-29cded8e9fc7', false, (timestamp '2026-07-10 09:00:00' + interval '96 hours 0 minutes'), (timestamp '2026-07-10 09:00:00' + interval '1 hours 59 minutes'), (timestamp '2026-07-10 09:00:00' - interval '86 hours 39 minutes')) ON CONFLICT DO NOTHING;
INSERT INTO entry_tokens (id, period_id, token_hash, token_plain, is_revoked, expires_at, last_used_at, created_at) VALUES ('dba46647-270a-4785-a902-2b7707374483', 'e77bf882-fc32-461c-acab-6ee1696df0c7', '58f8b3c7e06c1ee02375cdf58030d1aeea3e2225939847b1347a3fa84566f8e7', 'd1e952b8-0441-4b24-abb2-b824b7878fea', false, (timestamp '2026-07-10 09:00:00' + interval '120 hours 0 minutes'), (timestamp '2026-07-10 09:00:00' + interval '32 hours 46 minutes'), (timestamp '2026-07-10 09:00:00' - interval '102 hours 40 minutes')) ON CONFLICT DO NOTHING;
INSERT INTO entry_tokens (id, period_id, token_hash, token_plain, is_revoked, expires_at, last_used_at, created_at) VALUES ('04a89fc9-43a9-469d-a78b-24a9a41d612d', 'e77bf882-fc32-461c-acab-6ee1696df0c7', '6071273399063b48e1d2c15c60b8f9f429fc56614087b5d99f61087fe69b3f82', '263e7f25-9ceb-4f98-a83f-69edde1d53d3', true, (timestamp '2026-07-10 09:00:00' + interval '120 hours 0 minutes'), (timestamp '2026-07-10 09:00:00' - interval '28 hours 25 minutes'), (timestamp '2026-07-10 09:00:00' - interval '161 hours 51 minutes')) ON CONFLICT DO NOTHING;
INSERT INTO entry_tokens (id, period_id, token_hash, token_plain, is_revoked, expires_at, last_used_at, created_at) VALUES ('583376bd-b74f-46fd-a351-fc240949682b', '308d2708-dbea-41b6-a1c8-da6129445759', 'b12a10c141af10785497aed842c9db820af64e7cb0916609c4cd823e1ad2361b', 'b721db1e-96d3-419d-a9dc-33968ff449ac', false, (timestamp '2025-07-09 09:00:00' + interval '144 hours 0 minutes'), (timestamp '2025-07-09 09:00:00' + interval '23 hours 10 minutes'), (timestamp '2025-07-09 09:00:00' - interval '141 hours 53 minutes')) ON CONFLICT DO NOTHING;
INSERT INTO entry_tokens (id, period_id, token_hash, token_plain, is_revoked, expires_at, last_used_at, created_at) VALUES ('0a29d63e-affe-4372-a2ab-d2b7512e6504', '308d2708-dbea-41b6-a1c8-da6129445759', '494c434f9f0aba659e5c0ed2f25c1f6937883c1f6f49f0bcc18c6e1f171b63bd', 'f9c85c8b-7f70-4fe1-a944-ac302bca1b71', false, (timestamp '2025-07-09 09:00:00' + interval '144 hours 0 minutes'), NULL, (timestamp '2025-07-09 09:00:00' - interval '128 hours 46 minutes')) ON CONFLICT DO NOTHING;
INSERT INTO entry_tokens (id, period_id, token_hash, token_plain, is_revoked, expires_at, last_used_at, created_at) VALUES ('15e2a075-6e44-4883-afd3-f33e0dbdb6f5', '308d2708-dbea-41b6-a1c8-da6129445759', '3945975a895ed08cfd52583489cc62febc29b182b9ee3443025fece7d2ea7ef6', 'b8e601ef-7f14-4344-aae9-3144393d39fa', true, (timestamp '2025-07-09 09:00:00' + interval '144 hours 0 minutes'), (timestamp '2025-07-09 09:00:00' + interval '16 hours 51 minutes'), (timestamp '2025-07-09 09:00:00' - interval '160 hours 42 minutes')) ON CONFLICT DO NOTHING;
INSERT INTO entry_tokens (id, period_id, token_hash, token_plain, is_revoked, expires_at, last_used_at, created_at) VALUES ('1e4aa1ce-a3d8-4a83-a547-3097fda41a78', 'bf4ee98f-1fd2-418d-a62d-8cb5b585f293', '0872827e3c544099f23d551d98444fee862f2767cf6d4ec2a443148b8ae21a10', '1ec7bc79-603c-48ad-a9ab-4c572eeace39', false, (timestamp '2024-07-10 09:00:00' + interval '144 hours 0 minutes'), (timestamp '2024-07-10 09:00:00' + interval '52 hours 46 minutes'), (timestamp '2024-07-10 09:00:00' - interval '193 hours 9 minutes')) ON CONFLICT DO NOTHING;
INSERT INTO entry_tokens (id, period_id, token_hash, token_plain, is_revoked, expires_at, last_used_at, created_at) VALUES ('460d37b5-5b35-4eec-a0b3-7b92558dfef2', 'bf4ee98f-1fd2-418d-a62d-8cb5b585f293', 'be3e208822f89cc685ee73c16b5dcedc2301f53e8500436002d571df262e12b9', '18cf1cba-9da3-4a3b-a339-6e392fb8c6cf', false, (timestamp '2024-07-10 09:00:00' + interval '144 hours 0 minutes'), NULL, (timestamp '2024-07-10 09:00:00' - interval '157 hours 57 minutes')) ON CONFLICT DO NOTHING;
INSERT INTO entry_tokens (id, period_id, token_hash, token_plain, is_revoked, expires_at, last_used_at, created_at) VALUES ('ce3afefc-fe60-4934-adc4-fd334c8cad7b', 'bf4ee98f-1fd2-418d-a62d-8cb5b585f293', 'bfef57636272fca420ec28db2699ee43e89114f770cdc39f235a948cf771849d', 'fba2ae22-c6dd-4f53-a85d-1ba050acb496', true, (timestamp '2024-07-10 09:00:00' + interval '144 hours 0 minutes'), (timestamp '2024-07-10 09:00:00' + interval '11 hours 46 minutes'), (timestamp '2024-07-10 09:00:00' - interval '206 hours 16 minutes')) ON CONFLICT DO NOTHING;
INSERT INTO entry_tokens (id, period_id, token_hash, token_plain, is_revoked, expires_at, last_used_at, created_at) VALUES ('3446b242-4cbd-4951-a6d3-0f81f9fccf24', '05a1eb4a-d4cf-478b-a52d-578c3d9c22ad', 'ef094b5b7d0be29836b6937fd98862ce7d75578e52ce762b0e8b7b07e20232e5', 'a2def78b-aaea-4d60-afc1-fc982ee8c287', false, (timestamp '2026-06-15 09:00:00' + interval '96 hours 0 minutes'), (timestamp '2026-06-15 09:00:00' + interval '22 hours 37 minutes'), (timestamp '2026-06-15 09:00:00' - interval '77 hours 5 minutes')) ON CONFLICT DO NOTHING;
INSERT INTO entry_tokens (id, period_id, token_hash, token_plain, is_revoked, expires_at, last_used_at, created_at) VALUES ('022b36e3-0b4a-4993-aa0a-8cf5f9c3d4f1', '05a1eb4a-d4cf-478b-a52d-578c3d9c22ad', '86a0511075c57627ade562453aa980081530cc416290446715e80978edeaa88b', '21042a45-74aa-4862-ad5d-264239e4ce21', false, (timestamp '2026-06-15 09:00:00' + interval '120 hours 0 minutes'), (timestamp '2026-06-15 09:00:00' + interval '34 hours 1 minutes'), (timestamp '2026-06-15 09:00:00' - interval '82 hours 14 minutes')) ON CONFLICT DO NOTHING;
INSERT INTO entry_tokens (id, period_id, token_hash, token_plain, is_revoked, expires_at, last_used_at, created_at) VALUES ('f98e483a-d9b4-457a-abe5-13912ecaf061', '05a1eb4a-d4cf-478b-a52d-578c3d9c22ad', 'f857453b69d9dfbf7ee64cae180896a656c59a9166e88c07d4077f445b046a16', 'c5a44cf2-cc32-438a-a02a-caa963ac6ef4', true, (timestamp '2026-06-15 09:00:00' + interval '120 hours 0 minutes'), (timestamp '2026-06-15 09:00:00' - interval '48 hours 56 minutes'), (timestamp '2026-06-15 09:00:00' - interval '168 hours 5 minutes')) ON CONFLICT DO NOTHING;
INSERT INTO entry_tokens (id, period_id, token_hash, token_plain, is_revoked, expires_at, last_used_at, created_at) VALUES ('ceb0d716-ba05-4d00-af15-6f8eb1a47a63', 'bb63166c-d38c-4278-a1e9-5c8b7b081a6c', 'da2b3e6ebc2533312c56977df17d0f91fe7b3a39af9cea560335cd481e1ae7d1', '4b24cd84-1094-4d83-abe5-f16e736e1645', false, (timestamp '2025-06-16 09:00:00' + interval '144 hours 0 minutes'), (timestamp '2025-06-16 09:00:00' + interval '59 hours 2 minutes'), (timestamp '2025-06-16 09:00:00' - interval '98 hours 52 minutes')) ON CONFLICT DO NOTHING;
INSERT INTO entry_tokens (id, period_id, token_hash, token_plain, is_revoked, expires_at, last_used_at, created_at) VALUES ('4fbdddbb-639e-4510-a01a-ac408ff3b083', 'bb63166c-d38c-4278-a1e9-5c8b7b081a6c', '6173c363294737ee52a966165eca0ef0162847e9cce3511fc57833dafff73152', 'ac38deb0-e272-4649-aabb-3f73c23436be', false, (timestamp '2025-06-16 09:00:00' + interval '144 hours 0 minutes'), NULL, (timestamp '2025-06-16 09:00:00' - interval '232 hours 11 minutes')) ON CONFLICT DO NOTHING;
INSERT INTO entry_tokens (id, period_id, token_hash, token_plain, is_revoked, expires_at, last_used_at, created_at) VALUES ('418d2170-7579-43b7-a760-aad0bbeb9a52', 'bb63166c-d38c-4278-a1e9-5c8b7b081a6c', '6d0bb7e53657f52e1bcb938d35b97624529d3ad071cb90ca50e3ffc2cff7753f', '702413ae-3d3b-40eb-ae8f-0492942c91d4', true, (timestamp '2025-06-16 09:00:00' + interval '144 hours 0 minutes'), (timestamp '2025-06-16 09:00:00' + interval '17 hours 0 minutes'), (timestamp '2025-06-16 09:00:00' - interval '98 hours 16 minutes')) ON CONFLICT DO NOTHING;
INSERT INTO entry_tokens (id, period_id, token_hash, token_plain, is_revoked, expires_at, last_used_at, created_at) VALUES ('b0b460bd-2409-47d9-a691-c5326f170ea8', '3f9cabdb-61dc-45da-afa5-dbb1747cd8c8', 'b017f3db784ba11e1ab16f5c3f65b7f6f17b27f957709383c08ea9bfd816d8f9', 'd9514405-d36e-4159-af9d-09b0af43203f', false, (timestamp '2024-06-17 09:00:00' + interval '144 hours 0 minutes'), (timestamp '2024-06-17 09:00:00' + interval '19 hours 24 minutes'), (timestamp '2024-06-17 09:00:00' - interval '142 hours 2 minutes')) ON CONFLICT DO NOTHING;
INSERT INTO entry_tokens (id, period_id, token_hash, token_plain, is_revoked, expires_at, last_used_at, created_at) VALUES ('0cf75e59-b190-46ab-adba-9bac2f35d9a0', '3f9cabdb-61dc-45da-afa5-dbb1747cd8c8', '148d5a1e08baf02d14ba16a13bc6007f022e1105987eb7cf13e6a73d46c345a3', '624382af-20ee-4cc0-a19d-2f5867d7f3db', false, (timestamp '2024-06-17 09:00:00' + interval '144 hours 0 minutes'), NULL, (timestamp '2024-06-17 09:00:00' - interval '191 hours 57 minutes')) ON CONFLICT DO NOTHING;
INSERT INTO entry_tokens (id, period_id, token_hash, token_plain, is_revoked, expires_at, last_used_at, created_at) VALUES ('50954c50-96e7-4603-acaf-0a80970b8f91', '3f9cabdb-61dc-45da-afa5-dbb1747cd8c8', '4eef7aeca0b4cae5feb304e42f2c07388aefaa5eebc48a4b24d12ed312460e22', 'b5aac878-5f30-4c05-a8dc-ff68d68993e5', true, (timestamp '2024-06-17 09:00:00' + interval '144 hours 0 minutes'), (timestamp '2024-06-17 09:00:00' + interval '16 hours 24 minutes'), (timestamp '2024-06-17 09:00:00' - interval '139 hours 44 minutes')) ON CONFLICT DO NOTHING;
INSERT INTO entry_tokens (id, period_id, token_hash, token_plain, is_revoked, expires_at, last_used_at, created_at) VALUES ('d8313c50-08fd-44dc-a7df-914788223a29', '6c44b363-4522-4cad-a251-06484b72b164', '69acf3880bcb4885ed9f56b0afa8377fd070aa92c32c1c388ef4006648be3aa5', '5038791a-7a26-4ee3-a1a7-693efcf53ad4', false, (timestamp '2026-07-14 09:00:00' + interval '96 hours 0 minutes'), (timestamp '2026-07-14 09:00:00' + interval '8 hours 38 minutes'), (timestamp '2026-07-14 09:00:00' - interval '106 hours 14 minutes')) ON CONFLICT DO NOTHING;
INSERT INTO entry_tokens (id, period_id, token_hash, token_plain, is_revoked, expires_at, last_used_at, created_at) VALUES ('9370afcc-12d6-48ab-a128-95a1a9cac34f', '6c44b363-4522-4cad-a251-06484b72b164', '21c6a329a7a022afbb878cfdcd11f2e156f2923dc167e953498c75e930f55b00', 'c122aed0-a538-45af-a488-a98ade7a5f64', false, (timestamp '2026-07-14 09:00:00' + interval '120 hours 0 minutes'), (timestamp '2026-07-14 09:00:00' + interval '15 hours 0 minutes'), (timestamp '2026-07-14 09:00:00' - interval '127 hours 27 minutes')) ON CONFLICT DO NOTHING;
INSERT INTO entry_tokens (id, period_id, token_hash, token_plain, is_revoked, expires_at, last_used_at, created_at) VALUES ('335392c3-be4f-4465-a157-e3b2bf5061b2', '6c44b363-4522-4cad-a251-06484b72b164', '5ae432972b9b8b82810ce74f4b8092cd6808e0648b375858152254929ee5fb3c', 'f62489e0-df0e-4e91-ac97-850fd11828d6', true, (timestamp '2026-07-14 09:00:00' + interval '120 hours 0 minutes'), (timestamp '2026-07-14 09:00:00' - interval '29 hours 31 minutes'), (timestamp '2026-07-14 09:00:00' - interval '124 hours 15 minutes')) ON CONFLICT DO NOTHING;
INSERT INTO entry_tokens (id, period_id, token_hash, token_plain, is_revoked, expires_at, last_used_at, created_at) VALUES ('6384f909-d718-40f4-ab3a-d922d0527ae7', '318124ea-8614-4355-ad48-2486524dfc13', 'eb71c5b1310233a48a73a1a3cfca45e883b96353df64f230ac585103e58de324', '352c1d79-d075-4790-a8c1-970e083babd2', false, (timestamp '2025-07-13 09:00:00' + interval '144 hours 0 minutes'), (timestamp '2025-07-13 09:00:00' + interval '29 hours 47 minutes'), (timestamp '2025-07-13 09:00:00' - interval '155 hours 17 minutes')) ON CONFLICT DO NOTHING;
INSERT INTO entry_tokens (id, period_id, token_hash, token_plain, is_revoked, expires_at, last_used_at, created_at) VALUES ('7d3044ed-9315-44f9-ae45-e4dc91315246', '318124ea-8614-4355-ad48-2486524dfc13', 'bd3d401ffa2af6bfea1318c1268dc58af6c525484977a59455d364b46556e830', 'ad97db41-4515-4772-acb2-328ab27d6c29', false, (timestamp '2025-07-13 09:00:00' + interval '144 hours 0 minutes'), NULL, (timestamp '2025-07-13 09:00:00' - interval '109 hours 40 minutes')) ON CONFLICT DO NOTHING;
INSERT INTO entry_tokens (id, period_id, token_hash, token_plain, is_revoked, expires_at, last_used_at, created_at) VALUES ('3e5af7f6-0b47-4637-a241-248cf9c50dc3', '318124ea-8614-4355-ad48-2486524dfc13', '335751734cdcabb6be1b6e4d53566a4d235db0eb66b23f590cc330e6f55051d4', 'ce4101f3-75c7-4bec-ade4-faf77aa9d1dc', true, (timestamp '2025-07-13 09:00:00' + interval '144 hours 0 minutes'), (timestamp '2025-07-13 09:00:00' + interval '11 hours 40 minutes'), (timestamp '2025-07-13 09:00:00' - interval '189 hours 9 minutes')) ON CONFLICT DO NOTHING;
INSERT INTO entry_tokens (id, period_id, token_hash, token_plain, is_revoked, expires_at, last_used_at, created_at) VALUES ('7d577a51-899e-4f5b-abaa-e61e24a19dc8', 'b7014c23-db5e-4be5-a5d6-d9597e8578cc', 'e091c4b085d482de46b53e5d2cfe5a7c03c7f2de9a36a0585dfd541687dfd994', 'e5c82e45-c64b-4795-a0b2-fe21c2283364', false, (timestamp '2024-07-14 09:00:00' + interval '144 hours 0 minutes'), (timestamp '2024-07-14 09:00:00' + interval '3 hours 48 minutes'), (timestamp '2024-07-14 09:00:00' - interval '188 hours 24 minutes')) ON CONFLICT DO NOTHING;
INSERT INTO entry_tokens (id, period_id, token_hash, token_plain, is_revoked, expires_at, last_used_at, created_at) VALUES ('c2943594-527f-465e-afba-745e9cb51fcb', 'b7014c23-db5e-4be5-a5d6-d9597e8578cc', '9b5f5ffce7e428167e9c157517ea547d158f3bd0791d29663ef540ce87e41d38', '79feb8cf-f8bd-44a7-ae87-219a32ee3d71', false, (timestamp '2024-07-14 09:00:00' + interval '144 hours 0 minutes'), NULL, (timestamp '2024-07-14 09:00:00' - interval '108 hours 34 minutes')) ON CONFLICT DO NOTHING;
INSERT INTO entry_tokens (id, period_id, token_hash, token_plain, is_revoked, expires_at, last_used_at, created_at) VALUES ('dddacd95-f6b2-4617-abb7-f3d5ba442b38', 'b7014c23-db5e-4be5-a5d6-d9597e8578cc', '9085a37a34189194630af5711ea7d7935c90acf0126130b85c95646f8c967385', 'a6faac7c-9b74-4bb3-a018-310e9d242e54', true, (timestamp '2024-07-14 09:00:00' + interval '144 hours 0 minutes'), (timestamp '2024-07-14 09:00:00' + interval '11 hours 44 minutes'), (timestamp '2024-07-14 09:00:00' - interval '98 hours 34 minutes')) ON CONFLICT DO NOTHING;
INSERT INTO entry_tokens (id, period_id, token_hash, token_plain, is_revoked, expires_at, last_used_at, created_at) VALUES ('03bca542-9a78-486c-a062-afe6ce4431c0', '47979751-163d-48b3-ae56-a65586d18f1b', 'f32942d2b2844568866639579704f374de5b2b01e0a6802f7fdd60974d689e07', 'ef26b957-8458-4324-acfc-8b8074581a08', false, (timestamp '2026-06-08 09:00:00' + interval '96 hours 0 minutes'), (timestamp '2026-06-08 09:00:00' + interval '8 hours 58 minutes'), (timestamp '2026-06-08 09:00:00' - interval '78 hours 18 minutes')) ON CONFLICT DO NOTHING;
INSERT INTO entry_tokens (id, period_id, token_hash, token_plain, is_revoked, expires_at, last_used_at, created_at) VALUES ('6a6e6c87-7859-458e-a054-a196fd06467e', '47979751-163d-48b3-ae56-a65586d18f1b', 'd50634923dd77fe82248d3b22de82bf46a33933c95905d3191849d2bb1f6e0c3', '02769640-1136-4c1f-acb2-2e05e4591011', false, (timestamp '2026-06-08 09:00:00' + interval '120 hours 0 minutes'), (timestamp '2026-06-08 09:00:00' + interval '13 hours 1 minutes'), (timestamp '2026-06-08 09:00:00' - interval '76 hours 11 minutes')) ON CONFLICT DO NOTHING;
INSERT INTO entry_tokens (id, period_id, token_hash, token_plain, is_revoked, expires_at, last_used_at, created_at) VALUES ('ec40b759-1b24-47c8-ae9d-7099a9ae19bf', '47979751-163d-48b3-ae56-a65586d18f1b', 'b4e6b6093e62180f8a1e7389f60dec1c594ba405051ef4e0592b8d36f3cc6f48', 'c67ed9c5-7ea1-4017-a6cc-f8d2e6eb3ba1', true, (timestamp '2026-06-08 09:00:00' + interval '120 hours 0 minutes'), (timestamp '2026-06-08 09:00:00' - interval '25 hours 10 minutes'), (timestamp '2026-06-08 09:00:00' - interval '81 hours 26 minutes')) ON CONFLICT DO NOTHING;
INSERT INTO entry_tokens (id, period_id, token_hash, token_plain, is_revoked, expires_at, last_used_at, created_at) VALUES ('bf5184b4-8ca5-4336-aaeb-b8522b815921', '10abd4e8-0cb9-4853-a17c-ac40da311bff', 'ee6da738e0f48931b30f2b1f7a1483d4ddc34433ec67d7a6d328b1e0b9eb4163', '327bd9b7-fe25-4ec1-a00d-63a07c1c4f6c', false, (timestamp '2025-06-09 09:00:00' + interval '144 hours 0 minutes'), (timestamp '2025-06-09 09:00:00' + interval '9 hours 30 minutes'), (timestamp '2025-06-09 09:00:00' - interval '101 hours 13 minutes')) ON CONFLICT DO NOTHING;
INSERT INTO entry_tokens (id, period_id, token_hash, token_plain, is_revoked, expires_at, last_used_at, created_at) VALUES ('98cff312-a89e-4c07-a287-306d9534001c', '10abd4e8-0cb9-4853-a17c-ac40da311bff', '6c44dc384e4747afb406a7246d3c14a658443ce8a357c331ef5e2b4a93460b5b', '63f72f5c-2959-4efe-ab3e-75913dd77c22', false, (timestamp '2025-06-09 09:00:00' + interval '144 hours 0 minutes'), NULL, (timestamp '2025-06-09 09:00:00' - interval '98 hours 1 minutes')) ON CONFLICT DO NOTHING;
INSERT INTO entry_tokens (id, period_id, token_hash, token_plain, is_revoked, expires_at, last_used_at, created_at) VALUES ('2cf2ad14-9f88-45d5-a574-b3ed353d066a', '10abd4e8-0cb9-4853-a17c-ac40da311bff', 'ab70e42a8a1860fb35e62da97c468cd2e59f8d7784af6fc276011aa0745af831', 'a4cca854-7db5-43d5-a602-a9c6c78b3322', true, (timestamp '2025-06-09 09:00:00' + interval '144 hours 0 minutes'), (timestamp '2025-06-09 09:00:00' + interval '7 hours 44 minutes'), (timestamp '2025-06-09 09:00:00' - interval '133 hours 11 minutes')) ON CONFLICT DO NOTHING;
INSERT INTO entry_tokens (id, period_id, token_hash, token_plain, is_revoked, expires_at, last_used_at, created_at) VALUES ('1a68841d-fd84-49e6-afd5-a7b38331ed83', '9f49cd18-d850-4b1e-ae53-c08253910f4e', '39a2f521249bd9c42241ff7ffe98ada95360af339e1d18ef54f93c788b6c5873', '09350095-2013-46db-a6a3-32936121d56e', false, (timestamp '2024-06-10 09:00:00' + interval '144 hours 0 minutes'), (timestamp '2024-06-10 09:00:00' + interval '51 hours 55 minutes'), (timestamp '2024-06-10 09:00:00' - interval '104 hours 38 minutes')) ON CONFLICT DO NOTHING;
INSERT INTO entry_tokens (id, period_id, token_hash, token_plain, is_revoked, expires_at, last_used_at, created_at) VALUES ('374908ac-61ea-4ebc-a6d6-27459d607f9e', '9f49cd18-d850-4b1e-ae53-c08253910f4e', '2bfeb8b498101be21bac37091401102e8ea5ffee437fc8c1a343a25dff42822b', 'cf7672c9-d3c5-482f-a25e-ce8c674f9f95', false, (timestamp '2024-06-10 09:00:00' + interval '144 hours 0 minutes'), NULL, (timestamp '2024-06-10 09:00:00' - interval '191 hours 13 minutes')) ON CONFLICT DO NOTHING;
INSERT INTO entry_tokens (id, period_id, token_hash, token_plain, is_revoked, expires_at, last_used_at, created_at) VALUES ('b262c052-b38f-4b4d-a09c-5e81bcd8cb27', '9f49cd18-d850-4b1e-ae53-c08253910f4e', 'cbaea2e05db0efe0989750f302c0259bc1f75e3cc1cacb457082bcb498ff69c4', 'c15a4dc1-8675-4ff0-a36e-140b87b25bb9', true, (timestamp '2024-06-10 09:00:00' + interval '144 hours 0 minutes'), (timestamp '2024-06-10 09:00:00' + interval '13 hours 25 minutes'), (timestamp '2024-06-10 09:00:00' - interval '120 hours 11 minutes')) ON CONFLICT DO NOTHING;

-- Audit Logs
INSERT INTO audit_logs (id, organization_id, user_id, action, resource_type, resource_id, details, created_at) VALUES ('bc3e6e34-af72-4767-a82c-c2ffe88db13f', 'e802a6cb-6cfa-4a7c-aba6-2038490fb899', NULL, 'admin.create', 'profile', '216c64b2-324f-4bfb-ac27-a2d8107cca20', '{"role":"org_admin"}', (timestamp '2024-06-01 09:00:00' + interval '2 hours 0 minutes')) ON CONFLICT DO NOTHING;
INSERT INTO audit_logs (id, organization_id, user_id, action, resource_type, resource_id, details, created_at) VALUES ('fad8147b-c987-4e1f-a756-e6e6441d686c', 'b94595d6-710c-4302-ad1b-11f4d216e028', NULL, 'admin.create', 'profile', '28a6cb85-d5a2-4f8e-a06a-ad66a2e72b46', '{"role":"org_admin"}', (timestamp '2024-06-15 09:00:00' + interval '3 hours 0 minutes')) ON CONFLICT DO NOTHING;
INSERT INTO audit_logs (id, organization_id, user_id, action, resource_type, resource_id, details, created_at) VALUES ('b8373f3a-0b4d-4168-add9-3984291261ef', 'd8214e32-d30f-4a0c-aee5-1c6fa0d41336', NULL, 'admin.create', 'profile', '760dd3bc-5709-4e3b-a5e2-7d288da052d7', '{"role":"org_admin"}', (timestamp '2024-04-01 09:00:00' + interval '17 hours 0 minutes')) ON CONFLICT DO NOTHING;
INSERT INTO audit_logs (id, organization_id, user_id, action, resource_type, resource_id, details, created_at) VALUES ('cdd3da3f-4f6d-411a-acab-9b78bcecb6bd', '088f5054-c9df-4c7f-a679-c1321524f250', NULL, 'admin.create', 'profile', '33c5f117-e2f4-4233-a762-36527757059d', '{"role":"org_admin"}', (timestamp '2024-04-15 09:00:00' + interval '1 hours 0 minutes')) ON CONFLICT DO NOTHING;
INSERT INTO audit_logs (id, organization_id, user_id, action, resource_type, resource_id, details, created_at) VALUES ('09b8caf4-5965-4b92-a956-87e5454dd5da', 'ff81ecf1-13ac-44b2-a331-0a207a8c7184', NULL, 'admin.create', 'profile', 'd8ae54ec-5d2f-472a-a348-fd0dd3204ad6', '{"role":"org_admin"}', (timestamp '2024-05-01 09:00:00' + interval '6 hours 0 minutes')) ON CONFLICT DO NOTHING;
INSERT INTO audit_logs (id, organization_id, user_id, action, resource_type, resource_id, details, created_at) VALUES ('2910c7a2-4e6a-4e61-a9ac-ebd71b87e301', 'b72b74d8-1d2c-4b0d-a982-48bfbed8fb29', NULL, 'admin.create', 'profile', '0c3785a7-dc80-44be-ae92-5db23f85227c', '{"role":"org_admin"}', (timestamp '2024-04-20 09:00:00' + interval '19 hours 0 minutes')) ON CONFLICT DO NOTHING;
INSERT INTO audit_logs (id, organization_id, user_id, action, resource_type, resource_id, details, created_at) VALUES ('c740b3f3-1e07-4d29-ab1b-cb5964c4cda9', 'e802a6cb-6cfa-4a7c-aba6-2038490fb899', NULL, 'admin.create', 'profile', '77a855a2-b6b7-49ef-a5f4-1a379c692107', '{"role":"org_admin"}', (timestamp '2024-06-01 09:00:00' + interval '43 hours 0 minutes')) ON CONFLICT DO NOTHING;
INSERT INTO audit_logs (id, organization_id, user_id, action, resource_type, resource_id, details, created_at) VALUES ('010ee9ce-6ba9-45f5-a471-a627d5bd3e50', 'b94595d6-710c-4302-ad1b-11f4d216e028', NULL, 'admin.create', 'profile', '0289930b-ea4c-47b0-a153-db0c93fad8fe', '{"role":"org_admin"}', (timestamp '2024-06-15 09:00:00' + interval '7 hours 0 minutes')) ON CONFLICT DO NOTHING;
INSERT INTO audit_logs (id, organization_id, user_id, action, resource_type, resource_id, details, created_at) VALUES ('f47bc4ff-4e69-4067-a62f-d1ec277b3d11', 'd8214e32-d30f-4a0c-aee5-1c6fa0d41336', NULL, 'admin.create', 'profile', '94060df8-6366-460e-a413-7a7c670243d4', '{"role":"org_admin"}', (timestamp '2024-04-01 09:00:00' + interval '19 hours 0 minutes')) ON CONFLICT DO NOTHING;
INSERT INTO audit_logs (id, organization_id, user_id, action, resource_type, resource_id, details, created_at) VALUES ('e9e3f29f-fcde-4398-a277-94ee7c305715', 'e802a6cb-6cfa-4a7c-aba6-2038490fb899', NULL, 'application.approved', 'org_application', '41a5cfa5-99ca-4ac7-aac9-27dba37e757e', '{"action":"approved"}', (timestamp '2024-06-01 09:00:00' + interval '71 hours 0 minutes')) ON CONFLICT DO NOTHING;
INSERT INTO audit_logs (id, organization_id, user_id, action, resource_type, resource_id, details, created_at) VALUES ('8fae5536-2837-4c10-a635-c417ab4771b0', 'b94595d6-710c-4302-ad1b-11f4d216e028', NULL, 'application.approved', 'org_application', '8366aa51-cbc3-451b-aa65-0c44c771212b', '{"action":"approved"}', (timestamp '2024-06-15 09:00:00' + interval '87 hours 0 minutes')) ON CONFLICT DO NOTHING;
INSERT INTO audit_logs (id, organization_id, user_id, action, resource_type, resource_id, details, created_at) VALUES ('b91ea31c-b6fd-47e9-a6a7-c38b0581c891', 'd8214e32-d30f-4a0c-aee5-1c6fa0d41336', NULL, 'application.rejected', 'org_application', '1a875b8c-6394-4e4e-a571-7c5d99e974e1', '{"action":"rejected"}', (timestamp '2024-04-01 09:00:00' + interval '143 hours 0 minutes')) ON CONFLICT DO NOTHING;
INSERT INTO audit_logs (id, organization_id, user_id, action, resource_type, resource_id, details, created_at) VALUES ('0596aba1-3115-447c-a9fc-fa3a7f681ff2', 'e802a6cb-6cfa-4a7c-aba6-2038490fb899', NULL, 'period.create', 'period', 'a0d6f60d-ece4-40f8-aca2-955b4abc5d88', '{"name":"Spring 2026"}', (timestamp '2026-05-10 09:00:00' - interval '825 hours 46 minutes')) ON CONFLICT DO NOTHING;
INSERT INTO audit_logs (id, organization_id, user_id, action, resource_type, resource_id, details, created_at) VALUES ('1810913d-d56e-4d7a-a174-85cad51dea5b', 'e802a6cb-6cfa-4a7c-aba6-2038490fb899', NULL, 'snapshot.freeze', 'period', 'a0d6f60d-ece4-40f8-aca2-955b4abc5d88', '{"action":"frozen"}', (timestamp '2026-05-10 09:00:00' - interval '24 hours 0 minutes')) ON CONFLICT DO NOTHING;
INSERT INTO audit_logs (id, organization_id, user_id, action, resource_type, resource_id, details, created_at) VALUES ('7cd2c2f0-d318-4874-a45d-fdb184939e92', 'e802a6cb-6cfa-4a7c-aba6-2038490fb899', NULL, 'juror.import', 'juror', 'aaa0da50-6432-47e0-ab48-b01ca823ef19', '{"imported_count":8,"source":"csv upload"}', (timestamp '2026-05-10 09:00:00' - interval '655 hours 27 minutes')) ON CONFLICT DO NOTHING;
INSERT INTO audit_logs (id, organization_id, user_id, action, resource_type, resource_id, details, created_at) VALUES ('f2dff25a-51d5-4bbd-afa5-1099fcbac69d', 'e802a6cb-6cfa-4a7c-aba6-2038490fb899', NULL, 'juror.create', 'juror', '72184d7d-905d-4a13-a136-8ff90c2cc349', '{"juror_name":"Dr. Nihan Ersoy"}', (timestamp '2026-05-10 09:00:00' - interval '277 hours 35 minutes')) ON CONFLICT DO NOTHING;
INSERT INTO audit_logs (id, organization_id, user_id, action, resource_type, resource_id, details, created_at) VALUES ('8c464ec0-30b7-49de-ac4b-07d2fb42aee9', 'e802a6cb-6cfa-4a7c-aba6-2038490fb899', NULL, 'juror.create', 'juror', 'd061174f-dbec-4d68-a56d-ce41cdc205a6', '{"juror_name":"Dr. Alper Kılıç"}', (timestamp '2026-05-10 09:00:00' - interval '264 hours 55 minutes')) ON CONFLICT DO NOTHING;
INSERT INTO audit_logs (id, organization_id, user_id, action, resource_type, resource_id, details, created_at) VALUES ('6ce05a03-00dd-43de-a398-d743a027368f', 'e802a6cb-6cfa-4a7c-aba6-2038490fb899', NULL, 'juror.create', 'juror', 'beb5b32d-8e9f-49bc-a901-23bc166bf72a', '{"juror_name":"Prof. Dilek Ünver"}', (timestamp '2026-05-10 09:00:00' - interval '256 hours 54 minutes')) ON CONFLICT DO NOTHING;
INSERT INTO audit_logs (id, organization_id, user_id, action, resource_type, resource_id, details, created_at) VALUES ('6a86a820-d017-4cf0-a130-bdaa64ec24dd', 'e802a6cb-6cfa-4a7c-aba6-2038490fb899', NULL, 'project.import', 'period', 'a0d6f60d-ece4-40f8-aca2-955b4abc5d88', '{"imported_count":5,"source":"csv upload"}', (timestamp '2026-05-10 09:00:00' - interval '430 hours 22 minutes')) ON CONFLICT DO NOTHING;
INSERT INTO audit_logs (id, organization_id, user_id, action, resource_type, resource_id, details, created_at) VALUES ('d41e45f5-e7ff-421e-acfa-3aad4fa74567', 'e802a6cb-6cfa-4a7c-aba6-2038490fb899', NULL, 'project.create', 'project', '2c01817f-5c28-4899-ab4b-fb741b5f8f9b', '{"title":"Biomedical Signal Processing for Sleep A"}', (timestamp '2026-05-10 09:00:00' - interval '129 hours 5 minutes')) ON CONFLICT DO NOTHING;
INSERT INTO audit_logs (id, organization_id, user_id, action, resource_type, resource_id, details, created_at) VALUES ('02580e54-caac-40d2-af02-dde45219ac3f', 'e802a6cb-6cfa-4a7c-aba6-2038490fb899', NULL, 'token.generate', 'entry_token', 'ebfe0c97-cc98-41ac-ab4f-9fc539fc187e', '{"reason":"Jury session QR code"}', (timestamp '2026-05-10 09:00:00' - interval '265 hours 31 minutes')) ON CONFLICT DO NOTHING;
INSERT INTO audit_logs (id, organization_id, user_id, action, resource_type, resource_id, details, created_at) VALUES ('0f008da2-0bd3-4e83-a2be-52e4c872a316', 'e802a6cb-6cfa-4a7c-aba6-2038490fb899', NULL, 'token.generate', 'entry_token', '149bee54-eb12-4dfb-a677-fd194357ffef', '{"reason":"Backup QR code"}', (timestamp '2026-05-10 09:00:00' - interval '294 hours 24 minutes')) ON CONFLICT DO NOTHING;
INSERT INTO audit_logs (id, organization_id, user_id, action, resource_type, resource_id, details, created_at) VALUES ('738168b4-ff47-46e6-a03e-b06e22e1a72c', 'e802a6cb-6cfa-4a7c-aba6-2038490fb899', NULL, 'token.generate', 'entry_token', '6148a0fd-17fe-4ce5-a00e-ad37158d1c95', '{"reason":"Staff entry token"}', (timestamp '2026-05-10 09:00:00' - interval '201 hours 18 minutes')) ON CONFLICT DO NOTHING;
INSERT INTO audit_logs (id, organization_id, user_id, action, resource_type, resource_id, details, created_at) VALUES ('4b6bd8ae-54b2-4d65-a0f0-8a8260d78308', 'e802a6cb-6cfa-4a7c-aba6-2038490fb899', NULL, 'token.revoke', 'entry_token', '6148a0fd-17fe-4ce5-a00e-ad37158d1c95', '{"reason":"manual revocation"}', (timestamp '2026-05-10 09:00:00' - interval '10 hours 20 minutes')) ON CONFLICT DO NOTHING;
INSERT INTO audit_logs (id, organization_id, user_id, action, resource_type, resource_id, details, created_at) VALUES ('15abef42-5cdc-4732-ae5b-80690afeff77', 'e802a6cb-6cfa-4a7c-aba6-2038490fb899', NULL, 'score.submit', 'score_sheet', 'a54dcd92-57de-4364-a79f-bf1ecfb835f6', '{"juror_activity":"finalized"}', (timestamp '2026-05-10 09:00:00' + interval '8 hours 44 minutes')) ON CONFLICT DO NOTHING;
INSERT INTO audit_logs (id, organization_id, user_id, action, resource_type, resource_id, details, created_at) VALUES ('b7d8cea6-5d8c-4fb3-ad6f-5be51874d5d6', 'e802a6cb-6cfa-4a7c-aba6-2038490fb899', NULL, 'score.submit', 'score_sheet', 'f34bcad2-0335-44c5-a579-27ef38468115', '{"juror_activity":"finalized"}', (timestamp '2026-05-10 09:00:00' + interval '12 hours 10 minutes')) ON CONFLICT DO NOTHING;
INSERT INTO audit_logs (id, organization_id, user_id, action, resource_type, resource_id, details, created_at) VALUES ('5aeebac2-68d5-4ef5-a41c-2db09169ff2a', 'e802a6cb-6cfa-4a7c-aba6-2038490fb899', NULL, 'score.submit', 'score_sheet', '248b5502-1f53-47f4-a3f9-a22b25b9bded', '{"juror_activity":"finalized"}', (timestamp '2026-05-10 09:00:00' + interval '14 hours 37 minutes')) ON CONFLICT DO NOTHING;
INSERT INTO audit_logs (id, organization_id, user_id, action, resource_type, resource_id, details, created_at) VALUES ('e0af2823-12a4-4fc7-a400-8eb74fac44ff', 'e802a6cb-6cfa-4a7c-aba6-2038490fb899', NULL, 'score.update', 'score_sheet', '8df8ceb7-8d17-4368-ac61-d7bc53ae4ae2', '{"corrections":2,"reason":"edit window granted"}', (timestamp '2026-05-10 09:00:00' + interval '19 hours 29 minutes')) ON CONFLICT DO NOTHING;
INSERT INTO audit_logs (id, organization_id, user_id, action, resource_type, resource_id, details, created_at) VALUES ('2a0f2086-01de-4ff5-a6f1-ee2a2cc5517b', 'e802a6cb-6cfa-4a7c-aba6-2038490fb899', NULL, 'pin.reset', 'juror_period_auth', 'aaa0da50-6432-47e0-ab48-b01ca823ef19', '{"juror":"Prof. Cihan Akpınar","reason":"forgotten pin"}', (timestamp '2026-05-10 09:00:00' + interval '8 hours 46 minutes')) ON CONFLICT DO NOTHING;
INSERT INTO audit_logs (id, organization_id, user_id, action, resource_type, resource_id, details, created_at) VALUES ('84ab557e-e49c-48eb-a9e2-74aa671af82f', 'e802a6cb-6cfa-4a7c-aba6-2038490fb899', NULL, 'pin.reset', 'juror_period_auth', 'b43a5dc5-d587-4940-a4ab-7d8a7ed44387', '{"juror":"Yasin Erimbaş","reason":"forgotten pin"}', (timestamp '2026-05-10 09:00:00' + interval '4 hours 58 minutes')) ON CONFLICT DO NOTHING;
INSERT INTO audit_logs (id, organization_id, user_id, action, resource_type, resource_id, details, created_at) VALUES ('0f5ffca8-1ef9-42d8-a7ea-5273acf39c9d', 'e802a6cb-6cfa-4a7c-aba6-2038490fb899', NULL, 'juror.pin_locked', 'juror_period_auth', '52a3f7a0-46fb-4596-ac3c-1db9f7ec0db2', '{"juror":"Engin Boztepe","attempts":4}', (timestamp '2026-05-10 09:00:00' + interval '4 hours 0 minutes')) ON CONFLICT DO NOTHING;
INSERT INTO audit_logs (id, organization_id, user_id, action, resource_type, resource_id, details, created_at) VALUES ('d85a60a0-835e-46da-a6aa-5ffeaaafa9ee', 'e802a6cb-6cfa-4a7c-aba6-2038490fb899', NULL, 'juror.edit_enabled', 'juror_period_auth', '9a21397b-552a-4b00-a5c4-15a0982436b1', '{"juror":"Dr. Aslıhan Koçak","reason":"Late extension","duration_minutes":60}', (timestamp '2026-05-10 09:00:00' + interval '20 hours 10 minutes')) ON CONFLICT DO NOTHING;
INSERT INTO audit_logs (id, organization_id, user_id, action, resource_type, resource_id, details, created_at) VALUES ('55b2fe52-ad42-4f31-a3ae-0c1665c65fde', 'e802a6cb-6cfa-4a7c-aba6-2038490fb899', NULL, 'period.create', 'period', '952dd05e-8ff2-44a7-a13b-9a22958f57fb', '{"name":"Fall 2025"}', (timestamp '2025-12-06 09:00:00' - interval '1261 hours 58 minutes')) ON CONFLICT DO NOTHING;
INSERT INTO audit_logs (id, organization_id, user_id, action, resource_type, resource_id, details, created_at) VALUES ('6a621a53-ca20-403a-ad39-c41f84cc0afb', 'e802a6cb-6cfa-4a7c-aba6-2038490fb899', NULL, 'period.lock', 'period', '952dd05e-8ff2-44a7-a13b-9a22958f57fb', '{"action":"locked"}', (timestamp '2025-12-06 09:00:00' + interval '192 hours 0 minutes')) ON CONFLICT DO NOTHING;
INSERT INTO audit_logs (id, organization_id, user_id, action, resource_type, resource_id, details, created_at) VALUES ('38ce4837-6e2b-4e29-ace7-f3b08a56933d', 'e802a6cb-6cfa-4a7c-aba6-2038490fb899', NULL, 'juror.import', 'juror', 'aaa0da50-6432-47e0-ab48-b01ca823ef19', '{"imported_count":8,"source":"csv upload"}', (timestamp '2025-12-06 09:00:00' - interval '479 hours 2 minutes')) ON CONFLICT DO NOTHING;
INSERT INTO audit_logs (id, organization_id, user_id, action, resource_type, resource_id, details, created_at) VALUES ('b9b445ce-82b3-4936-a97e-7a7930bbf85f', 'e802a6cb-6cfa-4a7c-aba6-2038490fb899', NULL, 'juror.create', 'juror', '72184d7d-905d-4a13-a136-8ff90c2cc349', '{"juror_name":"Dr. Nihan Ersoy"}', (timestamp '2025-12-06 09:00:00' - interval '290 hours 27 minutes')) ON CONFLICT DO NOTHING;
INSERT INTO audit_logs (id, organization_id, user_id, action, resource_type, resource_id, details, created_at) VALUES ('256cddb4-0734-48f2-a678-2baea671a1af', 'e802a6cb-6cfa-4a7c-aba6-2038490fb899', NULL, 'juror.create', 'juror', 'd061174f-dbec-4d68-a56d-ce41cdc205a6', '{"juror_name":"Dr. Alper Kılıç"}', (timestamp '2025-12-06 09:00:00' - interval '272 hours 18 minutes')) ON CONFLICT DO NOTHING;
INSERT INTO audit_logs (id, organization_id, user_id, action, resource_type, resource_id, details, created_at) VALUES ('15d41a1d-71dd-40d7-afcf-e763c2dec0d4', 'e802a6cb-6cfa-4a7c-aba6-2038490fb899', NULL, 'juror.create', 'juror', 'beb5b32d-8e9f-49bc-a901-23bc166bf72a', '{"juror_name":"Prof. Dilek Ünver"}', (timestamp '2025-12-06 09:00:00' - interval '260 hours 45 minutes')) ON CONFLICT DO NOTHING;
INSERT INTO audit_logs (id, organization_id, user_id, action, resource_type, resource_id, details, created_at) VALUES ('80fed49d-f153-43bb-ad81-1945d7dd9455', 'e802a6cb-6cfa-4a7c-aba6-2038490fb899', NULL, 'project.import', 'period', '952dd05e-8ff2-44a7-a13b-9a22958f57fb', '{"imported_count":10,"source":"csv upload"}', (timestamp '2025-12-06 09:00:00' - interval '317 hours 46 minutes')) ON CONFLICT DO NOTHING;
INSERT INTO audit_logs (id, organization_id, user_id, action, resource_type, resource_id, details, created_at) VALUES ('6de49dda-2fb5-4174-aa58-e3f40824f375', 'e802a6cb-6cfa-4a7c-aba6-2038490fb899', NULL, 'project.create', 'project', 'a1428f33-5d50-4922-a7e6-48a56760660d', '{"title":"Gesture-Controlled Wheelchair with Depth"}', (timestamp '2025-12-06 09:00:00' - interval '100 hours 9 minutes')) ON CONFLICT DO NOTHING;
INSERT INTO audit_logs (id, organization_id, user_id, action, resource_type, resource_id, details, created_at) VALUES ('78e8dcbb-0d5d-4960-ae67-9c1c3bbb433d', 'e802a6cb-6cfa-4a7c-aba6-2038490fb899', NULL, 'token.generate', 'entry_token', 'd1ef7b94-c256-4a88-a0ce-4206be558267', '{"reason":"Jury session QR code"}', (timestamp '2025-12-06 09:00:00' - interval '192 hours 14 minutes')) ON CONFLICT DO NOTHING;
INSERT INTO audit_logs (id, organization_id, user_id, action, resource_type, resource_id, details, created_at) VALUES ('fe1b2a67-f3f0-4a5e-a6ad-c742bb7ccc32', 'e802a6cb-6cfa-4a7c-aba6-2038490fb899', NULL, 'token.generate', 'entry_token', '3097f9f1-3914-4717-a2a5-5da24d89568f', '{"reason":"Backup QR code"}', (timestamp '2025-12-06 09:00:00' - interval '284 hours 4 minutes')) ON CONFLICT DO NOTHING;
INSERT INTO audit_logs (id, organization_id, user_id, action, resource_type, resource_id, details, created_at) VALUES ('cba32e7d-945b-4c1e-a2a2-442dd16986f0', 'e802a6cb-6cfa-4a7c-aba6-2038490fb899', NULL, 'token.generate', 'entry_token', '0dec035b-f57b-4ad9-a768-c43ddb0aaa44', '{"reason":"Staff entry token"}', (timestamp '2025-12-06 09:00:00' - interval '237 hours 2 minutes')) ON CONFLICT DO NOTHING;
INSERT INTO audit_logs (id, organization_id, user_id, action, resource_type, resource_id, details, created_at) VALUES ('e9f11628-0a64-4ad4-a75f-4da1ff7542c4', 'e802a6cb-6cfa-4a7c-aba6-2038490fb899', NULL, 'token.revoke', 'entry_token', '0dec035b-f57b-4ad9-a768-c43ddb0aaa44', '{"reason":"manual revocation"}', (timestamp '2025-12-06 09:00:00' + interval '10 hours 3 minutes')) ON CONFLICT DO NOTHING;
INSERT INTO audit_logs (id, organization_id, user_id, action, resource_type, resource_id, details, created_at) VALUES ('57368e8f-73f2-4c22-a38e-46c3ed8c86cc', 'e802a6cb-6cfa-4a7c-aba6-2038490fb899', NULL, 'score.submit', 'score_sheet', 'cfb7bc7d-28ae-47fd-ab7b-a30adfc0e424', '{"juror_activity":"finalized"}', (timestamp '2025-12-06 09:00:00' + interval '3 hours 40 minutes')) ON CONFLICT DO NOTHING;
INSERT INTO audit_logs (id, organization_id, user_id, action, resource_type, resource_id, details, created_at) VALUES ('a662a18f-3712-48cb-a48d-e275af2cbfe7', 'e802a6cb-6cfa-4a7c-aba6-2038490fb899', NULL, 'score.submit', 'score_sheet', 'e8d350b5-2b30-4250-a18c-1fa1849cda4e', '{"juror_activity":"finalized"}', (timestamp '2025-12-06 09:00:00' + interval '9 hours 41 minutes')) ON CONFLICT DO NOTHING;
INSERT INTO audit_logs (id, organization_id, user_id, action, resource_type, resource_id, details, created_at) VALUES ('73f6b018-3bac-4447-a3c2-9d4c98ebdf56', 'e802a6cb-6cfa-4a7c-aba6-2038490fb899', NULL, 'score.update', 'score_sheet', 'f7897313-ebd4-43c7-afad-526e0cf2201e', '{"corrections":2,"reason":"edit window granted"}', (timestamp '2025-12-06 09:00:00' + interval '21 hours 20 minutes')) ON CONFLICT DO NOTHING;
INSERT INTO audit_logs (id, organization_id, user_id, action, resource_type, resource_id, details, created_at) VALUES ('b3848aa7-610c-4581-afbe-f478c56f5fad', 'e802a6cb-6cfa-4a7c-aba6-2038490fb899', NULL, 'pin.reset', 'juror_period_auth', 'aaa0da50-6432-47e0-ab48-b01ca823ef19', '{"juror":"Prof. Cihan Akpınar","reason":"forgotten pin"}', (timestamp '2025-12-06 09:00:00' + interval '7 hours 58 minutes')) ON CONFLICT DO NOTHING;
INSERT INTO audit_logs (id, organization_id, user_id, action, resource_type, resource_id, details, created_at) VALUES ('bb69cc25-36c8-4758-ace5-8da1e27645e6', 'e802a6cb-6cfa-4a7c-aba6-2038490fb899', NULL, 'juror.pin_locked', 'juror_period_auth', '52a3f7a0-46fb-4596-ac3c-1db9f7ec0db2', '{"juror":"Engin Boztepe","attempts":3}', (timestamp '2025-12-06 09:00:00' + interval '4 hours 32 minutes')) ON CONFLICT DO NOTHING;
INSERT INTO audit_logs (id, organization_id, user_id, action, resource_type, resource_id, details, created_at) VALUES ('72ea7808-c9af-42d6-a2c1-8848765b073b', 'e802a6cb-6cfa-4a7c-aba6-2038490fb899', NULL, 'juror.edit_enabled', 'juror_period_auth', '9a21397b-552a-4b00-a5c4-15a0982436b1', '{"juror":"Dr. Aslıhan Koçak","reason":"Late extension","duration_minutes":60}', (timestamp '2025-12-06 09:00:00' + interval '17 hours 58 minutes')) ON CONFLICT DO NOTHING;
INSERT INTO audit_logs (id, organization_id, user_id, action, resource_type, resource_id, details, created_at) VALUES ('941c28b1-a702-4c5d-af15-5895be583160', 'e802a6cb-6cfa-4a7c-aba6-2038490fb899', NULL, 'period.create', 'period', 'e55e0820-93f2-487f-abaa-4ae64a77e93e', '{"name":"Spring 2025"}', (timestamp '2025-05-10 09:00:00' - interval '981 hours 24 minutes')) ON CONFLICT DO NOTHING;
INSERT INTO audit_logs (id, organization_id, user_id, action, resource_type, resource_id, details, created_at) VALUES ('49d9af10-dfe0-4f3b-a99d-05c9f7dd333b', 'e802a6cb-6cfa-4a7c-aba6-2038490fb899', NULL, 'period.lock', 'period', 'e55e0820-93f2-487f-abaa-4ae64a77e93e', '{"action":"locked"}', (timestamp '2025-05-10 09:00:00' + interval '192 hours 0 minutes')) ON CONFLICT DO NOTHING;
INSERT INTO audit_logs (id, organization_id, user_id, action, resource_type, resource_id, details, created_at) VALUES ('31dec0d7-12cc-4b7d-a40c-095adfe35de1', 'e802a6cb-6cfa-4a7c-aba6-2038490fb899', NULL, 'juror.import', 'juror', 'aaa0da50-6432-47e0-ab48-b01ca823ef19', '{"imported_count":8,"source":"csv upload"}', (timestamp '2025-05-10 09:00:00' - interval '675 hours 28 minutes')) ON CONFLICT DO NOTHING;
INSERT INTO audit_logs (id, organization_id, user_id, action, resource_type, resource_id, details, created_at) VALUES ('3f26b9f5-6942-4062-ae4b-a2337b718c25', 'e802a6cb-6cfa-4a7c-aba6-2038490fb899', NULL, 'juror.create', 'juror', '72184d7d-905d-4a13-a136-8ff90c2cc349', '{"juror_name":"Dr. Nihan Ersoy"}', (timestamp '2025-05-10 09:00:00' - interval '297 hours 21 minutes')) ON CONFLICT DO NOTHING;
INSERT INTO audit_logs (id, organization_id, user_id, action, resource_type, resource_id, details, created_at) VALUES ('f34570f2-8071-46cc-a5a3-be9434e1b12d', 'e802a6cb-6cfa-4a7c-aba6-2038490fb899', NULL, 'juror.create', 'juror', 'd061174f-dbec-4d68-a56d-ce41cdc205a6', '{"juror_name":"Dr. Alper Kılıç"}', (timestamp '2025-05-10 09:00:00' - interval '222 hours 34 minutes')) ON CONFLICT DO NOTHING;
INSERT INTO audit_logs (id, organization_id, user_id, action, resource_type, resource_id, details, created_at) VALUES ('80364522-45e8-4721-af37-f07697054574', 'e802a6cb-6cfa-4a7c-aba6-2038490fb899', NULL, 'juror.create', 'juror', 'beb5b32d-8e9f-49bc-a901-23bc166bf72a', '{"juror_name":"Prof. Dilek Ünver"}', (timestamp '2025-05-10 09:00:00' - interval '242 hours 2 minutes')) ON CONFLICT DO NOTHING;
INSERT INTO audit_logs (id, organization_id, user_id, action, resource_type, resource_id, details, created_at) VALUES ('5e7856d8-8fb7-438c-ae93-95f1e6a7167b', 'e802a6cb-6cfa-4a7c-aba6-2038490fb899', NULL, 'project.import', 'period', 'e55e0820-93f2-487f-abaa-4ae64a77e93e', '{"imported_count":8,"source":"csv upload"}', (timestamp '2025-05-10 09:00:00' - interval '458 hours 41 minutes')) ON CONFLICT DO NOTHING;
INSERT INTO audit_logs (id, organization_id, user_id, action, resource_type, resource_id, details, created_at) VALUES ('c6272eee-1f99-4a6a-a0bc-e2698d034ef8', 'e802a6cb-6cfa-4a7c-aba6-2038490fb899', NULL, 'project.create', 'project', '5368a9f3-4762-44a5-a950-e0ab610b0183', '{"title":"Low-Cost EMG Board for Rehabilitation"}', (timestamp '2025-05-10 09:00:00' - interval '112 hours 21 minutes')) ON CONFLICT DO NOTHING;
INSERT INTO audit_logs (id, organization_id, user_id, action, resource_type, resource_id, details, created_at) VALUES ('b798cf48-c6df-476c-a699-f06810f5e91c', 'e802a6cb-6cfa-4a7c-aba6-2038490fb899', NULL, 'project.update', 'project', '85cf466e-cb30-49f6-a3ac-58884c85a854', '{"field":"members","reason":"team member change"}', (timestamp '2025-05-10 09:00:00' - interval '110 hours 59 minutes')) ON CONFLICT DO NOTHING;
INSERT INTO audit_logs (id, organization_id, user_id, action, resource_type, resource_id, details, created_at) VALUES ('f200207c-7437-4e54-a7ba-7920779d2519', 'e802a6cb-6cfa-4a7c-aba6-2038490fb899', NULL, 'token.generate', 'entry_token', 'e0158cfd-84cd-42cd-afc0-a0fba901b99f', '{"reason":"Jury session QR code"}', (timestamp '2025-05-10 09:00:00' - interval '268 hours 45 minutes')) ON CONFLICT DO NOTHING;
INSERT INTO audit_logs (id, organization_id, user_id, action, resource_type, resource_id, details, created_at) VALUES ('6e835262-f9d2-408c-aa5a-70fb60bd4e37', 'e802a6cb-6cfa-4a7c-aba6-2038490fb899', NULL, 'token.generate', 'entry_token', '031435fd-f811-4671-a45a-7cef935dcada', '{"reason":"Backup QR code"}', (timestamp '2025-05-10 09:00:00' - interval '235 hours 19 minutes')) ON CONFLICT DO NOTHING;
INSERT INTO audit_logs (id, organization_id, user_id, action, resource_type, resource_id, details, created_at) VALUES ('146e30d4-2486-464a-a658-c6d6fcc5e652', 'e802a6cb-6cfa-4a7c-aba6-2038490fb899', NULL, 'token.generate', 'entry_token', '25a22f0e-97b6-4a59-a3f1-98d71ccc79bb', '{"reason":"Staff entry token"}', (timestamp '2025-05-10 09:00:00' - interval '164 hours 15 minutes')) ON CONFLICT DO NOTHING;
INSERT INTO audit_logs (id, organization_id, user_id, action, resource_type, resource_id, details, created_at) VALUES ('fc2ff4aa-8872-4873-ad65-b1cbc778cb1c', 'e802a6cb-6cfa-4a7c-aba6-2038490fb899', NULL, 'token.revoke', 'entry_token', '25a22f0e-97b6-4a59-a3f1-98d71ccc79bb', '{"reason":"manual revocation"}', (timestamp '2025-05-10 09:00:00' - interval '15 hours 38 minutes')) ON CONFLICT DO NOTHING;
INSERT INTO audit_logs (id, organization_id, user_id, action, resource_type, resource_id, details, created_at) VALUES ('4bd089be-2611-401d-a899-e58b45603cd9', 'e802a6cb-6cfa-4a7c-aba6-2038490fb899', NULL, 'score.update', 'score_sheet', 'be6023f8-61ae-4b94-a567-159b184b234a', '{"corrections":2,"reason":"edit window granted"}', (timestamp '2025-05-10 09:00:00' + interval '20 hours 42 minutes')) ON CONFLICT DO NOTHING;
INSERT INTO audit_logs (id, organization_id, user_id, action, resource_type, resource_id, details, created_at) VALUES ('414b160a-3670-4f25-ac5c-6eb0951c0d28', 'e802a6cb-6cfa-4a7c-aba6-2038490fb899', NULL, 'juror.pin_locked', 'juror_period_auth', '52a3f7a0-46fb-4596-ac3c-1db9f7ec0db2', '{"juror":"Engin Boztepe","attempts":3}', (timestamp '2025-05-10 09:00:00' + interval '6 hours 35 minutes')) ON CONFLICT DO NOTHING;
INSERT INTO audit_logs (id, organization_id, user_id, action, resource_type, resource_id, details, created_at) VALUES ('dfde94ae-dc7a-4804-af47-3707d7b22b19', 'e802a6cb-6cfa-4a7c-aba6-2038490fb899', NULL, 'juror.edit_enabled', 'juror_period_auth', '9a21397b-552a-4b00-a5c4-15a0982436b1', '{"juror":"Dr. Aslıhan Koçak","reason":"Late extension","duration_minutes":60}', (timestamp '2025-05-10 09:00:00' + interval '16 hours 40 minutes')) ON CONFLICT DO NOTHING;
INSERT INTO audit_logs (id, organization_id, user_id, action, resource_type, resource_id, details, created_at) VALUES ('0f8d5622-2515-49fa-adf0-dd7a9ea3ceb3', 'e802a6cb-6cfa-4a7c-aba6-2038490fb899', NULL, 'period.create', 'period', '10078594-2707-4c3f-a212-42add04fbd84', '{"name":"Fall 2024"}', (timestamp '2024-12-07 09:00:00' - interval '1323 hours 6 minutes')) ON CONFLICT DO NOTHING;
INSERT INTO audit_logs (id, organization_id, user_id, action, resource_type, resource_id, details, created_at) VALUES ('3ccb2ccf-8c35-4ec1-aabb-584374b0bf62', 'e802a6cb-6cfa-4a7c-aba6-2038490fb899', NULL, 'period.lock', 'period', '10078594-2707-4c3f-a212-42add04fbd84', '{"action":"locked"}', (timestamp '2024-12-07 09:00:00' + interval '192 hours 0 minutes')) ON CONFLICT DO NOTHING;
INSERT INTO audit_logs (id, organization_id, user_id, action, resource_type, resource_id, details, created_at) VALUES ('cb5d1a71-e210-4c91-a638-e210d0e70c52', 'e802a6cb-6cfa-4a7c-aba6-2038490fb899', NULL, 'juror.import', 'juror', 'aaa0da50-6432-47e0-ab48-b01ca823ef19', '{"imported_count":8,"source":"csv upload"}', (timestamp '2024-12-07 09:00:00' - interval '349 hours 44 minutes')) ON CONFLICT DO NOTHING;
INSERT INTO audit_logs (id, organization_id, user_id, action, resource_type, resource_id, details, created_at) VALUES ('dd35988e-6016-471d-af34-f921764373b4', 'e802a6cb-6cfa-4a7c-aba6-2038490fb899', NULL, 'juror.create', 'juror', '72184d7d-905d-4a13-a136-8ff90c2cc349', '{"juror_name":"Dr. Nihan Ersoy"}', (timestamp '2024-12-07 09:00:00' - interval '267 hours 45 minutes')) ON CONFLICT DO NOTHING;
INSERT INTO audit_logs (id, organization_id, user_id, action, resource_type, resource_id, details, created_at) VALUES ('bdd80ff4-4ae6-43dc-ad33-c040d44966a2', 'e802a6cb-6cfa-4a7c-aba6-2038490fb899', NULL, 'juror.create', 'juror', 'd061174f-dbec-4d68-a56d-ce41cdc205a6', '{"juror_name":"Dr. Alper Kılıç"}', (timestamp '2024-12-07 09:00:00' - interval '244 hours 44 minutes')) ON CONFLICT DO NOTHING;
INSERT INTO audit_logs (id, organization_id, user_id, action, resource_type, resource_id, details, created_at) VALUES ('305c76e2-9f5b-4534-af31-62a17ebe62b9', 'e802a6cb-6cfa-4a7c-aba6-2038490fb899', NULL, 'juror.create', 'juror', 'beb5b32d-8e9f-49bc-a901-23bc166bf72a', '{"juror_name":"Prof. Dilek Ünver"}', (timestamp '2024-12-07 09:00:00' - interval '224 hours 13 minutes')) ON CONFLICT DO NOTHING;
INSERT INTO audit_logs (id, organization_id, user_id, action, resource_type, resource_id, details, created_at) VALUES ('b91ebe79-7aeb-4ce3-ac30-7c3a195a4c16', 'e802a6cb-6cfa-4a7c-aba6-2038490fb899', NULL, 'project.import', 'period', '10078594-2707-4c3f-a212-42add04fbd84', '{"imported_count":6,"source":"csv upload"}', (timestamp '2024-12-07 09:00:00' - interval '590 hours 59 minutes')) ON CONFLICT DO NOTHING;
INSERT INTO audit_logs (id, organization_id, user_id, action, resource_type, resource_id, details, created_at) VALUES ('cdfbd517-b570-4a52-afa2-bac97415472e', 'e802a6cb-6cfa-4a7c-aba6-2038490fb899', NULL, 'project.create', 'project', 'cf741598-56d9-44db-a86a-7da01d6ead0c', '{"title":"Digital Voltmeter Using Arduino and LCD"}', (timestamp '2024-12-07 09:00:00' - interval '132 hours 21 minutes')) ON CONFLICT DO NOTHING;
INSERT INTO audit_logs (id, organization_id, user_id, action, resource_type, resource_id, details, created_at) VALUES ('6983b2e7-ba2b-4838-a71a-c9e56639d14f', 'e802a6cb-6cfa-4a7c-aba6-2038490fb899', NULL, 'project.update', 'project', 'b89cf1e1-6820-4efb-ad3e-9ab5b4f1bafa', '{"field":"members","reason":"team member change"}', (timestamp '2024-12-07 09:00:00' - interval '87 hours 18 minutes')) ON CONFLICT DO NOTHING;
INSERT INTO audit_logs (id, organization_id, user_id, action, resource_type, resource_id, details, created_at) VALUES ('5ca1741a-959b-4c01-a63c-668969c60849', 'e802a6cb-6cfa-4a7c-aba6-2038490fb899', NULL, 'token.generate', 'entry_token', 'c4ccd83f-519e-4847-ae6c-f19773cba0e3', '{"reason":"Jury session QR code"}', (timestamp '2024-12-07 09:00:00' - interval '270 hours 58 minutes')) ON CONFLICT DO NOTHING;
INSERT INTO audit_logs (id, organization_id, user_id, action, resource_type, resource_id, details, created_at) VALUES ('05062772-c034-4576-a77e-2599d9514a91', 'e802a6cb-6cfa-4a7c-aba6-2038490fb899', NULL, 'token.generate', 'entry_token', '6a4aed31-d4cb-47f2-a56e-7b488f2b4002', '{"reason":"Backup QR code"}', (timestamp '2024-12-07 09:00:00' - interval '155 hours 58 minutes')) ON CONFLICT DO NOTHING;
INSERT INTO audit_logs (id, organization_id, user_id, action, resource_type, resource_id, details, created_at) VALUES ('a6944297-b46e-4d39-a6e9-4a1a47ebec48', 'e802a6cb-6cfa-4a7c-aba6-2038490fb899', NULL, 'token.generate', 'entry_token', '3ee84bde-c05f-4a74-ae71-6bb97390f4d6', '{"reason":"Staff entry token"}', (timestamp '2024-12-07 09:00:00' - interval '127 hours 21 minutes')) ON CONFLICT DO NOTHING;
INSERT INTO audit_logs (id, organization_id, user_id, action, resource_type, resource_id, details, created_at) VALUES ('5405e591-1147-4974-a121-3ee5e04541f1', 'e802a6cb-6cfa-4a7c-aba6-2038490fb899', NULL, 'token.revoke', 'entry_token', '3ee84bde-c05f-4a74-ae71-6bb97390f4d6', '{"reason":"manual revocation"}', (timestamp '2024-12-07 09:00:00' + interval '7 hours 56 minutes')) ON CONFLICT DO NOTHING;
INSERT INTO audit_logs (id, organization_id, user_id, action, resource_type, resource_id, details, created_at) VALUES ('9cfb8fac-6931-49cb-ae6a-171b64c8ea62', 'e802a6cb-6cfa-4a7c-aba6-2038490fb899', NULL, 'score.update', 'score_sheet', 'ab0b810d-4350-49a1-a9e5-4bb02fc6afe2', '{"corrections":2,"reason":"edit window granted"}', (timestamp '2024-12-07 09:00:00' + interval '20 hours 40 minutes')) ON CONFLICT DO NOTHING;
INSERT INTO audit_logs (id, organization_id, user_id, action, resource_type, resource_id, details, created_at) VALUES ('6ca6c9a4-9381-4d3d-a52a-074b9d72844e', 'e802a6cb-6cfa-4a7c-aba6-2038490fb899', NULL, 'juror.pin_locked', 'juror_period_auth', '52a3f7a0-46fb-4596-ac3c-1db9f7ec0db2', '{"juror":"Engin Boztepe","attempts":4}', (timestamp '2024-12-07 09:00:00' + interval '11 hours 53 minutes')) ON CONFLICT DO NOTHING;
INSERT INTO audit_logs (id, organization_id, user_id, action, resource_type, resource_id, details, created_at) VALUES ('a1fa21c3-797a-44d9-abfe-d227b12e1439', 'e802a6cb-6cfa-4a7c-aba6-2038490fb899', NULL, 'juror.edit_enabled', 'juror_period_auth', '9a21397b-552a-4b00-a5c4-15a0982436b1', '{"juror":"Dr. Aslıhan Koçak","reason":"Late extension","duration_minutes":60}', (timestamp '2024-12-07 09:00:00' + interval '20 hours 43 minutes')) ON CONFLICT DO NOTHING;
INSERT INTO audit_logs (id, organization_id, user_id, action, resource_type, resource_id, details, created_at) VALUES ('9a8a6896-1892-4d1a-a310-aadc29b5951a', 'b94595d6-710c-4302-ad1b-11f4d216e028', NULL, 'period.create', 'period', 'e14683dc-6ac1-4c73-a2cb-da24e9e4f45f', '{"name":"Spring 2026"}', (timestamp '2026-05-15 09:00:00' - interval '1073 hours 17 minutes')) ON CONFLICT DO NOTHING;
INSERT INTO audit_logs (id, organization_id, user_id, action, resource_type, resource_id, details, created_at) VALUES ('da4560ec-92ec-4000-a472-a0d5086c67df', 'b94595d6-710c-4302-ad1b-11f4d216e028', NULL, 'snapshot.freeze', 'period', 'e14683dc-6ac1-4c73-a2cb-da24e9e4f45f', '{"action":"frozen"}', (timestamp '2026-05-15 09:00:00' - interval '24 hours 0 minutes')) ON CONFLICT DO NOTHING;
INSERT INTO audit_logs (id, organization_id, user_id, action, resource_type, resource_id, details, created_at) VALUES ('b52d43f2-b578-492e-ae5d-277d26c07b30', 'b94595d6-710c-4302-ad1b-11f4d216e028', NULL, 'juror.import', 'juror', '47dcf645-bcf8-407e-a86e-f0e506495726', '{"imported_count":7,"source":"csv upload"}', (timestamp '2026-05-15 09:00:00' - interval '636 hours 15 minutes')) ON CONFLICT DO NOTHING;
INSERT INTO audit_logs (id, organization_id, user_id, action, resource_type, resource_id, details, created_at) VALUES ('c304d89b-efed-423d-a743-a4ebc487333e', 'b94595d6-710c-4302-ad1b-11f4d216e028', NULL, 'juror.create', 'juror', 'b6f120da-98ef-4f28-ad71-46e47bfd43dd', '{"juror_name":"Prof. Jennifer Hayes"}', (timestamp '2026-05-15 09:00:00' - interval '289 hours 58 minutes')) ON CONFLICT DO NOTHING;
INSERT INTO audit_logs (id, organization_id, user_id, action, resource_type, resource_id, details, created_at) VALUES ('e2705199-2020-47e9-afdd-295786a76e40', 'b94595d6-710c-4302-ad1b-11f4d216e028', NULL, 'juror.create', 'juror', '7ebcff1e-65cc-4f7d-aed8-c77d90e0992a', '{"juror_name":"Dr. Rajesh Patel"}', (timestamp '2026-05-15 09:00:00' - interval '281 hours 12 minutes')) ON CONFLICT DO NOTHING;
INSERT INTO audit_logs (id, organization_id, user_id, action, resource_type, resource_id, details, created_at) VALUES ('002c4628-b438-4637-a373-6876b4ced658', 'b94595d6-710c-4302-ad1b-11f4d216e028', NULL, 'juror.create', 'juror', '201bb400-bf30-4069-a8c5-516fcc5154ac', '{"juror_name":"Prof. Michael Zhang"}', (timestamp '2026-05-15 09:00:00' - interval '217 hours 0 minutes')) ON CONFLICT DO NOTHING;
INSERT INTO audit_logs (id, organization_id, user_id, action, resource_type, resource_id, details, created_at) VALUES ('dad5654a-850e-4b47-a105-654a5b2b4e25', 'b94595d6-710c-4302-ad1b-11f4d216e028', NULL, 'project.import', 'period', 'e14683dc-6ac1-4c73-a2cb-da24e9e4f45f', '{"imported_count":12,"source":"csv upload"}', (timestamp '2026-05-15 09:00:00' - interval '259 hours 51 minutes')) ON CONFLICT DO NOTHING;
INSERT INTO audit_logs (id, organization_id, user_id, action, resource_type, resource_id, details, created_at) VALUES ('e062199c-2936-4a83-a592-168f1d6f9bc9', 'b94595d6-710c-4302-ad1b-11f4d216e028', NULL, 'project.create', 'project', '79270a6c-4914-4071-ae42-8ee609393a3a', '{"title":"Low-Latency Video Analytics for Autonomo"}', (timestamp '2026-05-15 09:00:00' - interval '179 hours 50 minutes')) ON CONFLICT DO NOTHING;
INSERT INTO audit_logs (id, organization_id, user_id, action, resource_type, resource_id, details, created_at) VALUES ('c80f6bf9-fca0-4b1f-a134-f3fe8ec422b7', 'b94595d6-710c-4302-ad1b-11f4d216e028', NULL, 'project.update', 'project', 'dd36e1bf-2797-42b4-ac06-cd142c99074f', '{"field":"members","reason":"team member change"}', (timestamp '2026-05-15 09:00:00' - interval '137 hours 6 minutes')) ON CONFLICT DO NOTHING;
INSERT INTO audit_logs (id, organization_id, user_id, action, resource_type, resource_id, details, created_at) VALUES ('3f60bd7d-3c5b-42b8-ab87-67f5797b36fb', 'b94595d6-710c-4302-ad1b-11f4d216e028', NULL, 'token.generate', 'entry_token', '2ab5fddb-1189-4baa-aae6-70d148f9d727', '{"reason":"Jury session QR code"}', (timestamp '2026-05-15 09:00:00' - interval '271 hours 39 minutes')) ON CONFLICT DO NOTHING;
INSERT INTO audit_logs (id, organization_id, user_id, action, resource_type, resource_id, details, created_at) VALUES ('a39e4901-b174-45d5-a45a-7a93c7377e91', 'b94595d6-710c-4302-ad1b-11f4d216e028', NULL, 'token.generate', 'entry_token', '518d022f-595e-4d61-abb9-0a1a31e6e3d7', '{"reason":"Backup QR code"}', (timestamp '2026-05-15 09:00:00' - interval '298 hours 10 minutes')) ON CONFLICT DO NOTHING;
INSERT INTO audit_logs (id, organization_id, user_id, action, resource_type, resource_id, details, created_at) VALUES ('b39cf73a-704e-4920-a1da-f7298a17430c', 'b94595d6-710c-4302-ad1b-11f4d216e028', NULL, 'token.generate', 'entry_token', 'dc9b646b-fc83-4f43-a203-a5a37247b667', '{"reason":"Staff entry token"}', (timestamp '2026-05-15 09:00:00' - interval '121 hours 19 minutes')) ON CONFLICT DO NOTHING;
INSERT INTO audit_logs (id, organization_id, user_id, action, resource_type, resource_id, details, created_at) VALUES ('0f5f23b8-f88c-4ba6-ac45-02992866b5eb', 'b94595d6-710c-4302-ad1b-11f4d216e028', NULL, 'token.revoke', 'entry_token', 'dc9b646b-fc83-4f43-a203-a5a37247b667', '{"reason":"manual revocation"}', (timestamp '2026-05-15 09:00:00' - interval '48 hours 17 minutes')) ON CONFLICT DO NOTHING;
INSERT INTO audit_logs (id, organization_id, user_id, action, resource_type, resource_id, details, created_at) VALUES ('f3985198-667c-4e7d-a648-770d961adf95', 'b94595d6-710c-4302-ad1b-11f4d216e028', NULL, 'score.submit', 'score_sheet', '1c58fad2-e1e1-41b7-a1ba-9a3de1c944f0', '{"juror_activity":"finalized"}', (timestamp '2026-05-15 09:00:00' + interval '4 hours 51 minutes')) ON CONFLICT DO NOTHING;
INSERT INTO audit_logs (id, organization_id, user_id, action, resource_type, resource_id, details, created_at) VALUES ('026e49dd-3fb0-4028-abd9-c2cee10e7295', 'b94595d6-710c-4302-ad1b-11f4d216e028', NULL, 'score.submit', 'score_sheet', '2d546af3-6b49-4221-a004-283ec5ef8d79', '{"juror_activity":"finalized"}', (timestamp '2026-05-15 09:00:00' + interval '11 hours 11 minutes')) ON CONFLICT DO NOTHING;
INSERT INTO audit_logs (id, organization_id, user_id, action, resource_type, resource_id, details, created_at) VALUES ('81a49e4a-5690-4c08-a026-7c0102e2c6e8', 'b94595d6-710c-4302-ad1b-11f4d216e028', NULL, 'score.submit', 'score_sheet', '55c586cc-aa5c-4cdc-af24-40765b85a8dd', '{"juror_activity":"finalized"}', (timestamp '2026-05-15 09:00:00' + interval '10 hours 14 minutes')) ON CONFLICT DO NOTHING;
INSERT INTO audit_logs (id, organization_id, user_id, action, resource_type, resource_id, details, created_at) VALUES ('065323db-d830-42f2-a55b-8d1dc7a48da6', 'b94595d6-710c-4302-ad1b-11f4d216e028', NULL, 'score.update', 'score_sheet', '923c54ed-ac81-460f-a938-1a2850a1d16d', '{"corrections":2,"reason":"edit window granted"}', (timestamp '2026-05-15 09:00:00' + interval '20 hours 52 minutes')) ON CONFLICT DO NOTHING;
INSERT INTO audit_logs (id, organization_id, user_id, action, resource_type, resource_id, details, created_at) VALUES ('10d2a3c0-10a8-49fb-a9d7-d0ac03b00c02', 'b94595d6-710c-4302-ad1b-11f4d216e028', NULL, 'pin.reset', 'juror_period_auth', '47dcf645-bcf8-407e-a86e-f0e506495726', '{"juror":"Dr. Thomas Albright","reason":"forgotten pin"}', (timestamp '2026-05-15 09:00:00' + interval '10 hours 27 minutes')) ON CONFLICT DO NOTHING;
INSERT INTO audit_logs (id, organization_id, user_id, action, resource_type, resource_id, details, created_at) VALUES ('3160ff59-495e-4a39-afda-ac1a7100d866', 'b94595d6-710c-4302-ad1b-11f4d216e028', NULL, 'pin.reset', 'juror_period_auth', 'b6f120da-98ef-4f28-ad71-46e47bfd43dd', '{"juror":"Prof. Jennifer Hayes","reason":"forgotten pin"}', (timestamp '2026-05-15 09:00:00' + interval '11 hours 49 minutes')) ON CONFLICT DO NOTHING;
INSERT INTO audit_logs (id, organization_id, user_id, action, resource_type, resource_id, details, created_at) VALUES ('8b17fa3c-d603-4619-a61f-3409d0e76e87', 'b94595d6-710c-4302-ad1b-11f4d216e028', NULL, 'juror.pin_locked', 'juror_period_auth', '405cb976-b946-4594-a572-1bdaaa5fd5c3', '{"juror":"Dr. Sofia Lang","attempts":3}', (timestamp '2026-05-15 09:00:00' + interval '8 hours 4 minutes')) ON CONFLICT DO NOTHING;
INSERT INTO audit_logs (id, organization_id, user_id, action, resource_type, resource_id, details, created_at) VALUES ('573ed51b-7666-4460-a247-2f35455cf5f4', 'b94595d6-710c-4302-ad1b-11f4d216e028', NULL, 'juror.edit_enabled', 'juror_period_auth', '44e14170-d567-4ad4-a771-cd269d538a2f', '{"juror":"Prof. Simon Caldwell","reason":"Late extension","duration_minutes":60}', (timestamp '2026-05-15 09:00:00' + interval '19 hours 47 minutes')) ON CONFLICT DO NOTHING;
INSERT INTO audit_logs (id, organization_id, user_id, action, resource_type, resource_id, details, created_at) VALUES ('21f90bff-0797-411e-a280-580f745351e7', 'b94595d6-710c-4302-ad1b-11f4d216e028', NULL, 'period.create', 'period', 'b90e1112-88c7-44fa-a275-25bc0ad2d96d', '{"name":"Fall 2025"}', (timestamp '2025-12-11 09:00:00' - interval '767 hours 58 minutes')) ON CONFLICT DO NOTHING;
INSERT INTO audit_logs (id, organization_id, user_id, action, resource_type, resource_id, details, created_at) VALUES ('e690fcb6-3a35-4d27-a327-513a3b370dc5', 'b94595d6-710c-4302-ad1b-11f4d216e028', NULL, 'period.lock', 'period', 'b90e1112-88c7-44fa-a275-25bc0ad2d96d', '{"action":"locked"}', (timestamp '2025-12-11 09:00:00' + interval '192 hours 0 minutes')) ON CONFLICT DO NOTHING;
INSERT INTO audit_logs (id, organization_id, user_id, action, resource_type, resource_id, details, created_at) VALUES ('93d15921-5f87-45ad-aa34-e9abd70128d5', 'b94595d6-710c-4302-ad1b-11f4d216e028', NULL, 'juror.import', 'juror', '47dcf645-bcf8-407e-a86e-f0e506495726', '{"imported_count":7,"source":"csv upload"}', (timestamp '2025-12-11 09:00:00' - interval '586 hours 14 minutes')) ON CONFLICT DO NOTHING;
INSERT INTO audit_logs (id, organization_id, user_id, action, resource_type, resource_id, details, created_at) VALUES ('3b109d9e-c1d6-4548-aab8-c2b79d3b5707', 'b94595d6-710c-4302-ad1b-11f4d216e028', NULL, 'juror.create', 'juror', 'b6f120da-98ef-4f28-ad71-46e47bfd43dd', '{"juror_name":"Prof. Jennifer Hayes"}', (timestamp '2025-12-11 09:00:00' - interval '282 hours 27 minutes')) ON CONFLICT DO NOTHING;
INSERT INTO audit_logs (id, organization_id, user_id, action, resource_type, resource_id, details, created_at) VALUES ('5b7a03a0-9c5d-4d01-a05f-67273548c823', 'b94595d6-710c-4302-ad1b-11f4d216e028', NULL, 'juror.create', 'juror', '7ebcff1e-65cc-4f7d-aed8-c77d90e0992a', '{"juror_name":"Dr. Rajesh Patel"}', (timestamp '2025-12-11 09:00:00' - interval '295 hours 20 minutes')) ON CONFLICT DO NOTHING;
INSERT INTO audit_logs (id, organization_id, user_id, action, resource_type, resource_id, details, created_at) VALUES ('94c89072-360b-4436-ab3b-1f510106ecab', 'b94595d6-710c-4302-ad1b-11f4d216e028', NULL, 'juror.create', 'juror', '201bb400-bf30-4069-a8c5-516fcc5154ac', '{"juror_name":"Prof. Michael Zhang"}', (timestamp '2025-12-11 09:00:00' - interval '216 hours 41 minutes')) ON CONFLICT DO NOTHING;
INSERT INTO audit_logs (id, organization_id, user_id, action, resource_type, resource_id, details, created_at) VALUES ('f5d2d514-d226-4dda-aecc-8f68e07e62ea', 'b94595d6-710c-4302-ad1b-11f4d216e028', NULL, 'project.import', 'period', 'b90e1112-88c7-44fa-a275-25bc0ad2d96d', '{"imported_count":10,"source":"csv upload"}', (timestamp '2025-12-11 09:00:00' - interval '597 hours 43 minutes')) ON CONFLICT DO NOTHING;
INSERT INTO audit_logs (id, organization_id, user_id, action, resource_type, resource_id, details, created_at) VALUES ('9c011d29-14ee-4a2c-a96e-0a490102f19c', 'b94595d6-710c-4302-ad1b-11f4d216e028', NULL, 'project.create', 'project', '7975e613-6808-4fe5-ad97-9f2721e58586', '{"title":"Automated Data Pipeline Validation Suite"}', (timestamp '2025-12-11 09:00:00' - interval '145 hours 24 minutes')) ON CONFLICT DO NOTHING;
INSERT INTO audit_logs (id, organization_id, user_id, action, resource_type, resource_id, details, created_at) VALUES ('e55d2573-0622-4a79-a77b-635f9999a11b', 'b94595d6-710c-4302-ad1b-11f4d216e028', NULL, 'project.update', 'project', '427540fb-9f60-4bfd-afa2-4db31ec63cd4', '{"field":"members","reason":"team member change"}', (timestamp '2025-12-11 09:00:00' - interval '131 hours 50 minutes')) ON CONFLICT DO NOTHING;
INSERT INTO audit_logs (id, organization_id, user_id, action, resource_type, resource_id, details, created_at) VALUES ('960a510c-9f70-49d0-a976-7f84c5a51eec', 'b94595d6-710c-4302-ad1b-11f4d216e028', NULL, 'token.generate', 'entry_token', 'a500f228-6406-4617-ad87-62c38dbd794f', '{"reason":"Jury session QR code"}', (timestamp '2025-12-11 09:00:00' - interval '307 hours 2 minutes')) ON CONFLICT DO NOTHING;
INSERT INTO audit_logs (id, organization_id, user_id, action, resource_type, resource_id, details, created_at) VALUES ('e6c1eb2a-acb3-4418-a4d2-86da176609a2', 'b94595d6-710c-4302-ad1b-11f4d216e028', NULL, 'token.generate', 'entry_token', 'caa7eb9a-20e0-4b86-a741-42667142cd0e', '{"reason":"Backup QR code"}', (timestamp '2025-12-11 09:00:00' - interval '297 hours 6 minutes')) ON CONFLICT DO NOTHING;
INSERT INTO audit_logs (id, organization_id, user_id, action, resource_type, resource_id, details, created_at) VALUES ('2248e1c9-148c-4273-a552-eaa75770bf6d', 'b94595d6-710c-4302-ad1b-11f4d216e028', NULL, 'token.generate', 'entry_token', '3303a3fc-8801-4d87-a6c4-410d19c91c85', '{"reason":"Staff entry token"}', (timestamp '2025-12-11 09:00:00' - interval '210 hours 17 minutes')) ON CONFLICT DO NOTHING;
INSERT INTO audit_logs (id, organization_id, user_id, action, resource_type, resource_id, details, created_at) VALUES ('1b42e905-68a6-44c2-ae06-1e6574c0f285', 'b94595d6-710c-4302-ad1b-11f4d216e028', NULL, 'token.revoke', 'entry_token', '3303a3fc-8801-4d87-a6c4-410d19c91c85', '{"reason":"manual revocation"}', (timestamp '2025-12-11 09:00:00' - interval '39 hours 39 minutes')) ON CONFLICT DO NOTHING;
INSERT INTO audit_logs (id, organization_id, user_id, action, resource_type, resource_id, details, created_at) VALUES ('67e9144f-13ae-4f8f-a26c-8ff817354f15', 'b94595d6-710c-4302-ad1b-11f4d216e028', NULL, 'score.submit', 'score_sheet', 'b58f8bf2-e5e1-4a62-a5d8-c4420eb95841', '{"juror_activity":"finalized"}', (timestamp '2025-12-11 09:00:00' + interval '16 hours 56 minutes')) ON CONFLICT DO NOTHING;
INSERT INTO audit_logs (id, organization_id, user_id, action, resource_type, resource_id, details, created_at) VALUES ('4c664a88-edf4-420f-a3f7-7d8aa3acd6d5', 'b94595d6-710c-4302-ad1b-11f4d216e028', NULL, 'score.submit', 'score_sheet', '0da109c0-eac1-45e5-a145-5a0a03d4cff3', '{"juror_activity":"finalized"}', (timestamp '2025-12-11 09:00:00' + interval '5 hours 21 minutes')) ON CONFLICT DO NOTHING;
INSERT INTO audit_logs (id, organization_id, user_id, action, resource_type, resource_id, details, created_at) VALUES ('51ededb6-12e6-48ca-a49b-3a1410be1a25', 'b94595d6-710c-4302-ad1b-11f4d216e028', NULL, 'score.update', 'score_sheet', '78cf7454-e8a9-47c8-a751-64faa1347c62', '{"corrections":2,"reason":"edit window granted"}', (timestamp '2025-12-11 09:00:00' + interval '19 hours 52 minutes')) ON CONFLICT DO NOTHING;
INSERT INTO audit_logs (id, organization_id, user_id, action, resource_type, resource_id, details, created_at) VALUES ('67726664-09a6-4461-ab74-587be81290d2', 'b94595d6-710c-4302-ad1b-11f4d216e028', NULL, 'pin.reset', 'juror_period_auth', '47dcf645-bcf8-407e-a86e-f0e506495726', '{"juror":"Dr. Thomas Albright","reason":"forgotten pin"}', (timestamp '2025-12-11 09:00:00' + interval '4 hours 30 minutes')) ON CONFLICT DO NOTHING;
INSERT INTO audit_logs (id, organization_id, user_id, action, resource_type, resource_id, details, created_at) VALUES ('7c7f8e02-879c-43de-a136-660c26b69a90', 'b94595d6-710c-4302-ad1b-11f4d216e028', NULL, 'juror.pin_locked', 'juror_period_auth', '405cb976-b946-4594-a572-1bdaaa5fd5c3', '{"juror":"Dr. Sofia Lang","attempts":4}', (timestamp '2025-12-11 09:00:00' + interval '12 hours 2 minutes')) ON CONFLICT DO NOTHING;
INSERT INTO audit_logs (id, organization_id, user_id, action, resource_type, resource_id, details, created_at) VALUES ('39b53831-0e00-4694-a12b-69a98870b52e', 'b94595d6-710c-4302-ad1b-11f4d216e028', NULL, 'juror.edit_enabled', 'juror_period_auth', '44e14170-d567-4ad4-a771-cd269d538a2f', '{"juror":"Prof. Simon Caldwell","reason":"Late extension","duration_minutes":60}', (timestamp '2025-12-11 09:00:00' + interval '20 hours 1 minutes')) ON CONFLICT DO NOTHING;
INSERT INTO audit_logs (id, organization_id, user_id, action, resource_type, resource_id, details, created_at) VALUES ('055fbd90-5eb5-4085-a342-b9d7a57262d5', 'b94595d6-710c-4302-ad1b-11f4d216e028', NULL, 'period.create', 'period', '0e963024-a53f-4722-a9e0-5db7a47b4419', '{"name":"Spring 2025"}', (timestamp '2025-05-14 09:00:00' - interval '1064 hours 44 minutes')) ON CONFLICT DO NOTHING;
INSERT INTO audit_logs (id, organization_id, user_id, action, resource_type, resource_id, details, created_at) VALUES ('eb5429ec-7749-4381-af5b-81af2b814fdb', 'b94595d6-710c-4302-ad1b-11f4d216e028', NULL, 'period.lock', 'period', '0e963024-a53f-4722-a9e0-5db7a47b4419', '{"action":"locked"}', (timestamp '2025-05-14 09:00:00' + interval '192 hours 0 minutes')) ON CONFLICT DO NOTHING;
INSERT INTO audit_logs (id, organization_id, user_id, action, resource_type, resource_id, details, created_at) VALUES ('82b7e5cd-aa07-4d51-af5a-a66e3d7a635d', 'b94595d6-710c-4302-ad1b-11f4d216e028', NULL, 'juror.import', 'juror', '47dcf645-bcf8-407e-a86e-f0e506495726', '{"imported_count":7,"source":"csv upload"}', (timestamp '2025-05-14 09:00:00' - interval '517 hours 55 minutes')) ON CONFLICT DO NOTHING;
INSERT INTO audit_logs (id, organization_id, user_id, action, resource_type, resource_id, details, created_at) VALUES ('5ffa888c-f8ba-481f-a64f-def21b9e8c25', 'b94595d6-710c-4302-ad1b-11f4d216e028', NULL, 'juror.create', 'juror', 'b6f120da-98ef-4f28-ad71-46e47bfd43dd', '{"juror_name":"Prof. Jennifer Hayes"}', (timestamp '2025-05-14 09:00:00' - interval '266 hours 52 minutes')) ON CONFLICT DO NOTHING;
INSERT INTO audit_logs (id, organization_id, user_id, action, resource_type, resource_id, details, created_at) VALUES ('755367f9-3b38-4d64-af16-163721baa92a', 'b94595d6-710c-4302-ad1b-11f4d216e028', NULL, 'juror.create', 'juror', '7ebcff1e-65cc-4f7d-aed8-c77d90e0992a', '{"juror_name":"Dr. Rajesh Patel"}', (timestamp '2025-05-14 09:00:00' - interval '292 hours 37 minutes')) ON CONFLICT DO NOTHING;
INSERT INTO audit_logs (id, organization_id, user_id, action, resource_type, resource_id, details, created_at) VALUES ('e460ee4a-3166-404e-af58-21cc449c55ee', 'b94595d6-710c-4302-ad1b-11f4d216e028', NULL, 'juror.create', 'juror', '201bb400-bf30-4069-a8c5-516fcc5154ac', '{"juror_name":"Prof. Michael Zhang"}', (timestamp '2025-05-14 09:00:00' - interval '273 hours 10 minutes')) ON CONFLICT DO NOTHING;
INSERT INTO audit_logs (id, organization_id, user_id, action, resource_type, resource_id, details, created_at) VALUES ('7926b23c-0c2a-4f28-aeaa-a6d4deca8710', 'b94595d6-710c-4302-ad1b-11f4d216e028', NULL, 'project.import', 'period', '0e963024-a53f-4722-a9e0-5db7a47b4419', '{"imported_count":8,"source":"csv upload"}', (timestamp '2025-05-14 09:00:00' - interval '318 hours 3 minutes')) ON CONFLICT DO NOTHING;
INSERT INTO audit_logs (id, organization_id, user_id, action, resource_type, resource_id, details, created_at) VALUES ('7bea9aed-6692-4061-a25d-4191b0463551', 'b94595d6-710c-4302-ad1b-11f4d216e028', NULL, 'project.create', 'project', '17b9953a-d93a-4a40-affb-a86edb61fbec', '{"title":"Functional Reactive UI Framework"}', (timestamp '2025-05-14 09:00:00' - interval '144 hours 34 minutes')) ON CONFLICT DO NOTHING;
INSERT INTO audit_logs (id, organization_id, user_id, action, resource_type, resource_id, details, created_at) VALUES ('dfd32397-c534-4bfb-a2dd-aee5509c48e9', 'b94595d6-710c-4302-ad1b-11f4d216e028', NULL, 'project.update', 'project', '8c80391d-28d5-46b2-acfe-a57c940443b9', '{"field":"members","reason":"team member change"}', (timestamp '2025-05-14 09:00:00' - interval '85 hours 49 minutes')) ON CONFLICT DO NOTHING;
INSERT INTO audit_logs (id, organization_id, user_id, action, resource_type, resource_id, details, created_at) VALUES ('d5d07ba0-c8de-4176-a133-025668519602', 'b94595d6-710c-4302-ad1b-11f4d216e028', NULL, 'token.generate', 'entry_token', 'b5ad2ed4-e3bf-475c-ac45-3656103377c7', '{"reason":"Jury session QR code"}', (timestamp '2025-05-14 09:00:00' - interval '261 hours 9 minutes')) ON CONFLICT DO NOTHING;
INSERT INTO audit_logs (id, organization_id, user_id, action, resource_type, resource_id, details, created_at) VALUES ('e3d953b1-c26a-41cc-a749-bff5f1575722', 'b94595d6-710c-4302-ad1b-11f4d216e028', NULL, 'token.generate', 'entry_token', '2734a8b8-255e-4629-abab-1041cec319d5', '{"reason":"Backup QR code"}', (timestamp '2025-05-14 09:00:00' - interval '304 hours 36 minutes')) ON CONFLICT DO NOTHING;
INSERT INTO audit_logs (id, organization_id, user_id, action, resource_type, resource_id, details, created_at) VALUES ('d353ccc2-42e4-4e74-a3f7-0f5635e83f40', 'b94595d6-710c-4302-ad1b-11f4d216e028', NULL, 'token.generate', 'entry_token', '7ada0da0-7f52-4fe3-a021-4e7bb609c589', '{"reason":"Staff entry token"}', (timestamp '2025-05-14 09:00:00' - interval '166 hours 56 minutes')) ON CONFLICT DO NOTHING;
INSERT INTO audit_logs (id, organization_id, user_id, action, resource_type, resource_id, details, created_at) VALUES ('4c95e20d-b74f-4458-ad82-dbef844aa2b5', 'b94595d6-710c-4302-ad1b-11f4d216e028', NULL, 'token.revoke', 'entry_token', '7ada0da0-7f52-4fe3-a021-4e7bb609c589', '{"reason":"manual revocation"}', (timestamp '2025-05-14 09:00:00' - interval '12 hours 3 minutes')) ON CONFLICT DO NOTHING;
INSERT INTO audit_logs (id, organization_id, user_id, action, resource_type, resource_id, details, created_at) VALUES ('1b25119a-2903-4861-a5c0-b20925d79882', 'b94595d6-710c-4302-ad1b-11f4d216e028', NULL, 'score.update', 'score_sheet', '0f711dad-5153-455c-ab96-6db55a213c7d', '{"corrections":2,"reason":"edit window granted"}', (timestamp '2025-05-14 09:00:00' + interval '19 hours 20 minutes')) ON CONFLICT DO NOTHING;
INSERT INTO audit_logs (id, organization_id, user_id, action, resource_type, resource_id, details, created_at) VALUES ('a1b1b5da-95c1-465d-ac95-eb6fe3d08389', 'b94595d6-710c-4302-ad1b-11f4d216e028', NULL, 'juror.pin_locked', 'juror_period_auth', '405cb976-b946-4594-a572-1bdaaa5fd5c3', '{"juror":"Dr. Sofia Lang","attempts":4}', (timestamp '2025-05-14 09:00:00' + interval '5 hours 17 minutes')) ON CONFLICT DO NOTHING;
INSERT INTO audit_logs (id, organization_id, user_id, action, resource_type, resource_id, details, created_at) VALUES ('569662d0-9f8d-4f96-a1a1-0faebc9919d2', 'b94595d6-710c-4302-ad1b-11f4d216e028', NULL, 'juror.edit_enabled', 'juror_period_auth', '44e14170-d567-4ad4-a771-cd269d538a2f', '{"juror":"Prof. Simon Caldwell","reason":"Late extension","duration_minutes":60}', (timestamp '2025-05-14 09:00:00' + interval '16 hours 52 minutes')) ON CONFLICT DO NOTHING;
INSERT INTO audit_logs (id, organization_id, user_id, action, resource_type, resource_id, details, created_at) VALUES ('0b2a55e5-6bef-4b2f-a10d-5f031f50d068', 'b94595d6-710c-4302-ad1b-11f4d216e028', NULL, 'period.create', 'period', 'f8c01197-da4a-4646-a42d-8dc74715e3bc', '{"name":"Fall 2024"}', (timestamp '2024-12-12 09:00:00' - interval '1245 hours 40 minutes')) ON CONFLICT DO NOTHING;
INSERT INTO audit_logs (id, organization_id, user_id, action, resource_type, resource_id, details, created_at) VALUES ('13c420fa-0661-4c48-ae53-568c85620068', 'b94595d6-710c-4302-ad1b-11f4d216e028', NULL, 'period.lock', 'period', 'f8c01197-da4a-4646-a42d-8dc74715e3bc', '{"action":"locked"}', (timestamp '2024-12-12 09:00:00' + interval '192 hours 0 minutes')) ON CONFLICT DO NOTHING;
INSERT INTO audit_logs (id, organization_id, user_id, action, resource_type, resource_id, details, created_at) VALUES ('a2fa0177-84b5-4bd6-a5b6-0214cbe63d79', 'b94595d6-710c-4302-ad1b-11f4d216e028', NULL, 'juror.import', 'juror', '47dcf645-bcf8-407e-a86e-f0e506495726', '{"imported_count":7,"source":"csv upload"}', (timestamp '2024-12-12 09:00:00' - interval '635 hours 1 minutes')) ON CONFLICT DO NOTHING;
INSERT INTO audit_logs (id, organization_id, user_id, action, resource_type, resource_id, details, created_at) VALUES ('bc906719-78c4-4de1-aca0-5c79518f8784', 'b94595d6-710c-4302-ad1b-11f4d216e028', NULL, 'juror.create', 'juror', 'b6f120da-98ef-4f28-ad71-46e47bfd43dd', '{"juror_name":"Prof. Jennifer Hayes"}', (timestamp '2024-12-12 09:00:00' - interval '257 hours 17 minutes')) ON CONFLICT DO NOTHING;
INSERT INTO audit_logs (id, organization_id, user_id, action, resource_type, resource_id, details, created_at) VALUES ('56a3764f-2173-4db8-ad7b-958f893d92de', 'b94595d6-710c-4302-ad1b-11f4d216e028', NULL, 'juror.create', 'juror', '7ebcff1e-65cc-4f7d-aed8-c77d90e0992a', '{"juror_name":"Dr. Rajesh Patel"}', (timestamp '2024-12-12 09:00:00' - interval '227 hours 46 minutes')) ON CONFLICT DO NOTHING;
INSERT INTO audit_logs (id, organization_id, user_id, action, resource_type, resource_id, details, created_at) VALUES ('2e8815f5-f300-4ae0-a6f8-cdf766371f93', 'b94595d6-710c-4302-ad1b-11f4d216e028', NULL, 'juror.create', 'juror', '201bb400-bf30-4069-a8c5-516fcc5154ac', '{"juror_name":"Prof. Michael Zhang"}', (timestamp '2024-12-12 09:00:00' - interval '274 hours 54 minutes')) ON CONFLICT DO NOTHING;
INSERT INTO audit_logs (id, organization_id, user_id, action, resource_type, resource_id, details, created_at) VALUES ('04413475-7819-4c7d-aabc-0c097cd34e63', 'b94595d6-710c-4302-ad1b-11f4d216e028', NULL, 'project.import', 'period', 'f8c01197-da4a-4646-a42d-8dc74715e3bc', '{"imported_count":6,"source":"csv upload"}', (timestamp '2024-12-12 09:00:00' - interval '323 hours 22 minutes')) ON CONFLICT DO NOTHING;
INSERT INTO audit_logs (id, organization_id, user_id, action, resource_type, resource_id, details, created_at) VALUES ('92329b24-80cd-4eea-a5ef-04946163f03c', 'b94595d6-710c-4302-ad1b-11f4d216e028', NULL, 'project.create', 'project', 'd50def54-dadb-4116-a17c-0f309bbb2e5a', '{"title":"Interactive Debugger for WebAssembly"}', (timestamp '2024-12-12 09:00:00' - interval '188 hours 50 minutes')) ON CONFLICT DO NOTHING;
INSERT INTO audit_logs (id, organization_id, user_id, action, resource_type, resource_id, details, created_at) VALUES ('73b09e12-f100-46bc-a09c-3497dc8f6d62', 'b94595d6-710c-4302-ad1b-11f4d216e028', NULL, 'project.update', 'project', '20e1dea2-c044-4eca-a288-e444a3d21226', '{"field":"members","reason":"team member change"}', (timestamp '2024-12-12 09:00:00' - interval '98 hours 9 minutes')) ON CONFLICT DO NOTHING;
INSERT INTO audit_logs (id, organization_id, user_id, action, resource_type, resource_id, details, created_at) VALUES ('08afdd2a-24c7-4437-a2da-6dad15175985', 'b94595d6-710c-4302-ad1b-11f4d216e028', NULL, 'token.generate', 'entry_token', '9000471c-1e30-4ff5-a91e-5cec936a80f3', '{"reason":"Jury session QR code"}', (timestamp '2024-12-12 09:00:00' - interval '333 hours 11 minutes')) ON CONFLICT DO NOTHING;
INSERT INTO audit_logs (id, organization_id, user_id, action, resource_type, resource_id, details, created_at) VALUES ('7393f2cc-4ccd-4c0c-a19c-85395bcb4ab4', 'b94595d6-710c-4302-ad1b-11f4d216e028', NULL, 'token.generate', 'entry_token', 'bbcc1ee9-738c-4fb3-a07d-c1da3f96e7f5', '{"reason":"Backup QR code"}', (timestamp '2024-12-12 09:00:00' - interval '183 hours 7 minutes')) ON CONFLICT DO NOTHING;
INSERT INTO audit_logs (id, organization_id, user_id, action, resource_type, resource_id, details, created_at) VALUES ('edc05278-9667-4d17-a802-e21877a4e6a9', 'b94595d6-710c-4302-ad1b-11f4d216e028', NULL, 'token.generate', 'entry_token', '7576156f-68a9-410e-a637-f1b7ab272608', '{"reason":"Staff entry token"}', (timestamp '2024-12-12 09:00:00' - interval '139 hours 7 minutes')) ON CONFLICT DO NOTHING;
INSERT INTO audit_logs (id, organization_id, user_id, action, resource_type, resource_id, details, created_at) VALUES ('cf192264-eab5-4241-a6d2-166895b4f798', 'b94595d6-710c-4302-ad1b-11f4d216e028', NULL, 'token.revoke', 'entry_token', '7576156f-68a9-410e-a637-f1b7ab272608', '{"reason":"manual revocation"}', (timestamp '2024-12-12 09:00:00' - interval '47 hours 32 minutes')) ON CONFLICT DO NOTHING;
INSERT INTO audit_logs (id, organization_id, user_id, action, resource_type, resource_id, details, created_at) VALUES ('c2e77c41-70b7-4a5a-a2c0-a3b29bacd626', 'b94595d6-710c-4302-ad1b-11f4d216e028', NULL, 'score.update', 'score_sheet', 'e0d757c9-29d4-4419-ac6d-0200e73b09c1', '{"corrections":2,"reason":"edit window granted"}', (timestamp '2024-12-12 09:00:00' + interval '19 hours 50 minutes')) ON CONFLICT DO NOTHING;
INSERT INTO audit_logs (id, organization_id, user_id, action, resource_type, resource_id, details, created_at) VALUES ('aefaf874-edf6-49a9-a634-067f3c0a3ae7', 'b94595d6-710c-4302-ad1b-11f4d216e028', NULL, 'juror.pin_locked', 'juror_period_auth', '405cb976-b946-4594-a572-1bdaaa5fd5c3', '{"juror":"Dr. Sofia Lang","attempts":4}', (timestamp '2024-12-12 09:00:00' + interval '4 hours 32 minutes')) ON CONFLICT DO NOTHING;
INSERT INTO audit_logs (id, organization_id, user_id, action, resource_type, resource_id, details, created_at) VALUES ('a0b8b5ac-b0be-44d8-ac93-85560aebeef0', 'b94595d6-710c-4302-ad1b-11f4d216e028', NULL, 'juror.edit_enabled', 'juror_period_auth', '44e14170-d567-4ad4-a771-cd269d538a2f', '{"juror":"Prof. Simon Caldwell","reason":"Late extension","duration_minutes":60}', (timestamp '2024-12-12 09:00:00' + interval '16 hours 29 minutes')) ON CONFLICT DO NOTHING;
INSERT INTO audit_logs (id, organization_id, user_id, action, resource_type, resource_id, details, created_at) VALUES ('8dde0b33-0d03-4aae-a88e-2ee3ad909e7a', 'd8214e32-d30f-4a0c-aee5-1c6fa0d41336', NULL, 'period.create', 'period', 'e77bf882-fc32-461c-acab-6ee1696df0c7', '{"name":"2026 Season"}', (timestamp '2026-07-10 09:00:00' - interval '978 hours 8 minutes')) ON CONFLICT DO NOTHING;
INSERT INTO audit_logs (id, organization_id, user_id, action, resource_type, resource_id, details, created_at) VALUES ('a557e6f5-f230-4420-a04d-589582b3db3a', 'd8214e32-d30f-4a0c-aee5-1c6fa0d41336', NULL, 'snapshot.freeze', 'period', 'e77bf882-fc32-461c-acab-6ee1696df0c7', '{"action":"frozen"}', (timestamp '2026-07-10 09:00:00' - interval '24 hours 0 minutes')) ON CONFLICT DO NOTHING;
INSERT INTO audit_logs (id, organization_id, user_id, action, resource_type, resource_id, details, created_at) VALUES ('53c9cd46-655a-46c4-a321-d7c8b2664c30', 'd8214e32-d30f-4a0c-aee5-1c6fa0d41336', NULL, 'juror.import', 'juror', 'cec22180-51e9-4924-a2d0-6bca4aeb0028', '{"imported_count":7,"source":"csv upload"}', (timestamp '2026-07-10 09:00:00' - interval '675 hours 38 minutes')) ON CONFLICT DO NOTHING;
INSERT INTO audit_logs (id, organization_id, user_id, action, resource_type, resource_id, details, created_at) VALUES ('e6bf72b5-19e0-4168-a54b-a07e612f351d', 'd8214e32-d30f-4a0c-aee5-1c6fa0d41336', NULL, 'juror.create', 'juror', '30d22b2f-a7a9-49d3-a326-758137e61b40', '{"juror_name":"Dr. Burak Yıldırım"}', (timestamp '2026-07-10 09:00:00' - interval '246 hours 42 minutes')) ON CONFLICT DO NOTHING;
INSERT INTO audit_logs (id, organization_id, user_id, action, resource_type, resource_id, details, created_at) VALUES ('b869aeb4-ec5d-4ad9-ae5c-54d5109121e9', 'd8214e32-d30f-4a0c-aee5-1c6fa0d41336', NULL, 'juror.create', 'juror', '1f96eb69-6e00-48d8-aadd-721d2884e69c', '{"juror_name":"Melih Şahin"}', (timestamp '2026-07-10 09:00:00' - interval '251 hours 18 minutes')) ON CONFLICT DO NOTHING;
INSERT INTO audit_logs (id, organization_id, user_id, action, resource_type, resource_id, details, created_at) VALUES ('41028455-d267-4914-ab8f-467a72f55c78', 'd8214e32-d30f-4a0c-aee5-1c6fa0d41336', NULL, 'juror.create', 'juror', '5bfd36d0-756a-4206-a9be-70c42f00fc7b', '{"juror_name":"Prof. Sevim Çalışkan"}', (timestamp '2026-07-10 09:00:00' - interval '243 hours 35 minutes')) ON CONFLICT DO NOTHING;
INSERT INTO audit_logs (id, organization_id, user_id, action, resource_type, resource_id, details, created_at) VALUES ('73f5b97e-58e1-4ad9-a00d-f6f7efd09efa', 'd8214e32-d30f-4a0c-aee5-1c6fa0d41336', NULL, 'project.import', 'period', 'e77bf882-fc32-461c-acab-6ee1696df0c7', '{"imported_count":12,"source":"csv upload"}', (timestamp '2026-07-10 09:00:00' - interval '266 hours 8 minutes')) ON CONFLICT DO NOTHING;
INSERT INTO audit_logs (id, organization_id, user_id, action, resource_type, resource_id, details, created_at) VALUES ('eabb049e-1dff-46fb-a3d8-9469f6359b76', 'd8214e32-d30f-4a0c-aee5-1c6fa0d41336', NULL, 'project.create', 'project', '5f932d7d-ad04-44c9-ac09-459f594c1ec2', '{"title":"Karbon Fiber Gövdeli Süpersonik Model Ro"}', (timestamp '2026-07-10 09:00:00' - interval '124 hours 5 minutes')) ON CONFLICT DO NOTHING;
INSERT INTO audit_logs (id, organization_id, user_id, action, resource_type, resource_id, details, created_at) VALUES ('9aecb7d3-684a-4cb2-af06-eea81f28c535', 'd8214e32-d30f-4a0c-aee5-1c6fa0d41336', NULL, 'token.generate', 'entry_token', '0d310e3a-82e6-4a81-a2b7-c07ecc13b605', '{"reason":"Jury session QR code"}', (timestamp '2026-07-10 09:00:00' - interval '247 hours 56 minutes')) ON CONFLICT DO NOTHING;
INSERT INTO audit_logs (id, organization_id, user_id, action, resource_type, resource_id, details, created_at) VALUES ('22ba907f-bcd0-44d4-a989-39c2fa0068c4', 'd8214e32-d30f-4a0c-aee5-1c6fa0d41336', NULL, 'token.generate', 'entry_token', 'dba46647-270a-4785-a902-2b7707374483', '{"reason":"Backup QR code"}', (timestamp '2026-07-10 09:00:00' - interval '251 hours 39 minutes')) ON CONFLICT DO NOTHING;
INSERT INTO audit_logs (id, organization_id, user_id, action, resource_type, resource_id, details, created_at) VALUES ('a6cd551f-e008-4b13-a6bf-7bf556257eeb', 'd8214e32-d30f-4a0c-aee5-1c6fa0d41336', NULL, 'token.generate', 'entry_token', '04a89fc9-43a9-469d-a78b-24a9a41d612d', '{"reason":"Staff entry token"}', (timestamp '2026-07-10 09:00:00' - interval '259 hours 31 minutes')) ON CONFLICT DO NOTHING;
INSERT INTO audit_logs (id, organization_id, user_id, action, resource_type, resource_id, details, created_at) VALUES ('137833a4-77c1-4d3d-a977-1ad0282100f9', 'd8214e32-d30f-4a0c-aee5-1c6fa0d41336', NULL, 'token.revoke', 'entry_token', '04a89fc9-43a9-469d-a78b-24a9a41d612d', '{"reason":"manual revocation"}', (timestamp '2026-07-10 09:00:00' - interval '35 hours 39 minutes')) ON CONFLICT DO NOTHING;
INSERT INTO audit_logs (id, organization_id, user_id, action, resource_type, resource_id, details, created_at) VALUES ('d75be36b-c76c-4e74-afbd-e9c50cfd992a', 'd8214e32-d30f-4a0c-aee5-1c6fa0d41336', NULL, 'score.submit', 'score_sheet', 'd7d25395-e2fb-46bb-a2a0-af0568f1c856', '{"juror_activity":"finalized"}', (timestamp '2026-07-10 09:00:00' + interval '35 hours 25 minutes')) ON CONFLICT DO NOTHING;
INSERT INTO audit_logs (id, organization_id, user_id, action, resource_type, resource_id, details, created_at) VALUES ('278729c4-9a04-4559-a2c8-50e6e83d8bc7', 'd8214e32-d30f-4a0c-aee5-1c6fa0d41336', NULL, 'score.submit', 'score_sheet', '9794d356-0a41-494b-a532-6735ba8eb0d9', '{"juror_activity":"finalized"}', (timestamp '2026-07-10 09:00:00' + interval '37 hours 33 minutes')) ON CONFLICT DO NOTHING;
INSERT INTO audit_logs (id, organization_id, user_id, action, resource_type, resource_id, details, created_at) VALUES ('25fbcd7a-008a-4dc9-ad86-d2cfdf5a4958', 'd8214e32-d30f-4a0c-aee5-1c6fa0d41336', NULL, 'score.submit', 'score_sheet', 'bf96497b-5305-4ec6-ab76-4f36ec36770d', '{"juror_activity":"finalized"}', (timestamp '2026-07-10 09:00:00' + interval '16 hours 9 minutes')) ON CONFLICT DO NOTHING;
INSERT INTO audit_logs (id, organization_id, user_id, action, resource_type, resource_id, details, created_at) VALUES ('c0be4083-7a44-45d4-afb8-acc54229eb24', 'd8214e32-d30f-4a0c-aee5-1c6fa0d41336', NULL, 'score.update', 'score_sheet', '0a4c3f63-e74b-4be6-a505-2ef3533441a5', '{"corrections":2,"reason":"edit window granted"}', (timestamp '2026-07-10 09:00:00' + interval '60 hours 49 minutes')) ON CONFLICT DO NOTHING;
INSERT INTO audit_logs (id, organization_id, user_id, action, resource_type, resource_id, details, created_at) VALUES ('1753b3b5-ae03-4cf6-ae63-6dfd7e7fb50b', 'd8214e32-d30f-4a0c-aee5-1c6fa0d41336', NULL, 'pin.reset', 'juror_period_auth', 'cec22180-51e9-4924-a2d0-6bca4aeb0028', '{"juror":"Prof. Kemal Özdemir","reason":"forgotten pin"}', (timestamp '2026-07-10 09:00:00' + interval '4 hours 28 minutes')) ON CONFLICT DO NOTHING;
INSERT INTO audit_logs (id, organization_id, user_id, action, resource_type, resource_id, details, created_at) VALUES ('025f9506-c670-48f2-a566-d5658f26e66f', 'd8214e32-d30f-4a0c-aee5-1c6fa0d41336', NULL, 'pin.reset', 'juror_period_auth', '30d22b2f-a7a9-49d3-a326-758137e61b40', '{"juror":"Dr. Burak Yıldırım","reason":"forgotten pin"}', (timestamp '2026-07-10 09:00:00' + interval '29 hours 55 minutes')) ON CONFLICT DO NOTHING;
INSERT INTO audit_logs (id, organization_id, user_id, action, resource_type, resource_id, details, created_at) VALUES ('f334b721-b4d7-44b7-a533-5579fef613be', 'd8214e32-d30f-4a0c-aee5-1c6fa0d41336', NULL, 'juror.pin_locked', 'juror_period_auth', 'e4550b83-b849-4977-a7b0-dc011fad64f5', '{"juror":"Cemil Demirtaş","attempts":5}', (timestamp '2026-07-10 09:00:00' + interval '8 hours 22 minutes')) ON CONFLICT DO NOTHING;
INSERT INTO audit_logs (id, organization_id, user_id, action, resource_type, resource_id, details, created_at) VALUES ('5ac17f44-9eaf-4a6e-a0df-4f6683aaf519', 'd8214e32-d30f-4a0c-aee5-1c6fa0d41336', NULL, 'juror.edit_enabled', 'juror_period_auth', '27eea0b5-10e7-42eb-a739-4082ace54aa0', '{"juror":"Dr. Eda Sarıgül","reason":"Late extension","duration_minutes":60}', (timestamp '2026-07-10 09:00:00' + interval '53 hours 18 minutes')) ON CONFLICT DO NOTHING;
INSERT INTO audit_logs (id, organization_id, user_id, action, resource_type, resource_id, details, created_at) VALUES ('c0e49e57-ae50-41e3-a3ea-8cad5048056f', 'd8214e32-d30f-4a0c-aee5-1c6fa0d41336', NULL, 'period.create', 'period', '308d2708-dbea-41b6-a1c8-da6129445759', '{"name":"2025 Season"}', (timestamp '2025-07-09 09:00:00' - interval '1262 hours 24 minutes')) ON CONFLICT DO NOTHING;
INSERT INTO audit_logs (id, organization_id, user_id, action, resource_type, resource_id, details, created_at) VALUES ('ec4d4aab-e697-477a-a631-168a4390f35f', 'd8214e32-d30f-4a0c-aee5-1c6fa0d41336', NULL, 'period.lock', 'period', '308d2708-dbea-41b6-a1c8-da6129445759', '{"action":"locked"}', (timestamp '2025-07-09 09:00:00' + interval '240 hours 0 minutes')) ON CONFLICT DO NOTHING;
INSERT INTO audit_logs (id, organization_id, user_id, action, resource_type, resource_id, details, created_at) VALUES ('3061f386-6279-4700-ab7f-e3af2920d156', 'd8214e32-d30f-4a0c-aee5-1c6fa0d41336', NULL, 'juror.import', 'juror', 'cec22180-51e9-4924-a2d0-6bca4aeb0028', '{"imported_count":7,"source":"csv upload"}', (timestamp '2025-07-09 09:00:00' - interval '644 hours 4 minutes')) ON CONFLICT DO NOTHING;
INSERT INTO audit_logs (id, organization_id, user_id, action, resource_type, resource_id, details, created_at) VALUES ('69e4aca8-c368-4af0-aa19-d9120dfae51e', 'd8214e32-d30f-4a0c-aee5-1c6fa0d41336', NULL, 'juror.create', 'juror', '30d22b2f-a7a9-49d3-a326-758137e61b40', '{"juror_name":"Dr. Burak Yıldırım"}', (timestamp '2025-07-09 09:00:00' - interval '316 hours 27 minutes')) ON CONFLICT DO NOTHING;
INSERT INTO audit_logs (id, organization_id, user_id, action, resource_type, resource_id, details, created_at) VALUES ('64d2c832-38f0-43a4-a61f-6df6d5bdacbe', 'd8214e32-d30f-4a0c-aee5-1c6fa0d41336', NULL, 'juror.create', 'juror', '1f96eb69-6e00-48d8-aadd-721d2884e69c', '{"juror_name":"Melih Şahin"}', (timestamp '2025-07-09 09:00:00' - interval '283 hours 28 minutes')) ON CONFLICT DO NOTHING;
INSERT INTO audit_logs (id, organization_id, user_id, action, resource_type, resource_id, details, created_at) VALUES ('0601094c-f5bc-4c17-a1ef-8336d241d767', 'd8214e32-d30f-4a0c-aee5-1c6fa0d41336', NULL, 'juror.create', 'juror', '5bfd36d0-756a-4206-a9be-70c42f00fc7b', '{"juror_name":"Prof. Sevim Çalışkan"}', (timestamp '2025-07-09 09:00:00' - interval '196 hours 6 minutes')) ON CONFLICT DO NOTHING;
INSERT INTO audit_logs (id, organization_id, user_id, action, resource_type, resource_id, details, created_at) VALUES ('e508aaa7-62db-4d03-a6ac-f1443cec3e13', 'd8214e32-d30f-4a0c-aee5-1c6fa0d41336', NULL, 'project.import', 'period', '308d2708-dbea-41b6-a1c8-da6129445759', '{"imported_count":10,"source":"csv upload"}', (timestamp '2025-07-09 09:00:00' - interval '327 hours 33 minutes')) ON CONFLICT DO NOTHING;
INSERT INTO audit_logs (id, organization_id, user_id, action, resource_type, resource_id, details, created_at) VALUES ('b5e2c8b0-ce44-451b-a168-3f684789489e', 'd8214e32-d30f-4a0c-aee5-1c6fa0d41336', NULL, 'project.create', 'project', '3b331f94-7242-46a0-a427-53b72f2a2e20', '{"title":"Topçu Düzeltme Kanatçığı Tasarımı"}', (timestamp '2025-07-09 09:00:00' - interval '167 hours 27 minutes')) ON CONFLICT DO NOTHING;
INSERT INTO audit_logs (id, organization_id, user_id, action, resource_type, resource_id, details, created_at) VALUES ('b8b1d648-ea88-4c8c-a9f7-82fa6dcb38e3', 'd8214e32-d30f-4a0c-aee5-1c6fa0d41336', NULL, 'project.update', 'project', '75baa7d0-6001-4420-a744-5b46e6483201', '{"field":"members","reason":"team member change"}', (timestamp '2025-07-09 09:00:00' - interval '53 hours 47 minutes')) ON CONFLICT DO NOTHING;
INSERT INTO audit_logs (id, organization_id, user_id, action, resource_type, resource_id, details, created_at) VALUES ('196527f3-6628-4a2f-a0f4-0eba44f7cc57', 'd8214e32-d30f-4a0c-aee5-1c6fa0d41336', NULL, 'token.generate', 'entry_token', '583376bd-b74f-46fd-a351-fc240949682b', '{"reason":"Jury session QR code"}', (timestamp '2025-07-09 09:00:00' - interval '210 hours 12 minutes')) ON CONFLICT DO NOTHING;
INSERT INTO audit_logs (id, organization_id, user_id, action, resource_type, resource_id, details, created_at) VALUES ('02b04c78-a504-4818-adef-1729244cd64b', 'd8214e32-d30f-4a0c-aee5-1c6fa0d41336', NULL, 'token.generate', 'entry_token', '0a29d63e-affe-4372-a2ab-d2b7512e6504', '{"reason":"Backup QR code"}', (timestamp '2025-07-09 09:00:00' - interval '155 hours 20 minutes')) ON CONFLICT DO NOTHING;
INSERT INTO audit_logs (id, organization_id, user_id, action, resource_type, resource_id, details, created_at) VALUES ('841faad1-a9b2-463d-a851-896d94c48f17', 'd8214e32-d30f-4a0c-aee5-1c6fa0d41336', NULL, 'token.generate', 'entry_token', '15e2a075-6e44-4883-afd3-f33e0dbdb6f5', '{"reason":"Staff entry token"}', (timestamp '2025-07-09 09:00:00' - interval '227 hours 5 minutes')) ON CONFLICT DO NOTHING;
INSERT INTO audit_logs (id, organization_id, user_id, action, resource_type, resource_id, details, created_at) VALUES ('f3fd16ac-d6e2-4ddf-ad9c-2e8fada4c422', 'd8214e32-d30f-4a0c-aee5-1c6fa0d41336', NULL, 'token.revoke', 'entry_token', '15e2a075-6e44-4883-afd3-f33e0dbdb6f5', '{"reason":"manual revocation"}', (timestamp '2025-07-09 09:00:00' - interval '39 hours 8 minutes')) ON CONFLICT DO NOTHING;
INSERT INTO audit_logs (id, organization_id, user_id, action, resource_type, resource_id, details, created_at) VALUES ('b6e22495-2be3-495e-af53-ff93370ae92d', 'd8214e32-d30f-4a0c-aee5-1c6fa0d41336', NULL, 'score.submit', 'score_sheet', 'd227fff2-3d70-4a00-a3ef-3f58e3483671', '{"juror_activity":"finalized"}', (timestamp '2025-07-09 09:00:00' + interval '11 hours 37 minutes')) ON CONFLICT DO NOTHING;
INSERT INTO audit_logs (id, organization_id, user_id, action, resource_type, resource_id, details, created_at) VALUES ('b2a96673-e46e-43b8-aa80-4f22f2e61b03', 'd8214e32-d30f-4a0c-aee5-1c6fa0d41336', NULL, 'score.submit', 'score_sheet', 'f91153bd-2fd6-43b6-a504-d779f879f0f1', '{"juror_activity":"finalized"}', (timestamp '2025-07-09 09:00:00' + interval '18 hours 41 minutes')) ON CONFLICT DO NOTHING;
INSERT INTO audit_logs (id, organization_id, user_id, action, resource_type, resource_id, details, created_at) VALUES ('269d48e1-1193-42a2-aa96-be6b5ae84bd4', 'd8214e32-d30f-4a0c-aee5-1c6fa0d41336', NULL, 'score.update', 'score_sheet', 'ab7a3f33-f75b-460d-a427-c34e5ef80388', '{"corrections":2,"reason":"edit window granted"}', (timestamp '2025-07-09 09:00:00' + interval '65 hours 30 minutes')) ON CONFLICT DO NOTHING;
INSERT INTO audit_logs (id, organization_id, user_id, action, resource_type, resource_id, details, created_at) VALUES ('3a200ae2-39c9-470f-a2c3-0c70ce081178', 'd8214e32-d30f-4a0c-aee5-1c6fa0d41336', NULL, 'pin.reset', 'juror_period_auth', 'cec22180-51e9-4924-a2d0-6bca4aeb0028', '{"juror":"Prof. Kemal Özdemir","reason":"forgotten pin"}', (timestamp '2025-07-09 09:00:00' + interval '9 hours 37 minutes')) ON CONFLICT DO NOTHING;
INSERT INTO audit_logs (id, organization_id, user_id, action, resource_type, resource_id, details, created_at) VALUES ('c6a4d683-c831-4942-abae-48ba7556eb89', 'd8214e32-d30f-4a0c-aee5-1c6fa0d41336', NULL, 'juror.pin_locked', 'juror_period_auth', 'e4550b83-b849-4977-a7b0-dc011fad64f5', '{"juror":"Cemil Demirtaş","attempts":4}', (timestamp '2025-07-09 09:00:00' + interval '10 hours 29 minutes')) ON CONFLICT DO NOTHING;
INSERT INTO audit_logs (id, organization_id, user_id, action, resource_type, resource_id, details, created_at) VALUES ('b344a1f4-6856-4194-a4d2-b9aa5c749e30', 'd8214e32-d30f-4a0c-aee5-1c6fa0d41336', NULL, 'juror.edit_enabled', 'juror_period_auth', '27eea0b5-10e7-42eb-a739-4082ace54aa0', '{"juror":"Dr. Eda Sarıgül","reason":"Late extension","duration_minutes":60}', (timestamp '2025-07-09 09:00:00' + interval '59 hours 43 minutes')) ON CONFLICT DO NOTHING;
INSERT INTO audit_logs (id, organization_id, user_id, action, resource_type, resource_id, details, created_at) VALUES ('ef75a7ef-b8fd-4334-aad0-96c2ce671c6e', 'd8214e32-d30f-4a0c-aee5-1c6fa0d41336', NULL, 'period.create', 'period', 'bf4ee98f-1fd2-418d-a62d-8cb5b585f293', '{"name":"2024 Season"}', (timestamp '2024-07-10 09:00:00' - interval '829 hours 38 minutes')) ON CONFLICT DO NOTHING;
INSERT INTO audit_logs (id, organization_id, user_id, action, resource_type, resource_id, details, created_at) VALUES ('555b537e-2691-473c-a9d6-af4849262639', 'd8214e32-d30f-4a0c-aee5-1c6fa0d41336', NULL, 'period.lock', 'period', 'bf4ee98f-1fd2-418d-a62d-8cb5b585f293', '{"action":"locked"}', (timestamp '2024-07-10 09:00:00' + interval '240 hours 0 minutes')) ON CONFLICT DO NOTHING;
INSERT INTO audit_logs (id, organization_id, user_id, action, resource_type, resource_id, details, created_at) VALUES ('28dd36f9-250a-4e7a-af60-15ab1d2b2793', 'd8214e32-d30f-4a0c-aee5-1c6fa0d41336', NULL, 'juror.import', 'juror', 'cec22180-51e9-4924-a2d0-6bca4aeb0028', '{"imported_count":7,"source":"csv upload"}', (timestamp '2024-07-10 09:00:00' - interval '475 hours 28 minutes')) ON CONFLICT DO NOTHING;
INSERT INTO audit_logs (id, organization_id, user_id, action, resource_type, resource_id, details, created_at) VALUES ('23f28b51-901b-41ba-a834-7628252027a8', 'd8214e32-d30f-4a0c-aee5-1c6fa0d41336', NULL, 'juror.create', 'juror', '30d22b2f-a7a9-49d3-a326-758137e61b40', '{"juror_name":"Dr. Burak Yıldırım"}', (timestamp '2024-07-10 09:00:00' - interval '276 hours 24 minutes')) ON CONFLICT DO NOTHING;
INSERT INTO audit_logs (id, organization_id, user_id, action, resource_type, resource_id, details, created_at) VALUES ('cf3a5a86-d7e4-40e3-afc9-afbc1371795d', 'd8214e32-d30f-4a0c-aee5-1c6fa0d41336', NULL, 'juror.create', 'juror', '1f96eb69-6e00-48d8-aadd-721d2884e69c', '{"juror_name":"Melih Şahin"}', (timestamp '2024-07-10 09:00:00' - interval '302 hours 20 minutes')) ON CONFLICT DO NOTHING;
INSERT INTO audit_logs (id, organization_id, user_id, action, resource_type, resource_id, details, created_at) VALUES ('cf42768a-0266-4d94-aa94-9ad25e8c76d7', 'd8214e32-d30f-4a0c-aee5-1c6fa0d41336', NULL, 'juror.create', 'juror', '5bfd36d0-756a-4206-a9be-70c42f00fc7b', '{"juror_name":"Prof. Sevim Çalışkan"}', (timestamp '2024-07-10 09:00:00' - interval '260 hours 35 minutes')) ON CONFLICT DO NOTHING;
INSERT INTO audit_logs (id, organization_id, user_id, action, resource_type, resource_id, details, created_at) VALUES ('8c20c639-4c46-4867-aca8-bbf1a755f678', 'd8214e32-d30f-4a0c-aee5-1c6fa0d41336', NULL, 'project.import', 'period', 'bf4ee98f-1fd2-418d-a62d-8cb5b585f293', '{"imported_count":8,"source":"csv upload"}', (timestamp '2024-07-10 09:00:00' - interval '566 hours 19 minutes')) ON CONFLICT DO NOTHING;
INSERT INTO audit_logs (id, organization_id, user_id, action, resource_type, resource_id, details, created_at) VALUES ('24b392d4-817f-4d39-a251-8dde5e7d2d8a', 'd8214e32-d30f-4a0c-aee5-1c6fa0d41336', NULL, 'project.create', 'project', 'd8afc0ae-2d1b-400c-a861-f9445a4288ac', '{"title":"Taktik İletişim İHA Röle Görevi"}', (timestamp '2024-07-10 09:00:00' - interval '135 hours 53 minutes')) ON CONFLICT DO NOTHING;
INSERT INTO audit_logs (id, organization_id, user_id, action, resource_type, resource_id, details, created_at) VALUES ('2da144b4-0327-479a-a71f-129a83efcdf1', 'd8214e32-d30f-4a0c-aee5-1c6fa0d41336', NULL, 'token.generate', 'entry_token', '1e4aa1ce-a3d8-4a83-a547-3097fda41a78', '{"reason":"Jury session QR code"}', (timestamp '2024-07-10 09:00:00' - interval '307 hours 19 minutes')) ON CONFLICT DO NOTHING;
INSERT INTO audit_logs (id, organization_id, user_id, action, resource_type, resource_id, details, created_at) VALUES ('37af9c65-20ce-449a-ad8a-29d71d736a79', 'd8214e32-d30f-4a0c-aee5-1c6fa0d41336', NULL, 'token.generate', 'entry_token', '460d37b5-5b35-4eec-a0b3-7b92558dfef2', '{"reason":"Backup QR code"}', (timestamp '2024-07-10 09:00:00' - interval '218 hours 23 minutes')) ON CONFLICT DO NOTHING;
INSERT INTO audit_logs (id, organization_id, user_id, action, resource_type, resource_id, details, created_at) VALUES ('79215cb9-b6ca-4b6c-a75c-2bc6739f4d2a', 'd8214e32-d30f-4a0c-aee5-1c6fa0d41336', NULL, 'token.generate', 'entry_token', 'ce3afefc-fe60-4934-adc4-fd334c8cad7b', '{"reason":"Staff entry token"}', (timestamp '2024-07-10 09:00:00' - interval '166 hours 52 minutes')) ON CONFLICT DO NOTHING;
INSERT INTO audit_logs (id, organization_id, user_id, action, resource_type, resource_id, details, created_at) VALUES ('1987f590-a72d-4fc3-afcb-eae72350b63e', 'd8214e32-d30f-4a0c-aee5-1c6fa0d41336', NULL, 'token.revoke', 'entry_token', 'ce3afefc-fe60-4934-adc4-fd334c8cad7b', '{"reason":"manual revocation"}', (timestamp '2024-07-10 09:00:00' - interval '35 hours 10 minutes')) ON CONFLICT DO NOTHING;
INSERT INTO audit_logs (id, organization_id, user_id, action, resource_type, resource_id, details, created_at) VALUES ('0562fe98-0989-4a00-a270-dc2ef73c12ae', 'd8214e32-d30f-4a0c-aee5-1c6fa0d41336', NULL, 'score.update', 'score_sheet', '9becf5da-a2f4-419e-abcb-0786b1ba1a33', '{"corrections":2,"reason":"edit window granted"}', (timestamp '2024-07-10 09:00:00' + interval '64 hours 27 minutes')) ON CONFLICT DO NOTHING;
INSERT INTO audit_logs (id, organization_id, user_id, action, resource_type, resource_id, details, created_at) VALUES ('1eaaea8c-4651-4a40-ad54-e84574edde2e', 'd8214e32-d30f-4a0c-aee5-1c6fa0d41336', NULL, 'juror.pin_locked', 'juror_period_auth', 'e4550b83-b849-4977-a7b0-dc011fad64f5', '{"juror":"Cemil Demirtaş","attempts":3}', (timestamp '2024-07-10 09:00:00' + interval '25 hours 45 minutes')) ON CONFLICT DO NOTHING;
INSERT INTO audit_logs (id, organization_id, user_id, action, resource_type, resource_id, details, created_at) VALUES ('f8bec0a4-1782-4ef1-a8c8-483e5bf36469', 'd8214e32-d30f-4a0c-aee5-1c6fa0d41336', NULL, 'juror.edit_enabled', 'juror_period_auth', '27eea0b5-10e7-42eb-a739-4082ace54aa0', '{"juror":"Dr. Eda Sarıgül","reason":"Late extension","duration_minutes":60}', (timestamp '2024-07-10 09:00:00' + interval '56 hours 0 minutes')) ON CONFLICT DO NOTHING;
INSERT INTO audit_logs (id, organization_id, user_id, action, resource_type, resource_id, details, created_at) VALUES ('c18a1270-4fed-4039-a47f-e6bdb19ff94a', '088f5054-c9df-4c7f-a679-c1321524f250', NULL, 'period.create', 'period', '05a1eb4a-d4cf-478b-a52d-578c3d9c22ad', '{"name":"2026 Competition"}', (timestamp '2026-06-15 09:00:00' - interval '1240 hours 49 minutes')) ON CONFLICT DO NOTHING;
INSERT INTO audit_logs (id, organization_id, user_id, action, resource_type, resource_id, details, created_at) VALUES ('18c5f058-fa34-4339-ab7f-f8004448db06', '088f5054-c9df-4c7f-a679-c1321524f250', NULL, 'snapshot.freeze', 'period', '05a1eb4a-d4cf-478b-a52d-578c3d9c22ad', '{"action":"frozen"}', (timestamp '2026-06-15 09:00:00' - interval '24 hours 0 minutes')) ON CONFLICT DO NOTHING;
INSERT INTO audit_logs (id, organization_id, user_id, action, resource_type, resource_id, details, created_at) VALUES ('6bddf190-3396-4857-a4aa-2a893212add1', '088f5054-c9df-4c7f-a679-c1321524f250', NULL, 'juror.import', 'juror', 'a49b6b5e-f40d-48f6-a398-87b85bbff743', '{"imported_count":6,"source":"csv upload"}', (timestamp '2026-06-15 09:00:00' - interval '486 hours 33 minutes')) ON CONFLICT DO NOTHING;
INSERT INTO audit_logs (id, organization_id, user_id, action, resource_type, resource_id, details, created_at) VALUES ('aa2459f0-b833-46b8-af09-0f8f6a5fc5b9', '088f5054-c9df-4c7f-a679-c1321524f250', NULL, 'juror.create', 'juror', '340c81c5-080f-439e-a6c5-ce3d5ececb07', '{"juror_name":"Prof. Didem Sağır"}', (timestamp '2026-06-15 09:00:00' - interval '254 hours 28 minutes')) ON CONFLICT DO NOTHING;
INSERT INTO audit_logs (id, organization_id, user_id, action, resource_type, resource_id, details, created_at) VALUES ('983e74a0-4de4-4e10-a2b0-493f0d2292f4', '088f5054-c9df-4c7f-a679-c1321524f250', NULL, 'juror.create', 'juror', 'fe2443d7-4821-43bb-ae0b-5c39b1d08c9b', '{"juror_name":"Dr. Kenan Erol"}', (timestamp '2026-06-15 09:00:00' - interval '280 hours 20 minutes')) ON CONFLICT DO NOTHING;
INSERT INTO audit_logs (id, organization_id, user_id, action, resource_type, resource_id, details, created_at) VALUES ('4d02398d-0977-453f-ae3c-4d61a60cd87e', '088f5054-c9df-4c7f-a679-c1321524f250', NULL, 'juror.create', 'juror', 'ba4aefbe-4005-4466-a928-80187753277f', '{"juror_name":"Ayşegül Mazlum"}', (timestamp '2026-06-15 09:00:00' - interval '259 hours 44 minutes')) ON CONFLICT DO NOTHING;
INSERT INTO audit_logs (id, organization_id, user_id, action, resource_type, resource_id, details, created_at) VALUES ('7495aa12-b5a4-4a94-a524-8cfddfd8f406', '088f5054-c9df-4c7f-a679-c1321524f250', NULL, 'project.import', 'period', '05a1eb4a-d4cf-478b-a52d-578c3d9c22ad', '{"imported_count":10,"source":"csv upload"}', (timestamp '2026-06-15 09:00:00' - interval '561 hours 12 minutes')) ON CONFLICT DO NOTHING;
INSERT INTO audit_logs (id, organization_id, user_id, action, resource_type, resource_id, details, created_at) VALUES ('1132f470-4602-40d4-aa6a-8abe0179d165', '088f5054-c9df-4c7f-a679-c1321524f250', NULL, 'project.create', 'project', '314813c6-1e28-4947-a126-999c48408c53', '{"title":"Otonom Böcek Robot ile Mikro-Tozlaşma"}', (timestamp '2026-06-15 09:00:00' - interval '189 hours 35 minutes')) ON CONFLICT DO NOTHING;
INSERT INTO audit_logs (id, organization_id, user_id, action, resource_type, resource_id, details, created_at) VALUES ('049c4aa8-36a3-40d9-a570-9a739225cd30', '088f5054-c9df-4c7f-a679-c1321524f250', NULL, 'project.update', 'project', 'f5c97d0e-9bca-4e0b-a17d-a75193ef0082', '{"field":"members","reason":"team member change"}', (timestamp '2026-06-15 09:00:00' - interval '70 hours 6 minutes')) ON CONFLICT DO NOTHING;
INSERT INTO audit_logs (id, organization_id, user_id, action, resource_type, resource_id, details, created_at) VALUES ('e5fb38ea-71bd-4a4d-a8df-e1e1d271363f', '088f5054-c9df-4c7f-a679-c1321524f250', NULL, 'token.generate', 'entry_token', '3446b242-4cbd-4951-a6d3-0f81f9fccf24', '{"reason":"Jury session QR code"}', (timestamp '2026-06-15 09:00:00' - interval '195 hours 36 minutes')) ON CONFLICT DO NOTHING;
INSERT INTO audit_logs (id, organization_id, user_id, action, resource_type, resource_id, details, created_at) VALUES ('142d670e-72e5-4af8-a58d-8bcf2ccbda79', '088f5054-c9df-4c7f-a679-c1321524f250', NULL, 'token.generate', 'entry_token', '022b36e3-0b4a-4993-aa0a-8cf5f9c3d4f1', '{"reason":"Backup QR code"}', (timestamp '2026-06-15 09:00:00' - interval '229 hours 9 minutes')) ON CONFLICT DO NOTHING;
INSERT INTO audit_logs (id, organization_id, user_id, action, resource_type, resource_id, details, created_at) VALUES ('5942cb19-6e2e-4f92-a99c-1f015126f822', '088f5054-c9df-4c7f-a679-c1321524f250', NULL, 'token.generate', 'entry_token', 'f98e483a-d9b4-457a-abe5-13912ecaf061', '{"reason":"Staff entry token"}', (timestamp '2026-06-15 09:00:00' - interval '150 hours 36 minutes')) ON CONFLICT DO NOTHING;
INSERT INTO audit_logs (id, organization_id, user_id, action, resource_type, resource_id, details, created_at) VALUES ('43503e5b-fba8-4ac1-a322-85866f1cbe35', '088f5054-c9df-4c7f-a679-c1321524f250', NULL, 'token.revoke', 'entry_token', 'f98e483a-d9b4-457a-abe5-13912ecaf061', '{"reason":"manual revocation"}', (timestamp '2026-06-15 09:00:00' + interval '33 hours 14 minutes')) ON CONFLICT DO NOTHING;
INSERT INTO audit_logs (id, organization_id, user_id, action, resource_type, resource_id, details, created_at) VALUES ('707a6c0a-1527-4ff8-a631-1310018aeac1', '088f5054-c9df-4c7f-a679-c1321524f250', NULL, 'score.submit', 'score_sheet', 'c1d365ba-cc7e-46cf-a209-12868bcee054', '{"juror_activity":"finalized"}', (timestamp '2026-06-15 09:00:00' + interval '13 hours 58 minutes')) ON CONFLICT DO NOTHING;
INSERT INTO audit_logs (id, organization_id, user_id, action, resource_type, resource_id, details, created_at) VALUES ('11706037-f5da-4b44-aacf-54470c48c3f9', '088f5054-c9df-4c7f-a679-c1321524f250', NULL, 'score.submit', 'score_sheet', '2533df4b-af92-4db8-a90f-ce5e4a1b7a34', '{"juror_activity":"finalized"}', (timestamp '2026-06-15 09:00:00' + interval '10 hours 19 minutes')) ON CONFLICT DO NOTHING;
INSERT INTO audit_logs (id, organization_id, user_id, action, resource_type, resource_id, details, created_at) VALUES ('8ddf9cae-e525-4fd9-a0b4-7995367fcdfd', '088f5054-c9df-4c7f-a679-c1321524f250', NULL, 'score.submit', 'score_sheet', '6effd12a-090c-4173-a92d-f3a872e70391', '{"juror_activity":"finalized"}', (timestamp '2026-06-15 09:00:00' + interval '13 hours 24 minutes')) ON CONFLICT DO NOTHING;
INSERT INTO audit_logs (id, organization_id, user_id, action, resource_type, resource_id, details, created_at) VALUES ('3846b816-495e-4bee-a00e-9161fda7e948', '088f5054-c9df-4c7f-a679-c1321524f250', NULL, 'score.update', 'score_sheet', '3eb1d8ec-ddf7-4719-a6b8-e7d9fef7061d', '{"corrections":2,"reason":"edit window granted"}', (timestamp '2026-06-15 09:00:00' + interval '66 hours 31 minutes')) ON CONFLICT DO NOTHING;
INSERT INTO audit_logs (id, organization_id, user_id, action, resource_type, resource_id, details, created_at) VALUES ('34b12195-e108-4356-abaa-1981de9098ce', '088f5054-c9df-4c7f-a679-c1321524f250', NULL, 'pin.reset', 'juror_period_auth', 'a49b6b5e-f40d-48f6-a398-87b85bbff743', '{"juror":"Prof. Hasan Yüksel","reason":"forgotten pin"}', (timestamp '2026-06-15 09:00:00' + interval '28 hours 37 minutes')) ON CONFLICT DO NOTHING;
INSERT INTO audit_logs (id, organization_id, user_id, action, resource_type, resource_id, details, created_at) VALUES ('ecf0db55-83f1-4d8c-a067-a78daa2fe8f2', '088f5054-c9df-4c7f-a679-c1321524f250', NULL, 'pin.reset', 'juror_period_auth', 'fe2443d7-4821-43bb-ae0b-5c39b1d08c9b', '{"juror":"Dr. Kenan Erol","reason":"forgotten pin"}', (timestamp '2026-06-15 09:00:00' + interval '19 hours 31 minutes')) ON CONFLICT DO NOTHING;
INSERT INTO audit_logs (id, organization_id, user_id, action, resource_type, resource_id, details, created_at) VALUES ('09dcc1bf-f762-4aeb-aeee-3fb63c6770fd', '088f5054-c9df-4c7f-a679-c1321524f250', NULL, 'juror.pin_locked', 'juror_period_auth', '15c5c11f-a19f-48f7-aa39-92872d8a1a00', '{"juror":"Prof. Burak Çetin","attempts":5}', (timestamp '2026-06-15 09:00:00' + interval '11 hours 20 minutes')) ON CONFLICT DO NOTHING;
INSERT INTO audit_logs (id, organization_id, user_id, action, resource_type, resource_id, details, created_at) VALUES ('6e22f9d6-6067-4342-abf9-32de5f04f759', '088f5054-c9df-4c7f-a679-c1321524f250', NULL, 'juror.edit_enabled', 'juror_period_auth', '9ff6ca95-c216-42cd-a63f-1e58b1756cf2', '{"juror":"Dr. Elif Aydın","reason":"Late extension","duration_minutes":60}', (timestamp '2026-06-15 09:00:00' + interval '49 hours 37 minutes')) ON CONFLICT DO NOTHING;
INSERT INTO audit_logs (id, organization_id, user_id, action, resource_type, resource_id, details, created_at) VALUES ('68b76897-18ef-4993-a24b-9c50f5e965cb', '088f5054-c9df-4c7f-a679-c1321524f250', NULL, 'period.create', 'period', 'bb63166c-d38c-4278-a1e9-5c8b7b081a6c', '{"name":"2025 Competition"}', (timestamp '2025-06-16 09:00:00' - interval '1120 hours 11 minutes')) ON CONFLICT DO NOTHING;
INSERT INTO audit_logs (id, organization_id, user_id, action, resource_type, resource_id, details, created_at) VALUES ('5a29b4d0-9fc8-425d-a643-3a4e6bfd4994', '088f5054-c9df-4c7f-a679-c1321524f250', NULL, 'period.lock', 'period', 'bb63166c-d38c-4278-a1e9-5c8b7b081a6c', '{"action":"locked"}', (timestamp '2025-06-16 09:00:00' + interval '240 hours 0 minutes')) ON CONFLICT DO NOTHING;
INSERT INTO audit_logs (id, organization_id, user_id, action, resource_type, resource_id, details, created_at) VALUES ('5548f8ff-ce00-4117-ac31-5b5bf76d493b', '088f5054-c9df-4c7f-a679-c1321524f250', NULL, 'juror.import', 'juror', 'a49b6b5e-f40d-48f6-a398-87b85bbff743', '{"imported_count":6,"source":"csv upload"}', (timestamp '2025-06-16 09:00:00' - interval '477 hours 53 minutes')) ON CONFLICT DO NOTHING;
INSERT INTO audit_logs (id, organization_id, user_id, action, resource_type, resource_id, details, created_at) VALUES ('addfd544-34ba-447e-a6ee-9530e25dfb1a', '088f5054-c9df-4c7f-a679-c1321524f250', NULL, 'juror.create', 'juror', '340c81c5-080f-439e-a6c5-ce3d5ececb07', '{"juror_name":"Prof. Didem Sağır"}', (timestamp '2025-06-16 09:00:00' - interval '304 hours 47 minutes')) ON CONFLICT DO NOTHING;
INSERT INTO audit_logs (id, organization_id, user_id, action, resource_type, resource_id, details, created_at) VALUES ('f47d2353-9b38-48b1-a318-61e86b2288b0', '088f5054-c9df-4c7f-a679-c1321524f250', NULL, 'juror.create', 'juror', 'fe2443d7-4821-43bb-ae0b-5c39b1d08c9b', '{"juror_name":"Dr. Kenan Erol"}', (timestamp '2025-06-16 09:00:00' - interval '223 hours 13 minutes')) ON CONFLICT DO NOTHING;
INSERT INTO audit_logs (id, organization_id, user_id, action, resource_type, resource_id, details, created_at) VALUES ('e4a63dd4-9d6e-4950-a99b-9da84fdeefd9', '088f5054-c9df-4c7f-a679-c1321524f250', NULL, 'juror.create', 'juror', 'ba4aefbe-4005-4466-a928-80187753277f', '{"juror_name":"Ayşegül Mazlum"}', (timestamp '2025-06-16 09:00:00' - interval '194 hours 42 minutes')) ON CONFLICT DO NOTHING;
INSERT INTO audit_logs (id, organization_id, user_id, action, resource_type, resource_id, details, created_at) VALUES ('290fe9c9-a40d-48f5-a292-93b958ffdd2a', '088f5054-c9df-4c7f-a679-c1321524f250', NULL, 'project.import', 'period', 'bb63166c-d38c-4278-a1e9-5c8b7b081a6c', '{"imported_count":8,"source":"csv upload"}', (timestamp '2025-06-16 09:00:00' - interval '527 hours 15 minutes')) ON CONFLICT DO NOTHING;
INSERT INTO audit_logs (id, organization_id, user_id, action, resource_type, resource_id, details, created_at) VALUES ('58499167-f400-441d-a73e-e7af45b849d2', '088f5054-c9df-4c7f-a679-c1321524f250', NULL, 'project.create', 'project', '9ee62063-d4dd-493d-a02d-11c9e75cae34', '{"title":"Kentsel Isı Adası Uydu Analizi"}', (timestamp '2025-06-16 09:00:00' - interval '148 hours 56 minutes')) ON CONFLICT DO NOTHING;
INSERT INTO audit_logs (id, organization_id, user_id, action, resource_type, resource_id, details, created_at) VALUES ('fca29f8a-c38a-419e-a59b-57654b9bec03', '088f5054-c9df-4c7f-a679-c1321524f250', NULL, 'project.update', 'project', '399c8138-c254-4cc4-a305-be9db396f5be', '{"field":"members","reason":"team member change"}', (timestamp '2025-06-16 09:00:00' - interval '52 hours 32 minutes')) ON CONFLICT DO NOTHING;
INSERT INTO audit_logs (id, organization_id, user_id, action, resource_type, resource_id, details, created_at) VALUES ('23e4b8f0-30d3-4ec4-ab80-9cfd264e04a1', '088f5054-c9df-4c7f-a679-c1321524f250', NULL, 'token.generate', 'entry_token', 'ceb0d716-ba05-4d00-af15-6f8eb1a47a63', '{"reason":"Jury session QR code"}', (timestamp '2025-06-16 09:00:00' - interval '333 hours 59 minutes')) ON CONFLICT DO NOTHING;
INSERT INTO audit_logs (id, organization_id, user_id, action, resource_type, resource_id, details, created_at) VALUES ('42d47b20-58f8-4fab-ad50-9feb614786ca', '088f5054-c9df-4c7f-a679-c1321524f250', NULL, 'token.generate', 'entry_token', '4fbdddbb-639e-4510-a01a-ac408ff3b083', '{"reason":"Backup QR code"}', (timestamp '2025-06-16 09:00:00' - interval '268 hours 18 minutes')) ON CONFLICT DO NOTHING;
INSERT INTO audit_logs (id, organization_id, user_id, action, resource_type, resource_id, details, created_at) VALUES ('b3b87f91-02cf-4407-ae65-64b839322bd4', '088f5054-c9df-4c7f-a679-c1321524f250', NULL, 'token.generate', 'entry_token', '418d2170-7579-43b7-a760-aad0bbeb9a52', '{"reason":"Staff entry token"}', (timestamp '2025-06-16 09:00:00' - interval '137 hours 32 minutes')) ON CONFLICT DO NOTHING;
INSERT INTO audit_logs (id, organization_id, user_id, action, resource_type, resource_id, details, created_at) VALUES ('d70baff3-aa7a-4cee-ad73-236aea2dabd1', '088f5054-c9df-4c7f-a679-c1321524f250', NULL, 'token.revoke', 'entry_token', '418d2170-7579-43b7-a760-aad0bbeb9a52', '{"reason":"manual revocation"}', (timestamp '2025-06-16 09:00:00' - interval '44 hours 25 minutes')) ON CONFLICT DO NOTHING;
INSERT INTO audit_logs (id, organization_id, user_id, action, resource_type, resource_id, details, created_at) VALUES ('2761983b-e2d8-4b0c-a0be-c567ececedde', '088f5054-c9df-4c7f-a679-c1321524f250', NULL, 'score.submit', 'score_sheet', 'e0faa243-c94c-4b69-adef-69e9fa9c0499', '{"juror_activity":"finalized"}', (timestamp '2025-06-16 09:00:00' + interval '27 hours 37 minutes')) ON CONFLICT DO NOTHING;
INSERT INTO audit_logs (id, organization_id, user_id, action, resource_type, resource_id, details, created_at) VALUES ('a7ee3621-bc8c-4321-a08c-6d2c7496dfd9', '088f5054-c9df-4c7f-a679-c1321524f250', NULL, 'score.submit', 'score_sheet', '65433165-813e-4527-a8d9-27da4f37e348', '{"juror_activity":"finalized"}', (timestamp '2025-06-16 09:00:00' + interval '10 hours 26 minutes')) ON CONFLICT DO NOTHING;
INSERT INTO audit_logs (id, organization_id, user_id, action, resource_type, resource_id, details, created_at) VALUES ('194a34fe-7b81-47b4-aead-5372ad1f7a35', '088f5054-c9df-4c7f-a679-c1321524f250', NULL, 'score.update', 'score_sheet', 'c7be3300-240b-4700-adc4-5273f37b559c', '{"corrections":2,"reason":"edit window granted"}', (timestamp '2025-06-16 09:00:00' + interval '62 hours 47 minutes')) ON CONFLICT DO NOTHING;
INSERT INTO audit_logs (id, organization_id, user_id, action, resource_type, resource_id, details, created_at) VALUES ('7d0469e9-d2a3-43f7-a717-f62c2d3cc3af', '088f5054-c9df-4c7f-a679-c1321524f250', NULL, 'pin.reset', 'juror_period_auth', 'a49b6b5e-f40d-48f6-a398-87b85bbff743', '{"juror":"Prof. Hasan Yüksel","reason":"forgotten pin"}', (timestamp '2025-06-16 09:00:00' + interval '27 hours 52 minutes')) ON CONFLICT DO NOTHING;
INSERT INTO audit_logs (id, organization_id, user_id, action, resource_type, resource_id, details, created_at) VALUES ('bf43fc84-93f9-4e39-acac-030f8754c2d5', '088f5054-c9df-4c7f-a679-c1321524f250', NULL, 'juror.pin_locked', 'juror_period_auth', '15c5c11f-a19f-48f7-aa39-92872d8a1a00', '{"juror":"Prof. Burak Çetin","attempts":4}', (timestamp '2025-06-16 09:00:00' + interval '34 hours 11 minutes')) ON CONFLICT DO NOTHING;
INSERT INTO audit_logs (id, organization_id, user_id, action, resource_type, resource_id, details, created_at) VALUES ('94f920fc-111d-4b03-a96e-6580062b30eb', '088f5054-c9df-4c7f-a679-c1321524f250', NULL, 'juror.edit_enabled', 'juror_period_auth', '9ff6ca95-c216-42cd-a63f-1e58b1756cf2', '{"juror":"Dr. Elif Aydın","reason":"Late extension","duration_minutes":60}', (timestamp '2025-06-16 09:00:00' + interval '53 hours 7 minutes')) ON CONFLICT DO NOTHING;
INSERT INTO audit_logs (id, organization_id, user_id, action, resource_type, resource_id, details, created_at) VALUES ('0b56a4c8-0c96-4896-acad-654f49433503', '088f5054-c9df-4c7f-a679-c1321524f250', NULL, 'period.create', 'period', '3f9cabdb-61dc-45da-afa5-dbb1747cd8c8', '{"name":"2024 Competition"}', (timestamp '2024-06-17 09:00:00' - interval '1238 hours 45 minutes')) ON CONFLICT DO NOTHING;
INSERT INTO audit_logs (id, organization_id, user_id, action, resource_type, resource_id, details, created_at) VALUES ('0d5c2d95-3760-498b-ad18-29959b40d84b', '088f5054-c9df-4c7f-a679-c1321524f250', NULL, 'period.lock', 'period', '3f9cabdb-61dc-45da-afa5-dbb1747cd8c8', '{"action":"locked"}', (timestamp '2024-06-17 09:00:00' + interval '240 hours 0 minutes')) ON CONFLICT DO NOTHING;
INSERT INTO audit_logs (id, organization_id, user_id, action, resource_type, resource_id, details, created_at) VALUES ('9708c6fc-ad0b-43bf-a22d-3c9fb707431e', '088f5054-c9df-4c7f-a679-c1321524f250', NULL, 'juror.import', 'juror', 'a49b6b5e-f40d-48f6-a398-87b85bbff743', '{"imported_count":6,"source":"csv upload"}', (timestamp '2024-06-17 09:00:00' - interval '639 hours 39 minutes')) ON CONFLICT DO NOTHING;
INSERT INTO audit_logs (id, organization_id, user_id, action, resource_type, resource_id, details, created_at) VALUES ('e7ebd5f9-ea34-48b3-ac06-e39c91f69040', '088f5054-c9df-4c7f-a679-c1321524f250', NULL, 'juror.create', 'juror', '340c81c5-080f-439e-a6c5-ce3d5ececb07', '{"juror_name":"Prof. Didem Sağır"}', (timestamp '2024-06-17 09:00:00' - interval '329 hours 2 minutes')) ON CONFLICT DO NOTHING;
INSERT INTO audit_logs (id, organization_id, user_id, action, resource_type, resource_id, details, created_at) VALUES ('d8fa25a4-0dad-41b0-aad6-572513092f74', '088f5054-c9df-4c7f-a679-c1321524f250', NULL, 'juror.create', 'juror', 'fe2443d7-4821-43bb-ae0b-5c39b1d08c9b', '{"juror_name":"Dr. Kenan Erol"}', (timestamp '2024-06-17 09:00:00' - interval '275 hours 29 minutes')) ON CONFLICT DO NOTHING;
INSERT INTO audit_logs (id, organization_id, user_id, action, resource_type, resource_id, details, created_at) VALUES ('af1a11f2-711d-4e1d-a656-8c064e254707', '088f5054-c9df-4c7f-a679-c1321524f250', NULL, 'juror.create', 'juror', 'ba4aefbe-4005-4466-a928-80187753277f', '{"juror_name":"Ayşegül Mazlum"}', (timestamp '2024-06-17 09:00:00' - interval '202 hours 0 minutes')) ON CONFLICT DO NOTHING;
INSERT INTO audit_logs (id, organization_id, user_id, action, resource_type, resource_id, details, created_at) VALUES ('2e7ac7d0-0d31-4262-afc7-f69fd1ffd6fe', '088f5054-c9df-4c7f-a679-c1321524f250', NULL, 'project.import', 'period', '3f9cabdb-61dc-45da-afa5-dbb1747cd8c8', '{"imported_count":6,"source":"csv upload"}', (timestamp '2024-06-17 09:00:00' - interval '293 hours 21 minutes')) ON CONFLICT DO NOTHING;
INSERT INTO audit_logs (id, organization_id, user_id, action, resource_type, resource_id, details, created_at) VALUES ('861d2bfd-db21-4b4a-af4b-25c15ac50c46', '088f5054-c9df-4c7f-a679-c1321524f250', NULL, 'project.create', 'project', '2b4ffb79-4c6f-43b3-a85e-6a16da7edfdf', '{"title":"Yağmur Suyu Hasadı ve Arıtım Sistemi"}', (timestamp '2024-06-17 09:00:00' - interval '101 hours 29 minutes')) ON CONFLICT DO NOTHING;
INSERT INTO audit_logs (id, organization_id, user_id, action, resource_type, resource_id, details, created_at) VALUES ('1320ab06-6f1b-4981-a590-8efa8ca6b200', '088f5054-c9df-4c7f-a679-c1321524f250', NULL, 'token.generate', 'entry_token', 'b0b460bd-2409-47d9-a691-c5326f170ea8', '{"reason":"Jury session QR code"}', (timestamp '2024-06-17 09:00:00' - interval '302 hours 39 minutes')) ON CONFLICT DO NOTHING;
INSERT INTO audit_logs (id, organization_id, user_id, action, resource_type, resource_id, details, created_at) VALUES ('8c67d983-45c6-4811-a3e5-4033038b1d66', '088f5054-c9df-4c7f-a679-c1321524f250', NULL, 'token.generate', 'entry_token', '0cf75e59-b190-46ab-adba-9bac2f35d9a0', '{"reason":"Backup QR code"}', (timestamp '2024-06-17 09:00:00' - interval '307 hours 41 minutes')) ON CONFLICT DO NOTHING;
INSERT INTO audit_logs (id, organization_id, user_id, action, resource_type, resource_id, details, created_at) VALUES ('76893ed7-3a3a-414c-a527-33940ca6949c', '088f5054-c9df-4c7f-a679-c1321524f250', NULL, 'token.generate', 'entry_token', '50954c50-96e7-4603-acaf-0a80970b8f91', '{"reason":"Staff entry token"}', (timestamp '2024-06-17 09:00:00' - interval '241 hours 36 minutes')) ON CONFLICT DO NOTHING;
INSERT INTO audit_logs (id, organization_id, user_id, action, resource_type, resource_id, details, created_at) VALUES ('0b059a26-017e-4f26-aab9-62d058ee4a27', '088f5054-c9df-4c7f-a679-c1321524f250', NULL, 'token.revoke', 'entry_token', '50954c50-96e7-4603-acaf-0a80970b8f91', '{"reason":"manual revocation"}', (timestamp '2024-06-17 09:00:00' - interval '28 hours 49 minutes')) ON CONFLICT DO NOTHING;
INSERT INTO audit_logs (id, organization_id, user_id, action, resource_type, resource_id, details, created_at) VALUES ('13275f03-414d-491e-a5e9-48541d3204e9', '088f5054-c9df-4c7f-a679-c1321524f250', NULL, 'score.update', 'score_sheet', '24623ff5-b790-4ff7-ad29-5bb8c6c2d28e', '{"corrections":2,"reason":"edit window granted"}', (timestamp '2024-06-17 09:00:00' + interval '56 hours 2 minutes')) ON CONFLICT DO NOTHING;
INSERT INTO audit_logs (id, organization_id, user_id, action, resource_type, resource_id, details, created_at) VALUES ('42d034c2-7cb9-425f-a2e9-80d9ebb5ca15', '088f5054-c9df-4c7f-a679-c1321524f250', NULL, 'juror.pin_locked', 'juror_period_auth', '15c5c11f-a19f-48f7-aa39-92872d8a1a00', '{"juror":"Prof. Burak Çetin","attempts":5}', (timestamp '2024-06-17 09:00:00' + interval '19 hours 46 minutes')) ON CONFLICT DO NOTHING;
INSERT INTO audit_logs (id, organization_id, user_id, action, resource_type, resource_id, details, created_at) VALUES ('a955e143-99bd-42bb-a67d-31cbbd257aa3', '088f5054-c9df-4c7f-a679-c1321524f250', NULL, 'juror.edit_enabled', 'juror_period_auth', '9ff6ca95-c216-42cd-a63f-1e58b1756cf2', '{"juror":"Dr. Elif Aydın","reason":"Late extension","duration_minutes":60}', (timestamp '2024-06-17 09:00:00' + interval '60 hours 25 minutes')) ON CONFLICT DO NOTHING;
INSERT INTO audit_logs (id, organization_id, user_id, action, resource_type, resource_id, details, created_at) VALUES ('e6efb09a-dd8a-462e-a3fc-f56609b19c2d', 'ff81ecf1-13ac-44b2-a331-0a207a8c7184', NULL, 'period.create', 'period', '6c44b363-4522-4cad-a251-06484b72b164', '{"name":"2026 Contest"}', (timestamp '2026-07-14 09:00:00' - interval '783 hours 48 minutes')) ON CONFLICT DO NOTHING;
INSERT INTO audit_logs (id, organization_id, user_id, action, resource_type, resource_id, details, created_at) VALUES ('258a01c9-f297-45da-a955-2c9b2d332eb8', 'ff81ecf1-13ac-44b2-a331-0a207a8c7184', NULL, 'snapshot.freeze', 'period', '6c44b363-4522-4cad-a251-06484b72b164', '{"action":"frozen"}', (timestamp '2026-07-14 09:00:00' - interval '24 hours 0 minutes')) ON CONFLICT DO NOTHING;
INSERT INTO audit_logs (id, organization_id, user_id, action, resource_type, resource_id, details, created_at) VALUES ('78e68c7a-a962-4d7e-a912-66698e2956e9', 'ff81ecf1-13ac-44b2-a331-0a207a8c7184', NULL, 'juror.import', 'juror', 'f106ca15-dc12-414f-ac41-0b361db08f95', '{"imported_count":6,"source":"csv upload"}', (timestamp '2026-07-14 09:00:00' - interval '641 hours 40 minutes')) ON CONFLICT DO NOTHING;
INSERT INTO audit_logs (id, organization_id, user_id, action, resource_type, resource_id, details, created_at) VALUES ('0f4f8c1a-05a2-4245-a9eb-3c0fb81dc125', 'ff81ecf1-13ac-44b2-a331-0a207a8c7184', NULL, 'juror.create', 'juror', 'ff6ca131-706f-4f71-ad05-5179c879f50c', '{"juror_name":"Prof. Marco Rossi"}', (timestamp '2026-07-14 09:00:00' - interval '245 hours 20 minutes')) ON CONFLICT DO NOTHING;
INSERT INTO audit_logs (id, organization_id, user_id, action, resource_type, resource_id, details, created_at) VALUES ('c63b0a8b-9914-451c-a786-07440c079fb7', 'ff81ecf1-13ac-44b2-a331-0a207a8c7184', NULL, 'juror.create', 'juror', '37dfc66f-d341-4063-a83a-731796af67cf', '{"juror_name":"Dr. Fatima Al-Rashidi"}', (timestamp '2026-07-14 09:00:00' - interval '262 hours 37 minutes')) ON CONFLICT DO NOTHING;
INSERT INTO audit_logs (id, organization_id, user_id, action, resource_type, resource_id, details, created_at) VALUES ('98750d0f-a1ae-4af3-a069-2a9249067277', 'ff81ecf1-13ac-44b2-a331-0a207a8c7184', NULL, 'juror.create', 'juror', 'd1a703ee-801b-4a43-acb9-ab23cd6750b7', '{"juror_name":"Prof. Neil Ferguson"}', (timestamp '2026-07-14 09:00:00' - interval '281 hours 37 minutes')) ON CONFLICT DO NOTHING;
INSERT INTO audit_logs (id, organization_id, user_id, action, resource_type, resource_id, details, created_at) VALUES ('f9dc94ed-2dd8-48ee-a45b-a1b0f2f9e6e9', 'ff81ecf1-13ac-44b2-a331-0a207a8c7184', NULL, 'project.import', 'period', '6c44b363-4522-4cad-a251-06484b72b164', '{"imported_count":10,"source":"csv upload"}', (timestamp '2026-07-14 09:00:00' - interval '318 hours 29 minutes')) ON CONFLICT DO NOTHING;
INSERT INTO audit_logs (id, organization_id, user_id, action, resource_type, resource_id, details, created_at) VALUES ('74477a4c-bb03-44af-a43d-37201af00d42', 'ff81ecf1-13ac-44b2-a331-0a207a8c7184', NULL, 'project.create', 'project', '40a4601a-bd4f-420e-ad80-b3567e6178b3', '{"title":"Fractal Antenna for Ultra-Wideband Appli"}', (timestamp '2026-07-14 09:00:00' - interval '133 hours 3 minutes')) ON CONFLICT DO NOTHING;
INSERT INTO audit_logs (id, organization_id, user_id, action, resource_type, resource_id, details, created_at) VALUES ('ece3b060-0c32-4924-a617-4f7f417ed650', 'ff81ecf1-13ac-44b2-a331-0a207a8c7184', NULL, 'token.generate', 'entry_token', 'd8313c50-08fd-44dc-a7df-914788223a29', '{"reason":"Jury session QR code"}', (timestamp '2026-07-14 09:00:00' - interval '237 hours 47 minutes')) ON CONFLICT DO NOTHING;
INSERT INTO audit_logs (id, organization_id, user_id, action, resource_type, resource_id, details, created_at) VALUES ('b12de30b-63a0-4795-a163-e6c2322ea70d', 'ff81ecf1-13ac-44b2-a331-0a207a8c7184', NULL, 'token.generate', 'entry_token', '9370afcc-12d6-48ab-a128-95a1a9cac34f', '{"reason":"Backup QR code"}', (timestamp '2026-07-14 09:00:00' - interval '271 hours 27 minutes')) ON CONFLICT DO NOTHING;
INSERT INTO audit_logs (id, organization_id, user_id, action, resource_type, resource_id, details, created_at) VALUES ('b4df874d-0278-44e4-a2fb-27410411051e', 'ff81ecf1-13ac-44b2-a331-0a207a8c7184', NULL, 'token.generate', 'entry_token', '335392c3-be4f-4465-a157-e3b2bf5061b2', '{"reason":"Staff entry token"}', (timestamp '2026-07-14 09:00:00' - interval '140 hours 33 minutes')) ON CONFLICT DO NOTHING;
INSERT INTO audit_logs (id, organization_id, user_id, action, resource_type, resource_id, details, created_at) VALUES ('d47ee603-c229-4d00-a7b7-e306cac6b369', 'ff81ecf1-13ac-44b2-a331-0a207a8c7184', NULL, 'token.revoke', 'entry_token', '335392c3-be4f-4465-a157-e3b2bf5061b2', '{"reason":"manual revocation"}', (timestamp '2026-07-14 09:00:00' - interval '44 hours 1 minutes')) ON CONFLICT DO NOTHING;
INSERT INTO audit_logs (id, organization_id, user_id, action, resource_type, resource_id, details, created_at) VALUES ('37b6eb90-959c-47d3-a8e3-b99df8e1a69f', 'ff81ecf1-13ac-44b2-a331-0a207a8c7184', NULL, 'score.submit', 'score_sheet', '12309011-62f0-435b-a92c-78bd45454b49', '{"juror_activity":"finalized"}', (timestamp '2026-07-14 09:00:00' + interval '40 hours 11 minutes')) ON CONFLICT DO NOTHING;
INSERT INTO audit_logs (id, organization_id, user_id, action, resource_type, resource_id, details, created_at) VALUES ('ce4cf8be-acce-4e8e-a07c-c4b21a17d2b6', 'ff81ecf1-13ac-44b2-a331-0a207a8c7184', NULL, 'score.submit', 'score_sheet', '8814a166-5118-4c51-a535-91344dc0f626', '{"juror_activity":"finalized"}', (timestamp '2026-07-14 09:00:00' + interval '43 hours 54 minutes')) ON CONFLICT DO NOTHING;
INSERT INTO audit_logs (id, organization_id, user_id, action, resource_type, resource_id, details, created_at) VALUES ('820829f0-5050-4793-a077-829235e2ca2d', 'ff81ecf1-13ac-44b2-a331-0a207a8c7184', NULL, 'score.submit', 'score_sheet', '4eedda73-087d-446f-ad55-fd3fbf7bf4b6', '{"juror_activity":"finalized"}', (timestamp '2026-07-14 09:00:00' + interval '40 hours 30 minutes')) ON CONFLICT DO NOTHING;
INSERT INTO audit_logs (id, organization_id, user_id, action, resource_type, resource_id, details, created_at) VALUES ('c22af56e-c02a-4ddb-aadb-607d497419cb', 'ff81ecf1-13ac-44b2-a331-0a207a8c7184', NULL, 'score.update', 'score_sheet', 'cf8d04ab-1d74-47e7-ae8e-709356777ebd', '{"corrections":2,"reason":"edit window granted"}', (timestamp '2026-07-14 09:00:00' + interval '58 hours 48 minutes')) ON CONFLICT DO NOTHING;
INSERT INTO audit_logs (id, organization_id, user_id, action, resource_type, resource_id, details, created_at) VALUES ('7cf59edb-ed72-4440-ae01-d6fb30f292c7', 'ff81ecf1-13ac-44b2-a331-0a207a8c7184', NULL, 'pin.reset', 'juror_period_auth', 'f106ca15-dc12-414f-ac41-0b361db08f95', '{"juror":"Prof. Raymond Chen","reason":"forgotten pin"}', (timestamp '2026-07-14 09:00:00' + interval '5 hours 44 minutes')) ON CONFLICT DO NOTHING;
INSERT INTO audit_logs (id, organization_id, user_id, action, resource_type, resource_id, details, created_at) VALUES ('5c69d042-617f-4893-acc7-6a7b85f40126', 'ff81ecf1-13ac-44b2-a331-0a207a8c7184', NULL, 'pin.reset', 'juror_period_auth', '37dfc66f-d341-4063-a83a-731796af67cf', '{"juror":"Dr. Fatima Al-Rashidi","reason":"forgotten pin"}', (timestamp '2026-07-14 09:00:00' + interval '15 hours 30 minutes')) ON CONFLICT DO NOTHING;
INSERT INTO audit_logs (id, organization_id, user_id, action, resource_type, resource_id, details, created_at) VALUES ('aa6ea58e-1cbc-45b7-ae92-b57ec44f717e', 'ff81ecf1-13ac-44b2-a331-0a207a8c7184', NULL, 'juror.pin_locked', 'juror_period_auth', '2740dcee-7730-48a7-a571-9f2108eef8f3', '{"juror":"Prof. Diane Mitchell","attempts":3}', (timestamp '2026-07-14 09:00:00' + interval '32 hours 21 minutes')) ON CONFLICT DO NOTHING;
INSERT INTO audit_logs (id, organization_id, user_id, action, resource_type, resource_id, details, created_at) VALUES ('573157ed-7863-41df-a69c-80688732930f', 'ff81ecf1-13ac-44b2-a331-0a207a8c7184', NULL, 'juror.edit_enabled', 'juror_period_auth', '2d3b2caa-0358-45c2-a122-c1c17cb9fbc5', '{"juror":"Dr. Catherine Liu","reason":"Late extension","duration_minutes":60}', (timestamp '2026-07-14 09:00:00' + interval '60 hours 28 minutes')) ON CONFLICT DO NOTHING;
INSERT INTO audit_logs (id, organization_id, user_id, action, resource_type, resource_id, details, created_at) VALUES ('2e097390-d104-436a-affd-46d635aaa177', 'ff81ecf1-13ac-44b2-a331-0a207a8c7184', NULL, 'period.create', 'period', '318124ea-8614-4355-ad48-2486524dfc13', '{"name":"2025 Contest"}', (timestamp '2025-07-13 09:00:00' - interval '922 hours 56 minutes')) ON CONFLICT DO NOTHING;
INSERT INTO audit_logs (id, organization_id, user_id, action, resource_type, resource_id, details, created_at) VALUES ('6fbb3336-7c3b-47e6-a4f8-80dc7f02f72f', 'ff81ecf1-13ac-44b2-a331-0a207a8c7184', NULL, 'period.lock', 'period', '318124ea-8614-4355-ad48-2486524dfc13', '{"action":"locked"}', (timestamp '2025-07-13 09:00:00' + interval '240 hours 0 minutes')) ON CONFLICT DO NOTHING;
INSERT INTO audit_logs (id, organization_id, user_id, action, resource_type, resource_id, details, created_at) VALUES ('31d8e435-05f9-418a-a3e5-25c30a287e70', 'ff81ecf1-13ac-44b2-a331-0a207a8c7184', NULL, 'juror.import', 'juror', 'f106ca15-dc12-414f-ac41-0b361db08f95', '{"imported_count":6,"source":"csv upload"}', (timestamp '2025-07-13 09:00:00' - interval '594 hours 0 minutes')) ON CONFLICT DO NOTHING;
INSERT INTO audit_logs (id, organization_id, user_id, action, resource_type, resource_id, details, created_at) VALUES ('0afb627f-1eac-482f-ac76-90262ff78b39', 'ff81ecf1-13ac-44b2-a331-0a207a8c7184', NULL, 'juror.create', 'juror', 'ff6ca131-706f-4f71-ad05-5179c879f50c', '{"juror_name":"Prof. Marco Rossi"}', (timestamp '2025-07-13 09:00:00' - interval '298 hours 4 minutes')) ON CONFLICT DO NOTHING;
INSERT INTO audit_logs (id, organization_id, user_id, action, resource_type, resource_id, details, created_at) VALUES ('b305a35c-dcd3-4fd9-abf6-ca94832bd8e2', 'ff81ecf1-13ac-44b2-a331-0a207a8c7184', NULL, 'juror.create', 'juror', '37dfc66f-d341-4063-a83a-731796af67cf', '{"juror_name":"Dr. Fatima Al-Rashidi"}', (timestamp '2025-07-13 09:00:00' - interval '222 hours 13 minutes')) ON CONFLICT DO NOTHING;
INSERT INTO audit_logs (id, organization_id, user_id, action, resource_type, resource_id, details, created_at) VALUES ('fab7827f-b2e9-4f38-afc8-3d0cda7046c0', 'ff81ecf1-13ac-44b2-a331-0a207a8c7184', NULL, 'juror.create', 'juror', 'd1a703ee-801b-4a43-acb9-ab23cd6750b7', '{"juror_name":"Prof. Neil Ferguson"}', (timestamp '2025-07-13 09:00:00' - interval '242 hours 46 minutes')) ON CONFLICT DO NOTHING;
INSERT INTO audit_logs (id, organization_id, user_id, action, resource_type, resource_id, details, created_at) VALUES ('48926454-eaf9-4b96-affd-e5730f425a42', 'ff81ecf1-13ac-44b2-a331-0a207a8c7184', NULL, 'project.import', 'period', '318124ea-8614-4355-ad48-2486524dfc13', '{"imported_count":8,"source":"csv upload"}', (timestamp '2025-07-13 09:00:00' - interval '397 hours 19 minutes')) ON CONFLICT DO NOTHING;
INSERT INTO audit_logs (id, organization_id, user_id, action, resource_type, resource_id, details, created_at) VALUES ('f21012e5-2a07-4bb3-a611-20a4f578a845', 'ff81ecf1-13ac-44b2-a331-0a207a8c7184', NULL, 'project.create', 'project', '0527c7f7-28f0-4560-aaf3-1118d5f48d63', '{"title":"Dual-Polarized Base Station Antenna"}', (timestamp '2025-07-13 09:00:00' - interval '97 hours 41 minutes')) ON CONFLICT DO NOTHING;
INSERT INTO audit_logs (id, organization_id, user_id, action, resource_type, resource_id, details, created_at) VALUES ('3429019b-0d03-4395-a3f0-1eff9f78ea74', 'ff81ecf1-13ac-44b2-a331-0a207a8c7184', NULL, 'token.generate', 'entry_token', '6384f909-d718-40f4-ab3a-d922d0527ae7', '{"reason":"Jury session QR code"}', (timestamp '2025-07-13 09:00:00' - interval '173 hours 46 minutes')) ON CONFLICT DO NOTHING;
INSERT INTO audit_logs (id, organization_id, user_id, action, resource_type, resource_id, details, created_at) VALUES ('56798bf0-58c3-4884-a768-80d476c94767', 'ff81ecf1-13ac-44b2-a331-0a207a8c7184', NULL, 'token.generate', 'entry_token', '7d3044ed-9315-44f9-ae45-e4dc91315246', '{"reason":"Backup QR code"}', (timestamp '2025-07-13 09:00:00' - interval '299 hours 5 minutes')) ON CONFLICT DO NOTHING;
INSERT INTO audit_logs (id, organization_id, user_id, action, resource_type, resource_id, details, created_at) VALUES ('89a20226-44c3-49af-a32f-022eaffbfe08', 'ff81ecf1-13ac-44b2-a331-0a207a8c7184', NULL, 'token.generate', 'entry_token', '3e5af7f6-0b47-4637-a241-248cf9c50dc3', '{"reason":"Staff entry token"}', (timestamp '2025-07-13 09:00:00' - interval '133 hours 43 minutes')) ON CONFLICT DO NOTHING;
INSERT INTO audit_logs (id, organization_id, user_id, action, resource_type, resource_id, details, created_at) VALUES ('989ce8f2-0039-4849-ac3a-df9267eea5de', 'ff81ecf1-13ac-44b2-a331-0a207a8c7184', NULL, 'token.revoke', 'entry_token', '3e5af7f6-0b47-4637-a241-248cf9c50dc3', '{"reason":"manual revocation"}', (timestamp '2025-07-13 09:00:00' - interval '47 hours 21 minutes')) ON CONFLICT DO NOTHING;
INSERT INTO audit_logs (id, organization_id, user_id, action, resource_type, resource_id, details, created_at) VALUES ('93d1b44f-c9fb-400f-a4e7-e9d0f8d0a3f1', 'ff81ecf1-13ac-44b2-a331-0a207a8c7184', NULL, 'score.submit', 'score_sheet', '08bc5bc9-6d99-4536-a672-a6eb2468e718', '{"juror_activity":"finalized"}', (timestamp '2025-07-13 09:00:00' + interval '19 hours 39 minutes')) ON CONFLICT DO NOTHING;
INSERT INTO audit_logs (id, organization_id, user_id, action, resource_type, resource_id, details, created_at) VALUES ('b9fbac0d-792c-4f19-a7c4-5ecf4d3476f5', 'ff81ecf1-13ac-44b2-a331-0a207a8c7184', NULL, 'score.submit', 'score_sheet', '2d8d15ba-cd78-4db3-af11-8ced3395c34c', '{"juror_activity":"finalized"}', (timestamp '2025-07-13 09:00:00' + interval '21 hours 54 minutes')) ON CONFLICT DO NOTHING;
INSERT INTO audit_logs (id, organization_id, user_id, action, resource_type, resource_id, details, created_at) VALUES ('b5336fec-37be-4c39-aff6-9dd867303a66', 'ff81ecf1-13ac-44b2-a331-0a207a8c7184', NULL, 'score.update', 'score_sheet', '66d56768-6bed-469b-aa4c-e14bed9e745c', '{"corrections":2,"reason":"edit window granted"}', (timestamp '2025-07-13 09:00:00' + interval '60 hours 24 minutes')) ON CONFLICT DO NOTHING;
INSERT INTO audit_logs (id, organization_id, user_id, action, resource_type, resource_id, details, created_at) VALUES ('a4bca58b-ecfb-4da0-a542-4360b3e6f61d', 'ff81ecf1-13ac-44b2-a331-0a207a8c7184', NULL, 'pin.reset', 'juror_period_auth', 'f106ca15-dc12-414f-ac41-0b361db08f95', '{"juror":"Prof. Raymond Chen","reason":"forgotten pin"}', (timestamp '2025-07-13 09:00:00' + interval '24 hours 51 minutes')) ON CONFLICT DO NOTHING;
INSERT INTO audit_logs (id, organization_id, user_id, action, resource_type, resource_id, details, created_at) VALUES ('689c785e-118e-4ece-aeef-0682819e90a9', 'ff81ecf1-13ac-44b2-a331-0a207a8c7184', NULL, 'juror.pin_locked', 'juror_period_auth', '2740dcee-7730-48a7-a571-9f2108eef8f3', '{"juror":"Prof. Diane Mitchell","attempts":4}', (timestamp '2025-07-13 09:00:00' + interval '11 hours 36 minutes')) ON CONFLICT DO NOTHING;
INSERT INTO audit_logs (id, organization_id, user_id, action, resource_type, resource_id, details, created_at) VALUES ('9595fb97-f4e9-4038-adfb-be14ba553861', 'ff81ecf1-13ac-44b2-a331-0a207a8c7184', NULL, 'juror.edit_enabled', 'juror_period_auth', '2d3b2caa-0358-45c2-a122-c1c17cb9fbc5', '{"juror":"Dr. Catherine Liu","reason":"Late extension","duration_minutes":60}', (timestamp '2025-07-13 09:00:00' + interval '55 hours 10 minutes')) ON CONFLICT DO NOTHING;
INSERT INTO audit_logs (id, organization_id, user_id, action, resource_type, resource_id, details, created_at) VALUES ('87ec0944-17b4-4962-a330-d0538e1207ef', 'ff81ecf1-13ac-44b2-a331-0a207a8c7184', NULL, 'period.create', 'period', 'b7014c23-db5e-4be5-a5d6-d9597e8578cc', '{"name":"2024 Contest"}', (timestamp '2024-07-14 09:00:00' - interval '902 hours 37 minutes')) ON CONFLICT DO NOTHING;
INSERT INTO audit_logs (id, organization_id, user_id, action, resource_type, resource_id, details, created_at) VALUES ('6348127c-00a0-4147-a67d-ebeaed91ca6f', 'ff81ecf1-13ac-44b2-a331-0a207a8c7184', NULL, 'period.lock', 'period', 'b7014c23-db5e-4be5-a5d6-d9597e8578cc', '{"action":"locked"}', (timestamp '2024-07-14 09:00:00' + interval '240 hours 0 minutes')) ON CONFLICT DO NOTHING;
INSERT INTO audit_logs (id, organization_id, user_id, action, resource_type, resource_id, details, created_at) VALUES ('c80a8af4-4bd7-4aca-ac66-e1894b44bc8b', 'ff81ecf1-13ac-44b2-a331-0a207a8c7184', NULL, 'juror.import', 'juror', 'f106ca15-dc12-414f-ac41-0b361db08f95', '{"imported_count":6,"source":"csv upload"}', (timestamp '2024-07-14 09:00:00' - interval '663 hours 1 minutes')) ON CONFLICT DO NOTHING;
INSERT INTO audit_logs (id, organization_id, user_id, action, resource_type, resource_id, details, created_at) VALUES ('b179c46c-1ba3-4df5-a9a2-f15485e7f322', 'ff81ecf1-13ac-44b2-a331-0a207a8c7184', NULL, 'juror.create', 'juror', 'ff6ca131-706f-4f71-ad05-5179c879f50c', '{"juror_name":"Prof. Marco Rossi"}', (timestamp '2024-07-14 09:00:00' - interval '286 hours 27 minutes')) ON CONFLICT DO NOTHING;
INSERT INTO audit_logs (id, organization_id, user_id, action, resource_type, resource_id, details, created_at) VALUES ('504a4816-af30-467f-a6bc-04062645d44e', 'ff81ecf1-13ac-44b2-a331-0a207a8c7184', NULL, 'juror.create', 'juror', '37dfc66f-d341-4063-a83a-731796af67cf', '{"juror_name":"Dr. Fatima Al-Rashidi"}', (timestamp '2024-07-14 09:00:00' - interval '223 hours 45 minutes')) ON CONFLICT DO NOTHING;
INSERT INTO audit_logs (id, organization_id, user_id, action, resource_type, resource_id, details, created_at) VALUES ('1c43ee9e-6cb9-4ce7-a363-988d2a24883c', 'ff81ecf1-13ac-44b2-a331-0a207a8c7184', NULL, 'juror.create', 'juror', 'd1a703ee-801b-4a43-acb9-ab23cd6750b7', '{"juror_name":"Prof. Neil Ferguson"}', (timestamp '2024-07-14 09:00:00' - interval '258 hours 15 minutes')) ON CONFLICT DO NOTHING;
INSERT INTO audit_logs (id, organization_id, user_id, action, resource_type, resource_id, details, created_at) VALUES ('3f6b98b4-568e-4741-ab06-27ce819601db', 'ff81ecf1-13ac-44b2-a331-0a207a8c7184', NULL, 'project.import', 'period', 'b7014c23-db5e-4be5-a5d6-d9597e8578cc', '{"imported_count":6,"source":"csv upload"}', (timestamp '2024-07-14 09:00:00' - interval '399 hours 12 minutes')) ON CONFLICT DO NOTHING;
INSERT INTO audit_logs (id, organization_id, user_id, action, resource_type, resource_id, details, created_at) VALUES ('ef8d370f-c1b9-42f6-a793-88f401b2fa65', 'ff81ecf1-13ac-44b2-a331-0a207a8c7184', NULL, 'project.create', 'project', 'dcfe3392-61a2-44e1-ae05-da975e5f46a2', '{"title":"Printed Yagi-Uda for Direction Finding"}', (timestamp '2024-07-14 09:00:00' - interval '182 hours 15 minutes')) ON CONFLICT DO NOTHING;
INSERT INTO audit_logs (id, organization_id, user_id, action, resource_type, resource_id, details, created_at) VALUES ('af86a326-6a14-454c-a227-7ed2c54945ae', 'ff81ecf1-13ac-44b2-a331-0a207a8c7184', NULL, 'project.update', 'project', 'bc3fe67d-937f-4744-ae90-a19293fc5d5c', '{"field":"members","reason":"team member change"}', (timestamp '2024-07-14 09:00:00' - interval '102 hours 58 minutes')) ON CONFLICT DO NOTHING;
INSERT INTO audit_logs (id, organization_id, user_id, action, resource_type, resource_id, details, created_at) VALUES ('e0725650-5f41-4aaf-ad3b-a9b8b88b8018', 'ff81ecf1-13ac-44b2-a331-0a207a8c7184', NULL, 'token.generate', 'entry_token', '7d577a51-899e-4f5b-abaa-e61e24a19dc8', '{"reason":"Jury session QR code"}', (timestamp '2024-07-14 09:00:00' - interval '270 hours 2 minutes')) ON CONFLICT DO NOTHING;
INSERT INTO audit_logs (id, organization_id, user_id, action, resource_type, resource_id, details, created_at) VALUES ('e11e5a09-fa77-46c4-ac08-424dd6020ba7', 'ff81ecf1-13ac-44b2-a331-0a207a8c7184', NULL, 'token.generate', 'entry_token', 'c2943594-527f-465e-afba-745e9cb51fcb', '{"reason":"Backup QR code"}', (timestamp '2024-07-14 09:00:00' - interval '177 hours 27 minutes')) ON CONFLICT DO NOTHING;
INSERT INTO audit_logs (id, organization_id, user_id, action, resource_type, resource_id, details, created_at) VALUES ('cd667601-5efa-4c16-aea5-0ae85877bede', 'ff81ecf1-13ac-44b2-a331-0a207a8c7184', NULL, 'token.generate', 'entry_token', 'dddacd95-f6b2-4617-abb7-f3d5ba442b38', '{"reason":"Staff entry token"}', (timestamp '2024-07-14 09:00:00' - interval '231 hours 14 minutes')) ON CONFLICT DO NOTHING;
INSERT INTO audit_logs (id, organization_id, user_id, action, resource_type, resource_id, details, created_at) VALUES ('d440b7fd-9a5d-4cf1-a733-49824727b371', 'ff81ecf1-13ac-44b2-a331-0a207a8c7184', NULL, 'token.revoke', 'entry_token', 'dddacd95-f6b2-4617-abb7-f3d5ba442b38', '{"reason":"manual revocation"}', (timestamp '2024-07-14 09:00:00' - interval '4 hours 40 minutes')) ON CONFLICT DO NOTHING;
INSERT INTO audit_logs (id, organization_id, user_id, action, resource_type, resource_id, details, created_at) VALUES ('b86a1af5-f2cb-497f-aa4b-664178b4d149', 'ff81ecf1-13ac-44b2-a331-0a207a8c7184', NULL, 'score.update', 'score_sheet', '62e47813-4edf-41f4-afcd-c2d576f0800a', '{"corrections":2,"reason":"edit window granted"}', (timestamp '2024-07-14 09:00:00' + interval '60 hours 47 minutes')) ON CONFLICT DO NOTHING;
INSERT INTO audit_logs (id, organization_id, user_id, action, resource_type, resource_id, details, created_at) VALUES ('f8afb6c3-041c-4250-a477-b19e040ca7e1', 'ff81ecf1-13ac-44b2-a331-0a207a8c7184', NULL, 'juror.pin_locked', 'juror_period_auth', '2740dcee-7730-48a7-a571-9f2108eef8f3', '{"juror":"Prof. Diane Mitchell","attempts":3}', (timestamp '2024-07-14 09:00:00' + interval '14 hours 41 minutes')) ON CONFLICT DO NOTHING;
INSERT INTO audit_logs (id, organization_id, user_id, action, resource_type, resource_id, details, created_at) VALUES ('10807700-7287-44d3-a4b9-14ea542621a5', 'ff81ecf1-13ac-44b2-a331-0a207a8c7184', NULL, 'juror.edit_enabled', 'juror_period_auth', '2d3b2caa-0358-45c2-a122-c1c17cb9fbc5', '{"juror":"Dr. Catherine Liu","reason":"Late extension","duration_minutes":60}', (timestamp '2024-07-14 09:00:00' + interval '52 hours 31 minutes')) ON CONFLICT DO NOTHING;
INSERT INTO audit_logs (id, organization_id, user_id, action, resource_type, resource_id, details, created_at) VALUES ('30dad20c-fdb8-4c7d-a6b1-b17dcf021337', 'b72b74d8-1d2c-4b0d-a982-48bfbed8fb29', NULL, 'period.create', 'period', '47979751-163d-48b3-ae56-a65586d18f1b', '{"name":"2026 Season"}', (timestamp '2026-06-08 09:00:00' - interval '1439 hours 35 minutes')) ON CONFLICT DO NOTHING;
INSERT INTO audit_logs (id, organization_id, user_id, action, resource_type, resource_id, details, created_at) VALUES ('51aaa55a-2c01-4f04-a5bd-a0c88eec52ca', 'b72b74d8-1d2c-4b0d-a982-48bfbed8fb29', NULL, 'snapshot.freeze', 'period', '47979751-163d-48b3-ae56-a65586d18f1b', '{"action":"frozen"}', (timestamp '2026-06-08 09:00:00' - interval '24 hours 0 minutes')) ON CONFLICT DO NOTHING;
INSERT INTO audit_logs (id, organization_id, user_id, action, resource_type, resource_id, details, created_at) VALUES ('ec5a70a3-1a84-4a87-a442-eb745f7664a8', 'b72b74d8-1d2c-4b0d-a982-48bfbed8fb29', NULL, 'juror.import', 'juror', '74499a66-86e7-4d92-ade1-70ba9b770ef0', '{"imported_count":6,"source":"csv upload"}', (timestamp '2026-06-08 09:00:00' - interval '507 hours 51 minutes')) ON CONFLICT DO NOTHING;
INSERT INTO audit_logs (id, organization_id, user_id, action, resource_type, resource_id, details, created_at) VALUES ('8682e54c-a552-4c20-a986-7443b4333424', 'b72b74d8-1d2c-4b0d-a982-48bfbed8fb29', NULL, 'juror.create', 'juror', '90b0f6e9-df50-48dd-a681-07bd983240ab', '{"juror_name":"Prof. Tyler Grant"}', (timestamp '2026-06-08 09:00:00' - interval '286 hours 27 minutes')) ON CONFLICT DO NOTHING;
INSERT INTO audit_logs (id, organization_id, user_id, action, resource_type, resource_id, details, created_at) VALUES ('c0085402-f67d-4077-ad12-651c16955e02', 'b72b74d8-1d2c-4b0d-a982-48bfbed8fb29', NULL, 'juror.create', 'juror', 'a9485bd7-418b-4214-aa61-d62783e538a7', '{"juror_name":"Dr. Lisa Nakamura"}', (timestamp '2026-06-08 09:00:00' - interval '234 hours 35 minutes')) ON CONFLICT DO NOTHING;
INSERT INTO audit_logs (id, organization_id, user_id, action, resource_type, resource_id, details, created_at) VALUES ('6eab320e-6a0f-4915-a9e4-7e3dcdd267d6', 'b72b74d8-1d2c-4b0d-a982-48bfbed8fb29', NULL, 'juror.create', 'juror', 'e0e30ae1-8d26-4ec3-a954-62f49fbcf54b', '{"juror_name":"Maj. David Wells"}', (timestamp '2026-06-08 09:00:00' - interval '225 hours 56 minutes')) ON CONFLICT DO NOTHING;
INSERT INTO audit_logs (id, organization_id, user_id, action, resource_type, resource_id, details, created_at) VALUES ('ceba70da-2273-42fb-ac5f-486e7a54bbb6', 'b72b74d8-1d2c-4b0d-a982-48bfbed8fb29', NULL, 'project.import', 'period', '47979751-163d-48b3-ae56-a65586d18f1b', '{"imported_count":10,"source":"csv upload"}', (timestamp '2026-06-08 09:00:00' - interval '365 hours 52 minutes')) ON CONFLICT DO NOTHING;
INSERT INTO audit_logs (id, organization_id, user_id, action, resource_type, resource_id, details, created_at) VALUES ('9526be8b-fe09-42af-a495-0be83f0f525d', 'b72b74d8-1d2c-4b0d-a982-48bfbed8fb29', NULL, 'project.create', 'project', 'f020fcf5-946a-46b8-a84f-c5f04cb7b58f', '{"title":"AI-Powered Image Classification During D"}', (timestamp '2026-06-08 09:00:00' - interval '158 hours 45 minutes')) ON CONFLICT DO NOTHING;
INSERT INTO audit_logs (id, organization_id, user_id, action, resource_type, resource_id, details, created_at) VALUES ('5d07a908-832e-491b-a11d-d1f5b61498db', 'b72b74d8-1d2c-4b0d-a982-48bfbed8fb29', NULL, 'token.generate', 'entry_token', '03bca542-9a78-486c-a062-afe6ce4431c0', '{"reason":"Jury session QR code"}', (timestamp '2026-06-08 09:00:00' - interval '275 hours 52 minutes')) ON CONFLICT DO NOTHING;
INSERT INTO audit_logs (id, organization_id, user_id, action, resource_type, resource_id, details, created_at) VALUES ('fad14398-3007-4902-a573-5340eb66e787', 'b72b74d8-1d2c-4b0d-a982-48bfbed8fb29', NULL, 'token.generate', 'entry_token', '6a6e6c87-7859-458e-a054-a196fd06467e', '{"reason":"Backup QR code"}', (timestamp '2026-06-08 09:00:00' - interval '173 hours 7 minutes')) ON CONFLICT DO NOTHING;
INSERT INTO audit_logs (id, organization_id, user_id, action, resource_type, resource_id, details, created_at) VALUES ('2bc0a906-4a7d-402c-a0a4-437b54bd22e4', 'b72b74d8-1d2c-4b0d-a982-48bfbed8fb29', NULL, 'token.generate', 'entry_token', 'ec40b759-1b24-47c8-ae9d-7099a9ae19bf', '{"reason":"Staff entry token"}', (timestamp '2026-06-08 09:00:00' - interval '264 hours 46 minutes')) ON CONFLICT DO NOTHING;
INSERT INTO audit_logs (id, organization_id, user_id, action, resource_type, resource_id, details, created_at) VALUES ('3414f879-047a-4e2f-af0e-1365796a85c5', 'b72b74d8-1d2c-4b0d-a982-48bfbed8fb29', NULL, 'token.revoke', 'entry_token', 'ec40b759-1b24-47c8-ae9d-7099a9ae19bf', '{"reason":"manual revocation"}', (timestamp '2026-06-08 09:00:00' + interval '17 hours 39 minutes')) ON CONFLICT DO NOTHING;
INSERT INTO audit_logs (id, organization_id, user_id, action, resource_type, resource_id, details, created_at) VALUES ('e0e5a55c-cd42-485f-a1c3-84dee435c3c1', 'b72b74d8-1d2c-4b0d-a982-48bfbed8fb29', NULL, 'score.submit', 'score_sheet', '1e64aa17-c861-49f5-aaf6-72b3e98b57c0', '{"juror_activity":"finalized"}', (timestamp '2026-06-08 09:00:00' + interval '44 hours 6 minutes')) ON CONFLICT DO NOTHING;
INSERT INTO audit_logs (id, organization_id, user_id, action, resource_type, resource_id, details, created_at) VALUES ('a85c78c6-fb3e-4a3c-ab39-fc3dbfda21f4', 'b72b74d8-1d2c-4b0d-a982-48bfbed8fb29', NULL, 'score.submit', 'score_sheet', 'd58f90ea-08d7-4b9b-abb0-eb1408d81848', '{"juror_activity":"finalized"}', (timestamp '2026-06-08 09:00:00' + interval '36 hours 41 minutes')) ON CONFLICT DO NOTHING;
INSERT INTO audit_logs (id, organization_id, user_id, action, resource_type, resource_id, details, created_at) VALUES ('9d144ba1-2d2e-4c9b-a34a-82ee5cded669', 'b72b74d8-1d2c-4b0d-a982-48bfbed8fb29', NULL, 'score.submit', 'score_sheet', '9416c7a6-61cd-4761-a0b0-61b4837c5a6f', '{"juror_activity":"finalized"}', (timestamp '2026-06-08 09:00:00' + interval '16 hours 35 minutes')) ON CONFLICT DO NOTHING;
INSERT INTO audit_logs (id, organization_id, user_id, action, resource_type, resource_id, details, created_at) VALUES ('e641e3ee-1a50-4e95-a1e1-fb25818ab58a', 'b72b74d8-1d2c-4b0d-a982-48bfbed8fb29', NULL, 'score.update', 'score_sheet', '20bcdf28-c581-4565-a13f-7eb39e66faca', '{"corrections":2,"reason":"edit window granted"}', (timestamp '2026-06-08 09:00:00' + interval '56 hours 49 minutes')) ON CONFLICT DO NOTHING;
INSERT INTO audit_logs (id, organization_id, user_id, action, resource_type, resource_id, details, created_at) VALUES ('eaffe72c-b321-4938-acd4-f6d9399fbde4', 'b72b74d8-1d2c-4b0d-a982-48bfbed8fb29', NULL, 'pin.reset', 'juror_period_auth', '74499a66-86e7-4d92-ade1-70ba9b770ef0', '{"juror":"Dr. James Whitfield","reason":"forgotten pin"}', (timestamp '2026-06-08 09:00:00' + interval '23 hours 47 minutes')) ON CONFLICT DO NOTHING;
INSERT INTO audit_logs (id, organization_id, user_id, action, resource_type, resource_id, details, created_at) VALUES ('6e51eea9-082d-4236-aafd-62e73ddb64ee', 'b72b74d8-1d2c-4b0d-a982-48bfbed8fb29', NULL, 'pin.reset', 'juror_period_auth', 'a9485bd7-418b-4214-aa61-d62783e538a7', '{"juror":"Dr. Lisa Nakamura","reason":"forgotten pin"}', (timestamp '2026-06-08 09:00:00' + interval '14 hours 50 minutes')) ON CONFLICT DO NOTHING;
INSERT INTO audit_logs (id, organization_id, user_id, action, resource_type, resource_id, details, created_at) VALUES ('3ce73d09-e66f-4bce-adee-ca2217921c7b', 'b72b74d8-1d2c-4b0d-a982-48bfbed8fb29', NULL, 'juror.pin_locked', 'juror_period_auth', '811cfb84-1d8a-42c8-a596-e14444501f34', '{"juror":"Prof. Nathan Cooper","attempts":3}', (timestamp '2026-06-08 09:00:00' + interval '36 hours 20 minutes')) ON CONFLICT DO NOTHING;
INSERT INTO audit_logs (id, organization_id, user_id, action, resource_type, resource_id, details, created_at) VALUES ('2dfb01e4-ec36-44d3-a5af-0ebadb6dec41', 'b72b74d8-1d2c-4b0d-a982-48bfbed8fb29', NULL, 'juror.edit_enabled', 'juror_period_auth', '4f32d322-afb7-4042-a9d1-ce0c17a09a30', '{"juror":"Prof. Laura Henderson","reason":"Late extension","duration_minutes":60}', (timestamp '2026-06-08 09:00:00' + interval '56 hours 21 minutes')) ON CONFLICT DO NOTHING;
INSERT INTO audit_logs (id, organization_id, user_id, action, resource_type, resource_id, details, created_at) VALUES ('805f4085-6c4f-40f9-a385-3ac73f4e2feb', 'b72b74d8-1d2c-4b0d-a982-48bfbed8fb29', NULL, 'period.create', 'period', '10abd4e8-0cb9-4853-a17c-ac40da311bff', '{"name":"2025 Season"}', (timestamp '2025-06-09 09:00:00' - interval '1185 hours 46 minutes')) ON CONFLICT DO NOTHING;
INSERT INTO audit_logs (id, organization_id, user_id, action, resource_type, resource_id, details, created_at) VALUES ('4d75319e-28bc-459a-a14d-a812a3db4b39', 'b72b74d8-1d2c-4b0d-a982-48bfbed8fb29', NULL, 'period.lock', 'period', '10abd4e8-0cb9-4853-a17c-ac40da311bff', '{"action":"locked"}', (timestamp '2025-06-09 09:00:00' + interval '240 hours 0 minutes')) ON CONFLICT DO NOTHING;
INSERT INTO audit_logs (id, organization_id, user_id, action, resource_type, resource_id, details, created_at) VALUES ('e896b798-baeb-4c8f-a546-394fcc1d3b22', 'b72b74d8-1d2c-4b0d-a982-48bfbed8fb29', NULL, 'juror.import', 'juror', '74499a66-86e7-4d92-ade1-70ba9b770ef0', '{"imported_count":6,"source":"csv upload"}', (timestamp '2025-06-09 09:00:00' - interval '411 hours 39 minutes')) ON CONFLICT DO NOTHING;
INSERT INTO audit_logs (id, organization_id, user_id, action, resource_type, resource_id, details, created_at) VALUES ('54d6e1c0-7bee-4942-a081-d7a09b4b8d1c', 'b72b74d8-1d2c-4b0d-a982-48bfbed8fb29', NULL, 'juror.create', 'juror', '90b0f6e9-df50-48dd-a681-07bd983240ab', '{"juror_name":"Prof. Tyler Grant"}', (timestamp '2025-06-09 09:00:00' - interval '291 hours 49 minutes')) ON CONFLICT DO NOTHING;
INSERT INTO audit_logs (id, organization_id, user_id, action, resource_type, resource_id, details, created_at) VALUES ('f94a5612-d49b-4b06-a718-6fabccab094f', 'b72b74d8-1d2c-4b0d-a982-48bfbed8fb29', NULL, 'juror.create', 'juror', 'a9485bd7-418b-4214-aa61-d62783e538a7', '{"juror_name":"Dr. Lisa Nakamura"}', (timestamp '2025-06-09 09:00:00' - interval '224 hours 19 minutes')) ON CONFLICT DO NOTHING;
INSERT INTO audit_logs (id, organization_id, user_id, action, resource_type, resource_id, details, created_at) VALUES ('22fd910e-a7da-404a-a029-f7a741793b9e', 'b72b74d8-1d2c-4b0d-a982-48bfbed8fb29', NULL, 'juror.create', 'juror', 'e0e30ae1-8d26-4ec3-a954-62f49fbcf54b', '{"juror_name":"Maj. David Wells"}', (timestamp '2025-06-09 09:00:00' - interval '231 hours 47 minutes')) ON CONFLICT DO NOTHING;
INSERT INTO audit_logs (id, organization_id, user_id, action, resource_type, resource_id, details, created_at) VALUES ('bf32cdb6-5ae2-44ee-a3c7-4e22810eb9cb', 'b72b74d8-1d2c-4b0d-a982-48bfbed8fb29', NULL, 'project.import', 'period', '10abd4e8-0cb9-4853-a17c-ac40da311bff', '{"imported_count":8,"source":"csv upload"}', (timestamp '2025-06-09 09:00:00' - interval '327 hours 10 minutes')) ON CONFLICT DO NOTHING;
INSERT INTO audit_logs (id, organization_id, user_id, action, resource_type, resource_id, details, created_at) VALUES ('d434fdd9-0701-4301-aff5-460d98cdb7ac', 'b72b74d8-1d2c-4b0d-a982-48bfbed8fb29', NULL, 'project.create', 'project', '497d7e77-85d4-4805-a55d-14f26b24df0a', '{"title":"Acoustic Wind Profiling Payload"}', (timestamp '2025-06-09 09:00:00' - interval '136 hours 19 minutes')) ON CONFLICT DO NOTHING;
INSERT INTO audit_logs (id, organization_id, user_id, action, resource_type, resource_id, details, created_at) VALUES ('5623cf8e-8109-48b3-ab43-93460b615a37', 'b72b74d8-1d2c-4b0d-a982-48bfbed8fb29', NULL, 'token.generate', 'entry_token', 'bf5184b4-8ca5-4336-aaeb-b8522b815921', '{"reason":"Jury session QR code"}', (timestamp '2025-06-09 09:00:00' - interval '314 hours 23 minutes')) ON CONFLICT DO NOTHING;
INSERT INTO audit_logs (id, organization_id, user_id, action, resource_type, resource_id, details, created_at) VALUES ('108c45b8-3920-4253-a4be-f04bccd429ab', 'b72b74d8-1d2c-4b0d-a982-48bfbed8fb29', NULL, 'token.generate', 'entry_token', '98cff312-a89e-4c07-a287-306d9534001c', '{"reason":"Backup QR code"}', (timestamp '2025-06-09 09:00:00' - interval '147 hours 10 minutes')) ON CONFLICT DO NOTHING;
INSERT INTO audit_logs (id, organization_id, user_id, action, resource_type, resource_id, details, created_at) VALUES ('6da473c8-2f1b-4950-a663-d968ab988ec1', 'b72b74d8-1d2c-4b0d-a982-48bfbed8fb29', NULL, 'token.generate', 'entry_token', '2cf2ad14-9f88-45d5-a574-b3ed353d066a', '{"reason":"Staff entry token"}', (timestamp '2025-06-09 09:00:00' - interval '227 hours 14 minutes')) ON CONFLICT DO NOTHING;
INSERT INTO audit_logs (id, organization_id, user_id, action, resource_type, resource_id, details, created_at) VALUES ('b32c1518-f256-41ca-ae18-dbe3c4b76df6', 'b72b74d8-1d2c-4b0d-a982-48bfbed8fb29', NULL, 'token.revoke', 'entry_token', '2cf2ad14-9f88-45d5-a574-b3ed353d066a', '{"reason":"manual revocation"}', (timestamp '2025-06-09 09:00:00' - interval '29 hours 5 minutes')) ON CONFLICT DO NOTHING;
INSERT INTO audit_logs (id, organization_id, user_id, action, resource_type, resource_id, details, created_at) VALUES ('97b9339b-02be-4cea-a783-cba09925a62c', 'b72b74d8-1d2c-4b0d-a982-48bfbed8fb29', NULL, 'score.submit', 'score_sheet', '6c24b1af-aff7-49a5-ac96-dd2607b48bd3', '{"juror_activity":"finalized"}', (timestamp '2025-06-09 09:00:00' + interval '8 hours 27 minutes')) ON CONFLICT DO NOTHING;
INSERT INTO audit_logs (id, organization_id, user_id, action, resource_type, resource_id, details, created_at) VALUES ('06d12dfa-7548-4412-ad73-f5dfb23e8bde', 'b72b74d8-1d2c-4b0d-a982-48bfbed8fb29', NULL, 'score.submit', 'score_sheet', 'be5f51ff-146f-4816-a33d-932333c54af7', '{"juror_activity":"finalized"}', (timestamp '2025-06-09 09:00:00' + interval '7 hours 36 minutes')) ON CONFLICT DO NOTHING;
INSERT INTO audit_logs (id, organization_id, user_id, action, resource_type, resource_id, details, created_at) VALUES ('878080a7-7a86-4ed7-a42d-4c45079ec8c3', 'b72b74d8-1d2c-4b0d-a982-48bfbed8fb29', NULL, 'score.update', 'score_sheet', 'e0038701-67bf-468b-a274-97a85487c175', '{"corrections":2,"reason":"edit window granted"}', (timestamp '2025-06-09 09:00:00' + interval '58 hours 25 minutes')) ON CONFLICT DO NOTHING;
INSERT INTO audit_logs (id, organization_id, user_id, action, resource_type, resource_id, details, created_at) VALUES ('368dbcb3-0f1b-4b27-a8ad-25473b0dd332', 'b72b74d8-1d2c-4b0d-a982-48bfbed8fb29', NULL, 'pin.reset', 'juror_period_auth', '74499a66-86e7-4d92-ade1-70ba9b770ef0', '{"juror":"Dr. James Whitfield","reason":"forgotten pin"}', (timestamp '2025-06-09 09:00:00' + interval '22 hours 37 minutes')) ON CONFLICT DO NOTHING;
INSERT INTO audit_logs (id, organization_id, user_id, action, resource_type, resource_id, details, created_at) VALUES ('45d818d2-58dd-4f13-ad90-8382e19cbc38', 'b72b74d8-1d2c-4b0d-a982-48bfbed8fb29', NULL, 'juror.pin_locked', 'juror_period_auth', '811cfb84-1d8a-42c8-a596-e14444501f34', '{"juror":"Prof. Nathan Cooper","attempts":3}', (timestamp '2025-06-09 09:00:00' + interval '6 hours 34 minutes')) ON CONFLICT DO NOTHING;
INSERT INTO audit_logs (id, organization_id, user_id, action, resource_type, resource_id, details, created_at) VALUES ('c8469869-1e42-4b92-a316-1cd78e043d01', 'b72b74d8-1d2c-4b0d-a982-48bfbed8fb29', NULL, 'juror.edit_enabled', 'juror_period_auth', '4f32d322-afb7-4042-a9d1-ce0c17a09a30', '{"juror":"Prof. Laura Henderson","reason":"Late extension","duration_minutes":60}', (timestamp '2025-06-09 09:00:00' + interval '49 hours 35 minutes')) ON CONFLICT DO NOTHING;
INSERT INTO audit_logs (id, organization_id, user_id, action, resource_type, resource_id, details, created_at) VALUES ('1693a6c8-d377-4154-aa47-f8b1d26bd4b4', 'b72b74d8-1d2c-4b0d-a982-48bfbed8fb29', NULL, 'period.create', 'period', '9f49cd18-d850-4b1e-ae53-c08253910f4e', '{"name":"2024 Season"}', (timestamp '2024-06-10 09:00:00' - interval '986 hours 39 minutes')) ON CONFLICT DO NOTHING;
INSERT INTO audit_logs (id, organization_id, user_id, action, resource_type, resource_id, details, created_at) VALUES ('75f38a9d-ddae-4edc-a1b2-c7050214dc8a', 'b72b74d8-1d2c-4b0d-a982-48bfbed8fb29', NULL, 'period.lock', 'period', '9f49cd18-d850-4b1e-ae53-c08253910f4e', '{"action":"locked"}', (timestamp '2024-06-10 09:00:00' + interval '240 hours 0 minutes')) ON CONFLICT DO NOTHING;
INSERT INTO audit_logs (id, organization_id, user_id, action, resource_type, resource_id, details, created_at) VALUES ('d4eea4b3-9690-4a9f-a8c6-012c8aeb3e11', 'b72b74d8-1d2c-4b0d-a982-48bfbed8fb29', NULL, 'juror.import', 'juror', '74499a66-86e7-4d92-ade1-70ba9b770ef0', '{"imported_count":6,"source":"csv upload"}', (timestamp '2024-06-10 09:00:00' - interval '623 hours 54 minutes')) ON CONFLICT DO NOTHING;
INSERT INTO audit_logs (id, organization_id, user_id, action, resource_type, resource_id, details, created_at) VALUES ('e8b677cd-b860-4a47-a18e-8a313f9c287c', 'b72b74d8-1d2c-4b0d-a982-48bfbed8fb29', NULL, 'juror.create', 'juror', '90b0f6e9-df50-48dd-a681-07bd983240ab', '{"juror_name":"Prof. Tyler Grant"}', (timestamp '2024-06-10 09:00:00' - interval '313 hours 28 minutes')) ON CONFLICT DO NOTHING;
INSERT INTO audit_logs (id, organization_id, user_id, action, resource_type, resource_id, details, created_at) VALUES ('61bce5f6-6b6e-4b14-a562-e1e6eaeb3dfa', 'b72b74d8-1d2c-4b0d-a982-48bfbed8fb29', NULL, 'juror.create', 'juror', 'a9485bd7-418b-4214-aa61-d62783e538a7', '{"juror_name":"Dr. Lisa Nakamura"}', (timestamp '2024-06-10 09:00:00' - interval '261 hours 38 minutes')) ON CONFLICT DO NOTHING;
INSERT INTO audit_logs (id, organization_id, user_id, action, resource_type, resource_id, details, created_at) VALUES ('2fe88209-f904-4794-a2d2-c2d5831c75a4', 'b72b74d8-1d2c-4b0d-a982-48bfbed8fb29', NULL, 'juror.create', 'juror', 'e0e30ae1-8d26-4ec3-a954-62f49fbcf54b', '{"juror_name":"Maj. David Wells"}', (timestamp '2024-06-10 09:00:00' - interval '262 hours 18 minutes')) ON CONFLICT DO NOTHING;
INSERT INTO audit_logs (id, organization_id, user_id, action, resource_type, resource_id, details, created_at) VALUES ('fda132a6-ec6b-4146-a6f5-34a1bd77f6e1', 'b72b74d8-1d2c-4b0d-a982-48bfbed8fb29', NULL, 'project.import', 'period', '9f49cd18-d850-4b1e-ae53-c08253910f4e', '{"imported_count":6,"source":"csv upload"}', (timestamp '2024-06-10 09:00:00' - interval '249 hours 4 minutes')) ON CONFLICT DO NOTHING;
INSERT INTO audit_logs (id, organization_id, user_id, action, resource_type, resource_id, details, created_at) VALUES ('1d17a1b8-5ade-47da-ade4-488c725ce8ad', 'b72b74d8-1d2c-4b0d-a982-48bfbed8fb29', NULL, 'project.create', 'project', '936c6454-b5ce-426c-ab65-292bd991fa1f', '{"title":"Parachute Deployment Optimization via ML"}', (timestamp '2024-06-10 09:00:00' - interval '185 hours 25 minutes')) ON CONFLICT DO NOTHING;
INSERT INTO audit_logs (id, organization_id, user_id, action, resource_type, resource_id, details, created_at) VALUES ('472f748e-125c-422f-abbc-f30a90d02ddd', 'b72b74d8-1d2c-4b0d-a982-48bfbed8fb29', NULL, 'project.update', 'project', '15713af0-a06b-43ac-a10b-867a682f2409', '{"field":"members","reason":"team member change"}', (timestamp '2024-06-10 09:00:00' - interval '135 hours 21 minutes')) ON CONFLICT DO NOTHING;
INSERT INTO audit_logs (id, organization_id, user_id, action, resource_type, resource_id, details, created_at) VALUES ('c0f413fb-363e-4112-a3a3-eece5ba4a1d0', 'b72b74d8-1d2c-4b0d-a982-48bfbed8fb29', NULL, 'token.generate', 'entry_token', '1a68841d-fd84-49e6-afd5-a7b38331ed83', '{"reason":"Jury session QR code"}', (timestamp '2024-06-10 09:00:00' - interval '195 hours 17 minutes')) ON CONFLICT DO NOTHING;
INSERT INTO audit_logs (id, organization_id, user_id, action, resource_type, resource_id, details, created_at) VALUES ('09aa89b2-ff79-4b64-a3e1-872b5ff43a07', 'b72b74d8-1d2c-4b0d-a982-48bfbed8fb29', NULL, 'token.generate', 'entry_token', '374908ac-61ea-4ebc-a6d6-27459d607f9e', '{"reason":"Backup QR code"}', (timestamp '2024-06-10 09:00:00' - interval '215 hours 1 minutes')) ON CONFLICT DO NOTHING;
INSERT INTO audit_logs (id, organization_id, user_id, action, resource_type, resource_id, details, created_at) VALUES ('78a0f496-31d7-4d46-af44-737898037cd2', 'b72b74d8-1d2c-4b0d-a982-48bfbed8fb29', NULL, 'token.generate', 'entry_token', 'b262c052-b38f-4b4d-a09c-5e81bcd8cb27', '{"reason":"Staff entry token"}', (timestamp '2024-06-10 09:00:00' - interval '217 hours 2 minutes')) ON CONFLICT DO NOTHING;
INSERT INTO audit_logs (id, organization_id, user_id, action, resource_type, resource_id, details, created_at) VALUES ('432da7de-8322-400e-af38-88c906b1805c', 'b72b74d8-1d2c-4b0d-a982-48bfbed8fb29', NULL, 'token.revoke', 'entry_token', 'b262c052-b38f-4b4d-a09c-5e81bcd8cb27', '{"reason":"manual revocation"}', (timestamp '2024-06-10 09:00:00' - interval '32 hours 28 minutes')) ON CONFLICT DO NOTHING;
INSERT INTO audit_logs (id, organization_id, user_id, action, resource_type, resource_id, details, created_at) VALUES ('aabb96c8-a88e-427c-a774-dfc22266f1f9', 'b72b74d8-1d2c-4b0d-a982-48bfbed8fb29', NULL, 'score.update', 'score_sheet', 'cab61f4a-c840-4191-a528-a041ec043d2b', '{"corrections":2,"reason":"edit window granted"}', (timestamp '2024-06-10 09:00:00' + interval '60 hours 46 minutes')) ON CONFLICT DO NOTHING;
INSERT INTO audit_logs (id, organization_id, user_id, action, resource_type, resource_id, details, created_at) VALUES ('9cda2b99-bd3a-4016-ae99-46c07e751707', 'b72b74d8-1d2c-4b0d-a982-48bfbed8fb29', NULL, 'juror.pin_locked', 'juror_period_auth', '811cfb84-1d8a-42c8-a596-e14444501f34', '{"juror":"Prof. Nathan Cooper","attempts":5}', (timestamp '2024-06-10 09:00:00' + interval '16 hours 49 minutes')) ON CONFLICT DO NOTHING;
INSERT INTO audit_logs (id, organization_id, user_id, action, resource_type, resource_id, details, created_at) VALUES ('f83257ee-bc46-4129-addc-dc81fdf5cb7d', 'b72b74d8-1d2c-4b0d-a982-48bfbed8fb29', NULL, 'juror.edit_enabled', 'juror_period_auth', '4f32d322-afb7-4042-a9d1-ce0c17a09a30', '{"juror":"Prof. Laura Henderson","reason":"Late extension","duration_minutes":60}', (timestamp '2024-06-10 09:00:00' + interval '48 hours 12 minutes')) ON CONFLICT DO NOTHING;

-- Jury Feedback
INSERT INTO jury_feedback (period_id, juror_id, rating, comment, is_public) VALUES
('a0d6f60d-ece4-40f8-aca2-955b4abc5d88', 'aaa0da50-6432-47e0-ab48-b01ca823ef19', 4, NULL, false),
('a0d6f60d-ece4-40f8-aca2-955b4abc5d88', '9a21397b-552a-4b00-a5c4-15a0982436b1', 5, 'Çok kullanışlı bir sistem. Poster günü sorunsuz değerlendirme yapabildik.', true),
('a0d6f60d-ece4-40f8-aca2-955b4abc5d88', '868057b9-f2e0-4db1-a4e9-e258d25f84e1', 4, 'Arayüz sade ve hızlı. Rubrik bandları çok yardımcı oldu.', true),
('952dd05e-8ff2-44a7-a13b-9a22958f57fb', 'aaa0da50-6432-47e0-ab48-b01ca823ef19', 5, NULL, false),
('952dd05e-8ff2-44a7-a13b-9a22958f57fb', '7d1bbec7-493f-4e1a-aee5-be30df51db49', 4, 'Her seferinde daha iyi oluyor.', true),
('e14683dc-6ac1-4c73-a2cb-da24e9e4f45f', '47dcf645-bcf8-407e-a86e-f0e506495726', 5, 'Replaced our old paper-based system entirely. The export feature saves hours.', true),
('e14683dc-6ac1-4c73-a2cb-da24e9e4f45f', '44e14170-d567-4ad4-a771-cd269d538a2f', 4, 'Solid tool. Configurable criteria made it easy to adapt.', true),
('e14683dc-6ac1-4c73-a2cb-da24e9e4f45f', 'cdfec676-c0dc-4c35-a5d8-79ba609e397d', 5, 'Clean and intuitive. Scoring 12 projects took less than an hour.', true),
('b90e1112-88c7-44fa-a275-25bc0ad2d96d', '47dcf645-bcf8-407e-a86e-f0e506495726', 5, NULL, false),
('b90e1112-88c7-44fa-a275-25bc0ad2d96d', '44e14170-d567-4ad4-a771-cd269d538a2f', 3, NULL, false),
('0e963024-a53f-4722-a9e0-5db7a47b4419', '47dcf645-bcf8-407e-a86e-f0e506495726', 4, NULL, false),
('0e963024-a53f-4722-a9e0-5db7a47b4419', '44e14170-d567-4ad4-a771-cd269d538a2f', 5, 'Third semester using VERA. It keeps getting better.', true),
('e77bf882-fc32-461c-acab-6ee1696df0c7', 'cec22180-51e9-4924-a2d0-6bca4aeb0028', 5, 'Yüzlerce takımı hızlıca değerlendirdik. Sistem çok stabil.', true),
('e77bf882-fc32-461c-acab-6ee1696df0c7', '618aec67-dbed-41bf-ac48-c600f70c9fa5', 4, 'Yarışma ortamında çok pratik. QR ile giriş mükemmel.', true),
('308d2708-dbea-41b6-a1c8-da6129445759', 'cec22180-51e9-4924-a2d0-6bca4aeb0028', 4, NULL, false),
('308d2708-dbea-41b6-a1c8-da6129445759', '27eea0b5-10e7-42eb-a739-4082ace54aa0', 5, 'Kullanımı çok kolay, eğitim bile gerekmedi.', true),
('6c44b363-4522-4cad-a251-06484b72b164', 'f106ca15-dc12-414f-ac41-0b361db08f95', 5, 'Incredibly smooth experience. No hiccups.', true),
('6c44b363-4522-4cad-a251-06484b72b164', '2d3b2caa-0358-45c2-a122-c1c17cb9fbc5', 4, 'Clean interface, very intuitive.', true),
('6c44b363-4522-4cad-a251-06484b72b164', '79ef4764-8e84-4a18-ad48-dbd780a5a027', 5, 'Best evaluation tool for design contest reviews.', true),
('318124ea-8614-4355-ad48-2486524dfc13', 'f106ca15-dc12-414f-ac41-0b361db08f95', 5, NULL, false),
('318124ea-8614-4355-ad48-2486524dfc13', '79ef4764-8e84-4a18-ad48-dbd780a5a027', 5, 'Used VERA again — consistently excellent.', true),
('47979751-163d-48b3-ae56-a65586d18f1b', '74499a66-86e7-4d92-ade1-70ba9b770ef0', 5, 'Evaluated all teams in a single afternoon. Real-time rankings kept the event exciting.', true),
('47979751-163d-48b3-ae56-a65586d18f1b', '4f32d322-afb7-4042-a9d1-ce0c17a09a30', 4, 'Great for competition settings. Rubric sheet was very helpful.', true),
('10abd4e8-0cb9-4853-a17c-ac40da311bff', '74499a66-86e7-4d92-ade1-70ba9b770ef0', 4, NULL, false),
('10abd4e8-0cb9-4853-a17c-ac40da311bff', '4f32d322-afb7-4042-a9d1-ce0c17a09a30', 5, 'Even better than last year.', true),
('10abd4e8-0cb9-4853-a17c-ac40da311bff', 'a71bad63-0a65-47a2-a5a5-623ab35c9ba7', 4, 'Straightforward and efficient. No training needed.', true),
('05a1eb4a-d4cf-478b-a52d-578c3d9c22ad', 'a49b6b5e-f40d-48f6-a398-87b85bbff743', 5, 'Araştırma projeleri için çok uygun bir değerlendirme aracı.', true),
('05a1eb4a-d4cf-478b-a52d-578c3d9c22ad', '9ff6ca95-c216-42cd-a63f-1e58b1756cf2', 4, 'Kriter bazlı puanlama çok iyi kurgulanmış.', true),
('bb63166c-d38c-4278-a1e9-5c8b7b081a6c', 'a49b6b5e-f40d-48f6-a398-87b85bbff743', 4, NULL, false),
('bb63166c-d38c-4278-a1e9-5c8b7b081a6c', '9d55d273-9fd8-4365-a294-404246566892', 5, 'İkinci kez kullanıyoruz, memnuniyetimiz artıyor.', true),
('9f49cd18-d850-4b1e-ae53-c08253910f4e', '4f32d322-afb7-4042-a9d1-ce0c17a09a30', 3, NULL, false),
('9f49cd18-d850-4b1e-ae53-c08253910f4e', 'a71bad63-0a65-47a2-a5a5-623ab35c9ba7', 5, NULL, false)
ON CONFLICT (period_id, juror_id) DO NOTHING;

COMMIT;
